pybullet build time: Dec  5 2025 14:05:30
[power] Windows sleep/throttle prevention active
[uprightBased500Steps1Seed/run_3] starting  seed=0
NUM_GENES: 48  (BODY=4 + 4 noge x 11 = 48)
Pop: 30  |  Gen: 20  |  Train koraci: 500

[log] Experiment log created → ./results\uprightBased500Steps1Seed\run_3\run_3.json
URDF saved to being.urdf
Connecting to PyBullet, GUI: False
CreatureEnv Inicijalizacija: 12 motora. OBS_dim=40, frame_skip=1
[Fitness run Gen0Creature0] reward=1.33±0.03  dist=0.08±0.01  upright=0.00±0.00  → FITNESS=0.0195
URDF saved to being.urdf
Connecting to PyBullet, GUI: False
CreatureEnv Inicijalizacija: 12 motora. OBS_dim=40, frame_skip=1
[Fitness run Gen0Creature1] reward=1.52±0.04  dist=0.15±0.07  upright=0.00±0.00  → FITNESS=0.0206
URDF saved to being.urdf
Connecting to PyBullet, GUI: False
CreatureEnv Inicijalizacija: 12 motora. OBS_dim=40, frame_skip=1
[Fitness run Gen0Creature2] reward=1.72±0.00  dist=0.00±0.00  upright=0.01±0.02  → FITNESS=0.0216
URDF saved to being.urdf
Connecting to PyBullet, GUI: False
CreatureEnv Inicijalizacija: 12 motora. OBS_dim=40, frame_skip=1
[Fitness run Gen0Creature3] reward=0.77±0.27  dist=0.00±0.00  upright=0.04±0.11  → FITNESS=0.0360
URDF saved to being.urdf
Connecting to PyBullet, GUI: False
CreatureEnv Inicijalizacija: 12 motora. OBS_dim=40, frame_skip=1
[Fitness run Gen0Creature4] reward=0.38±0.49  dist=0.90±0.30  upright=0.04±0.05  → FITNESS=0.0511
URDF saved to being.urdf
Connecting to PyBullet, GUI: False
CreatureEnv Inicijalizacija: 12 motora. OBS_dim=40, frame_skip=1
[Fitness run Gen0Creature5] reward=966.39±321.55  dist=0.03±0.01  upright=0.90±0.30  → FITNESS=0.5565
URDF saved to being.urdf
Connecting to PyBullet, GUI: False
CreatureEnv Inicijalizacija: 12 motora. OBS_dim=40, frame_skip=1
[Fitness run Gen0Creature6] reward=1.50±0.02  dist=0.00±0.00  upright=0.00±0.00  → FITNESS=0.0183
URDF saved to being.urdf
Connecting to PyBullet, GUI: False
CreatureEnv Inicijalizacija: 12 motora. OBS_dim=40, frame_skip=1
[Fitness run Gen0Creature7] reward=1.68±0.03  dist=0.20±0.04  upright=0.04±0.02  → FITNESS=0.0422
URDF saved to being.urdf
Connecting to PyBullet, GUI: False
CreatureEnv Inicijalizacija: 12 motora. OBS_dim=40, frame_skip=1
[Fitness run Gen0Creature8] reward=1.78±0.00  dist=0.00±0.00  upright=0.03±0.08  → FITNESS=0.0312
URDF saved to being.urdf
Connecting to PyBullet, GUI: False
CreatureEnv Inicijalizacija: 12 motora. OBS_dim=40, frame_skip=1
[Fitness run Gen0Creature9] reward=1.56±0.02  dist=0.00±0.00  upright=0.02±0.04  → FITNESS=0.0280
URDF saved to being.urdf
Connecting to PyBullet, GUI: False
CreatureEnv Inicijalizacija: 12 motora. OBS_dim=40, frame_skip=1
[Fitness run Gen0Creature10] reward=1.63±0.03  dist=0.00±0.00  upright=0.15±0.06  → FITNESS=0.0909
URDF saved to being.urdf
Connecting to PyBullet, GUI: False
CreatureEnv Inicijalizacija: 12 motora. OBS_dim=40, frame_skip=1
[Fitness run Gen0Creature11] reward=0.33±0.59  dist=0.00±0.00  upright=0.04±0.11  → FITNESS=0.0360
URDF saved to being.urdf
Connecting to PyBullet, GUI: False
CreatureEnv Inicijalizacija: 12 motora. OBS_dim=40, frame_skip=1
[Fitness run Gen0Creature12] reward=1.49±0.67  dist=0.04±0.06  upright=0.00±0.00  → FITNESS=0.0189
URDF saved to being.urdf
Connecting to PyBullet, GUI: False
CreatureEnv Inicijalizacija: 12 motora. OBS_dim=40, frame_skip=1
[Fitness run Gen0Creature13] reward=1.49±0.67  dist=0.04±0.06  upright=0.00±0.00  → FITNESS=0.0189
URDF saved to being.urdf
Connecting to PyBullet, GUI: False
CreatureEnv Inicijalizacija: 12 motora. OBS_dim=40, frame_skip=1
[Fitness run Gen0Creature14] reward=1.54±0.31  dist=0.00±0.00  upright=0.01±0.04  → FITNESS=0.0248
URDF saved to being.urdf
Connecting to PyBullet, GUI: False
CreatureEnv Inicijalizacija: 12 motora. OBS_dim=40, frame_skip=1
[Fitness run Gen0Creature15] reward=-0.38±0.09  dist=0.00±0.00  upright=0.00±0.00  → FITNESS=0.0181
URDF saved to being.urdf
Connecting to PyBullet, GUI: False
CreatureEnv Inicijalizacija: 12 motora. OBS_dim=40, frame_skip=1
[Fitness run Gen0Creature16] reward=1.67±0.62  dist=0.06±0.17  upright=0.00±0.00  → FITNESS=0.0192
URDF saved to being.urdf
Connecting to PyBullet, GUI: False
CreatureEnv Inicijalizacija: 12 motora. OBS_dim=40, frame_skip=1
[Fitness run Gen0Creature17] reward=1.65±0.00  dist=0.30±0.02  upright=0.00±0.00  → FITNESS=0.0229
URDF saved to being.urdf
Connecting to PyBullet, GUI: False
CreatureEnv Inicijalizacija: 12 motora. OBS_dim=40, frame_skip=1
[Fitness run Gen0Creature18] reward=1.87±0.07  dist=0.18±0.08  upright=0.05±0.06  → FITNESS=0.0468
URDF saved to being.urdf
Connecting to PyBullet, GUI: False
CreatureEnv Inicijalizacija: 12 motora. OBS_dim=40, frame_skip=1
[Fitness run Gen0Creature19] reward=1.75±0.05  dist=0.00±0.00  upright=0.07±0.02  → FITNESS=0.0523
URDF saved to being.urdf
Connecting to PyBullet, GUI: False
CreatureEnv Inicijalizacija: 12 motora. OBS_dim=40, frame_skip=1
[Fitness run Gen0Creature20] reward=1.46±0.10  dist=0.05±0.02  upright=0.00±0.00  → FITNESS=0.0191
URDF saved to being.urdf
Connecting to PyBullet, GUI: False
CreatureEnv Inicijalizacija: 12 motora. OBS_dim=40, frame_skip=1
[Fitness run Gen0Creature21] reward=1.49±0.34  dist=0.00±0.00  upright=0.00±0.00  → FITNESS=0.0183
URDF saved to being.urdf
Connecting to PyBullet, GUI: False
CreatureEnv Inicijalizacija: 12 motora. OBS_dim=40, frame_skip=1
[Fitness run Gen0Creature22] reward=0.52±0.98  dist=1.50±0.56  upright=0.01±0.04  → FITNESS=0.0471
URDF saved to being.urdf
Connecting to PyBullet, GUI: False
CreatureEnv Inicijalizacija: 12 motora. OBS_dim=40, frame_skip=1
[Fitness run Gen0Creature23] reward=1.51±0.00  dist=0.00±0.00  upright=0.99±0.02  → FITNESS=0.5151
URDF saved to being.urdf
Connecting to PyBullet, GUI: False
CreatureEnv Inicijalizacija: 12 motora. OBS_dim=40, frame_skip=1
[Fitness run Gen0Creature24] reward=1.56±0.03  dist=0.00±0.00  upright=0.03±0.09  → FITNESS=0.0328
URDF saved to being.urdf
Connecting to PyBullet, GUI: False
CreatureEnv Inicijalizacija: 12 motora. OBS_dim=40, frame_skip=1
[Fitness run Gen0Creature25] reward=1.65±0.02  dist=0.20±0.19  upright=0.00±0.00  → FITNESS=0.0213
URDF saved to being.urdf
Connecting to PyBullet, GUI: False
CreatureEnv Inicijalizacija: 12 motora. OBS_dim=40, frame_skip=1
[Fitness run Gen0Creature26] reward=1.63±0.00  dist=0.00±0.00  upright=0.00±0.00  → FITNESS=0.0183
URDF saved to being.urdf
Connecting to PyBullet, GUI: False
CreatureEnv Inicijalizacija: 12 motora. OBS_dim=40, frame_skip=1
[Fitness run Gen0Creature27] reward=1.68±0.01  dist=0.00±0.00  upright=0.00±0.00  → FITNESS=0.0183
URDF saved to being.urdf
Connecting to PyBullet, GUI: False
CreatureEnv Inicijalizacija: 12 motora. OBS_dim=40, frame_skip=1
[Fitness run Gen0Creature28] reward=1.66±0.14  dist=0.00±0.00  upright=0.01±0.03  → FITNESS=0.0232
URDF saved to being.urdf
Connecting to PyBullet, GUI: False
CreatureEnv Inicijalizacija: 12 motora. OBS_dim=40, frame_skip=1
[Fitness run Gen0Creature29] reward=1.81±0.01  dist=0.00±0.00  upright=0.01±0.04  → FITNESS=0.0248
URDF saved to being.urdf
Connecting to PyBullet, GUI: False
CreatureEnv Inicijalizacija: 12 motora. OBS_dim=40, frame_skip=1
[Fitness run Gen1Creature2] reward=1.56±0.03  dist=0.06±0.19  upright=0.02±0.05  → FITNESS=0.0273
URDF saved to being.urdf
Connecting to PyBullet, GUI: False
CreatureEnv Inicijalizacija: 12 motora. OBS_dim=40, frame_skip=1
[Fitness run Gen1Creature3] reward=1.74±0.12  dist=0.00±0.00  upright=0.10±0.04  → FITNESS=0.0667
URDF saved to being.urdf
Connecting to PyBullet, GUI: False
CreatureEnv Inicijalizacija: 12 motora. OBS_dim=40, frame_skip=1
[Fitness run Gen1Creature4] reward=1.65±0.01  dist=0.10±0.01  upright=0.14±0.05  → FITNESS=0.0876
URDF saved to being.urdf
Connecting to PyBullet, GUI: False
CreatureEnv Inicijalizacija: 12 motora. OBS_dim=40, frame_skip=1
[Fitness run Gen1Creature5] reward=1035.10±2.36  dist=0.00±0.00  upright=1.00±0.00  → FITNESS=0.6123
URDF saved to being.urdf
Connecting to PyBullet, GUI: False
CreatureEnv Inicijalizacija: 12 motora. OBS_dim=40, frame_skip=1
[Fitness run Gen1Creature6] reward=1.86±0.04  dist=0.03±0.09  upright=0.01±0.03  → FITNESS=0.0237
URDF saved to being.urdf
Connecting to PyBullet, GUI: False
CreatureEnv Inicijalizacija: 12 motora. OBS_dim=40, frame_skip=1
[Fitness run Gen1Creature7] reward=1.60±0.16  dist=0.00±0.00  upright=0.00±0.00  → FITNESS=0.0183
URDF saved to being.urdf
Connecting to PyBullet, GUI: False
CreatureEnv Inicijalizacija: 12 motora. OBS_dim=40, frame_skip=1
[Fitness run Gen1Creature8] reward=1.89±0.04  dist=0.00±0.00  upright=0.00±0.01  → FITNESS=0.0200
URDF saved to being.urdf
Connecting to PyBullet, GUI: False
CreatureEnv Inicijalizacija: 12 motora. OBS_dim=40, frame_skip=1
[Fitness run Gen1Creature9] reward=1.70±0.12  dist=0.00±0.00  upright=0.00±0.00  → FITNESS=0.0183
URDF saved to being.urdf
Connecting to PyBullet, GUI: False
CreatureEnv Inicijalizacija: 12 motora. OBS_dim=40, frame_skip=1
[Fitness run Gen1Creature10] reward=1.49±0.05  dist=0.00±0.01  upright=0.89±0.09  → FITNESS=0.4651
URDF saved to being.urdf
Connecting to PyBullet, GUI: False
CreatureEnv Inicijalizacija: 12 motora. OBS_dim=40, frame_skip=1
[Fitness run Gen1Creature11] reward=1.64±0.02  dist=0.01±0.01  upright=0.04±0.02  → FITNESS=0.0394
URDF saved to being.urdf
Connecting to PyBullet, GUI: False
CreatureEnv Inicijalizacija: 12 motora. OBS_dim=40, frame_skip=1
[Fitness run Gen1Creature12] reward=1.30±0.59  dist=0.08±0.04  upright=0.00±0.00  → FITNESS=0.0195
URDF saved to being.urdf
Connecting to PyBullet, GUI: False
CreatureEnv Inicijalizacija: 12 motora. OBS_dim=40, frame_skip=1
[Fitness run Gen1Creature13] reward=2.03±0.00  dist=0.00±0.00  upright=1.00±0.00  → FITNESS=0.5184
URDF saved to being.urdf
Connecting to PyBullet, GUI: False
CreatureEnv Inicijalizacija: 12 motora. OBS_dim=40, frame_skip=1
[Fitness run Gen1Creature14] reward=1.68±0.00  dist=0.05±0.14  upright=0.00±0.00  → FITNESS=0.0191
URDF saved to being.urdf
Connecting to PyBullet, GUI: False
CreatureEnv Inicijalizacija: 12 motora. OBS_dim=40, frame_skip=1
[Fitness run Gen1Creature15] reward=1.68±0.29  dist=0.43±0.21  upright=0.57±0.15  → FITNESS=0.3119
URDF saved to being.urdf
Connecting to PyBullet, GUI: False
CreatureEnv Inicijalizacija: 12 motora. OBS_dim=40, frame_skip=1
[Fitness run Gen1Creature16] reward=1.76±0.09  dist=0.05±0.04  upright=0.00±0.00  → FITNESS=0.0190
URDF saved to being.urdf
Connecting to PyBullet, GUI: False
CreatureEnv Inicijalizacija: 12 motora. OBS_dim=40, frame_skip=1
[Fitness run Gen1Creature17] reward=1.74±0.19  dist=0.12±0.08  upright=0.01±0.02  → FITNESS=0.0234
URDF saved to being.urdf
Connecting to PyBullet, GUI: False
CreatureEnv Inicijalizacija: 12 motora. OBS_dim=40, frame_skip=1
[Fitness run Gen1Creature18] reward=1.12±0.33  dist=0.00±0.00  upright=0.04±0.04  → FITNESS=0.0360
URDF saved to being.urdf
Connecting to PyBullet, GUI: False
CreatureEnv Inicijalizacija: 12 motora. OBS_dim=40, frame_skip=1
[Fitness run Gen1Creature19] reward=1.58±0.02  dist=0.04±0.12  upright=0.01±0.04  → FITNESS=0.0254
URDF saved to being.urdf
Connecting to PyBullet, GUI: False
CreatureEnv Inicijalizacija: 12 motora. OBS_dim=40, frame_skip=1
[Fitness run Gen1Creature20] reward=1.13±0.09  dist=0.00±0.01  upright=0.00±0.00  → FITNESS=0.0183
URDF saved to being.urdf
Connecting to PyBullet, GUI: False
CreatureEnv Inicijalizacija: 12 motora. OBS_dim=40, frame_skip=1
[Fitness run Gen1Creature21] reward=1.49±0.09  dist=0.00±0.01  upright=0.57±0.07  → FITNESS=0.3022
URDF saved to being.urdf
Connecting to PyBullet, GUI: False
CreatureEnv Inicijalizacija: 12 motora. OBS_dim=40, frame_skip=1
[Fitness run Gen1Creature22] reward=1.59±0.05  dist=0.00±0.00  upright=0.00±0.00  → FITNESS=0.0183
URDF saved to being.urdf
Connecting to PyBullet, GUI: False
CreatureEnv Inicijalizacija: 12 motora. OBS_dim=40, frame_skip=1
[Fitness run Gen1Creature23] reward=1.49±0.00  dist=0.04±0.01  upright=0.01±0.04  → FITNESS=0.0254
URDF saved to being.urdf
Connecting to PyBullet, GUI: False
CreatureEnv Inicijalizacija: 12 motora. OBS_dim=40, frame_skip=1
[Fitness run Gen1Creature24] reward=1.68±0.16  dist=0.13±0.04  upright=0.38±0.41  → FITNESS=0.2090
URDF saved to being.urdf
Connecting to PyBullet, GUI: False
CreatureEnv Inicijalizacija: 12 motora. OBS_dim=40, frame_skip=1
[Fitness run Gen1Creature25] reward=1.65±0.01  dist=0.00±0.01  upright=0.01±0.03  → FITNESS=0.0232
URDF saved to being.urdf
Connecting to PyBullet, GUI: False
CreatureEnv Inicijalizacija: 12 motora. OBS_dim=40, frame_skip=1
[Fitness run Gen1Creature26] reward=1.66±0.17  dist=0.09±0.07  upright=0.03±0.10  → FITNESS=0.0358
URDF saved to being.urdf
Connecting to PyBullet, GUI: False
CreatureEnv Inicijalizacija: 12 motora. OBS_dim=40, frame_skip=1
[Fitness run Gen1Creature27] reward=1.79±0.01  dist=0.09±0.00  upright=0.00±0.01  → FITNESS=0.0213
URDF saved to being.urdf
Connecting to PyBullet, GUI: False
CreatureEnv Inicijalizacija: 12 motora. OBS_dim=40, frame_skip=1
[Fitness run Gen1Creature28] reward=1.39±0.20  dist=0.00±0.00  upright=0.03±0.09  → FITNESS=0.0328
URDF saved to being.urdf
Connecting to PyBullet, GUI: False
CreatureEnv Inicijalizacija: 12 motora. OBS_dim=40, frame_skip=1
[Fitness run Gen1Creature29] reward=1.70±0.02  dist=0.02±0.01  upright=0.23±0.12  → FITNESS=0.1332

==================================================
Generacija 1/20  |  Best = 0.6123  |  Mean = 0.1414  |  Std = 0.1923
==================================================
URDF saved to being.urdf
Connecting to PyBullet, GUI: False
CreatureEnv Inicijalizacija: 12 motora. OBS_dim=40, frame_skip=1
[Fitness run Gen1Creature2] reward=1.56±0.03  dist=0.06±0.19  upright=0.02±0.05  → FITNESS=0.0273
URDF saved to being.urdf
Connecting to PyBullet, GUI: False
CreatureEnv Inicijalizacija: 12 motora. OBS_dim=40, frame_skip=1
[Fitness run Gen1Creature3] reward=1.14±0.15  dist=0.01±0.03  upright=0.00±0.00  → FITNESS=0.0184
URDF saved to being.urdf
Connecting to PyBullet, GUI: False
CreatureEnv Inicijalizacija: 12 motora. OBS_dim=40, frame_skip=1
[Fitness run Gen1Creature4] reward=1.65±0.01  dist=0.10±0.01  upright=0.14±0.05  → FITNESS=0.0876
URDF saved to being.urdf
Connecting to PyBullet, GUI: False
CreatureEnv Inicijalizacija: 12 motora. OBS_dim=40, frame_skip=1
[Fitness run Gen1Creature5] reward=1035.10±2.36  dist=0.00±0.00  upright=1.00±0.00  → FITNESS=0.6123
URDF saved to being.urdf
Connecting to PyBullet, GUI: False
CreatureEnv Inicijalizacija: 12 motora. OBS_dim=40, frame_skip=1
[Fitness run Gen1Creature6] reward=1.86±0.04  dist=0.03±0.09  upright=0.01±0.03  → FITNESS=0.0237
URDF saved to being.urdf
Connecting to PyBullet, GUI: False
CreatureEnv Inicijalizacija: 12 motora. OBS_dim=40, frame_skip=1
[Fitness run Gen1Creature7] reward=1.60±0.16  dist=0.00±0.00  upright=0.00±0.00  → FITNESS=0.0183
URDF saved to being.urdf
Connecting to PyBullet, GUI: False
CreatureEnv Inicijalizacija: 12 motora. OBS_dim=40, frame_skip=1
[Fitness run Gen1Creature8] reward=1.89±0.04  dist=0.00±0.00  upright=0.00±0.01  → FITNESS=0.0200
URDF saved to being.urdf
Connecting to PyBullet, GUI: False
CreatureEnv Inicijalizacija: 12 motora. OBS_dim=40, frame_skip=1
[Fitness run Gen1Creature9] reward=1.70±0.12  dist=0.00±0.00  upright=0.00±0.00  → FITNESS=0.0183
URDF saved to being.urdf
Connecting to PyBullet, GUI: False
CreatureEnv Inicijalizacija: 12 motora. OBS_dim=40, frame_skip=1
[Fitness run Gen1Creature10] reward=1.49±0.05  dist=0.00±0.01  upright=0.89±0.09  → FITNESS=0.4651
URDF saved to being.urdf
Connecting to PyBullet, GUI: False
CreatureEnv Inicijalizacija: 12 motora. OBS_dim=40, frame_skip=1
[Fitness run Gen1Creature11] reward=1.64±0.02  dist=0.01±0.01  upright=0.04±0.02  → FITNESS=0.0394
URDF saved to being.urdf
Connecting to PyBullet, GUI: False
CreatureEnv Inicijalizacija: 12 motora. OBS_dim=40, frame_skip=1
[Fitness run Gen1Creature12] reward=1.30±0.59  dist=0.08±0.04  upright=0.00±0.00  → FITNESS=0.0195
URDF saved to being.urdf
Connecting to PyBullet, GUI: False
CreatureEnv Inicijalizacija: 12 motora. OBS_dim=40, frame_skip=1
[Fitness run Gen1Creature13] reward=2.03±0.00  dist=0.00±0.00  upright=1.00±0.00  → FITNESS=0.5184
URDF saved to being.urdf
Connecting to PyBullet, GUI: False
CreatureEnv Inicijalizacija: 12 motora. OBS_dim=40, frame_skip=1
[Fitness run Gen1Creature14] reward=1.68±0.00  dist=0.05±0.14  upright=0.00±0.00  → FITNESS=0.0191
URDF saved to being.urdf
Connecting to PyBullet, GUI: False
CreatureEnv Inicijalizacija: 12 motora. OBS_dim=40, frame_skip=1
[Fitness run Gen1Creature15] reward=1.68±0.29  dist=0.43±0.21  upright=0.57±0.15  → FITNESS=0.3119
URDF saved to being.urdf
Connecting to PyBullet, GUI: False
CreatureEnv Inicijalizacija: 12 motora. OBS_dim=40, frame_skip=1
[Fitness run Gen1Creature16] reward=1.76±0.09  dist=0.05±0.04  upright=0.00±0.00  → FITNESS=0.0190
URDF saved to being.urdf
Connecting to PyBullet, GUI: False
CreatureEnv Inicijalizacija: 12 motora. OBS_dim=40, frame_skip=1
[Fitness run Gen1Creature17] reward=1.74±0.19  dist=0.12±0.08  upright=0.01±0.02  → FITNESS=0.0234
URDF saved to being.urdf
Connecting to PyBullet, GUI: False
CreatureEnv Inicijalizacija: 12 motora. OBS_dim=40, frame_skip=1
[Fitness run Gen1Creature18] reward=1.12±0.33  dist=0.00±0.00  upright=0.04±0.04  → FITNESS=0.0360
URDF saved to being.urdf
Connecting to PyBullet, GUI: False
CreatureEnv Inicijalizacija: 12 motora. OBS_dim=40, frame_skip=1
[Fitness run Gen1Creature19] reward=1.58±0.02  dist=0.04±0.12  upright=0.01±0.04  → FITNESS=0.0254
URDF saved to being.urdf
Connecting to PyBullet, GUI: False
CreatureEnv Inicijalizacija: 12 motora. OBS_dim=40, frame_skip=1
[Fitness run Gen1Creature20] reward=1.13±0.09  dist=0.00±0.01  upright=0.00±0.00  → FITNESS=0.0183
URDF saved to being.urdf
Connecting to PyBullet, GUI: False
CreatureEnv Inicijalizacija: 12 motora. OBS_dim=40, frame_skip=1
[Fitness run Gen1Creature21] reward=1.49±0.09  dist=0.00±0.01  upright=0.57±0.07  → FITNESS=0.3022
URDF saved to being.urdf
Connecting to PyBullet, GUI: False
CreatureEnv Inicijalizacija: 12 motora. OBS_dim=40, frame_skip=1
[Fitness run Gen1Creature22] reward=1.59±0.05  dist=0.00±0.00  upright=0.00±0.00  → FITNESS=0.0183
URDF saved to being.urdf
Connecting to PyBullet, GUI: False
CreatureEnv Inicijalizacija: 12 motora. OBS_dim=40, frame_skip=1
[Fitness run Gen1Creature23] reward=1.49±0.00  dist=0.04±0.01  upright=0.01±0.04  → FITNESS=0.0254
URDF saved to being.urdf
Connecting to PyBullet, GUI: False
CreatureEnv Inicijalizacija: 12 motora. OBS_dim=40, frame_skip=1
[Fitness run Gen1Creature24] reward=1.68±0.16  dist=0.13±0.04  upright=0.38±0.41  → FITNESS=0.2090
URDF saved to being.urdf
Connecting to PyBullet, GUI: False
CreatureEnv Inicijalizacija: 12 motora. OBS_dim=40, frame_skip=1
[Fitness run Gen1Creature25] reward=1.65±0.01  dist=0.00±0.01  upright=0.01±0.03  → FITNESS=0.0232
URDF saved to being.urdf
Connecting to PyBullet, GUI: False
CreatureEnv Inicijalizacija: 12 motora. OBS_dim=40, frame_skip=1
[Fitness run Gen1Creature26] reward=1.66±0.17  dist=0.09±0.07  upright=0.03±0.10  → FITNESS=0.0358
URDF saved to being.urdf
Connecting to PyBullet, GUI: False
CreatureEnv Inicijalizacija: 12 motora. OBS_dim=40, frame_skip=1
[Fitness run Gen1Creature27] reward=1.79±0.01  dist=0.09±0.00  upright=0.00±0.01  → FITNESS=0.0213
URDF saved to being.urdf
Connecting to PyBullet, GUI: False
CreatureEnv Inicijalizacija: 12 motora. OBS_dim=40, frame_skip=1
[Fitness run Gen1Creature28] reward=1.39±0.20  dist=0.00±0.00  upright=0.03±0.09  → FITNESS=0.0328
URDF saved to being.urdf
Connecting to PyBullet, GUI: False
CreatureEnv Inicijalizacija: 12 motora. OBS_dim=40, frame_skip=1
[Fitness run Gen1Creature29] reward=1.70±0.02  dist=0.02±0.01  upright=0.23±0.12  → FITNESS=0.1332
Genome saved to results\uprightBased500Steps1Seed\run_3\run_3_best_creature.json
[plot] Saved → ./results\uprightBased500Steps1Seed\run_3\run_3_summary.png
URDF saved to being.urdf
Connecting to PyBullet, GUI: False
CreatureEnv Inicijalizacija: 12 motora. OBS_dim=40, frame_skip=1
[Fitness run Gen2Creature2] reward=1.61±0.01  dist=0.00±0.01  upright=0.03±0.08  → FITNESS=0.0313
URDF saved to being.urdf
Connecting to PyBullet, GUI: False
CreatureEnv Inicijalizacija: 12 motora. OBS_dim=40, frame_skip=1
[Fitness run Gen2Creature3] reward=1.20±0.21  dist=0.11±0.08  upright=0.36±0.14  → FITNESS=0.2022
URDF saved to being.urdf
Connecting to PyBullet, GUI: False
CreatureEnv Inicijalizacija: 12 motora. OBS_dim=40, frame_skip=1
[Fitness run Gen2Creature4] reward=1.69±0.00  dist=0.00±0.00  upright=0.01±0.02  → FITNESS=0.0216
URDF saved to being.urdf
Connecting to PyBullet, GUI: False
CreatureEnv Inicijalizacija: 12 motora. OBS_dim=40, frame_skip=1
[Fitness run Gen2Creature5] reward=1.51±0.07  dist=0.10±0.04  upright=0.00±0.00  → FITNESS=0.0198
URDF saved to being.urdf
Connecting to PyBullet, GUI: False
CreatureEnv Inicijalizacija: 12 motora. OBS_dim=40, frame_skip=1
[Fitness run Gen2Creature6] reward=1.20±0.11  dist=0.00±0.00  upright=0.11±0.02  → FITNESS=0.0731
URDF saved to being.urdf
Connecting to PyBullet, GUI: False
CreatureEnv Inicijalizacija: 12 motora. OBS_dim=40, frame_skip=1
[Fitness run Gen2Creature7] reward=1.79±0.11  dist=0.02±0.06  upright=0.00±0.00  → FITNESS=0.0186
URDF saved to being.urdf
Connecting to PyBullet, GUI: False
CreatureEnv Inicijalizacija: 12 motora. OBS_dim=40, frame_skip=1
[Fitness run Gen2Creature8] reward=1.67±0.04  dist=0.43±0.11  upright=0.12±0.04  → FITNESS=0.0828
URDF saved to being.urdf
Connecting to PyBullet, GUI: False
CreatureEnv Inicijalizacija: 12 motora. OBS_dim=40, frame_skip=1
[Fitness run Gen2Creature9] reward=1.45±0.00  dist=0.02±0.03  upright=0.85±0.02  → FITNESS=0.4413
URDF saved to being.urdf
Connecting to PyBullet, GUI: False
CreatureEnv Inicijalizacija: 12 motora. OBS_dim=40, frame_skip=1
[Fitness run Gen2Creature10] reward=93.87±278.77  dist=0.01±0.03  upright=0.56±0.24  → FITNESS=0.3091
URDF saved to being.urdf
Connecting to PyBullet, GUI: False
CreatureEnv Inicijalizacija: 12 motora. OBS_dim=40, frame_skip=1
[Fitness run Gen2Creature11] reward=1.72±0.14  dist=0.13±0.04  upright=0.24±0.26  → FITNESS=0.1396
URDF saved to being.urdf
Connecting to PyBullet, GUI: False
CreatureEnv Inicijalizacija: 12 motora. OBS_dim=40, frame_skip=1
[Fitness run Gen2Creature12] reward=1.73±0.09  dist=0.01±0.02  upright=0.00±0.00  → FITNESS=0.0184
URDF saved to being.urdf
Connecting to PyBullet, GUI: False
CreatureEnv Inicijalizacija: 12 motora. OBS_dim=40, frame_skip=1
[Fitness run Gen2Creature13] reward=1.60±0.00  dist=0.03±0.09  upright=0.00±0.00  → FITNESS=0.0188
URDF saved to being.urdf
Connecting to PyBullet, GUI: False
CreatureEnv Inicijalizacija: 12 motora. OBS_dim=40, frame_skip=1
[Fitness run Gen2Creature14] reward=1.39±0.00  dist=0.00±0.00  upright=0.00±0.00  → FITNESS=0.0183
URDF saved to being.urdf
Connecting to PyBullet, GUI: False
CreatureEnv Inicijalizacija: 12 motora. OBS_dim=40, frame_skip=1
[Fitness run Gen2Creature15] reward=2.22±0.38  dist=0.00±0.00  upright=0.10±0.02  → FITNESS=0.0668
URDF saved to being.urdf
Connecting to PyBullet, GUI: False
CreatureEnv Inicijalizacija: 12 motora. OBS_dim=40, frame_skip=1
[Fitness run Gen2Creature16] reward=0.82±0.27  dist=0.00±0.00  upright=0.07±0.03  → FITNESS=0.0537
URDF saved to being.urdf
Connecting to PyBullet, GUI: False
CreatureEnv Inicijalizacija: 12 motora. OBS_dim=40, frame_skip=1
[Fitness run Gen2Creature17] reward=1.39±0.10  dist=0.00±0.00  upright=0.03±0.10  → FITNESS=0.0344
URDF saved to being.urdf
Connecting to PyBullet, GUI: False
CreatureEnv Inicijalizacija: 12 motora. OBS_dim=40, frame_skip=1
[Fitness run Gen2Creature18] reward=1.85±0.08  dist=0.00±0.00  upright=0.01±0.02  → FITNESS=0.0216
URDF saved to being.urdf
Connecting to PyBullet, GUI: False
CreatureEnv Inicijalizacija: 12 motora. OBS_dim=40, frame_skip=1
[Fitness run Gen2Creature19] reward=1.81±0.34  dist=0.07±0.05  upright=0.06±0.01  → FITNESS=0.0517
URDF saved to being.urdf
Connecting to PyBullet, GUI: False
CreatureEnv Inicijalizacija: 12 motora. OBS_dim=40, frame_skip=1
[Fitness run Gen2Creature20] reward=1.78±0.00  dist=0.13±0.04  upright=1.00±0.00  → FITNESS=0.5203
URDF saved to being.urdf
Connecting to PyBullet, GUI: False
CreatureEnv Inicijalizacija: 12 motora. OBS_dim=40, frame_skip=1
[Fitness run Gen2Creature21] reward=1.74±0.00  dist=0.06±0.02  upright=0.01±0.03  → FITNESS=0.0241
URDF saved to being.urdf
Connecting to PyBullet, GUI: False
CreatureEnv Inicijalizacija: 12 motora. OBS_dim=40, frame_skip=1
[Fitness run Gen2Creature22] reward=1.56±0.02  dist=0.00±0.00  upright=0.00±0.00  → FITNESS=0.0183
URDF saved to being.urdf
Connecting to PyBullet, GUI: False
CreatureEnv Inicijalizacija: 12 motora. OBS_dim=40, frame_skip=1
[Fitness run Gen2Creature23] reward=1.60±0.00  dist=0.00±0.00  upright=0.00±0.00  → FITNESS=0.0183
URDF saved to being.urdf
Connecting to PyBullet, GUI: False
CreatureEnv Inicijalizacija: 12 motora. OBS_dim=40, frame_skip=1
[Fitness run Gen2Creature24] reward=1.68±0.04  dist=0.10±0.03  upright=0.01±0.03  → FITNESS=0.0247
URDF saved to being.urdf
Connecting to PyBullet, GUI: False
CreatureEnv Inicijalizacija: 12 motora. OBS_dim=40, frame_skip=1
[Fitness run Gen2Creature25] reward=1.45±0.06  dist=0.10±0.03  upright=0.00±0.00  → FITNESS=0.0199
URDF saved to being.urdf
Connecting to PyBullet, GUI: False
CreatureEnv Inicijalizacija: 12 motora. OBS_dim=40, frame_skip=1
[Fitness run Gen2Creature26] reward=1.59±0.25  dist=0.14±0.04  upright=0.03±0.09  → FITNESS=0.0349
URDF saved to being.urdf
Connecting to PyBullet, GUI: False
CreatureEnv Inicijalizacija: 12 motora. OBS_dim=40, frame_skip=1
[Fitness run Gen2Creature27] reward=1.77±0.11  dist=0.01±0.03  upright=0.00±0.00  → FITNESS=0.0185
URDF saved to being.urdf
Connecting to PyBullet, GUI: False
CreatureEnv Inicijalizacija: 12 motora. OBS_dim=40, frame_skip=1
[Fitness run Gen2Creature28] reward=1.72±0.09  dist=0.00±0.00  upright=0.02±0.07  → FITNESS=0.0296
URDF saved to being.urdf
Connecting to PyBullet, GUI: False
CreatureEnv Inicijalizacija: 12 motora. OBS_dim=40, frame_skip=1
[Fitness run Gen2Creature29] reward=1.76±0.54  dist=0.00±0.00  upright=0.22±0.20  → FITNESS=0.1296

==================================================
Generacija 2/20  |  Best = 0.6123  |  Mean = 0.1210  |  Std = 0.1747
==================================================
URDF saved to being.urdf
Connecting to PyBullet, GUI: False
CreatureEnv Inicijalizacija: 12 motora. OBS_dim=40, frame_skip=1
[Fitness run Gen2Creature2] reward=1.61±0.01  dist=0.00±0.01  upright=0.03±0.08  → FITNESS=0.0313
URDF saved to being.urdf
Connecting to PyBullet, GUI: False
CreatureEnv Inicijalizacija: 12 motora. OBS_dim=40, frame_skip=1
[Fitness run Gen2Creature3] reward=1.20±0.21  dist=0.11±0.08  upright=0.36±0.14  → FITNESS=0.2022
URDF saved to being.urdf
Connecting to PyBullet, GUI: False
CreatureEnv Inicijalizacija: 12 motora. OBS_dim=40, frame_skip=1
[Fitness run Gen2Creature4] reward=1.69±0.00  dist=0.00±0.00  upright=0.01±0.02  → FITNESS=0.0216
URDF saved to being.urdf
Connecting to PyBullet, GUI: False
CreatureEnv Inicijalizacija: 12 motora. OBS_dim=40, frame_skip=1
[Fitness run Gen2Creature5] reward=1.51±0.07  dist=0.10±0.04  upright=0.00±0.00  → FITNESS=0.0198
URDF saved to being.urdf
Connecting to PyBullet, GUI: False
CreatureEnv Inicijalizacija: 12 motora. OBS_dim=40, frame_skip=1
[Fitness run Gen2Creature6] reward=1.20±0.11  dist=0.00±0.00  upright=0.11±0.02  → FITNESS=0.0731
URDF saved to being.urdf
Connecting to PyBullet, GUI: False
CreatureEnv Inicijalizacija: 12 motora. OBS_dim=40, frame_skip=1
[Fitness run Gen2Creature7] reward=1.79±0.11  dist=0.02±0.06  upright=0.00±0.00  → FITNESS=0.0186
URDF saved to being.urdf
Connecting to PyBullet, GUI: False
CreatureEnv Inicijalizacija: 12 motora. OBS_dim=40, frame_skip=1
[Fitness run Gen2Creature8] reward=1.67±0.04  dist=0.43±0.11  upright=0.12±0.04  → FITNESS=0.0828
URDF saved to being.urdf
Connecting to PyBullet, GUI: False
CreatureEnv Inicijalizacija: 12 motora. OBS_dim=40, frame_skip=1
[Fitness run Gen2Creature9] reward=1.45±0.00  dist=0.02±0.03  upright=0.85±0.02  → FITNESS=0.4413
URDF saved to being.urdf
Connecting to PyBullet, GUI: False
CreatureEnv Inicijalizacija: 12 motora. OBS_dim=40, frame_skip=1
[Fitness run Gen2Creature10] reward=93.87±278.77  dist=0.01±0.03  upright=0.56±0.24  → FITNESS=0.3091
URDF saved to being.urdf
Connecting to PyBullet, GUI: False
CreatureEnv Inicijalizacija: 12 motora. OBS_dim=40, frame_skip=1
[Fitness run Gen2Creature11] reward=1.72±0.14  dist=0.13±0.04  upright=0.24±0.26  → FITNESS=0.1396
URDF saved to being.urdf
Connecting to PyBullet, GUI: False
CreatureEnv Inicijalizacija: 12 motora. OBS_dim=40, frame_skip=1
[Fitness run Gen2Creature12] reward=1.73±0.09  dist=0.01±0.02  upright=0.00±0.00  → FITNESS=0.0184
URDF saved to being.urdf
Connecting to PyBullet, GUI: False
CreatureEnv Inicijalizacija: 12 motora. OBS_dim=40, frame_skip=1
[Fitness run Gen2Creature13] reward=1.60±0.00  dist=0.03±0.09  upright=0.00±0.00  → FITNESS=0.0188
URDF saved to being.urdf
Connecting to PyBullet, GUI: False
CreatureEnv Inicijalizacija: 12 motora. OBS_dim=40, frame_skip=1
[Fitness run Gen2Creature14] reward=1.39±0.00  dist=0.00±0.00  upright=0.00±0.00  → FITNESS=0.0183
URDF saved to being.urdf
Connecting to PyBullet, GUI: False
CreatureEnv Inicijalizacija: 12 motora. OBS_dim=40, frame_skip=1
[Fitness run Gen2Creature15] reward=2.22±0.38  dist=0.00±0.00  upright=0.10±0.02  → FITNESS=0.0668
URDF saved to being.urdf
Connecting to PyBullet, GUI: False
CreatureEnv Inicijalizacija: 12 motora. OBS_dim=40, frame_skip=1
[Fitness run Gen2Creature16] reward=0.82±0.27  dist=0.00±0.00  upright=0.07±0.03  → FITNESS=0.0537
URDF saved to being.urdf
Connecting to PyBullet, GUI: False
CreatureEnv Inicijalizacija: 12 motora. OBS_dim=40, frame_skip=1
[Fitness run Gen2Creature17] reward=1.39±0.10  dist=0.00±0.00  upright=0.03±0.10  → FITNESS=0.0344
URDF saved to being.urdf
Connecting to PyBullet, GUI: False
CreatureEnv Inicijalizacija: 12 motora. OBS_dim=40, frame_skip=1
[Fitness run Gen2Creature18] reward=1.85±0.08  dist=0.00±0.00  upright=0.01±0.02  → FITNESS=0.0216
URDF saved to being.urdf
Connecting to PyBullet, GUI: False
CreatureEnv Inicijalizacija: 12 motora. OBS_dim=40, frame_skip=1
[Fitness run Gen2Creature19] reward=1.81±0.34  dist=0.07±0.05  upright=0.06±0.01  → FITNESS=0.0517
URDF saved to being.urdf
Connecting to PyBullet, GUI: False
CreatureEnv Inicijalizacija: 12 motora. OBS_dim=40, frame_skip=1
[Fitness run Gen2Creature20] reward=1.78±0.00  dist=0.13±0.04  upright=1.00±0.00  → FITNESS=0.5203
URDF saved to being.urdf
Connecting to PyBullet, GUI: False
CreatureEnv Inicijalizacija: 12 motora. OBS_dim=40, frame_skip=1
[Fitness run Gen2Creature21] reward=1.74±0.00  dist=0.06±0.02  upright=0.01±0.03  → FITNESS=0.0241
URDF saved to being.urdf
Connecting to PyBullet, GUI: False
CreatureEnv Inicijalizacija: 12 motora. OBS_dim=40, frame_skip=1
[Fitness run Gen2Creature22] reward=1.56±0.02  dist=0.00±0.00  upright=0.00±0.00  → FITNESS=0.0183
URDF saved to being.urdf
Connecting to PyBullet, GUI: False
CreatureEnv Inicijalizacija: 12 motora. OBS_dim=40, frame_skip=1
[Fitness run Gen2Creature23] reward=1.60±0.00  dist=0.00±0.00  upright=0.00±0.00  → FITNESS=0.0183
URDF saved to being.urdf
Connecting to PyBullet, GUI: False
ERROR: RL training/evaluation failed: Cannot load URDF file.
URDF saved to being.urdf
Connecting to PyBullet, GUI: False
CreatureEnv Inicijalizacija: 12 motora. OBS_dim=40, frame_skip=1
[Fitness run Gen2Creature25] reward=1.45±0.06  dist=0.10±0.03  upright=0.00±0.00  → FITNESS=0.0199
URDF saved to being.urdf
Connecting to PyBullet, GUI: False
CreatureEnv Inicijalizacija: 12 motora. OBS_dim=40, frame_skip=1
[Fitness run Gen2Creature26] reward=1.59±0.25  dist=0.14±0.04  upright=0.03±0.09  → FITNESS=0.0349
URDF saved to being.urdf
Connecting to PyBullet, GUI: False
CreatureEnv Inicijalizacija: 12 motora. OBS_dim=40, frame_skip=1
[Fitness run Gen2Creature27] reward=1.77±0.11  dist=0.01±0.03  upright=0.00±0.00  → FITNESS=0.0185
URDF saved to being.urdf
Connecting to PyBullet, GUI: False
CreatureEnv Inicijalizacija: 12 motora. OBS_dim=40, frame_skip=1
[Fitness run Gen2Creature28] reward=1.72±0.09  dist=0.00±0.00  upright=0.02±0.07  → FITNESS=0.0296
URDF saved to being.urdf
Connecting to PyBullet, GUI: False
CreatureEnv Inicijalizacija: 12 motora. OBS_dim=40, frame_skip=1
[Fitness run Gen2Creature29] reward=1.76±0.54  dist=0.00±0.00  upright=0.22±0.20  → FITNESS=0.1296
Genome saved to results\uprightBased500Steps1Seed\run_3\run_3_best_creature.json
[plot] Saved → ./results\uprightBased500Steps1Seed\run_3\run_3_summary.png
URDF saved to being.urdf
Connecting to PyBullet, GUI: False
CreatureEnv Inicijalizacija: 12 motora. OBS_dim=40, frame_skip=1
[Fitness run Gen3Creature2] reward=1.84±0.01  dist=0.03±0.01  upright=1.00±0.00  → FITNESS=0.5188
URDF saved to being.urdf
Connecting to PyBullet, GUI: False
CreatureEnv Inicijalizacija: 12 motora. OBS_dim=40, frame_skip=1
[Fitness run Gen3Creature3] reward=1.78±0.08  dist=0.00±0.00  upright=0.59±0.18  → FITNESS=0.3151
URDF saved to being.urdf
Connecting to PyBullet, GUI: False
CreatureEnv Inicijalizacija: 12 motora. OBS_dim=40, frame_skip=1
[Fitness run Gen3Creature4] reward=1.57±0.00  dist=0.15±0.00  upright=0.99±0.02  → FITNESS=0.5174
URDF saved to being.urdf
Connecting to PyBullet, GUI: False
CreatureEnv Inicijalizacija: 12 motora. OBS_dim=40, frame_skip=1
[Fitness run Gen3Creature5] reward=879.84±292.60  dist=0.01±0.02  upright=0.97±0.08  → FITNESS=0.5836
URDF saved to being.urdf
Connecting to PyBullet, GUI: False
CreatureEnv Inicijalizacija: 12 motora. OBS_dim=40, frame_skip=1
[Fitness run Gen3Creature6] reward=1.75±0.15  dist=0.22±0.08  upright=0.08±0.18  → FITNESS=0.0604
URDF saved to being.urdf
Connecting to PyBullet, GUI: False
CreatureEnv Inicijalizacija: 12 motora. OBS_dim=40, frame_skip=1
[Fitness run Gen3Creature7] reward=1.59±0.05  dist=0.11±0.32  upright=0.00±0.00  → FITNESS=0.0199
URDF saved to being.urdf
Connecting to PyBullet, GUI: False
CreatureEnv Inicijalizacija: 12 motora. OBS_dim=40, frame_skip=1
[Fitness run Gen3Creature8] reward=1.31±0.14  dist=0.11±0.33  upright=0.01±0.03  → FITNESS=0.0248
URDF saved to being.urdf
Connecting to PyBullet, GUI: False
CreatureEnv Inicijalizacija: 12 motora. OBS_dim=40, frame_skip=1
[Fitness run Gen3Creature9] reward=1002.51±333.67  dist=0.00±0.00  upright=0.90±0.30  → FITNESS=0.5593
URDF saved to being.urdf
Connecting to PyBullet, GUI: False
CreatureEnv Inicijalizacija: 12 motora. OBS_dim=40, frame_skip=1
[Fitness run Gen3Creature10] reward=314.27±478.28  dist=0.12±0.10  upright=0.71±0.27  → FITNESS=0.4034
URDF saved to being.urdf
Connecting to PyBullet, GUI: False
CreatureEnv Inicijalizacija: 12 motora. OBS_dim=40, frame_skip=1
[Fitness run Gen3Creature11] reward=1.48±0.00  dist=0.09±0.03  upright=0.93±0.04  → FITNESS=0.4858
URDF saved to being.urdf
Connecting to PyBullet, GUI: False
CreatureEnv Inicijalizacija: 12 motora. OBS_dim=40, frame_skip=1
[Fitness run Gen3Creature12] reward=1.59±0.08  dist=0.00±0.00  upright=0.77±0.08  → FITNESS=0.4038
URDF saved to being.urdf
Connecting to PyBullet, GUI: False
CreatureEnv Inicijalizacija: 12 motora. OBS_dim=40, frame_skip=1
[Fitness run Gen3Creature13] reward=1.95±0.16  dist=0.38±0.13  upright=0.00±0.00  → FITNESS=0.0240
URDF saved to being.urdf
Connecting to PyBullet, GUI: False
CreatureEnv Inicijalizacija: 12 motora. OBS_dim=40, frame_skip=1
[Fitness run Gen3Creature14] reward=1.44±0.09  dist=0.02±0.03  upright=0.89±0.11  → FITNESS=0.4638
URDF saved to being.urdf
Connecting to PyBullet, GUI: False
CreatureEnv Inicijalizacija: 12 motora. OBS_dim=40, frame_skip=1
[Fitness run Gen3Creature15] reward=2.08±0.00  dist=0.05±0.02  upright=1.00±0.00  → FITNESS=0.5192
URDF saved to being.urdf
Connecting to PyBullet, GUI: False
CreatureEnv Inicijalizacija: 12 motora. OBS_dim=40, frame_skip=1
[Fitness run Gen3Creature16] reward=1.52±0.02  dist=0.06±0.02  upright=0.24±0.06  → FITNESS=0.1386
URDF saved to being.urdf
Connecting to PyBullet, GUI: False
CreatureEnv Inicijalizacija: 12 motora. OBS_dim=40, frame_skip=1
[Fitness run Gen3Creature17] reward=1.82±0.04  dist=0.00±0.00  upright=0.00±0.00  → FITNESS=0.0183
URDF saved to being.urdf
Connecting to PyBullet, GUI: False
CreatureEnv Inicijalizacija: 12 motora. OBS_dim=40, frame_skip=1
[Fitness run Gen3Creature18] reward=1.81±0.11  dist=0.07±0.03  upright=0.01±0.03  → FITNESS=0.0242
URDF saved to being.urdf
Connecting to PyBullet, GUI: False
CreatureEnv Inicijalizacija: 12 motora. OBS_dim=40, frame_skip=1
[Fitness run Gen3Creature19] reward=2.02±0.14  dist=0.00±0.00  upright=0.90±0.30  → FITNESS=0.4684
URDF saved to being.urdf
Connecting to PyBullet, GUI: False
CreatureEnv Inicijalizacija: 12 motora. OBS_dim=40, frame_skip=1
[Fitness run Gen3Creature20] reward=213.46±423.84  dist=0.02±0.03  upright=0.62±0.29  → FITNESS=0.3476
URDF saved to being.urdf
Connecting to PyBullet, GUI: False
CreatureEnv Inicijalizacija: 12 motora. OBS_dim=40, frame_skip=1
[Fitness run Gen3Creature21] reward=1.78±0.00  dist=0.00±0.00  upright=0.00±0.01  → FITNESS=0.0200
URDF saved to being.urdf
Connecting to PyBullet, GUI: False
CreatureEnv Inicijalizacija: 12 motora. OBS_dim=40, frame_skip=1
[Fitness run Gen3Creature22] reward=1.85±0.00  dist=0.06±0.02  upright=1.00±0.00  → FITNESS=0.5193
URDF saved to being.urdf
Connecting to PyBullet, GUI: False
CreatureEnv Inicijalizacija: 12 motora. OBS_dim=40, frame_skip=1
[Fitness run Gen3Creature23] reward=1.87±0.18  dist=0.22±0.42  upright=0.01±0.02  → FITNESS=0.0248
URDF saved to being.urdf
Connecting to PyBullet, GUI: False
CreatureEnv Inicijalizacija: 12 motora. OBS_dim=40, frame_skip=1
[Fitness run Gen3Creature24] reward=1.53±0.06  dist=0.06±0.02  upright=0.10±0.01  → FITNESS=0.0676
URDF saved to being.urdf
Connecting to PyBullet, GUI: False
CreatureEnv Inicijalizacija: 12 motora. OBS_dim=40, frame_skip=1
[Fitness run Gen3Creature25] reward=1017.06±10.02  dist=0.01±0.01  upright=1.00±0.00  → FITNESS=0.6107
URDF saved to being.urdf
Connecting to PyBullet, GUI: False
CreatureEnv Inicijalizacija: 12 motora. OBS_dim=40, frame_skip=1
[Fitness run Gen3Creature26] reward=1.57±0.06  dist=0.11±0.04  upright=0.00±0.00  → FITNESS=0.0200
URDF saved to being.urdf
Connecting to PyBullet, GUI: False
CreatureEnv Inicijalizacija: 12 motora. OBS_dim=40, frame_skip=1
[Fitness run Gen3Creature27] reward=1.82±0.14  dist=0.00±0.00  upright=0.00±0.00  → FITNESS=0.0183
URDF saved to being.urdf
Connecting to PyBullet, GUI: False
CreatureEnv Inicijalizacija: 12 motora. OBS_dim=40, frame_skip=1
[Fitness run Gen3Creature28] reward=1.30±0.39  dist=0.11±0.07  upright=0.10±0.30  → FITNESS=0.0699
URDF saved to being.urdf
Connecting to PyBullet, GUI: False
CreatureEnv Inicijalizacija: 12 motora. OBS_dim=40, frame_skip=1
[Fitness run Gen3Creature29] reward=957.81±318.79  dist=0.00±0.00  upright=0.90±0.30  → FITNESS=0.5553

==================================================
Generacija 3/20  |  Best = 0.6123  |  Mean = 0.2990  |  Std = 0.2356
==================================================
URDF saved to being.urdf
Connecting to PyBullet, GUI: False
CreatureEnv Inicijalizacija: 12 motora. OBS_dim=40, frame_skip=1
[Fitness run Gen3Creature2] reward=1.84±0.01  dist=0.03±0.01  upright=1.00±0.00  → FITNESS=0.5188
URDF saved to being.urdf
Connecting to PyBullet, GUI: False
CreatureEnv Inicijalizacija: 12 motora. OBS_dim=40, frame_skip=1
[Fitness run Gen3Creature3] reward=1.78±0.08  dist=0.00±0.00  upright=0.59±0.18  → FITNESS=0.3151
URDF saved to being.urdf
Connecting to PyBullet, GUI: False
CreatureEnv Inicijalizacija: 12 motora. OBS_dim=40, frame_skip=1
[Fitness run Gen3Creature4] reward=1.57±0.00  dist=0.15±0.00  upright=0.99±0.02  → FITNESS=0.5174
URDF saved to being.urdf
Connecting to PyBullet, GUI: False
CreatureEnv Inicijalizacija: 12 motora. OBS_dim=40, frame_skip=1
[Fitness run Gen3Creature5] reward=879.84±292.60  dist=0.01±0.02  upright=0.97±0.08  → FITNESS=0.5836
URDF saved to being.urdf
Connecting to PyBullet, GUI: False
CreatureEnv Inicijalizacija: 12 motora. OBS_dim=40, frame_skip=1
[Fitness run Gen3Creature6] reward=1.75±0.15  dist=0.22±0.08  upright=0.08±0.18  → FITNESS=0.0604
URDF saved to being.urdf
Connecting to PyBullet, GUI: False
CreatureEnv Inicijalizacija: 12 motora. OBS_dim=40, frame_skip=1
[Fitness run Gen3Creature7] reward=1.59±0.05  dist=0.11±0.32  upright=0.00±0.00  → FITNESS=0.0199
URDF saved to being.urdf
Connecting to PyBullet, GUI: False
CreatureEnv Inicijalizacija: 12 motora. OBS_dim=40, frame_skip=1
[Fitness run Gen3Creature8] reward=1.31±0.14  dist=0.11±0.33  upright=0.01±0.03  → FITNESS=0.0248
URDF saved to being.urdf
Connecting to PyBullet, GUI: False
CreatureEnv Inicijalizacija: 12 motora. OBS_dim=40, frame_skip=1
[Fitness run Gen3Creature9] reward=1002.51±333.67  dist=0.00±0.00  upright=0.90±0.30  → FITNESS=0.5593
URDF saved to being.urdf
Connecting to PyBullet, GUI: False
CreatureEnv Inicijalizacija: 12 motora. OBS_dim=40, frame_skip=1
[Fitness run Gen3Creature10] reward=314.27±478.28  dist=0.12±0.10  upright=0.71±0.27  → FITNESS=0.4034
URDF saved to being.urdf
Connecting to PyBullet, GUI: False
CreatureEnv Inicijalizacija: 12 motora. OBS_dim=40, frame_skip=1
[Fitness run Gen3Creature11] reward=1.48±0.00  dist=0.09±0.03  upright=0.93±0.04  → FITNESS=0.4858
URDF saved to being.urdf
Connecting to PyBullet, GUI: False
CreatureEnv Inicijalizacija: 12 motora. OBS_dim=40, frame_skip=1
[Fitness run Gen3Creature12] reward=1.59±0.08  dist=0.00±0.00  upright=0.77±0.08  → FITNESS=0.4038
URDF saved to being.urdf
Connecting to PyBullet, GUI: False
CreatureEnv Inicijalizacija: 12 motora. OBS_dim=40, frame_skip=1
[Fitness run Gen3Creature13] reward=1.95±0.16  dist=0.38±0.13  upright=0.00±0.00  → FITNESS=0.0240
URDF saved to being.urdf
Connecting to PyBullet, GUI: False
CreatureEnv Inicijalizacija: 12 motora. OBS_dim=40, frame_skip=1
[Fitness run Gen3Creature14] reward=1.44±0.09  dist=0.02±0.03  upright=0.89±0.11  → FITNESS=0.4638
URDF saved to being.urdf
Connecting to PyBullet, GUI: False
CreatureEnv Inicijalizacija: 12 motora. OBS_dim=40, frame_skip=1
[Fitness run Gen3Creature15] reward=2.08±0.00  dist=0.05±0.02  upright=1.00±0.00  → FITNESS=0.5192
URDF saved to being.urdf
Connecting to PyBullet, GUI: False
CreatureEnv Inicijalizacija: 12 motora. OBS_dim=40, frame_skip=1
[Fitness run Gen3Creature16] reward=1.52±0.02  dist=0.06±0.02  upright=0.24±0.06  → FITNESS=0.1386
URDF saved to being.urdf
Connecting to PyBullet, GUI: False
CreatureEnv Inicijalizacija: 12 motora. OBS_dim=40, frame_skip=1
[Fitness run Gen3Creature17] reward=1.82±0.04  dist=0.00±0.00  upright=0.00±0.00  → FITNESS=0.0183
URDF saved to being.urdf
Connecting to PyBullet, GUI: False
CreatureEnv Inicijalizacija: 12 motora. OBS_dim=40, frame_skip=1
[Fitness run Gen3Creature18] reward=1.81±0.11  dist=0.07±0.03  upright=0.01±0.03  → FITNESS=0.0242
URDF saved to being.urdf
Connecting to PyBullet, GUI: False
CreatureEnv Inicijalizacija: 12 motora. OBS_dim=40, frame_skip=1
[Fitness run Gen3Creature19] reward=2.02±0.14  dist=0.00±0.00  upright=0.90±0.30  → FITNESS=0.4684
URDF saved to being.urdf
Connecting to PyBullet, GUI: False
CreatureEnv Inicijalizacija: 12 motora. OBS_dim=40, frame_skip=1
[Fitness run Gen3Creature20] reward=213.46±423.84  dist=0.02±0.03  upright=0.62±0.29  → FITNESS=0.3476
URDF saved to being.urdf
Connecting to PyBullet, GUI: False
CreatureEnv Inicijalizacija: 12 motora. OBS_dim=40, frame_skip=1
[Fitness run Gen3Creature21] reward=1.78±0.00  dist=0.00±0.00  upright=0.00±0.01  → FITNESS=0.0200
URDF saved to being.urdf
Connecting to PyBullet, GUI: False
CreatureEnv Inicijalizacija: 12 motora. OBS_dim=40, frame_skip=1
[Fitness run Gen3Creature22] reward=1.85±0.00  dist=0.06±0.02  upright=1.00±0.00  → FITNESS=0.5193
URDF saved to being.urdf
Connecting to PyBullet, GUI: False
CreatureEnv Inicijalizacija: 12 motora. OBS_dim=40, frame_skip=1
[Fitness run Gen3Creature23] reward=1.87±0.18  dist=0.22±0.42  upright=0.01±0.02  → FITNESS=0.0248
URDF saved to being.urdf
Connecting to PyBullet, GUI: False
CreatureEnv Inicijalizacija: 12 motora. OBS_dim=40, frame_skip=1
[Fitness run Gen3Creature24] reward=1.87±0.18  dist=0.22±0.42  upright=0.01±0.02  → FITNESS=0.0248
URDF saved to being.urdf
Connecting to PyBullet, GUI: False
CreatureEnv Inicijalizacija: 12 motora. OBS_dim=40, frame_skip=1
[Fitness run Gen3Creature25] reward=1.53±0.06  dist=0.06±0.02  upright=0.10±0.01  → FITNESS=0.0676
URDF saved to being.urdf
Connecting to PyBullet, GUI: False
CreatureEnv Inicijalizacija: 12 motora. OBS_dim=40, frame_skip=1
[Fitness run Gen3Creature26] reward=1.57±0.06  dist=0.11±0.04  upright=0.00±0.00  → FITNESS=0.0200
URDF saved to being.urdf
Connecting to PyBullet, GUI: False
CreatureEnv Inicijalizacija: 12 motora. OBS_dim=40, frame_skip=1
[Fitness run Gen3Creature27] reward=1.82±0.14  dist=0.00±0.00  upright=0.00±0.00  → FITNESS=0.0183
URDF saved to being.urdf
Connecting to PyBullet, GUI: False
CreatureEnv Inicijalizacija: 12 motora. OBS_dim=40, frame_skip=1
[Fitness run Gen3Creature28] reward=1.30±0.39  dist=0.11±0.07  upright=0.10±0.30  → FITNESS=0.0699
URDF saved to being.urdf
Connecting to PyBullet, GUI: False
CreatureEnv Inicijalizacija: 12 motora. OBS_dim=40, frame_skip=1
[Fitness run Gen3Creature29] reward=957.81±318.79  dist=0.00±0.00  upright=0.90±0.30  → FITNESS=0.5553
Genome saved to results\uprightBased500Steps1Seed\run_3\run_3_best_creature.json
[plot] Saved → ./results\uprightBased500Steps1Seed\run_3\run_3_summary.png
URDF saved to being.urdf
Connecting to PyBullet, GUI: False
CreatureEnv Inicijalizacija: 12 motora. OBS_dim=40, frame_skip=1
[Fitness run Gen4Creature2] reward=1.73±0.02  dist=0.00±0.00  upright=1.00±0.00  → FITNESS=0.5183
URDF saved to being.urdf
Connecting to PyBullet, GUI: False
CreatureEnv Inicijalizacija: 12 motora. OBS_dim=40, frame_skip=1
[Fitness run Gen4Creature3] reward=1.80±0.15  dist=0.00±0.00  upright=0.73±0.22  → FITNESS=0.3829
URDF saved to being.urdf
Connecting to PyBullet, GUI: False
CreatureEnv Inicijalizacija: 12 motora. OBS_dim=40, frame_skip=1
[Fitness run Gen4Creature4] reward=1.54±0.00  dist=0.00±0.00  upright=0.00±0.00  → FITNESS=0.0183
URDF saved to being.urdf
Connecting to PyBullet, GUI: False
CreatureEnv Inicijalizacija: 12 motora. OBS_dim=40, frame_skip=1
[Fitness run Gen4Creature5] reward=1.67±0.00  dist=0.15±0.10  upright=0.00±0.01  → FITNESS=0.0222
URDF saved to being.urdf
Connecting to PyBullet, GUI: False
CreatureEnv Inicijalizacija: 12 motora. OBS_dim=40, frame_skip=1
[Fitness run Gen4Creature6] reward=348.00±448.77  dist=0.09±0.05  upright=0.74±0.32  → FITNESS=0.4191
URDF saved to being.urdf
Connecting to PyBullet, GUI: False
CreatureEnv Inicijalizacija: 12 motora. OBS_dim=40, frame_skip=1
[Fitness run Gen4Creature7] reward=1.96±0.29  dist=0.00±0.00  upright=0.94±0.19  → FITNESS=0.4861
URDF saved to being.urdf
Connecting to PyBullet, GUI: False
CreatureEnv Inicijalizacija: 12 motora. OBS_dim=40, frame_skip=1
[Fitness run Gen4Creature8] reward=1.39±0.00  dist=0.04±0.12  upright=0.83±0.04  → FITNESS=0.4334
URDF saved to being.urdf
Connecting to PyBullet, GUI: False
CreatureEnv Inicijalizacija: 12 motora. OBS_dim=40, frame_skip=1
[Fitness run Gen4Creature9] reward=981.53±326.67  dist=0.00±0.01  upright=0.91±0.27  → FITNESS=0.5623
URDF saved to being.urdf
Connecting to PyBullet, GUI: False
CreatureEnv Inicijalizacija: 12 motora. OBS_dim=40, frame_skip=1
[Fitness run Gen4Creature10] reward=314.27±478.28  dist=0.12±0.10  upright=0.71±0.27  → FITNESS=0.4034
URDF saved to being.urdf
Connecting to PyBullet, GUI: False
CreatureEnv Inicijalizacija: 12 motora. OBS_dim=40, frame_skip=1
[Fitness run Gen4Creature12] reward=1.48±0.05  dist=0.21±0.07  upright=0.33±0.01  → FITNESS=0.1844
URDF saved to being.urdf
Connecting to PyBullet, GUI: False
CreatureEnv Inicijalizacija: 12 motora. OBS_dim=40, frame_skip=1
[Fitness run Gen4Creature13] reward=1.78±0.07  dist=0.29±0.10  upright=0.90±0.30  → FITNESS=0.4727
URDF saved to being.urdf
Connecting to PyBullet, GUI: False
CreatureEnv Inicijalizacija: 12 motora. OBS_dim=40, frame_skip=1
[Fitness run Gen4Creature14] reward=1.78±0.07  dist=0.29±0.10  upright=0.90±0.30  → FITNESS=0.4727
URDF saved to being.urdf
Connecting to PyBullet, GUI: False
CreatureEnv Inicijalizacija: 12 motora. OBS_dim=40, frame_skip=1
[Fitness run Gen4Creature15] reward=1.65±0.01  dist=0.07±0.04  upright=0.00±0.00  → FITNESS=0.0193
URDF saved to being.urdf
Connecting to PyBullet, GUI: False
CreatureEnv Inicijalizacija: 12 motora. OBS_dim=40, frame_skip=1
[Fitness run Gen4Creature16] reward=1.46±0.03  dist=0.01±0.01  upright=0.01±0.03  → FITNESS=0.0233
URDF saved to being.urdf
Connecting to PyBullet, GUI: False
CreatureEnv Inicijalizacija: 12 motora. OBS_dim=40, frame_skip=1
[Fitness run Gen4Creature17] reward=1.65±0.07  dist=0.08±0.03  upright=0.05±0.15  → FITNESS=0.0453
URDF saved to being.urdf
Connecting to PyBullet, GUI: False
CreatureEnv Inicijalizacija: 12 motora. OBS_dim=40, frame_skip=1
[Fitness run Gen4Creature18] reward=1.45±0.10  dist=0.01±0.04  upright=0.00±0.01  → FITNESS=0.0201
URDF saved to being.urdf
Connecting to PyBullet, GUI: False
CreatureEnv Inicijalizacija: 12 motora. OBS_dim=40, frame_skip=1
[Fitness run Gen4Creature19] reward=1.51±0.01  dist=0.00±0.00  upright=0.01±0.04  → FITNESS=0.0248
URDF saved to being.urdf
Connecting to PyBullet, GUI: False
CreatureEnv Inicijalizacija: 12 motora. OBS_dim=40, frame_skip=1
[Fitness run Gen4Creature20] reward=213.46±423.84  dist=0.02±0.03  upright=0.62±0.29  → FITNESS=0.3476
URDF saved to being.urdf
Connecting to PyBullet, GUI: False
CreatureEnv Inicijalizacija: 12 motora. OBS_dim=40, frame_skip=1
[Fitness run Gen4Creature21] reward=1.76±0.02  dist=0.05±0.01  upright=0.00±0.00  → FITNESS=0.0190
URDF saved to being.urdf
Connecting to PyBullet, GUI: False
CreatureEnv Inicijalizacija: 12 motora. OBS_dim=40, frame_skip=1
[Fitness run Gen4Creature22] reward=1.85±0.00  dist=0.19±0.06  upright=1.00±0.00  → FITNESS=0.5212
URDF saved to being.urdf
Connecting to PyBullet, GUI: False
CreatureEnv Inicijalizacija: 12 motora. OBS_dim=40, frame_skip=1
[Fitness run Gen4Creature23] reward=1.62±0.00  dist=0.12±0.04  upright=0.01±0.02  → FITNESS=0.0234
URDF saved to being.urdf
Connecting to PyBullet, GUI: False
CreatureEnv Inicijalizacija: 12 motora. OBS_dim=40, frame_skip=1
[Fitness run Gen4Creature24] reward=1.56±0.07  dist=0.04±0.02  upright=0.01±0.04  → FITNESS=0.0253
URDF saved to being.urdf
Connecting to PyBullet, GUI: False
CreatureEnv Inicijalizacija: 12 motora. OBS_dim=40, frame_skip=1
[Fitness run Gen4Creature25] reward=1.64±0.01  dist=0.00±0.00  upright=0.00±0.00  → FITNESS=0.0183
URDF saved to being.urdf
Connecting to PyBullet, GUI: False
CreatureEnv Inicijalizacija: 12 motora. OBS_dim=40, frame_skip=1
[Fitness run Gen4Creature26] reward=1.54±0.11  dist=0.01±0.01  upright=0.06±0.19  → FITNESS=0.0508
URDF saved to being.urdf
Connecting to PyBullet, GUI: False
CreatureEnv Inicijalizacija: 12 motora. OBS_dim=40, frame_skip=1
[Fitness run Gen4Creature27] reward=1.66±0.03  dist=0.31±0.13  upright=0.03±0.00  → FITNESS=0.0391
URDF saved to being.urdf
Connecting to PyBullet, GUI: False
CreatureEnv Inicijalizacija: 12 motora. OBS_dim=40, frame_skip=1
[Fitness run Gen4Creature28] reward=1.45±0.08  dist=0.10±0.08  upright=0.00±0.00  → FITNESS=0.0198
URDF saved to being.urdf
Connecting to PyBullet, GUI: False
CreatureEnv Inicijalizacija: 12 motora. OBS_dim=40, frame_skip=1
[Fitness run Gen4Creature29] reward=983.27±327.38  dist=0.00±0.01  upright=0.90±0.30  → FITNESS=0.5576

==================================================
Generacija 4/20  |  Best = 0.6123  |  Mean = 0.2613  |  Std = 0.2327
==================================================
URDF saved to being.urdf
Connecting to PyBullet, GUI: False
CreatureEnv Inicijalizacija: 12 motora. OBS_dim=40, frame_skip=1
[Fitness run Gen4Creature2] reward=1.73±0.02  dist=0.00±0.00  upright=1.00±0.00  → FITNESS=0.5183
URDF saved to being.urdf
Connecting to PyBullet, GUI: False
CreatureEnv Inicijalizacija: 12 motora. OBS_dim=40, frame_skip=1
[Fitness run Gen4Creature3] reward=1.80±0.15  dist=0.00±0.00  upright=0.73±0.22  → FITNESS=0.3829
URDF saved to being.urdf
Connecting to PyBullet, GUI: False
CreatureEnv Inicijalizacija: 12 motora. OBS_dim=40, frame_skip=1
[Fitness run Gen4Creature4] reward=1.54±0.00  dist=0.00±0.00  upright=0.00±0.00  → FITNESS=0.0183
URDF saved to being.urdf
Connecting to PyBullet, GUI: False
CreatureEnv Inicijalizacija: 12 motora. OBS_dim=40, frame_skip=1
[Fitness run Gen4Creature5] reward=1.67±0.00  dist=0.15±0.10  upright=0.00±0.01  → FITNESS=0.0222
URDF saved to being.urdf
Connecting to PyBullet, GUI: False
CreatureEnv Inicijalizacija: 12 motora. OBS_dim=40, frame_skip=1
[Fitness run Gen4Creature6] reward=348.00±448.77  dist=0.09±0.05  upright=0.74±0.32  → FITNESS=0.4191
URDF saved to being.urdf
Connecting to PyBullet, GUI: False
CreatureEnv Inicijalizacija: 12 motora. OBS_dim=40, frame_skip=1
[Fitness run Gen4Creature7] reward=1.96±0.29  dist=0.00±0.00  upright=0.94±0.19  → FITNESS=0.4861
URDF saved to being.urdf
Connecting to PyBullet, GUI: False
CreatureEnv Inicijalizacija: 12 motora. OBS_dim=40, frame_skip=1
[Fitness run Gen4Creature8] reward=1.39±0.00  dist=0.04±0.12  upright=0.83±0.04  → FITNESS=0.4334
URDF saved to being.urdf
Connecting to PyBullet, GUI: False
CreatureEnv Inicijalizacija: 12 motora. OBS_dim=40, frame_skip=1
[Fitness run Gen4Creature9] reward=981.53±326.67  dist=0.00±0.01  upright=0.91±0.27  → FITNESS=0.5623
URDF saved to being.urdf
Connecting to PyBullet, GUI: False
CreatureEnv Inicijalizacija: 12 motora. OBS_dim=40, frame_skip=1
[Fitness run Gen4Creature10] reward=314.27±478.28  dist=0.12±0.10  upright=0.71±0.27  → FITNESS=0.4034
URDF saved to being.urdf
Connecting to PyBullet, GUI: False
CreatureEnv Inicijalizacija: 12 motora. OBS_dim=40, frame_skip=1
[Fitness run Gen4Creature12] reward=1.48±0.05  dist=0.21±0.07  upright=0.33±0.01  → FITNESS=0.1844
URDF saved to being.urdf
Connecting to PyBullet, GUI: False
CreatureEnv Inicijalizacija: 12 motora. OBS_dim=40, frame_skip=1
[Fitness run Gen4Creature13] reward=1.78±0.07  dist=0.29±0.10  upright=0.90±0.30  → FITNESS=0.4727
URDF saved to being.urdf
Connecting to PyBullet, GUI: False
CreatureEnv Inicijalizacija: 12 motora. OBS_dim=40, frame_skip=1
[Fitness run Gen4Creature14] reward=0.76±0.06  dist=0.16±0.09  upright=0.53±0.04  → FITNESS=0.2868
URDF saved to being.urdf
Connecting to PyBullet, GUI: False
CreatureEnv Inicijalizacija: 12 motora. OBS_dim=40, frame_skip=1
[Fitness run Gen4Creature15] reward=1.65±0.01  dist=0.07±0.04  upright=0.00±0.00  → FITNESS=0.0193
URDF saved to being.urdf
Connecting to PyBullet, GUI: False
CreatureEnv Inicijalizacija: 12 motora. OBS_dim=40, frame_skip=1
[Fitness run Gen4Creature16] reward=1.46±0.03  dist=0.01±0.01  upright=0.01±0.03  → FITNESS=0.0233
URDF saved to being.urdf
Connecting to PyBullet, GUI: False
CreatureEnv Inicijalizacija: 12 motora. OBS_dim=40, frame_skip=1
[Fitness run Gen4Creature17] reward=1.65±0.07  dist=0.08±0.03  upright=0.05±0.15  → FITNESS=0.0453
URDF saved to being.urdf
Connecting to PyBullet, GUI: False
CreatureEnv Inicijalizacija: 12 motora. OBS_dim=40, frame_skip=1
[Fitness run Gen4Creature18] reward=1.45±0.10  dist=0.01±0.04  upright=0.00±0.01  → FITNESS=0.0201
URDF saved to being.urdf
Connecting to PyBullet, GUI: False
CreatureEnv Inicijalizacija: 12 motora. OBS_dim=40, frame_skip=1
[Fitness run Gen4Creature19] reward=1.51±0.01  dist=0.00±0.00  upright=0.01±0.04  → FITNESS=0.0248
URDF saved to being.urdf
Connecting to PyBullet, GUI: False
CreatureEnv Inicijalizacija: 12 motora. OBS_dim=40, frame_skip=1
[Fitness run Gen4Creature20] reward=213.46±423.84  dist=0.02±0.03  upright=0.62±0.29  → FITNESS=0.3476
URDF saved to being.urdf
Connecting to PyBullet, GUI: False
CreatureEnv Inicijalizacija: 12 motora. OBS_dim=40, frame_skip=1
[Fitness run Gen4Creature21] reward=1.76±0.02  dist=0.05±0.01  upright=0.00±0.00  → FITNESS=0.0190
URDF saved to being.urdf
Connecting to PyBullet, GUI: False
CreatureEnv Inicijalizacija: 12 motora. OBS_dim=40, frame_skip=1
[Fitness run Gen4Creature22] reward=1.85±0.00  dist=0.19±0.06  upright=1.00±0.00  → FITNESS=0.5212
URDF saved to being.urdf
Connecting to PyBullet, GUI: False
CreatureEnv Inicijalizacija: 12 motora. OBS_dim=40, frame_skip=1
[Fitness run Gen4Creature23] reward=1.62±0.00  dist=0.12±0.04  upright=0.01±0.02  → FITNESS=0.0234
URDF saved to being.urdf
Connecting to PyBullet, GUI: False
CreatureEnv Inicijalizacija: 12 motora. OBS_dim=40, frame_skip=1
[Fitness run Gen4Creature24] reward=1.56±0.07  dist=0.04±0.02  upright=0.01±0.04  → FITNESS=0.0253
URDF saved to being.urdf
Connecting to PyBullet, GUI: False
CreatureEnv Inicijalizacija: 12 motora. OBS_dim=40, frame_skip=1
[Fitness run Gen4Creature25] reward=1.64±0.01  dist=0.00±0.00  upright=0.00±0.00  → FITNESS=0.0183
URDF saved to being.urdf
Connecting to PyBullet, GUI: False
CreatureEnv Inicijalizacija: 12 motora. OBS_dim=40, frame_skip=1
[Fitness run Gen4Creature26] reward=1.54±0.11  dist=0.01±0.01  upright=0.06±0.19  → FITNESS=0.0508
URDF saved to being.urdf
Connecting to PyBullet, GUI: False
CreatureEnv Inicijalizacija: 12 motora. OBS_dim=40, frame_skip=1
[Fitness run Gen4Creature27] reward=1.66±0.03  dist=0.31±0.13  upright=0.03±0.00  → FITNESS=0.0391
URDF saved to being.urdf
Connecting to PyBullet, GUI: False
CreatureEnv Inicijalizacija: 12 motora. OBS_dim=40, frame_skip=1
[Fitness run Gen4Creature28] reward=1.45±0.08  dist=0.10±0.08  upright=0.00±0.00  → FITNESS=0.0198
URDF saved to being.urdf
Connecting to PyBullet, GUI: False
CreatureEnv Inicijalizacija: 12 motora. OBS_dim=40, frame_skip=1
[Fitness run Gen4Creature29] reward=983.27±327.38  dist=0.00±0.01  upright=0.90±0.30  → FITNESS=0.5576
Genome saved to results\uprightBased500Steps1Seed\run_3\run_3_best_creature.json
[plot] Saved → ./results\uprightBased500Steps1Seed\run_3\run_3_summary.png
URDF saved to being.urdf
Connecting to PyBullet, GUI: False
CreatureEnv Inicijalizacija: 12 motora. OBS_dim=40, frame_skip=1
[Fitness run Gen5Creature3] reward=1.92±0.15  dist=0.00±0.00  upright=0.91±0.28  → FITNESS=0.4716
URDF saved to being.urdf
Connecting to PyBullet, GUI: False
CreatureEnv Inicijalizacija: 12 motora. OBS_dim=40, frame_skip=1
[Fitness run Gen5Creature4] reward=108.79±321.31  dist=0.00±0.00  upright=0.55±0.23  → FITNESS=0.3039
URDF saved to being.urdf
Connecting to PyBullet, GUI: False
CreatureEnv Inicijalizacija: 12 motora. OBS_dim=40, frame_skip=1
[Fitness run Gen5Creature5] reward=1.71±0.06  dist=0.08±0.08  upright=0.90±0.30  → FITNESS=0.4696
URDF saved to being.urdf
Connecting to PyBullet, GUI: False
CreatureEnv Inicijalizacija: 12 motora. OBS_dim=40, frame_skip=1
[Fitness run Gen5Creature6] reward=1025.30±0.01  dist=0.03±0.01  upright=1.00±0.00  → FITNESS=0.6119
URDF saved to being.urdf
Connecting to PyBullet, GUI: False
CreatureEnv Inicijalizacija: 12 motora. OBS_dim=40, frame_skip=1
[Fitness run Gen5Creature7] reward=1.65±0.07  dist=0.00±0.00  upright=0.35±0.33  → FITNESS=0.1925
URDF saved to being.urdf
Connecting to PyBullet, GUI: False
CreatureEnv Inicijalizacija: 12 motora. OBS_dim=40, frame_skip=1
[Fitness run Gen5Creature8] reward=1.59±0.07  dist=0.00±0.00  upright=0.18±0.05  → FITNESS=0.1103
URDF saved to being.urdf
Connecting to PyBullet, GUI: False
CreatureEnv Inicijalizacija: 12 motora. OBS_dim=40, frame_skip=1
[Fitness run Gen5Creature9] reward=2.03±0.18  dist=0.00±0.00  upright=0.90±0.30  → FITNESS=0.4684
URDF saved to being.urdf
Connecting to PyBullet, GUI: False
CreatureEnv Inicijalizacija: 12 motora. OBS_dim=40, frame_skip=1
[Fitness run Gen5Creature10] reward=1.51±0.21  dist=0.07±0.04  upright=0.25±0.28  → FITNESS=0.1468
URDF saved to being.urdf
Connecting to PyBullet, GUI: False
CreatureEnv Inicijalizacija: 12 motora. OBS_dim=40, frame_skip=1
[Fitness run Gen5Creature11] reward=1.48±0.10  dist=0.25±0.05  upright=0.04±0.01  → FITNESS=0.0414
URDF saved to being.urdf
Connecting to PyBullet, GUI: False
CreatureEnv Inicijalizacija: 12 motora. OBS_dim=40, frame_skip=1
[Fitness run Gen5Creature12] reward=1.48±0.05  dist=0.21±0.07  upright=0.33±0.01  → FITNESS=0.1844
URDF saved to being.urdf
Connecting to PyBullet, GUI: False
CreatureEnv Inicijalizacija: 12 motora. OBS_dim=40, frame_skip=1
[Fitness run Gen5Creature13] reward=1.56±0.02  dist=0.12±0.04  upright=0.00±0.00  → FITNESS=0.0202
URDF saved to being.urdf
Connecting to PyBullet, GUI: False
CreatureEnv Inicijalizacija: 12 motora. OBS_dim=40, frame_skip=1
[Fitness run Gen5Creature14] reward=1.38±0.17  dist=0.00±0.00  upright=0.05±0.04  → FITNESS=0.0425
URDF saved to being.urdf
Connecting to PyBullet, GUI: False
CreatureEnv Inicijalizacija: 12 motora. OBS_dim=40, frame_skip=1
[Fitness run Gen5Creature15] reward=1.81±0.09  dist=0.15±0.05  upright=0.90±0.30  → FITNESS=0.4705
URDF saved to being.urdf
Connecting to PyBullet, GUI: False
CreatureEnv Inicijalizacija: 12 motora. OBS_dim=40, frame_skip=1
[Fitness run Gen5Creature16] reward=1.37±0.06  dist=0.00±0.00  upright=0.03±0.08  → FITNESS=0.0312
URDF saved to being.urdf
Connecting to PyBullet, GUI: False
CreatureEnv Inicijalizacija: 12 motora. OBS_dim=40, frame_skip=1
[Fitness run Gen5Creature17] reward=1.54±0.05  dist=0.00±0.00  upright=0.56±0.15  → FITNESS=0.3006
URDF saved to being.urdf
Connecting to PyBullet, GUI: False
CreatureEnv Inicijalizacija: 12 motora. OBS_dim=40, frame_skip=1
[Fitness run Gen5Creature18] reward=1.56±0.02  dist=0.20±0.07  upright=0.25±0.03  → FITNESS=0.1456
URDF saved to being.urdf
Connecting to PyBullet, GUI: False
CreatureEnv Inicijalizacija: 12 motora. OBS_dim=40, frame_skip=1
[Fitness run Gen5Creature19] reward=112.22±332.10  dist=0.00±0.00  upright=0.14±0.29  → FITNESS=0.0977
URDF saved to being.urdf
Connecting to PyBullet, GUI: False
CreatureEnv Inicijalizacija: 12 motora. OBS_dim=40, frame_skip=1
[Fitness run Gen5Creature20] reward=2.06±0.00  dist=0.00±0.00  upright=1.00±0.00  → FITNESS=0.5184
URDF saved to being.urdf
Connecting to PyBullet, GUI: False
CreatureEnv Inicijalizacija: 12 motora. OBS_dim=40, frame_skip=1
[Fitness run Gen5Creature21] reward=1.75±0.01  dist=0.00±0.00  upright=0.00±0.00  → FITNESS=0.0183
URDF saved to being.urdf
Connecting to PyBullet, GUI: False
CreatureEnv Inicijalizacija: 12 motora. OBS_dim=40, frame_skip=1
[Fitness run Gen5Creature23] reward=2.09±0.03  dist=0.00±0.00  upright=1.00±0.00  → FITNESS=0.5184
URDF saved to being.urdf
Connecting to PyBullet, GUI: False
CreatureEnv Inicijalizacija: 12 motora. OBS_dim=40, frame_skip=1
[Fitness run Gen5Creature24] reward=1.64±0.08  dist=0.02±0.05  upright=0.17±0.08  → FITNESS=0.1041
URDF saved to being.urdf
Connecting to PyBullet, GUI: False
CreatureEnv Inicijalizacija: 12 motora. OBS_dim=40, frame_skip=1
[Fitness run Gen5Creature25] reward=1.69±0.06  dist=0.17±0.06  upright=0.70±0.23  → FITNESS=0.3693
URDF saved to being.urdf
Connecting to PyBullet, GUI: False
CreatureEnv Inicijalizacija: 12 motora. OBS_dim=40, frame_skip=1
[Fitness run Gen5Creature26] reward=1.51±0.03  dist=0.04±0.01  upright=0.03±0.10  → FITNESS=0.0350
URDF saved to being.urdf
Connecting to PyBullet, GUI: False
CreatureEnv Inicijalizacija: 12 motora. OBS_dim=40, frame_skip=1
[Fitness run Gen5Creature27] reward=1.56±0.00  dist=0.01±0.03  upright=0.00±0.00  → FITNESS=0.0185
URDF saved to being.urdf
Connecting to PyBullet, GUI: False
CreatureEnv Inicijalizacija: 12 motora. OBS_dim=40, frame_skip=1
[Fitness run Gen5Creature28] reward=1.78±0.00  dist=0.00±0.00  upright=1.00±0.00  → FITNESS=0.5184
URDF saved to being.urdf
Connecting to PyBullet, GUI: False
CreatureEnv Inicijalizacija: 12 motora. OBS_dim=40, frame_skip=1
[Fitness run Gen5Creature29] reward=1.96±0.15  dist=0.00±0.00  upright=0.90±0.30  → FITNESS=0.4684

==================================================
Generacija 5/20  |  Best = 0.6123  |  Mean = 0.2980  |  Std = 0.2145
==================================================
URDF saved to being.urdf
Connecting to PyBullet, GUI: False
CreatureEnv Inicijalizacija: 12 motora. OBS_dim=40, frame_skip=1
[Fitness run Gen5Creature3] reward=1.92±0.15  dist=0.00±0.00  upright=0.91±0.28  → FITNESS=0.4716
URDF saved to being.urdf
Connecting to PyBullet, GUI: False
CreatureEnv Inicijalizacija: 12 motora. OBS_dim=40, frame_skip=1
[Fitness run Gen5Creature4] reward=108.79±321.31  dist=0.00±0.00  upright=0.55±0.23  → FITNESS=0.3039
URDF saved to being.urdf
Connecting to PyBullet, GUI: False
CreatureEnv Inicijalizacija: 12 motora. OBS_dim=40, frame_skip=1
[Fitness run Gen5Creature5] reward=1.71±0.06  dist=0.08±0.08  upright=0.90±0.30  → FITNESS=0.4696
URDF saved to being.urdf
Connecting to PyBullet, GUI: False
CreatureEnv Inicijalizacija: 12 motora. OBS_dim=40, frame_skip=1
[Fitness run Gen5Creature6] reward=1025.30±0.01  dist=0.03±0.01  upright=1.00±0.00  → FITNESS=0.6119
URDF saved to being.urdf
Connecting to PyBullet, GUI: False
CreatureEnv Inicijalizacija: 12 motora. OBS_dim=40, frame_skip=1
[Fitness run Gen5Creature7] reward=1.65±0.07  dist=0.00±0.00  upright=0.35±0.33  → FITNESS=0.1925
URDF saved to being.urdf
Connecting to PyBullet, GUI: False
CreatureEnv Inicijalizacija: 12 motora. OBS_dim=40, frame_skip=1
[Fitness run Gen5Creature8] reward=1.59±0.07  dist=0.00±0.00  upright=0.18±0.05  → FITNESS=0.1103
URDF saved to being.urdf
Connecting to PyBullet, GUI: False
CreatureEnv Inicijalizacija: 12 motora. OBS_dim=40, frame_skip=1
[Fitness run Gen5Creature9] reward=2.03±0.18  dist=0.00±0.00  upright=0.90±0.30  → FITNESS=0.4684
URDF saved to being.urdf
Connecting to PyBullet, GUI: False
CreatureEnv Inicijalizacija: 12 motora. OBS_dim=40, frame_skip=1
[Fitness run Gen5Creature10] reward=938.42±312.37  dist=0.00±0.01  upright=0.90±0.30  → FITNESS=0.5536
URDF saved to being.urdf
Connecting to PyBullet, GUI: False
CreatureEnv Inicijalizacija: 12 motora. OBS_dim=40, frame_skip=1
[Fitness run Gen5Creature11] reward=1.48±0.10  dist=0.25±0.05  upright=0.04±0.01  → FITNESS=0.0414
URDF saved to being.urdf
Connecting to PyBullet, GUI: False
CreatureEnv Inicijalizacija: 12 motora. OBS_dim=40, frame_skip=1
[Fitness run Gen5Creature12] reward=1.48±0.05  dist=0.21±0.07  upright=0.33±0.01  → FITNESS=0.1844
URDF saved to being.urdf
Connecting to PyBullet, GUI: False
CreatureEnv Inicijalizacija: 12 motora. OBS_dim=40, frame_skip=1
[Fitness run Gen5Creature13] reward=1.56±0.02  dist=0.12±0.04  upright=0.00±0.00  → FITNESS=0.0202
URDF saved to being.urdf
Connecting to PyBullet, GUI: False
CreatureEnv Inicijalizacija: 12 motora. OBS_dim=40, frame_skip=1
[Fitness run Gen5Creature14] reward=1.38±0.17  dist=0.00±0.00  upright=0.05±0.04  → FITNESS=0.0425
URDF saved to being.urdf
Connecting to PyBullet, GUI: False
CreatureEnv Inicijalizacija: 12 motora. OBS_dim=40, frame_skip=1
[Fitness run Gen5Creature15] reward=1.81±0.09  dist=0.15±0.05  upright=0.90±0.30  → FITNESS=0.4705
URDF saved to being.urdf
Connecting to PyBullet, GUI: False
CreatureEnv Inicijalizacija: 12 motora. OBS_dim=40, frame_skip=1
[Fitness run Gen5Creature16] reward=1.37±0.06  dist=0.00±0.00  upright=0.03±0.08  → FITNESS=0.0312
URDF saved to being.urdf
Connecting to PyBullet, GUI: False
CreatureEnv Inicijalizacija: 12 motora. OBS_dim=40, frame_skip=1
[Fitness run Gen5Creature17] reward=1.54±0.05  dist=0.00±0.00  upright=0.56±0.15  → FITNESS=0.3006
URDF saved to being.urdf
Connecting to PyBullet, GUI: False
CreatureEnv Inicijalizacija: 12 motora. OBS_dim=40, frame_skip=1
[Fitness run Gen5Creature18] reward=1.56±0.02  dist=0.20±0.07  upright=0.25±0.03  → FITNESS=0.1456
URDF saved to being.urdf
Connecting to PyBullet, GUI: False
CreatureEnv Inicijalizacija: 12 motora. OBS_dim=40, frame_skip=1
[Fitness run Gen5Creature19] reward=112.22±332.10  dist=0.00±0.00  upright=0.14±0.29  → FITNESS=0.0977
URDF saved to being.urdf
Connecting to PyBullet, GUI: False
CreatureEnv Inicijalizacija: 12 motora. OBS_dim=40, frame_skip=1
[Fitness run Gen5Creature20] reward=2.06±0.00  dist=0.00±0.00  upright=1.00±0.00  → FITNESS=0.5184
URDF saved to being.urdf
Connecting to PyBullet, GUI: False
CreatureEnv Inicijalizacija: 12 motora. OBS_dim=40, frame_skip=1
[Fitness run Gen5Creature21] reward=1.75±0.01  dist=0.00±0.00  upright=0.00±0.00  → FITNESS=0.0183
URDF saved to being.urdf
Connecting to PyBullet, GUI: False
CreatureEnv Inicijalizacija: 12 motora. OBS_dim=40, frame_skip=1
[Fitness run Gen5Creature23] reward=2.09±0.03  dist=0.00±0.00  upright=1.00±0.00  → FITNESS=0.5184
URDF saved to being.urdf
Connecting to PyBullet, GUI: False
CreatureEnv Inicijalizacija: 12 motora. OBS_dim=40, frame_skip=1
[Fitness run Gen5Creature24] reward=1.64±0.08  dist=0.02±0.05  upright=0.17±0.08  → FITNESS=0.1041
URDF saved to being.urdf
Connecting to PyBullet, GUI: False
CreatureEnv Inicijalizacija: 12 motora. OBS_dim=40, frame_skip=1
[Fitness run Gen5Creature25] reward=1.69±0.06  dist=0.17±0.06  upright=0.70±0.23  → FITNESS=0.3693
URDF saved to being.urdf
Connecting to PyBullet, GUI: False
CreatureEnv Inicijalizacija: 12 motora. OBS_dim=40, frame_skip=1
[Fitness run Gen5Creature26] reward=1.51±0.03  dist=0.04±0.01  upright=0.03±0.10  → FITNESS=0.0350
URDF saved to being.urdf
Connecting to PyBullet, GUI: False
CreatureEnv Inicijalizacija: 12 motora. OBS_dim=40, frame_skip=1
[Fitness run Gen5Creature27] reward=1.56±0.00  dist=0.01±0.03  upright=0.00±0.00  → FITNESS=0.0185
URDF saved to being.urdf
Connecting to PyBullet, GUI: False
CreatureEnv Inicijalizacija: 12 motora. OBS_dim=40, frame_skip=1
[Fitness run Gen5Creature28] reward=1.78±0.00  dist=0.00±0.00  upright=1.00±0.00  → FITNESS=0.5184
URDF saved to being.urdf
Connecting to PyBullet, GUI: False
CreatureEnv Inicijalizacija: 12 motora. OBS_dim=40, frame_skip=1
[Fitness run Gen5Creature29] reward=1.96±0.15  dist=0.00±0.00  upright=0.90±0.30  → FITNESS=0.4684
Genome saved to results\uprightBased500Steps1Seed\run_3\run_3_best_creature.json
[plot] Saved → ./results\uprightBased500Steps1Seed\run_3\run_3_summary.png
URDF saved to being.urdf
Connecting to PyBullet, GUI: False
CreatureEnv Inicijalizacija: 12 motora. OBS_dim=40, frame_skip=1
[Fitness run Gen6Creature2] reward=1.98±0.21  dist=0.00±0.00  upright=0.94±0.17  → FITNESS=0.4893
URDF saved to being.urdf
Connecting to PyBullet, GUI: False
CreatureEnv Inicijalizacija: 12 motora. OBS_dim=40, frame_skip=1
[Fitness run Gen6Creature3] reward=874.49±291.01  dist=0.03±0.02  upright=0.91±0.27  → FITNESS=0.5529
URDF saved to being.urdf
Connecting to PyBullet, GUI: False
CreatureEnv Inicijalizacija: 12 motora. OBS_dim=40, frame_skip=1
[Fitness run Gen6Creature4] reward=106.42±316.28  dist=0.00±0.00  upright=0.71±0.13  → FITNESS=0.3811
URDF saved to being.urdf
Connecting to PyBullet, GUI: False
CreatureEnv Inicijalizacija: 12 motora. OBS_dim=40, frame_skip=1
[Fitness run Gen6Creature5] reward=1.79±0.03  dist=0.00±0.00  upright=1.00±0.00  → FITNESS=0.5183
URDF saved to being.urdf
Connecting to PyBullet, GUI: False
CreatureEnv Inicijalizacija: 12 motora. OBS_dim=40, frame_skip=1
[Fitness run Gen6Creature6] reward=1.53±0.10  dist=0.00±0.00  upright=0.03±0.09  → FITNESS=0.0328
URDF saved to being.urdf
Connecting to PyBullet, GUI: False
CreatureEnv Inicijalizacija: 12 motora. OBS_dim=40, frame_skip=1
[Fitness run Gen6Creature7] reward=1.65±0.07  dist=0.00±0.00  upright=0.35±0.33  → FITNESS=0.1925
URDF saved to being.urdf
Connecting to PyBullet, GUI: False
CreatureEnv Inicijalizacija: 12 motora. OBS_dim=40, frame_skip=1
[Fitness run Gen6Creature8] reward=1.38±0.08  dist=0.00±0.00  upright=0.12±0.04  → FITNESS=0.0764
URDF saved to being.urdf
Connecting to PyBullet, GUI: False
CreatureEnv Inicijalizacija: 12 motora. OBS_dim=40, frame_skip=1
[Fitness run Gen6Creature9] reward=2.00±0.20  dist=0.00±0.00  upright=0.90±0.30  → FITNESS=0.4684
URDF saved to being.urdf
Connecting to PyBullet, GUI: False
CreatureEnv Inicijalizacija: 12 motora. OBS_dim=40, frame_skip=1
[Fitness run Gen6Creature10] reward=938.42±312.37  dist=0.00±0.01  upright=0.90±0.30  → FITNESS=0.5536
URDF saved to being.urdf
Connecting to PyBullet, GUI: False
CreatureEnv Inicijalizacija: 12 motora. OBS_dim=40, frame_skip=1
[Fitness run Gen6Creature11] reward=0.39±0.08  dist=0.02±0.01  upright=0.03±0.01  → FITNESS=0.0330
URDF saved to being.urdf
Connecting to PyBullet, GUI: False
CreatureEnv Inicijalizacija: 12 motora. OBS_dim=40, frame_skip=1
[Fitness run Gen6Creature12] reward=0.99±0.23  dist=0.00±0.00  upright=0.40±0.03  → FITNESS=0.2199
URDF saved to being.urdf
Connecting to PyBullet, GUI: False
CreatureEnv Inicijalizacija: 12 motora. OBS_dim=40, frame_skip=1
[Fitness run Gen6Creature13] reward=1.45±0.05  dist=0.00±0.00  upright=0.01±0.03  → FITNESS=0.0232
URDF saved to being.urdf
Connecting to PyBullet, GUI: False
CreatureEnv Inicijalizacija: 12 motora. OBS_dim=40, frame_skip=1
[Fitness run Gen6Creature14] reward=1.72±0.06  dist=0.01±0.01  upright=0.05±0.14  → FITNESS=0.0410
URDF saved to being.urdf
Connecting to PyBullet, GUI: False
CreatureEnv Inicijalizacija: 12 motora. OBS_dim=40, frame_skip=1
[Fitness run Gen6Creature15] reward=1.69±0.00  dist=0.01±0.00  upright=1.00±0.00  → FITNESS=0.5186
URDF saved to being.urdf
Connecting to PyBullet, GUI: False
CreatureEnv Inicijalizacija: 12 motora. OBS_dim=40, frame_skip=1
[Fitness run Gen6Creature16] reward=1.54±0.06  dist=0.00±0.00  upright=0.02±0.06  → FITNESS=0.0280
URDF saved to being.urdf
Connecting to PyBullet, GUI: False
CreatureEnv Inicijalizacija: 12 motora. OBS_dim=40, frame_skip=1
[Fitness run Gen6Creature17] reward=1.54±0.05  dist=0.00±0.00  upright=0.56±0.15  → FITNESS=0.3006
URDF saved to being.urdf
Connecting to PyBullet, GUI: False
CreatureEnv Inicijalizacija: 12 motora. OBS_dim=40, frame_skip=1
[Fitness run Gen6Creature19] reward=967.38±317.50  dist=0.02±0.01  upright=1.00±0.01  → FITNESS=0.6051
URDF saved to being.urdf
Connecting to PyBullet, GUI: False
CreatureEnv Inicijalizacija: 12 motora. OBS_dim=40, frame_skip=1
[Fitness run Gen6Creature21] reward=1.17±0.38  dist=0.01±0.02  upright=0.51±0.20  → FITNESS=0.2717
URDF saved to being.urdf
Connecting to PyBullet, GUI: False
CreatureEnv Inicijalizacija: 12 motora. OBS_dim=40, frame_skip=1
[Fitness run Gen6Creature22] reward=1052.60±0.01  dist=0.01±0.00  upright=1.00±0.00  → FITNESS=0.6140
URDF saved to being.urdf
Connecting to PyBullet, GUI: False
CreatureEnv Inicijalizacija: 12 motora. OBS_dim=40, frame_skip=1
[Fitness run Gen6Creature23] reward=1027.39±0.02  dist=0.05±0.02  upright=1.00±0.00  → FITNESS=0.6123
URDF saved to being.urdf
Connecting to PyBullet, GUI: False
CreatureEnv Inicijalizacija: 12 motora. OBS_dim=40, frame_skip=1
[Fitness run Gen6Creature24] reward=1.98±0.18  dist=0.02±0.06  upright=0.90±0.30  → FITNESS=0.4687
URDF saved to being.urdf
Connecting to PyBullet, GUI: False
CreatureEnv Inicijalizacija: 12 motora. OBS_dim=40, frame_skip=1
[Fitness run Gen6Creature25] reward=1.68±0.05  dist=0.00±0.00  upright=0.90±0.30  → FITNESS=0.4683
URDF saved to being.urdf
Connecting to PyBullet, GUI: False
CreatureEnv Inicijalizacija: 12 motora. OBS_dim=40, frame_skip=1
[Fitness run Gen6Creature26] reward=1.61±0.11  dist=0.18±0.09  upright=0.94±0.11  → FITNESS=0.4903
URDF saved to being.urdf
Connecting to PyBullet, GUI: False
CreatureEnv Inicijalizacija: 12 motora. OBS_dim=40, frame_skip=1
[Fitness run Gen6Creature27] reward=1.73±0.13  dist=0.09±0.14  upright=0.00±0.00  → FITNESS=0.0196
URDF saved to being.urdf
Connecting to PyBullet, GUI: False
CreatureEnv Inicijalizacija: 12 motora. OBS_dim=40, frame_skip=1
[Fitness run Gen6Creature28] reward=1.76±0.00  dist=0.00±0.00  upright=1.00±0.00  → FITNESS=0.5183
URDF saved to being.urdf
Connecting to PyBullet, GUI: False
CreatureEnv Inicijalizacija: 12 motora. OBS_dim=40, frame_skip=1
[Fitness run Gen6Creature29] reward=1.53±0.23  dist=0.08±0.05  upright=0.16±0.26  → FITNESS=0.1018

==================================================
Generacija 6/20  |  Best = 0.6140  |  Mean = 0.3496  |  Std = 0.2209
==================================================
URDF saved to being.urdf
Connecting to PyBullet, GUI: False
CreatureEnv Inicijalizacija: 12 motora. OBS_dim=40, frame_skip=1
[Fitness run Gen6Creature2] reward=1.98±0.21  dist=0.00±0.00  upright=0.94±0.17  → FITNESS=0.4893
URDF saved to being.urdf
Connecting to PyBullet, GUI: False
CreatureEnv Inicijalizacija: 12 motora. OBS_dim=40, frame_skip=1
[Fitness run Gen6Creature3] reward=874.49±291.01  dist=0.03±0.02  upright=0.91±0.27  → FITNESS=0.5529
URDF saved to being.urdf
Connecting to PyBullet, GUI: False
CreatureEnv Inicijalizacija: 12 motora. OBS_dim=40, frame_skip=1
[Fitness run Gen6Creature4] reward=106.42±316.28  dist=0.00±0.00  upright=0.71±0.13  → FITNESS=0.3811
URDF saved to being.urdf
Connecting to PyBullet, GUI: False
CreatureEnv Inicijalizacija: 12 motora. OBS_dim=40, frame_skip=1
[Fitness run Gen6Creature5] reward=1.79±0.03  dist=0.00±0.00  upright=1.00±0.00  → FITNESS=0.5183
URDF saved to being.urdf
Connecting to PyBullet, GUI: False
CreatureEnv Inicijalizacija: 12 motora. OBS_dim=40, frame_skip=1
[Fitness run Gen6Creature6] reward=1.53±0.10  dist=0.00±0.00  upright=0.03±0.09  → FITNESS=0.0328
URDF saved to being.urdf
Connecting to PyBullet, GUI: False
CreatureEnv Inicijalizacija: 12 motora. OBS_dim=40, frame_skip=1
[Fitness run Gen6Creature7] reward=1.65±0.07  dist=0.00±0.00  upright=0.35±0.33  → FITNESS=0.1925
URDF saved to being.urdf
Connecting to PyBullet, GUI: False
CreatureEnv Inicijalizacija: 12 motora. OBS_dim=40, frame_skip=1
[Fitness run Gen6Creature8] reward=1.38±0.08  dist=0.00±0.00  upright=0.12±0.04  → FITNESS=0.0764
URDF saved to being.urdf
Connecting to PyBullet, GUI: False
CreatureEnv Inicijalizacija: 12 motora. OBS_dim=40, frame_skip=1
[Fitness run Gen6Creature9] reward=2.00±0.20  dist=0.00±0.00  upright=0.90±0.30  → FITNESS=0.4684
URDF saved to being.urdf
Connecting to PyBullet, GUI: False
CreatureEnv Inicijalizacija: 12 motora. OBS_dim=40, frame_skip=1
[Fitness run Gen6Creature10] reward=938.42±312.37  dist=0.00±0.01  upright=0.90±0.30  → FITNESS=0.5536
URDF saved to being.urdf
Connecting to PyBullet, GUI: False
CreatureEnv Inicijalizacija: 12 motora. OBS_dim=40, frame_skip=1
[Fitness run Gen6Creature11] reward=0.39±0.08  dist=0.02±0.01  upright=0.03±0.01  → FITNESS=0.0330
URDF saved to being.urdf
Connecting to PyBullet, GUI: False
CreatureEnv Inicijalizacija: 12 motora. OBS_dim=40, frame_skip=1
[Fitness run Gen6Creature12] reward=0.99±0.23  dist=0.00±0.00  upright=0.40±0.03  → FITNESS=0.2199
URDF saved to being.urdf
Connecting to PyBullet, GUI: False
CreatureEnv Inicijalizacija: 12 motora. OBS_dim=40, frame_skip=1
[Fitness run Gen6Creature13] reward=1.45±0.05  dist=0.00±0.00  upright=0.01±0.03  → FITNESS=0.0232
URDF saved to being.urdf
Connecting to PyBullet, GUI: False
CreatureEnv Inicijalizacija: 12 motora. OBS_dim=40, frame_skip=1
[Fitness run Gen6Creature14] reward=1.72±0.06  dist=0.01±0.01  upright=0.05±0.14  → FITNESS=0.0410
URDF saved to being.urdf
Connecting to PyBullet, GUI: False
CreatureEnv Inicijalizacija: 12 motora. OBS_dim=40, frame_skip=1
[Fitness run Gen6Creature15] reward=1.69±0.00  dist=0.01±0.00  upright=1.00±0.00  → FITNESS=0.5186
URDF saved to being.urdf
Connecting to PyBullet, GUI: False
CreatureEnv Inicijalizacija: 12 motora. OBS_dim=40, frame_skip=1
[Fitness run Gen6Creature16] reward=1.54±0.06  dist=0.00±0.00  upright=0.02±0.06  → FITNESS=0.0280
URDF saved to being.urdf
Connecting to PyBullet, GUI: False
CreatureEnv Inicijalizacija: 12 motora. OBS_dim=40, frame_skip=1
[Fitness run Gen6Creature17] reward=1.54±0.05  dist=0.00±0.00  upright=0.56±0.15  → FITNESS=0.3006
URDF saved to being.urdf
Connecting to PyBullet, GUI: False
CreatureEnv Inicijalizacija: 12 motora. OBS_dim=40, frame_skip=1
[Fitness run Gen6Creature19] reward=967.38±317.50  dist=0.02±0.01  upright=1.00±0.01  → FITNESS=0.6051
URDF saved to being.urdf
Connecting to PyBullet, GUI: False
CreatureEnv Inicijalizacija: 12 motora. OBS_dim=40, frame_skip=1
[Fitness run Gen6Creature21] reward=1.17±0.38  dist=0.01±0.02  upright=0.51±0.20  → FITNESS=0.2717
URDF saved to being.urdf
Connecting to PyBullet, GUI: False
CreatureEnv Inicijalizacija: 12 motora. OBS_dim=40, frame_skip=1
[Fitness run Gen6Creature22] reward=1052.60±0.01  dist=0.01±0.00  upright=1.00±0.00  → FITNESS=0.6140
URDF saved to being.urdf
Connecting to PyBullet, GUI: False
CreatureEnv Inicijalizacija: 12 motora. OBS_dim=40, frame_skip=1
[Fitness run Gen6Creature23] reward=1027.39±0.02  dist=0.05±0.02  upright=1.00±0.00  → FITNESS=0.6123
URDF saved to being.urdf
Connecting to PyBullet, GUI: False
CreatureEnv Inicijalizacija: 12 motora. OBS_dim=40, frame_skip=1
[Fitness run Gen6Creature24] reward=1.98±0.18  dist=0.02±0.06  upright=0.90±0.30  → FITNESS=0.4687
URDF saved to being.urdf
Connecting to PyBullet, GUI: False
CreatureEnv Inicijalizacija: 12 motora. OBS_dim=40, frame_skip=1
[Fitness run Gen6Creature25] reward=1.68±0.05  dist=0.00±0.00  upright=0.90±0.30  → FITNESS=0.4683
URDF saved to being.urdf
Connecting to PyBullet, GUI: False
CreatureEnv Inicijalizacija: 12 motora. OBS_dim=40, frame_skip=1
[Fitness run Gen6Creature26] reward=1.61±0.11  dist=0.18±0.09  upright=0.94±0.11  → FITNESS=0.4903
URDF saved to being.urdf
Connecting to PyBullet, GUI: False
CreatureEnv Inicijalizacija: 12 motora. OBS_dim=40, frame_skip=1
[Fitness run Gen6Creature27] reward=1.73±0.13  dist=0.09±0.14  upright=0.00±0.00  → FITNESS=0.0196
URDF saved to being.urdf
Connecting to PyBullet, GUI: False
CreatureEnv Inicijalizacija: 12 motora. OBS_dim=40, frame_skip=1
[Fitness run Gen6Creature28] reward=1.76±0.00  dist=0.00±0.00  upright=1.00±0.00  → FITNESS=0.5183
URDF saved to being.urdf
Connecting to PyBullet, GUI: False
CreatureEnv Inicijalizacija: 12 motora. OBS_dim=40, frame_skip=1
[Fitness run Gen6Creature29] reward=1.53±0.23  dist=0.08±0.05  upright=0.16±0.26  → FITNESS=0.1018
Genome saved to results\uprightBased500Steps1Seed\run_3\run_3_best_creature.json
[plot] Saved → ./results\uprightBased500Steps1Seed\run_3\run_3_summary.png
URDF saved to being.urdf
Connecting to PyBullet, GUI: False
CreatureEnv Inicijalizacija: 12 motora. OBS_dim=40, frame_skip=1
[Fitness run Gen7Creature2] reward=1.98±0.21  dist=0.00±0.00  upright=0.94±0.17  → FITNESS=0.4893
URDF saved to being.urdf
Connecting to PyBullet, GUI: False
CreatureEnv Inicijalizacija: 12 motora. OBS_dim=40, frame_skip=1
[Fitness run Gen7Creature3] reward=874.49±291.01  dist=0.03±0.02  upright=0.91±0.27  → FITNESS=0.5529
URDF saved to being.urdf
Connecting to PyBullet, GUI: False
CreatureEnv Inicijalizacija: 12 motora. OBS_dim=40, frame_skip=1
[Fitness run Gen7Creature4] reward=1.55±0.14  dist=0.00±0.00  upright=0.02±0.05  → FITNESS=0.0264
URDF saved to being.urdf
Connecting to PyBullet, GUI: False
CreatureEnv Inicijalizacija: 12 motora. OBS_dim=40, frame_skip=1
[Fitness run Gen7Creature5] reward=1.80±0.00  dist=0.09±0.03  upright=1.00±0.00  → FITNESS=0.5197
URDF saved to being.urdf
Connecting to PyBullet, GUI: False
CreatureEnv Inicijalizacija: 12 motora. OBS_dim=40, frame_skip=1
[Fitness run Gen7Creature6] reward=1.53±0.10  dist=0.00±0.00  upright=0.03±0.09  → FITNESS=0.0328
URDF saved to being.urdf
Connecting to PyBullet, GUI: False
CreatureEnv Inicijalizacija: 12 motora. OBS_dim=40, frame_skip=1
[Fitness run Gen7Creature7] reward=912.28±303.36  dist=0.04±0.01  upright=1.00±0.00  → FITNESS=0.6017
URDF saved to being.urdf
Connecting to PyBullet, GUI: False
CreatureEnv Inicijalizacija: 12 motora. OBS_dim=40, frame_skip=1
[Fitness run Gen7Creature8] reward=1.29±0.03  dist=0.00±0.01  upright=0.12±0.04  → FITNESS=0.0780
URDF saved to being.urdf
Connecting to PyBullet, GUI: False
CreatureEnv Inicijalizacija: 12 motora. OBS_dim=40, frame_skip=1
[Fitness run Gen7Creature9] reward=1.58±0.17  dist=0.21±0.07  upright=0.06±0.16  → FITNESS=0.0537
URDF saved to being.urdf
Connecting to PyBullet, GUI: False
CreatureEnv Inicijalizacija: 12 motora. OBS_dim=40, frame_skip=1
[Fitness run Gen7Creature10] reward=936.03±311.53  dist=0.00±0.00  upright=0.90±0.30  → FITNESS=0.5533
URDF saved to being.urdf
Connecting to PyBullet, GUI: False
CreatureEnv Inicijalizacija: 12 motora. OBS_dim=40, frame_skip=1
[Fitness run Gen7Creature11] reward=1.11±0.17  dist=0.00±0.00  upright=0.00±0.00  → FITNESS=0.0183
URDF saved to being.urdf
Connecting to PyBullet, GUI: False
CreatureEnv Inicijalizacija: 12 motora. OBS_dim=40, frame_skip=1
[Fitness run Gen7Creature12] reward=0.99±0.23  dist=0.00±0.00  upright=0.40±0.03  → FITNESS=0.2199
URDF saved to being.urdf
Connecting to PyBullet, GUI: False
CreatureEnv Inicijalizacija: 12 motora. OBS_dim=40, frame_skip=1
[Fitness run Gen7Creature13] reward=1.45±0.05  dist=0.00±0.00  upright=0.01±0.03  → FITNESS=0.0232
URDF saved to being.urdf
Connecting to PyBullet, GUI: False
CreatureEnv Inicijalizacija: 12 motora. OBS_dim=40, frame_skip=1
[Fitness run Gen7Creature14] reward=1.23±0.20  dist=0.00±0.01  upright=0.02±0.05  → FITNESS=0.0264
URDF saved to being.urdf
Connecting to PyBullet, GUI: False
CreatureEnv Inicijalizacija: 12 motora. OBS_dim=40, frame_skip=1
[Fitness run Gen7Creature15] reward=1.64±0.00  dist=0.00±0.00  upright=1.00±0.00  → FITNESS=0.5184
URDF saved to being.urdf
Connecting to PyBullet, GUI: False
CreatureEnv Inicijalizacija: 12 motora. OBS_dim=40, frame_skip=1
[Fitness run Gen7Creature16] reward=1.47±0.04  dist=0.02±0.01  upright=0.02±0.07  → FITNESS=0.0299
URDF saved to being.urdf
Connecting to PyBullet, GUI: False
CreatureEnv Inicijalizacija: 12 motora. OBS_dim=40, frame_skip=1
[Fitness run Gen7Creature17] reward=1057.74±0.07  dist=0.03±0.01  upright=1.00±0.00  → FITNESS=0.6147
URDF saved to being.urdf
Connecting to PyBullet, GUI: False
CreatureEnv Inicijalizacija: 12 motora. OBS_dim=40, frame_skip=1
[Fitness run Gen7Creature18] reward=1.34±0.05  dist=0.01±0.03  upright=0.18±0.04  → FITNESS=0.1072
URDF saved to being.urdf
Connecting to PyBullet, GUI: False
CreatureEnv Inicijalizacija: 12 motora. OBS_dim=40, frame_skip=1
[Fitness run Gen7Creature19] reward=970.90±323.11  dist=0.02±0.01  upright=0.97±0.08  → FITNESS=0.5938
URDF saved to being.urdf
Connecting to PyBullet, GUI: False
CreatureEnv Inicijalizacija: 12 motora. OBS_dim=40, frame_skip=1
[Fitness run Gen7Creature20] reward=505.56±501.77  dist=0.22±0.17  upright=0.93±0.21  → FITNESS=0.5311
URDF saved to being.urdf
Connecting to PyBullet, GUI: False
CreatureEnv Inicijalizacija: 12 motora. OBS_dim=40, frame_skip=1
[Fitness run Gen7Creature21] reward=1.73±0.11  dist=0.19±0.06  upright=0.18±0.14  → FITNESS=0.1131
URDF saved to being.urdf
Connecting to PyBullet, GUI: False
CreatureEnv Inicijalizacija: 12 motora. OBS_dim=40, frame_skip=1
[Fitness run Gen7Creature24] reward=1.29±0.05  dist=0.00±0.00  upright=0.03±0.01  → FITNESS=0.0344
URDF saved to being.urdf
Connecting to PyBullet, GUI: False
CreatureEnv Inicijalizacija: 12 motora. OBS_dim=40, frame_skip=1
[Fitness run Gen7Creature25] reward=1.68±0.01  dist=0.06±0.02  upright=1.00±0.00  → FITNESS=0.5193
URDF saved to being.urdf
Connecting to PyBullet, GUI: False
CreatureEnv Inicijalizacija: 12 motora. OBS_dim=40, frame_skip=1
[Fitness run Gen7Creature26] reward=1.63±0.00  dist=0.21±0.07  upright=1.00±0.00  → FITNESS=0.5215
URDF saved to being.urdf
Connecting to PyBullet, GUI: False
CreatureEnv Inicijalizacija: 12 motora. OBS_dim=40, frame_skip=1
[Fitness run Gen7Creature27] reward=935.78±311.45  dist=0.01±0.01  upright=0.90±0.29  → FITNESS=0.5550
URDF saved to being.urdf
Connecting to PyBullet, GUI: False
CreatureEnv Inicijalizacija: 12 motora. OBS_dim=40, frame_skip=1
[Fitness run Gen7Creature28] reward=1.21±0.13  dist=0.00±0.00  upright=0.09±0.03  → FITNESS=0.0618
URDF saved to being.urdf
Connecting to PyBullet, GUI: False
CreatureEnv Inicijalizacija: 12 motora. OBS_dim=40, frame_skip=1
[Fitness run Gen7Creature29] reward=1.55±0.05  dist=0.17±0.07  upright=0.05±0.15  → FITNESS=0.0450

==================================================
Generacija 7/20  |  Best = 0.6147  |  Mean = 0.3298  |  Std = 0.2548
==================================================
URDF saved to being.urdf
Connecting to PyBullet, GUI: False
CreatureEnv Inicijalizacija: 12 motora. OBS_dim=40, frame_skip=1
[Fitness run Gen7Creature2] reward=1.98±0.21  dist=0.00±0.00  upright=0.94±0.17  → FITNESS=0.4893
URDF saved to being.urdf
Connecting to PyBullet, GUI: False
CreatureEnv Inicijalizacija: 12 motora. OBS_dim=40, frame_skip=1
[Fitness run Gen7Creature3] reward=874.49±291.01  dist=0.03±0.02  upright=0.91±0.27  → FITNESS=0.5529
URDF saved to being.urdf
Connecting to PyBullet, GUI: False
CreatureEnv Inicijalizacija: 12 motora. OBS_dim=40, frame_skip=1
[Fitness run Gen7Creature4] reward=1.55±0.14  dist=0.00±0.00  upright=0.02±0.05  → FITNESS=0.0264
URDF saved to being.urdf
Connecting to PyBullet, GUI: False
CreatureEnv Inicijalizacija: 12 motora. OBS_dim=40, frame_skip=1
[Fitness run Gen7Creature5] reward=1.80±0.00  dist=0.09±0.03  upright=1.00±0.00  → FITNESS=0.5197
URDF saved to being.urdf
Connecting to PyBullet, GUI: False
CreatureEnv Inicijalizacija: 12 motora. OBS_dim=40, frame_skip=1
[Fitness run Gen7Creature6] reward=1.53±0.10  dist=0.00±0.00  upright=0.03±0.09  → FITNESS=0.0328
URDF saved to being.urdf
Connecting to PyBullet, GUI: False
CreatureEnv Inicijalizacija: 12 motora. OBS_dim=40, frame_skip=1
[Fitness run Gen7Creature7] reward=912.28±303.36  dist=0.04±0.01  upright=1.00±0.00  → FITNESS=0.6017
URDF saved to being.urdf
Connecting to PyBullet, GUI: False
CreatureEnv Inicijalizacija: 12 motora. OBS_dim=40, frame_skip=1
[Fitness run Gen7Creature8] reward=1.29±0.03  dist=0.00±0.01  upright=0.12±0.04  → FITNESS=0.0780
URDF saved to being.urdf
Connecting to PyBullet, GUI: False
CreatureEnv Inicijalizacija: 12 motora. OBS_dim=40, frame_skip=1
[Fitness run Gen7Creature9] reward=1.58±0.17  dist=0.21±0.07  upright=0.06±0.16  → FITNESS=0.0537
URDF saved to being.urdf
Connecting to PyBullet, GUI: False
CreatureEnv Inicijalizacija: 12 motora. OBS_dim=40, frame_skip=1
[Fitness run Gen7Creature10] reward=936.03±311.53  dist=0.00±0.00  upright=0.90±0.30  → FITNESS=0.5533
URDF saved to being.urdf
Connecting to PyBullet, GUI: False
CreatureEnv Inicijalizacija: 12 motora. OBS_dim=40, frame_skip=1
[Fitness run Gen7Creature11] reward=1.11±0.17  dist=0.00±0.00  upright=0.00±0.00  → FITNESS=0.0183
URDF saved to being.urdf
Connecting to PyBullet, GUI: False
CreatureEnv Inicijalizacija: 12 motora. OBS_dim=40, frame_skip=1
[Fitness run Gen7Creature12] reward=0.99±0.23  dist=0.00±0.00  upright=0.40±0.03  → FITNESS=0.2199
URDF saved to being.urdf
Connecting to PyBullet, GUI: False
CreatureEnv Inicijalizacija: 12 motora. OBS_dim=40, frame_skip=1
[Fitness run Gen7Creature13] reward=1.45±0.05  dist=0.00±0.00  upright=0.01±0.03  → FITNESS=0.0232
URDF saved to being.urdf
Connecting to PyBullet, GUI: False
CreatureEnv Inicijalizacija: 12 motora. OBS_dim=40, frame_skip=1
[Fitness run Gen7Creature14] reward=1.23±0.20  dist=0.00±0.01  upright=0.02±0.05  → FITNESS=0.0264
URDF saved to being.urdf
Connecting to PyBullet, GUI: False
CreatureEnv Inicijalizacija: 12 motora. OBS_dim=40, frame_skip=1
[Fitness run Gen7Creature15] reward=1.64±0.00  dist=0.00±0.00  upright=1.00±0.00  → FITNESS=0.5184
URDF saved to being.urdf
Connecting to PyBullet, GUI: False
CreatureEnv Inicijalizacija: 12 motora. OBS_dim=40, frame_skip=1
[Fitness run Gen7Creature16] reward=1.47±0.04  dist=0.02±0.01  upright=0.02±0.07  → FITNESS=0.0299
URDF saved to being.urdf
Connecting to PyBullet, GUI: False
CreatureEnv Inicijalizacija: 12 motora. OBS_dim=40, frame_skip=1
[Fitness run Gen7Creature17] reward=1057.74±0.07  dist=0.03±0.01  upright=1.00±0.00  → FITNESS=0.6147
URDF saved to being.urdf
Connecting to PyBullet, GUI: False
CreatureEnv Inicijalizacija: 12 motora. OBS_dim=40, frame_skip=1
[Fitness run Gen7Creature18] reward=1.34±0.05  dist=0.01±0.03  upright=0.18±0.04  → FITNESS=0.1072
URDF saved to being.urdf
Connecting to PyBullet, GUI: False
CreatureEnv Inicijalizacija: 12 motora. OBS_dim=40, frame_skip=1
[Fitness run Gen7Creature19] reward=970.90±323.11  dist=0.02±0.01  upright=0.97±0.08  → FITNESS=0.5938
URDF saved to being.urdf
Connecting to PyBullet, GUI: False
CreatureEnv Inicijalizacija: 12 motora. OBS_dim=40, frame_skip=1
[Fitness run Gen7Creature20] reward=505.56±501.77  dist=0.22±0.17  upright=0.93±0.21  → FITNESS=0.5311
URDF saved to being.urdf
Connecting to PyBullet, GUI: False
CreatureEnv Inicijalizacija: 12 motora. OBS_dim=40, frame_skip=1
[Fitness run Gen7Creature21] reward=1.73±0.11  dist=0.19±0.06  upright=0.18±0.14  → FITNESS=0.1131
URDF saved to being.urdf
Connecting to PyBullet, GUI: False
CreatureEnv Inicijalizacija: 12 motora. OBS_dim=40, frame_skip=1
[Fitness run Gen7Creature24] reward=1.29±0.05  dist=0.00±0.00  upright=0.03±0.01  → FITNESS=0.0344
URDF saved to being.urdf
Connecting to PyBullet, GUI: False
CreatureEnv Inicijalizacija: 12 motora. OBS_dim=40, frame_skip=1
[Fitness run Gen7Creature25] reward=1.68±0.01  dist=0.06±0.02  upright=1.00±0.00  → FITNESS=0.5193
URDF saved to being.urdf
Connecting to PyBullet, GUI: False
CreatureEnv Inicijalizacija: 12 motora. OBS_dim=40, frame_skip=1
[Fitness run Gen7Creature26] reward=1.63±0.00  dist=0.21±0.07  upright=1.00±0.00  → FITNESS=0.5215
URDF saved to being.urdf
Connecting to PyBullet, GUI: False
CreatureEnv Inicijalizacija: 12 motora. OBS_dim=40, frame_skip=1
[Fitness run Gen7Creature27] reward=935.78±311.45  dist=0.01±0.01  upright=0.90±0.29  → FITNESS=0.5550
URDF saved to being.urdf
Connecting to PyBullet, GUI: False
CreatureEnv Inicijalizacija: 12 motora. OBS_dim=40, frame_skip=1
[Fitness run Gen7Creature28] reward=1.21±0.13  dist=0.00±0.00  upright=0.09±0.03  → FITNESS=0.0618
URDF saved to being.urdf
Connecting to PyBullet, GUI: False
CreatureEnv Inicijalizacija: 12 motora. OBS_dim=40, frame_skip=1
[Fitness run Gen7Creature29] reward=1.55±0.05  dist=0.17±0.07  upright=0.05±0.15  → FITNESS=0.0450
Genome saved to results\uprightBased500Steps1Seed\run_3\run_3_best_creature.json
[plot] Saved → ./results\uprightBased500Steps1Seed\run_3\run_3_summary.png
URDF saved to being.urdf
Connecting to PyBullet, GUI: False
CreatureEnv Inicijalizacija: 12 motora. OBS_dim=40, frame_skip=1
[Fitness run Gen8Creature2] reward=2.56±0.85  dist=0.00±0.00  upright=1.00±0.00  → FITNESS=0.5184
URDF saved to being.urdf
Connecting to PyBullet, GUI: False
CreatureEnv Inicijalizacija: 12 motora. OBS_dim=40, frame_skip=1
[Fitness run Gen8Creature3] reward=953.05±317.24  dist=0.01±0.02  upright=0.91±0.26  → FITNESS=0.5614
URDF saved to being.urdf
Connecting to PyBullet, GUI: False
CreatureEnv Inicijalizacija: 12 motora. OBS_dim=40, frame_skip=1
[Fitness run Gen8Creature4] reward=1.69±0.00  dist=0.00±0.00  upright=0.15±0.12  → FITNESS=0.0909
URDF saved to being.urdf
Connecting to PyBullet, GUI: False
CreatureEnv Inicijalizacija: 12 motora. OBS_dim=40, frame_skip=1
[Fitness run Gen8Creature5] reward=1042.29±0.15  dist=0.02±0.03  upright=1.00±0.00  → FITNESS=0.6132
URDF saved to being.urdf
Connecting to PyBullet, GUI: False
CreatureEnv Inicijalizacija: 12 motora. OBS_dim=40, frame_skip=1
[Fitness run Gen8Creature6] reward=1.90±0.40  dist=0.02±0.01  upright=0.93±0.20  → FITNESS=0.4847
URDF saved to being.urdf
Connecting to PyBullet, GUI: False
CreatureEnv Inicijalizacija: 12 motora. OBS_dim=40, frame_skip=1
[Fitness run Gen8Creature8] reward=1.29±0.03  dist=0.00±0.01  upright=0.12±0.04  → FITNESS=0.0780
URDF saved to being.urdf
Connecting to PyBullet, GUI: False
CreatureEnv Inicijalizacija: 12 motora. OBS_dim=40, frame_skip=1
[Fitness run Gen8Creature9] reward=0.47±0.49  dist=0.83±0.28  upright=0.05±0.15  → FITNESS=0.0565
URDF saved to being.urdf
Connecting to PyBullet, GUI: False
CreatureEnv Inicijalizacija: 12 motora. OBS_dim=40, frame_skip=1
[Fitness run Gen8Creature10] reward=100.48±298.70  dist=0.72±0.24  upright=0.10±0.30  → FITNESS=0.0880
URDF saved to being.urdf
Connecting to PyBullet, GUI: False
CreatureEnv Inicijalizacija: 12 motora. OBS_dim=40, frame_skip=1
[Fitness run Gen8Creature11] reward=0.77±1.02  dist=0.05±0.06  upright=0.42±0.33  → FITNESS=0.2303
URDF saved to being.urdf
Connecting to PyBullet, GUI: False
CreatureEnv Inicijalizacija: 12 motora. OBS_dim=40, frame_skip=1
[Fitness run Gen8Creature12] reward=1.39±0.03  dist=0.01±0.01  upright=0.01±0.02  → FITNESS=0.0216
URDF saved to being.urdf
Connecting to PyBullet, GUI: False
CreatureEnv Inicijalizacija: 12 motora. OBS_dim=40, frame_skip=1
[Fitness run Gen8Creature13] reward=976.87±325.15  dist=0.00±0.01  upright=0.90±0.30  → FITNESS=0.5570
URDF saved to being.urdf
Connecting to PyBullet, GUI: False
CreatureEnv Inicijalizacija: 12 motora. OBS_dim=40, frame_skip=1
[Fitness run Gen8Creature14] reward=1.45±0.00  dist=0.17±0.01  upright=0.12±0.02  → FITNESS=0.0821
URDF saved to being.urdf
Connecting to PyBullet, GUI: False
CreatureEnv Inicijalizacija: 12 motora. OBS_dim=40, frame_skip=1
[Fitness run Gen8Creature15] reward=943.45±314.35  dist=0.00±0.00  upright=0.91±0.27  → FITNESS=0.5588
URDF saved to being.urdf
Connecting to PyBullet, GUI: False
CreatureEnv Inicijalizacija: 12 motora. OBS_dim=40, frame_skip=1
[Fitness run Gen8Creature16] reward=2.07±0.00  dist=0.00±0.00  upright=1.00±0.00  → FITNESS=0.5184
URDF saved to being.urdf
Connecting to PyBullet, GUI: False
CreatureEnv Inicijalizacija: 12 motora. OBS_dim=40, frame_skip=1
[Fitness run Gen8Creature17] reward=1030.89±0.10  dist=0.00±0.00  upright=1.00±0.00  → FITNESS=0.6119
URDF saved to being.urdf
Connecting to PyBullet, GUI: False
CreatureEnv Inicijalizacija: 12 motora. OBS_dim=40, frame_skip=1
[Fitness run Gen8Creature19] reward=1.55±0.08  dist=0.00±0.00  upright=0.02±0.05  → FITNESS=0.0264
URDF saved to being.urdf
Connecting to PyBullet, GUI: False
CreatureEnv Inicijalizacija: 12 motora. OBS_dim=40, frame_skip=1
[Fitness run Gen8Creature20] reward=1.70±0.00  dist=0.13±0.05  upright=0.00±0.00  → FITNESS=0.0203
URDF saved to being.urdf
Connecting to PyBullet, GUI: False
CreatureEnv Inicijalizacija: 12 motora. OBS_dim=40, frame_skip=1
[Fitness run Gen8Creature21] reward=1.73±0.01  dist=0.01±0.01  upright=0.24±0.04  → FITNESS=0.1362
URDF saved to being.urdf
Connecting to PyBullet, GUI: False
CreatureEnv Inicijalizacija: 12 motora. OBS_dim=40, frame_skip=1
[Fitness run Gen8Creature22] reward=1065.64±0.27  dist=0.03±0.01  upright=1.00±0.00  → FITNESS=0.6155
URDF saved to being.urdf
Connecting to PyBullet, GUI: False
CreatureEnv Inicijalizacija: 12 motora. OBS_dim=40, frame_skip=1
[Fitness run Gen8Creature23] reward=1034.40±0.12  dist=0.01±0.01  upright=1.00±0.00  → FITNESS=0.6123
URDF saved to being.urdf
Connecting to PyBullet, GUI: False
CreatureEnv Inicijalizacija: 12 motora. OBS_dim=40, frame_skip=1
[Fitness run Gen8Creature24] reward=2.08±0.19  dist=0.00±0.00  upright=0.90±0.29  → FITNESS=0.4700
URDF saved to being.urdf
Connecting to PyBullet, GUI: False
ERROR: RL training/evaluation failed: Cannot load URDF file.
URDF saved to being.urdf
Connecting to PyBullet, GUI: False
CreatureEnv Inicijalizacija: 12 motora. OBS_dim=40, frame_skip=1
[Fitness run Gen8Creature26] reward=1.40±0.08  dist=0.32±0.18  upright=0.04±0.10  → FITNESS=0.0409
URDF saved to being.urdf
Connecting to PyBullet, GUI: False
CreatureEnv Inicijalizacija: 12 motora. OBS_dim=40, frame_skip=1
[Fitness run Gen8Creature27] reward=1.77±0.16  dist=0.24±0.09  upright=0.67±0.21  → FITNESS=0.3558
URDF saved to being.urdf
Connecting to PyBullet, GUI: False
CreatureEnv Inicijalizacija: 12 motora. OBS_dim=40, frame_skip=1
[Fitness run Gen8Creature28] reward=0.92±0.29  dist=0.00±0.00  upright=0.10±0.30  → FITNESS=0.0683
URDF saved to being.urdf
Connecting to PyBullet, GUI: False
CreatureEnv Inicijalizacija: 12 motora. OBS_dim=40, frame_skip=1
[Fitness run Gen8Creature29] reward=2.33±5.53  dist=0.00±0.00  upright=0.29±0.23  → FITNESS=0.1623

==================================================
Generacija 8/20  |  Best = 0.6155  |  Mean = 0.3172  |  Std = 0.2456
==================================================
URDF saved to being.urdf
Connecting to PyBullet, GUI: False
CreatureEnv Inicijalizacija: 12 motora. OBS_dim=40, frame_skip=1
[Fitness run Gen8Creature2] reward=2.56±0.85  dist=0.00±0.00  upright=1.00±0.00  → FITNESS=0.5184
URDF saved to being.urdf
Connecting to PyBullet, GUI: False
CreatureEnv Inicijalizacija: 12 motora. OBS_dim=40, frame_skip=1
[Fitness run Gen8Creature3] reward=953.05±317.24  dist=0.01±0.02  upright=0.91±0.26  → FITNESS=0.5614
URDF saved to being.urdf
Connecting to PyBullet, GUI: False
CreatureEnv Inicijalizacija: 12 motora. OBS_dim=40, frame_skip=1
[Fitness run Gen8Creature4] reward=1.69±0.00  dist=0.00±0.00  upright=0.15±0.12  → FITNESS=0.0909
URDF saved to being.urdf
Connecting to PyBullet, GUI: False
CreatureEnv Inicijalizacija: 12 motora. OBS_dim=40, frame_skip=1
[Fitness run Gen8Creature5] reward=1042.29±0.15  dist=0.02±0.03  upright=1.00±0.00  → FITNESS=0.6132
URDF saved to being.urdf
Connecting to PyBullet, GUI: False
CreatureEnv Inicijalizacija: 12 motora. OBS_dim=40, frame_skip=1
[Fitness run Gen8Creature6] reward=1.90±0.40  dist=0.02±0.01  upright=0.93±0.20  → FITNESS=0.4847
URDF saved to being.urdf
Connecting to PyBullet, GUI: False
CreatureEnv Inicijalizacija: 12 motora. OBS_dim=40, frame_skip=1
[Fitness run Gen8Creature8] reward=1.29±0.03  dist=0.00±0.01  upright=0.12±0.04  → FITNESS=0.0780
URDF saved to being.urdf
Connecting to PyBullet, GUI: False
CreatureEnv Inicijalizacija: 12 motora. OBS_dim=40, frame_skip=1
[Fitness run Gen8Creature9] reward=0.47±0.49  dist=0.83±0.28  upright=0.05±0.15  → FITNESS=0.0565
URDF saved to being.urdf
Connecting to PyBullet, GUI: False
CreatureEnv Inicijalizacija: 12 motora. OBS_dim=40, frame_skip=1
[Fitness run Gen8Creature10] reward=100.48±298.70  dist=0.72±0.24  upright=0.10±0.30  → FITNESS=0.0880
URDF saved to being.urdf
Connecting to PyBullet, GUI: False
CreatureEnv Inicijalizacija: 12 motora. OBS_dim=40, frame_skip=1
[Fitness run Gen8Creature11] reward=0.77±1.02  dist=0.05±0.06  upright=0.42±0.33  → FITNESS=0.2303
URDF saved to being.urdf
Connecting to PyBullet, GUI: False
CreatureEnv Inicijalizacija: 12 motora. OBS_dim=40, frame_skip=1
[Fitness run Gen8Creature12] reward=1.39±0.03  dist=0.01±0.01  upright=0.01±0.02  → FITNESS=0.0216
URDF saved to being.urdf
Connecting to PyBullet, GUI: False
CreatureEnv Inicijalizacija: 12 motora. OBS_dim=40, frame_skip=1
[Fitness run Gen8Creature13] reward=976.87±325.15  dist=0.00±0.01  upright=0.90±0.30  → FITNESS=0.5570
URDF saved to being.urdf
Connecting to PyBullet, GUI: False
CreatureEnv Inicijalizacija: 12 motora. OBS_dim=40, frame_skip=1
[Fitness run Gen8Creature14] reward=1.45±0.00  dist=0.17±0.01  upright=0.12±0.02  → FITNESS=0.0821
URDF saved to being.urdf
Connecting to PyBullet, GUI: False
CreatureEnv Inicijalizacija: 12 motora. OBS_dim=40, frame_skip=1
[Fitness run Gen8Creature15] reward=943.45±314.35  dist=0.00±0.00  upright=0.91±0.27  → FITNESS=0.5588
URDF saved to being.urdf
Connecting to PyBullet, GUI: False
CreatureEnv Inicijalizacija: 12 motora. OBS_dim=40, frame_skip=1
[Fitness run Gen8Creature16] reward=2.07±0.00  dist=0.00±0.00  upright=1.00±0.00  → FITNESS=0.5184
URDF saved to being.urdf
Connecting to PyBullet, GUI: False
CreatureEnv Inicijalizacija: 12 motora. OBS_dim=40, frame_skip=1
[Fitness run Gen8Creature17] reward=1030.89±0.10  dist=0.00±0.00  upright=1.00±0.00  → FITNESS=0.6119
URDF saved to being.urdf
Connecting to PyBullet, GUI: False
CreatureEnv Inicijalizacija: 12 motora. OBS_dim=40, frame_skip=1
[Fitness run Gen8Creature19] reward=1.55±0.08  dist=0.00±0.00  upright=0.02±0.05  → FITNESS=0.0264
URDF saved to being.urdf
Connecting to PyBullet, GUI: False
CreatureEnv Inicijalizacija: 12 motora. OBS_dim=40, frame_skip=1
[Fitness run Gen8Creature20] reward=1.70±0.00  dist=0.13±0.05  upright=0.00±0.00  → FITNESS=0.0203
URDF saved to being.urdf
Connecting to PyBullet, GUI: False
CreatureEnv Inicijalizacija: 12 motora. OBS_dim=40, frame_skip=1
[Fitness run Gen8Creature21] reward=1.73±0.01  dist=0.01±0.01  upright=0.24±0.04  → FITNESS=0.1362
URDF saved to being.urdf
Connecting to PyBullet, GUI: False
CreatureEnv Inicijalizacija: 12 motora. OBS_dim=40, frame_skip=1
[Fitness run Gen8Creature22] reward=1065.64±0.27  dist=0.03±0.01  upright=1.00±0.00  → FITNESS=0.6155
URDF saved to being.urdf
Connecting to PyBullet, GUI: False
CreatureEnv Inicijalizacija: 12 motora. OBS_dim=40, frame_skip=1
[Fitness run Gen8Creature23] reward=1034.40±0.12  dist=0.01±0.01  upright=1.00±0.00  → FITNESS=0.6123
URDF saved to being.urdf
Connecting to PyBullet, GUI: False
CreatureEnv Inicijalizacija: 12 motora. OBS_dim=40, frame_skip=1
[Fitness run Gen8Creature24] reward=2.08±0.19  dist=0.00±0.00  upright=0.90±0.29  → FITNESS=0.4700
URDF saved to being.urdf
Connecting to PyBullet, GUI: False
CreatureEnv Inicijalizacija: 12 motora. OBS_dim=40, frame_skip=1
[Fitness run Gen8Creature25] reward=933.71±310.76  dist=0.34±0.12  upright=0.91±0.28  → FITNESS=0.5614
URDF saved to being.urdf
Connecting to PyBullet, GUI: False
CreatureEnv Inicijalizacija: 12 motora. OBS_dim=40, frame_skip=1
[Fitness run Gen8Creature26] reward=1.40±0.08  dist=0.32±0.18  upright=0.04±0.10  → FITNESS=0.0409
URDF saved to being.urdf
Connecting to PyBullet, GUI: False
CreatureEnv Inicijalizacija: 12 motora. OBS_dim=40, frame_skip=1
[Fitness run Gen8Creature27] reward=1.77±0.16  dist=0.24±0.09  upright=0.67±0.21  → FITNESS=0.3558
URDF saved to being.urdf
Connecting to PyBullet, GUI: False
CreatureEnv Inicijalizacija: 12 motora. OBS_dim=40, frame_skip=1
[Fitness run Gen8Creature28] reward=0.92±0.29  dist=0.00±0.00  upright=0.10±0.30  → FITNESS=0.0683
URDF saved to being.urdf
Connecting to PyBullet, GUI: False
CreatureEnv Inicijalizacija: 12 motora. OBS_dim=40, frame_skip=1
[Fitness run Gen8Creature29] reward=2.33±5.53  dist=0.00±0.00  upright=0.29±0.23  → FITNESS=0.1623
Genome saved to results\uprightBased500Steps1Seed\run_3\run_3_best_creature.json
[plot] Saved → ./results\uprightBased500Steps1Seed\run_3\run_3_summary.png
URDF saved to being.urdf
Connecting to PyBullet, GUI: False
CreatureEnv Inicijalizacija: 12 motora. OBS_dim=40, frame_skip=1
[Fitness run Gen9Creature2] reward=901.09±300.31  dist=0.13±0.17  upright=0.90±0.30  → FITNESS=0.5521
URDF saved to being.urdf
Connecting to PyBullet, GUI: False
CreatureEnv Inicijalizacija: 12 motora. OBS_dim=40, frame_skip=1
[Fitness run Gen9Creature3] reward=934.83±311.12  dist=0.00±0.00  upright=0.92±0.24  → FITNESS=0.5628
URDF saved to being.urdf
Connecting to PyBullet, GUI: False
CreatureEnv Inicijalizacija: 12 motora. OBS_dim=40, frame_skip=1
[Fitness run Gen9Creature4] reward=1.69±0.00  dist=0.00±0.00  upright=0.15±0.12  → FITNESS=0.0909
URDF saved to being.urdf
Connecting to PyBullet, GUI: False
CreatureEnv Inicijalizacija: 12 motora. OBS_dim=40, frame_skip=1
[Fitness run Gen9Creature5] reward=1051.81±17.74  dist=0.00±0.00  upright=1.00±0.00  → FITNESS=0.6138
URDF saved to being.urdf
Connecting to PyBullet, GUI: False
CreatureEnv Inicijalizacija: 12 motora. OBS_dim=40, frame_skip=1
[Fitness run Gen9Creature6] reward=1.90±0.36  dist=0.00±0.00  upright=0.91±0.26  → FITNESS=0.4748
URDF saved to being.urdf
Connecting to PyBullet, GUI: False
CreatureEnv Inicijalizacija: 12 motora. OBS_dim=40, frame_skip=1
[Fitness run Gen9Creature7] reward=1024.68±0.26  dist=0.06±0.02  upright=1.00±0.00  → FITNESS=0.6122
URDF saved to being.urdf
Connecting to PyBullet, GUI: False
CreatureEnv Inicijalizacija: 12 motora. OBS_dim=40, frame_skip=1
[Fitness run Gen9Creature8] reward=1.52±0.09  dist=0.00±0.00  upright=0.14±0.05  → FITNESS=0.0893
URDF saved to being.urdf
Connecting to PyBullet, GUI: False
CreatureEnv Inicijalizacija: 12 motora. OBS_dim=40, frame_skip=1
[Fitness run Gen9Creature9] reward=965.43±321.44  dist=0.01±0.01  upright=0.91±0.28  → FITNESS=0.5593
URDF saved to being.urdf
Connecting to PyBullet, GUI: False
CreatureEnv Inicijalizacija: 12 motora. OBS_dim=40, frame_skip=1
[Fitness run Gen9Creature10] reward=1.55±0.06  dist=0.04±0.03  upright=0.14±0.05  → FITNESS=0.0882
URDF saved to being.urdf
Connecting to PyBullet, GUI: False
CreatureEnv Inicijalizacija: 12 motora. OBS_dim=40, frame_skip=1
[Fitness run Gen9Creature11] reward=-0.18±0.20  dist=0.00±0.00  upright=0.11±0.04  → FITNESS=0.0746
URDF saved to being.urdf
Connecting to PyBullet, GUI: False
CreatureEnv Inicijalizacija: 12 motora. OBS_dim=40, frame_skip=1
[Fitness run Gen9Creature12] reward=1.24±0.11  dist=0.00±0.00  upright=0.00±0.01  → FITNESS=0.0199
URDF saved to being.urdf
Connecting to PyBullet, GUI: False
CreatureEnv Inicijalizacija: 12 motora. OBS_dim=40, frame_skip=1
[Fitness run Gen9Creature14] reward=1.45±0.00  dist=0.17±0.01  upright=0.12±0.02  → FITNESS=0.0821
URDF saved to being.urdf
Connecting to PyBullet, GUI: False
CreatureEnv Inicijalizacija: 12 motora. OBS_dim=40, frame_skip=1
[Fitness run Gen9Creature15] reward=937.39±312.00  dist=0.00±0.00  upright=0.91±0.27  → FITNESS=0.5582
URDF saved to being.urdf
Connecting to PyBullet, GUI: False
CreatureEnv Inicijalizacija: 12 motora. OBS_dim=40, frame_skip=1
[Fitness run Gen9Creature16] reward=1.96±0.00  dist=0.00±0.00  upright=1.00±0.00  → FITNESS=0.5184
URDF saved to being.urdf
Connecting to PyBullet, GUI: False
CreatureEnv Inicijalizacija: 12 motora. OBS_dim=40, frame_skip=1
[Fitness run Gen9Creature17] reward=1059.19±8.01  dist=0.00±0.00  upright=1.00±0.00  → FITNESS=0.6145
URDF saved to being.urdf
Connecting to PyBullet, GUI: False
CreatureEnv Inicijalizacija: 12 motora. OBS_dim=40, frame_skip=1
[Fitness run Gen9Creature18] reward=1.44±0.25  dist=0.02±0.03  upright=0.17±0.04  → FITNESS=0.1057
URDF saved to being.urdf
Connecting to PyBullet, GUI: False
CreatureEnv Inicijalizacija: 12 motora. OBS_dim=40, frame_skip=1
[Fitness run Gen9Creature19] reward=1108.29±19.01  dist=0.04±0.01  upright=1.00±0.00  → FITNESS=0.6195
URDF saved to being.urdf
Connecting to PyBullet, GUI: False
CreatureEnv Inicijalizacija: 12 motora. OBS_dim=40, frame_skip=1
[Fitness run Gen9Creature20] reward=1052.60±0.01  dist=0.01±0.00  upright=1.00±0.00  → FITNESS=0.6140
URDF saved to being.urdf
Connecting to PyBullet, GUI: False
CreatureEnv Inicijalizacija: 12 motora. OBS_dim=40, frame_skip=1
[Fitness run Gen9Creature21] reward=1.70±0.00  dist=0.00±0.00  upright=0.00±0.00  → FITNESS=0.0183
URDF saved to being.urdf
Connecting to PyBullet, GUI: False
CreatureEnv Inicijalizacija: 12 motora. OBS_dim=40, frame_skip=1
[Fitness run Gen9Creature22] reward=1.40±0.02  dist=0.00±0.00  upright=0.00±0.01  → FITNESS=0.0199
URDF saved to being.urdf
Connecting to PyBullet, GUI: False
CreatureEnv Inicijalizacija: 12 motora. OBS_dim=40, frame_skip=1
[Fitness run Gen9Creature23] reward=1032.31±0.33  dist=0.03±0.06  upright=1.00±0.00  → FITNESS=0.6124
URDF saved to being.urdf
Connecting to PyBullet, GUI: False
CreatureEnv Inicijalizacija: 12 motora. OBS_dim=40, frame_skip=1
[Fitness run Gen9Creature24] reward=2.08±0.19  dist=0.00±0.00  upright=0.90±0.29  → FITNESS=0.4700
URDF saved to being.urdf
Connecting to PyBullet, GUI: False
CreatureEnv Inicijalizacija: 12 motora. OBS_dim=40, frame_skip=1
[Fitness run Gen9Creature25] reward=966.22±321.62  dist=0.00±0.01  upright=0.91±0.28  → FITNESS=0.5593
URDF saved to being.urdf
Connecting to PyBullet, GUI: False
CreatureEnv Inicijalizacija: 12 motora. OBS_dim=40, frame_skip=1
[Fitness run Gen9Creature26] reward=1.55±0.07  dist=0.00±0.00  upright=0.29±0.10  → FITNESS=0.1635
URDF saved to being.urdf
Connecting to PyBullet, GUI: False
CreatureEnv Inicijalizacija: 12 motora. OBS_dim=40, frame_skip=1
[Fitness run Gen9Creature27] reward=946.19±314.76  dist=0.00±0.00  upright=0.92±0.25  → FITNESS=0.5623
URDF saved to being.urdf
Connecting to PyBullet, GUI: False
CreatureEnv Inicijalizacija: 12 motora. OBS_dim=40, frame_skip=1
[Fitness run Gen9Creature28] reward=1.65±0.31  dist=0.00±0.00  upright=0.90±0.30  → FITNESS=0.4683
URDF saved to being.urdf
Connecting to PyBullet, GUI: False
CreatureEnv Inicijalizacija: 12 motora. OBS_dim=40, frame_skip=1
[Fitness run Gen9Creature29] reward=103.98±305.64  dist=0.00±0.00  upright=1.00±0.00  → FITNESS=0.5274

==================================================
Generacija 9/20  |  Best = 0.6195  |  Mean = 0.4013  |  Std = 0.2355
==================================================
URDF saved to being.urdf
Connecting to PyBullet, GUI: False
CreatureEnv Inicijalizacija: 12 motora. OBS_dim=40, frame_skip=1
[Fitness run Gen9Creature2] reward=901.09±300.31  dist=0.13±0.17  upright=0.90±0.30  → FITNESS=0.5521
URDF saved to being.urdf
Connecting to PyBullet, GUI: False
CreatureEnv Inicijalizacija: 12 motora. OBS_dim=40, frame_skip=1
[Fitness run Gen9Creature3] reward=934.83±311.12  dist=0.00±0.00  upright=0.92±0.24  → FITNESS=0.5628
URDF saved to being.urdf
Connecting to PyBullet, GUI: False
CreatureEnv Inicijalizacija: 12 motora. OBS_dim=40, frame_skip=1
[Fitness run Gen9Creature4] reward=1.69±0.00  dist=0.00±0.00  upright=0.15±0.12  → FITNESS=0.0909
URDF saved to being.urdf
Connecting to PyBullet, GUI: False
CreatureEnv Inicijalizacija: 12 motora. OBS_dim=40, frame_skip=1
[Fitness run Gen9Creature5] reward=1051.81±17.74  dist=0.00±0.00  upright=1.00±0.00  → FITNESS=0.6138
URDF saved to being.urdf
Connecting to PyBullet, GUI: False
CreatureEnv Inicijalizacija: 12 motora. OBS_dim=40, frame_skip=1
[Fitness run Gen9Creature6] reward=1.90±0.36  dist=0.00±0.00  upright=0.91±0.26  → FITNESS=0.4748
URDF saved to being.urdf
Connecting to PyBullet, GUI: False
CreatureEnv Inicijalizacija: 12 motora. OBS_dim=40, frame_skip=1
[Fitness run Gen9Creature7] reward=1024.68±0.26  dist=0.06±0.02  upright=1.00±0.00  → FITNESS=0.6122
URDF saved to being.urdf
Connecting to PyBullet, GUI: False
CreatureEnv Inicijalizacija: 12 motora. OBS_dim=40, frame_skip=1
[Fitness run Gen9Creature8] reward=1.52±0.09  dist=0.00±0.00  upright=0.14±0.05  → FITNESS=0.0893
URDF saved to being.urdf
Connecting to PyBullet, GUI: False
CreatureEnv Inicijalizacija: 12 motora. OBS_dim=40, frame_skip=1
[Fitness run Gen9Creature9] reward=965.43±321.44  dist=0.01±0.01  upright=0.91±0.28  → FITNESS=0.5593
URDF saved to being.urdf
Connecting to PyBullet, GUI: False
CreatureEnv Inicijalizacija: 12 motora. OBS_dim=40, frame_skip=1
[Fitness run Gen9Creature10] reward=1.55±0.06  dist=0.04±0.03  upright=0.14±0.05  → FITNESS=0.0882
URDF saved to being.urdf
Connecting to PyBullet, GUI: False
CreatureEnv Inicijalizacija: 12 motora. OBS_dim=40, frame_skip=1
[Fitness run Gen9Creature11] reward=-0.18±0.20  dist=0.00±0.00  upright=0.11±0.04  → FITNESS=0.0746
URDF saved to being.urdf
Connecting to PyBullet, GUI: False
CreatureEnv Inicijalizacija: 12 motora. OBS_dim=40, frame_skip=1
[Fitness run Gen9Creature12] reward=1.24±0.11  dist=0.00±0.00  upright=0.00±0.01  → FITNESS=0.0199
URDF saved to being.urdf
Connecting to PyBullet, GUI: False
CreatureEnv Inicijalizacija: 12 motora. OBS_dim=40, frame_skip=1
[Fitness run Gen9Creature14] reward=1.45±0.00  dist=0.17±0.01  upright=0.12±0.02  → FITNESS=0.0821
URDF saved to being.urdf
Connecting to PyBullet, GUI: False
CreatureEnv Inicijalizacija: 12 motora. OBS_dim=40, frame_skip=1
[Fitness run Gen9Creature15] reward=937.39±312.00  dist=0.00±0.00  upright=0.91±0.27  → FITNESS=0.5582
URDF saved to being.urdf
Connecting to PyBullet, GUI: False
CreatureEnv Inicijalizacija: 12 motora. OBS_dim=40, frame_skip=1
[Fitness run Gen9Creature16] reward=1.96±0.00  dist=0.00±0.00  upright=1.00±0.00  → FITNESS=0.5184
URDF saved to being.urdf
Connecting to PyBullet, GUI: False
CreatureEnv Inicijalizacija: 12 motora. OBS_dim=40, frame_skip=1
[Fitness run Gen9Creature17] reward=1059.19±8.01  dist=0.00±0.00  upright=1.00±0.00  → FITNESS=0.6145
URDF saved to being.urdf
Connecting to PyBullet, GUI: False
CreatureEnv Inicijalizacija: 12 motora. OBS_dim=40, frame_skip=1
[Fitness run Gen9Creature18] reward=1.44±0.25  dist=0.02±0.03  upright=0.17±0.04  → FITNESS=0.1057
URDF saved to being.urdf
Connecting to PyBullet, GUI: False
CreatureEnv Inicijalizacija: 12 motora. OBS_dim=40, frame_skip=1
[Fitness run Gen9Creature19] reward=1108.29±19.01  dist=0.04±0.01  upright=1.00±0.00  → FITNESS=0.6195
URDF saved to being.urdf
Connecting to PyBullet, GUI: False
CreatureEnv Inicijalizacija: 12 motora. OBS_dim=40, frame_skip=1
[Fitness run Gen9Creature20] reward=1052.60±0.01  dist=0.01±0.00  upright=1.00±0.00  → FITNESS=0.6140
URDF saved to being.urdf
Connecting to PyBullet, GUI: False
CreatureEnv Inicijalizacija: 12 motora. OBS_dim=40, frame_skip=1
[Fitness run Gen9Creature21] reward=1.70±0.00  dist=0.00±0.00  upright=0.00±0.00  → FITNESS=0.0183
URDF saved to being.urdf
Connecting to PyBullet, GUI: False
CreatureEnv Inicijalizacija: 12 motora. OBS_dim=40, frame_skip=1
[Fitness run Gen9Creature22] reward=1.40±0.02  dist=0.00±0.00  upright=0.00±0.01  → FITNESS=0.0199
URDF saved to being.urdf
Connecting to PyBullet, GUI: False
CreatureEnv Inicijalizacija: 12 motora. OBS_dim=40, frame_skip=1
[Fitness run Gen9Creature23] reward=1032.31±0.33  dist=0.03±0.06  upright=1.00±0.00  → FITNESS=0.6124
URDF saved to being.urdf
Connecting to PyBullet, GUI: False
CreatureEnv Inicijalizacija: 12 motora. OBS_dim=40, frame_skip=1
[Fitness run Gen9Creature24] reward=2.08±0.19  dist=0.00±0.00  upright=0.90±0.29  → FITNESS=0.4700
URDF saved to being.urdf
Connecting to PyBullet, GUI: False
CreatureEnv Inicijalizacija: 12 motora. OBS_dim=40, frame_skip=1
[Fitness run Gen9Creature25] reward=966.22±321.62  dist=0.00±0.01  upright=0.91±0.28  → FITNESS=0.5593
URDF saved to being.urdf
Connecting to PyBullet, GUI: False
CreatureEnv Inicijalizacija: 12 motora. OBS_dim=40, frame_skip=1
[Fitness run Gen9Creature26] reward=1.55±0.07  dist=0.00±0.00  upright=0.29±0.10  → FITNESS=0.1635
URDF saved to being.urdf
Connecting to PyBullet, GUI: False
CreatureEnv Inicijalizacija: 12 motora. OBS_dim=40, frame_skip=1
[Fitness run Gen9Creature27] reward=946.19±314.76  dist=0.00±0.00  upright=0.92±0.25  → FITNESS=0.5623
URDF saved to being.urdf
Connecting to PyBullet, GUI: False
CreatureEnv Inicijalizacija: 12 motora. OBS_dim=40, frame_skip=1
[Fitness run Gen9Creature28] reward=1.65±0.31  dist=0.00±0.00  upright=0.90±0.30  → FITNESS=0.4683
URDF saved to being.urdf
Connecting to PyBullet, GUI: False
CreatureEnv Inicijalizacija: 12 motora. OBS_dim=40, frame_skip=1
[Fitness run Gen9Creature29] reward=103.98±305.64  dist=0.00±0.00  upright=1.00±0.00  → FITNESS=0.5274
Genome saved to results\uprightBased500Steps1Seed\run_3\run_3_best_creature.json
[plot] Saved → ./results\uprightBased500Steps1Seed\run_3\run_3_summary.png
URDF saved to being.urdf
Connecting to PyBullet, GUI: False
CreatureEnv Inicijalizacija: 12 motora. OBS_dim=40, frame_skip=1
[Fitness run Gen10Creature2] reward=915.35±304.68  dist=0.01±0.03  upright=0.90±0.30  → FITNESS=0.5516
URDF saved to being.urdf
Connecting to PyBullet, GUI: False
CreatureEnv Inicijalizacija: 12 motora. OBS_dim=40, frame_skip=1
[Fitness run Gen10Creature3] reward=0.96±0.17  dist=0.00±0.00  upright=0.25±0.01  → FITNESS=0.1457
URDF saved to being.urdf
Connecting to PyBullet, GUI: False
CreatureEnv Inicijalizacija: 12 motora. OBS_dim=40, frame_skip=1
[Fitness run Gen10Creature4] reward=0.58±0.01  dist=0.00±0.00  upright=0.19±0.08  → FITNESS=0.1118
URDF saved to being.urdf
Connecting to PyBullet, GUI: False
CreatureEnv Inicijalizacija: 12 motora. OBS_dim=40, frame_skip=1
[Fitness run Gen10Creature5] reward=1083.54±7.07  dist=0.00±0.00  upright=1.00±0.00  → FITNESS=0.6167
URDF saved to being.urdf
Connecting to PyBullet, GUI: False
CreatureEnv Inicijalizacija: 12 motora. OBS_dim=40, frame_skip=1
[Fitness run Gen10Creature6] reward=1009.90±21.02  dist=0.12±0.04  upright=1.00±0.00  → FITNESS=0.6118
URDF saved to being.urdf
Connecting to PyBullet, GUI: False
CreatureEnv Inicijalizacija: 12 motora. OBS_dim=40, frame_skip=1
[Fitness run Gen10Creature7] reward=1043.37±5.96  dist=0.01±0.01  upright=1.00±0.00  → FITNESS=0.6132
URDF saved to being.urdf
Connecting to PyBullet, GUI: False
CreatureEnv Inicijalizacija: 12 motora. OBS_dim=40, frame_skip=1
[Fitness run Gen10Creature8] reward=1.32±0.02  dist=0.00±0.00  upright=0.02±0.02  → FITNESS=0.0264
URDF saved to being.urdf
Connecting to PyBullet, GUI: False
CreatureEnv Inicijalizacija: 12 motora. OBS_dim=40, frame_skip=1
[Fitness run Gen10Creature9] reward=1088.08±9.46  dist=0.01±0.00  upright=1.00±0.00  → FITNESS=0.6172
URDF saved to being.urdf
Connecting to PyBullet, GUI: False
CreatureEnv Inicijalizacija: 12 motora. OBS_dim=40, frame_skip=1
[Fitness run Gen10Creature10] reward=1.56±0.07  dist=0.06±0.04  upright=0.18±0.06  → FITNESS=0.1096
URDF saved to being.urdf
Connecting to PyBullet, GUI: False
CreatureEnv Inicijalizacija: 12 motora. OBS_dim=40, frame_skip=1
[Fitness run Gen10Creature11] reward=1.57±0.03  dist=0.00±0.00  upright=0.00±0.00  → FITNESS=0.0183
URDF saved to being.urdf
Connecting to PyBullet, GUI: False
CreatureEnv Inicijalizacija: 12 motora. OBS_dim=40, frame_skip=1
[Fitness run Gen10Creature12] reward=1062.36±0.11  dist=0.02±0.01  upright=1.00±0.00  → FITNESS=0.6150
URDF saved to being.urdf
Connecting to PyBullet, GUI: False
CreatureEnv Inicijalizacija: 12 motora. OBS_dim=40, frame_skip=1
[Fitness run Gen10Creature13] reward=1.45±0.09  dist=0.06±0.03  upright=0.00±0.00  → FITNESS=0.0192
URDF saved to being.urdf
Connecting to PyBullet, GUI: False
CreatureEnv Inicijalizacija: 12 motora. OBS_dim=40, frame_skip=1
[Fitness run Gen10Creature14] reward=0.47±0.08  dist=0.00±0.00  upright=0.00±0.00  → FITNESS=0.0182
URDF saved to being.urdf
Connecting to PyBullet, GUI: False
CreatureEnv Inicijalizacija: 12 motora. OBS_dim=40, frame_skip=1
[Fitness run Gen10Creature15] reward=0.91±0.37  dist=0.09±0.10  upright=0.38±0.20  → FITNESS=0.2116
URDF saved to being.urdf
Connecting to PyBullet, GUI: False
CreatureEnv Inicijalizacija: 12 motora. OBS_dim=40, frame_skip=1
[Fitness run Gen10Creature16] reward=2.06±0.00  dist=0.01±0.03  upright=1.00±0.00  → FITNESS=0.5185
URDF saved to being.urdf
Connecting to PyBullet, GUI: False
CreatureEnv Inicijalizacija: 12 motora. OBS_dim=40, frame_skip=1
[Fitness run Gen10Creature17] reward=1048.01±15.72  dist=0.00±0.00  upright=1.00±0.00  → FITNESS=0.6135
URDF saved to being.urdf
Connecting to PyBullet, GUI: False
CreatureEnv Inicijalizacija: 12 motora. OBS_dim=40, frame_skip=1
[Fitness run Gen10Creature18] reward=1.59±0.09  dist=0.04±0.05  upright=0.16±0.04  → FITNESS=0.0979
URDF saved to being.urdf
Connecting to PyBullet, GUI: False
CreatureEnv Inicijalizacija: 12 motora. OBS_dim=40, frame_skip=1
[Fitness run Gen10Creature19] reward=1107.95±24.13  dist=0.25±0.08  upright=1.00±0.00  → FITNESS=0.6226
URDF saved to being.urdf
Connecting to PyBullet, GUI: False
CreatureEnv Inicijalizacija: 12 motora. OBS_dim=40, frame_skip=1
[Fitness run Gen10Creature20] reward=1058.96±0.02  dist=0.01±0.00  upright=1.00±0.00  → FITNESS=0.6146
URDF saved to being.urdf
Connecting to PyBullet, GUI: False
CreatureEnv Inicijalizacija: 12 motora. OBS_dim=40, frame_skip=1
[Fitness run Gen10Creature21] reward=1.73±0.04  dist=0.43±0.14  upright=0.40±0.07  → FITNESS=0.2264
URDF saved to being.urdf
Connecting to PyBullet, GUI: False
CreatureEnv Inicijalizacija: 12 motora. OBS_dim=40, frame_skip=1
[Fitness run Gen10Creature22] reward=1052.60±0.01  dist=0.01±0.00  upright=1.00±0.00  → FITNESS=0.6140
URDF saved to being.urdf
Connecting to PyBullet, GUI: False
CreatureEnv Inicijalizacija: 12 motora. OBS_dim=40, frame_skip=1
[Fitness run Gen10Creature23] reward=1075.71±0.58  dist=0.00±0.00  upright=1.00±0.00  → FITNESS=0.6160
URDF saved to being.urdf
Connecting to PyBullet, GUI: False
CreatureEnv Inicijalizacija: 12 motora. OBS_dim=40, frame_skip=1
[Fitness run Gen10Creature24] reward=105.39±309.90  dist=0.00±0.00  upright=1.00±0.00  → FITNESS=0.5278
URDF saved to being.urdf
Connecting to PyBullet, GUI: False
CreatureEnv Inicijalizacija: 12 motora. OBS_dim=40, frame_skip=1
[Fitness run Gen10Creature25] reward=1068.94±0.09  dist=0.02±0.01  upright=1.00±0.00  → FITNESS=0.6157
URDF saved to being.urdf
Connecting to PyBullet, GUI: False
CreatureEnv Inicijalizacija: 12 motora. OBS_dim=40, frame_skip=1
[Fitness run Gen10Creature26] reward=0.99±0.08  dist=0.00±0.00  upright=0.22±0.08  → FITNESS=0.1279
URDF saved to being.urdf
Connecting to PyBullet, GUI: False
CreatureEnv Inicijalizacija: 12 motora. OBS_dim=40, frame_skip=1
[Fitness run Gen10Creature27] reward=0.83±0.28  dist=0.27±0.10  upright=0.20±0.02  → FITNESS=0.1222
URDF saved to being.urdf
Connecting to PyBullet, GUI: False
CreatureEnv Inicijalizacija: 12 motora. OBS_dim=40, frame_skip=1
[Fitness run Gen10Creature28] reward=1.70±0.00  dist=0.00±0.00  upright=1.00±0.00  → FITNESS=0.5183
URDF saved to being.urdf
Connecting to PyBullet, GUI: False
CreatureEnv Inicijalizacija: 12 motora. OBS_dim=40, frame_skip=1
[Fitness run Gen10Creature29] reward=1028.48±0.03  dist=0.03±0.01  upright=1.00±0.00  → FITNESS=0.6121

==================================================
Generacija 10/20  |  Best = 0.6226  |  Mean = 0.3990  |  Std = 0.2472
==================================================
URDF saved to being.urdf
Connecting to PyBullet, GUI: False
CreatureEnv Inicijalizacija: 12 motora. OBS_dim=40, frame_skip=1
[Fitness run Gen10Creature2] reward=915.35±304.68  dist=0.01±0.03  upright=0.90±0.30  → FITNESS=0.5516
URDF saved to being.urdf
Connecting to PyBullet, GUI: False
CreatureEnv Inicijalizacija: 12 motora. OBS_dim=40, frame_skip=1
[Fitness run Gen10Creature3] reward=0.96±0.17  dist=0.00±0.00  upright=0.25±0.01  → FITNESS=0.1457
URDF saved to being.urdf
Connecting to PyBullet, GUI: False
CreatureEnv Inicijalizacija: 12 motora. OBS_dim=40, frame_skip=1
[Fitness run Gen10Creature4] reward=0.58±0.01  dist=0.00±0.00  upright=0.19±0.08  → FITNESS=0.1118
URDF saved to being.urdf
Connecting to PyBullet, GUI: False
CreatureEnv Inicijalizacija: 12 motora. OBS_dim=40, frame_skip=1
[Fitness run Gen10Creature5] reward=1083.54±7.07  dist=0.00±0.00  upright=1.00±0.00  → FITNESS=0.6167
URDF saved to being.urdf
Connecting to PyBullet, GUI: False
CreatureEnv Inicijalizacija: 12 motora. OBS_dim=40, frame_skip=1
[Fitness run Gen10Creature6] reward=1009.90±21.02  dist=0.12±0.04  upright=1.00±0.00  → FITNESS=0.6118
URDF saved to being.urdf
Connecting to PyBullet, GUI: False
CreatureEnv Inicijalizacija: 12 motora. OBS_dim=40, frame_skip=1
[Fitness run Gen10Creature7] reward=1043.37±5.96  dist=0.01±0.01  upright=1.00±0.00  → FITNESS=0.6132
URDF saved to being.urdf
Connecting to PyBullet, GUI: False
CreatureEnv Inicijalizacija: 12 motora. OBS_dim=40, frame_skip=1
[Fitness run Gen10Creature8] reward=1.32±0.02  dist=0.00±0.00  upright=0.02±0.02  → FITNESS=0.0264
URDF saved to being.urdf
Connecting to PyBullet, GUI: False
CreatureEnv Inicijalizacija: 12 motora. OBS_dim=40, frame_skip=1
[Fitness run Gen10Creature9] reward=1088.08±9.46  dist=0.01±0.00  upright=1.00±0.00  → FITNESS=0.6172
URDF saved to being.urdf
Connecting to PyBullet, GUI: False
CreatureEnv Inicijalizacija: 12 motora. OBS_dim=40, frame_skip=1
[Fitness run Gen10Creature10] reward=1.56±0.07  dist=0.06±0.04  upright=0.18±0.06  → FITNESS=0.1096
URDF saved to being.urdf
Connecting to PyBullet, GUI: False
CreatureEnv Inicijalizacija: 12 motora. OBS_dim=40, frame_skip=1
[Fitness run Gen10Creature11] reward=1.57±0.03  dist=0.00±0.00  upright=0.00±0.00  → FITNESS=0.0183
URDF saved to being.urdf
Connecting to PyBullet, GUI: False
CreatureEnv Inicijalizacija: 12 motora. OBS_dim=40, frame_skip=1
[Fitness run Gen10Creature12] reward=1062.36±0.11  dist=0.02±0.01  upright=1.00±0.00  → FITNESS=0.6150
URDF saved to being.urdf
Connecting to PyBullet, GUI: False
CreatureEnv Inicijalizacija: 12 motora. OBS_dim=40, frame_skip=1
[Fitness run Gen10Creature13] reward=1.45±0.09  dist=0.06±0.03  upright=0.00±0.00  → FITNESS=0.0192
URDF saved to being.urdf
Connecting to PyBullet, GUI: False
CreatureEnv Inicijalizacija: 12 motora. OBS_dim=40, frame_skip=1
[Fitness run Gen10Creature14] reward=0.47±0.08  dist=0.00±0.00  upright=0.00±0.00  → FITNESS=0.0182
URDF saved to being.urdf
Connecting to PyBullet, GUI: False
CreatureEnv Inicijalizacija: 12 motora. OBS_dim=40, frame_skip=1
[Fitness run Gen10Creature15] reward=0.91±0.37  dist=0.09±0.10  upright=0.38±0.20  → FITNESS=0.2116
URDF saved to being.urdf
Connecting to PyBullet, GUI: False
CreatureEnv Inicijalizacija: 12 motora. OBS_dim=40, frame_skip=1
[Fitness run Gen10Creature16] reward=2.06±0.00  dist=0.01±0.03  upright=1.00±0.00  → FITNESS=0.5185
URDF saved to being.urdf
Connecting to PyBullet, GUI: False
CreatureEnv Inicijalizacija: 12 motora. OBS_dim=40, frame_skip=1
[Fitness run Gen10Creature17] reward=1048.01±15.72  dist=0.00±0.00  upright=1.00±0.00  → FITNESS=0.6135
URDF saved to being.urdf
Connecting to PyBullet, GUI: False
CreatureEnv Inicijalizacija: 12 motora. OBS_dim=40, frame_skip=1
[Fitness run Gen10Creature18] reward=1.59±0.09  dist=0.04±0.05  upright=0.16±0.04  → FITNESS=0.0979
URDF saved to being.urdf
Connecting to PyBullet, GUI: False
CreatureEnv Inicijalizacija: 12 motora. OBS_dim=40, frame_skip=1
[Fitness run Gen10Creature19] reward=1107.95±24.13  dist=0.25±0.08  upright=1.00±0.00  → FITNESS=0.6226
URDF saved to being.urdf
Connecting to PyBullet, GUI: False
CreatureEnv Inicijalizacija: 12 motora. OBS_dim=40, frame_skip=1
[Fitness run Gen10Creature20] reward=1058.96±0.02  dist=0.01±0.00  upright=1.00±0.00  → FITNESS=0.6146
URDF saved to being.urdf
Connecting to PyBullet, GUI: False
CreatureEnv Inicijalizacija: 12 motora. OBS_dim=40, frame_skip=1
[Fitness run Gen10Creature21] reward=1.73±0.04  dist=0.43±0.14  upright=0.40±0.07  → FITNESS=0.2264
URDF saved to being.urdf
Connecting to PyBullet, GUI: False
CreatureEnv Inicijalizacija: 12 motora. OBS_dim=40, frame_skip=1
[Fitness run Gen10Creature22] reward=1052.60±0.01  dist=0.01±0.00  upright=1.00±0.00  → FITNESS=0.6140
URDF saved to being.urdf
Connecting to PyBullet, GUI: False
CreatureEnv Inicijalizacija: 12 motora. OBS_dim=40, frame_skip=1
[Fitness run Gen10Creature23] reward=1075.71±0.58  dist=0.00±0.00  upright=1.00±0.00  → FITNESS=0.6160
URDF saved to being.urdf
Connecting to PyBullet, GUI: False
CreatureEnv Inicijalizacija: 12 motora. OBS_dim=40, frame_skip=1
[Fitness run Gen10Creature24] reward=105.39±309.90  dist=0.00±0.00  upright=1.00±0.00  → FITNESS=0.5278
URDF saved to being.urdf
Connecting to PyBullet, GUI: False
CreatureEnv Inicijalizacija: 12 motora. OBS_dim=40, frame_skip=1
[Fitness run Gen10Creature25] reward=1068.94±0.09  dist=0.02±0.01  upright=1.00±0.00  → FITNESS=0.6157
URDF saved to being.urdf
Connecting to PyBullet, GUI: False
CreatureEnv Inicijalizacija: 12 motora. OBS_dim=40, frame_skip=1
[Fitness run Gen10Creature26] reward=0.99±0.08  dist=0.00±0.00  upright=0.22±0.08  → FITNESS=0.1279
URDF saved to being.urdf
Connecting to PyBullet, GUI: False
CreatureEnv Inicijalizacija: 12 motora. OBS_dim=40, frame_skip=1
[Fitness run Gen10Creature27] reward=0.83±0.28  dist=0.27±0.10  upright=0.20±0.02  → FITNESS=0.1222
URDF saved to being.urdf
Connecting to PyBullet, GUI: False
CreatureEnv Inicijalizacija: 12 motora. OBS_dim=40, frame_skip=1
[Fitness run Gen10Creature28] reward=1.70±0.00  dist=0.00±0.00  upright=1.00±0.00  → FITNESS=0.5183
URDF saved to being.urdf
Connecting to PyBullet, GUI: False
CreatureEnv Inicijalizacija: 12 motora. OBS_dim=40, frame_skip=1
[Fitness run Gen10Creature29] reward=1028.48±0.03  dist=0.03±0.01  upright=1.00±0.00  → FITNESS=0.6121
Genome saved to results\uprightBased500Steps1Seed\run_3\run_3_best_creature.json
[plot] Saved → ./results\uprightBased500Steps1Seed\run_3\run_3_summary.png
URDF saved to being.urdf
Connecting to PyBullet, GUI: False
CreatureEnv Inicijalizacija: 12 motora. OBS_dim=40, frame_skip=1
[Fitness run Gen11Creature2] reward=924.51±307.71  dist=0.39±0.19  upright=0.90±0.29  → FITNESS=0.5596
URDF saved to being.urdf
Connecting to PyBullet, GUI: False
CreatureEnv Inicijalizacija: 12 motora. OBS_dim=40, frame_skip=1
[Fitness run Gen11Creature3] reward=911.83±303.44  dist=0.01±0.01  upright=0.92±0.23  → FITNESS=0.5626
URDF saved to being.urdf
Connecting to PyBullet, GUI: False
CreatureEnv Inicijalizacija: 12 motora. OBS_dim=40, frame_skip=1
[Fitness run Gen11Creature4] reward=1.56±0.14  dist=0.06±0.03  upright=0.04±0.13  → FITNESS=0.0402
URDF saved to being.urdf
Connecting to PyBullet, GUI: False
CreatureEnv Inicijalizacija: 12 motora. OBS_dim=40, frame_skip=1
[Fitness run Gen11Creature5] reward=952.58±317.03  dist=0.00±0.00  upright=0.91±0.26  → FITNESS=0.5612
URDF saved to being.urdf
Connecting to PyBullet, GUI: False
CreatureEnv Inicijalizacija: 12 motora. OBS_dim=40, frame_skip=1
[Fitness run Gen11Creature6] reward=1.43±0.10  dist=0.00±0.00  upright=0.01±0.04  → FITNESS=0.0248
URDF saved to being.urdf
Connecting to PyBullet, GUI: False
CreatureEnv Inicijalizacija: 12 motora. OBS_dim=40, frame_skip=1
[Fitness run Gen11Creature7] reward=952.03±316.89  dist=0.04±0.05  upright=0.90±0.30  → FITNESS=0.5553
URDF saved to being.urdf
Connecting to PyBullet, GUI: False
CreatureEnv Inicijalizacija: 12 motora. OBS_dim=40, frame_skip=1
[Fitness run Gen11Creature8] reward=1.33±0.02  dist=0.00±0.00  upright=0.01±0.01  → FITNESS=0.0215
URDF saved to being.urdf
Connecting to PyBullet, GUI: False
CreatureEnv Inicijalizacija: 12 motora. OBS_dim=40, frame_skip=1
[Fitness run Gen11Creature9] reward=1043.71±0.04  dist=0.02±0.01  upright=1.00±0.00  → FITNESS=0.6134
URDF saved to being.urdf
Connecting to PyBullet, GUI: False
CreatureEnv Inicijalizacija: 12 motora. OBS_dim=40, frame_skip=1
[Fitness run Gen11Creature10] reward=1.31±0.02  dist=0.03±0.02  upright=0.00±0.00  → FITNESS=0.0187
URDF saved to being.urdf
Connecting to PyBullet, GUI: False
CreatureEnv Inicijalizacija: 12 motora. OBS_dim=40, frame_skip=1
[Fitness run Gen11Creature11] reward=1.11±0.14  dist=0.02±0.01  upright=0.31±0.02  → FITNESS=0.1734
URDF saved to being.urdf
Connecting to PyBullet, GUI: False
CreatureEnv Inicijalizacija: 12 motora. OBS_dim=40, frame_skip=1
[Fitness run Gen11Creature12] reward=1.44±0.01  dist=0.14±0.06  upright=0.05±0.16  → FITNESS=0.0478
URDF saved to being.urdf
Connecting to PyBullet, GUI: False
CreatureEnv Inicijalizacija: 12 motora. OBS_dim=40, frame_skip=1
[Fitness run Gen11Creature13] reward=1.47±0.13  dist=0.00±0.01  upright=0.00±0.00  → FITNESS=0.0184
URDF saved to being.urdf
Connecting to PyBullet, GUI: False
CreatureEnv Inicijalizacija: 12 motora. OBS_dim=40, frame_skip=1
[Fitness run Gen11Creature14] reward=1.71±0.11  dist=0.02±0.04  upright=0.00±0.00  → FITNESS=0.0186
URDF saved to being.urdf
Connecting to PyBullet, GUI: False
CreatureEnv Inicijalizacija: 12 motora. OBS_dim=40, frame_skip=1
[Fitness run Gen11Creature15] reward=1.34±0.00  dist=0.27±0.02  upright=0.01±0.04  → FITNESS=0.0288
URDF saved to being.urdf
Connecting to PyBullet, GUI: False
CreatureEnv Inicijalizacija: 12 motora. OBS_dim=40, frame_skip=1
[Fitness run Gen11Creature16] reward=1.59±0.09  dist=0.00±0.00  upright=0.08±0.15  → FITNESS=0.0586
URDF saved to being.urdf
Connecting to PyBullet, GUI: False
CreatureEnv Inicijalizacija: 12 motora. OBS_dim=40, frame_skip=1
[Fitness run Gen11Creature17] reward=973.14±323.90  dist=0.00±0.01  upright=0.90±0.30  → FITNESS=0.5567
URDF saved to being.urdf
Connecting to PyBullet, GUI: False
CreatureEnv Inicijalizacija: 12 motora. OBS_dim=40, frame_skip=1
[Fitness run Gen11Creature18] reward=1.45±0.03  dist=0.00±0.01  upright=0.12±0.03  → FITNESS=0.0781
URDF saved to being.urdf
Connecting to PyBullet, GUI: False
CreatureEnv Inicijalizacija: 12 motora. OBS_dim=40, frame_skip=1
[Fitness run Gen11Creature19] reward=983.87±327.40  dist=0.01±0.01  upright=0.97±0.08  → FITNESS=0.5948
URDF saved to being.urdf
Connecting to PyBullet, GUI: False
CreatureEnv Inicijalizacija: 12 motora. OBS_dim=40, frame_skip=1
[Fitness run Gen11Creature21] reward=3.77±6.16  dist=0.29±0.12  upright=0.38±0.20  → FITNESS=0.2152
URDF saved to being.urdf
Connecting to PyBullet, GUI: False
CreatureEnv Inicijalizacija: 12 motora. OBS_dim=40, frame_skip=1
[Fitness run Gen11Creature22] reward=1058.96±0.02  dist=0.01±0.00  upright=1.00±0.00  → FITNESS=0.6146
URDF saved to being.urdf
Connecting to PyBullet, GUI: False
CreatureEnv Inicijalizacija: 12 motora. OBS_dim=40, frame_skip=1
[Fitness run Gen11Creature23] reward=1078.22±0.04  dist=0.00±0.00  upright=1.00±0.00  → FITNESS=0.6162
URDF saved to being.urdf
Connecting to PyBullet, GUI: False
CreatureEnv Inicijalizacija: 12 motora. OBS_dim=40, frame_skip=1
[Fitness run Gen11Creature24] reward=1043.22±0.19  dist=0.03±0.01  upright=1.00±0.00  → FITNESS=0.6135
URDF saved to being.urdf
Connecting to PyBullet, GUI: False
CreatureEnv Inicijalizacija: 12 motora. OBS_dim=40, frame_skip=1
[Fitness run Gen11Creature25] reward=951.54±316.52  dist=0.01±0.01  upright=1.00±0.00  → FITNESS=0.6049
URDF saved to being.urdf
Connecting to PyBullet, GUI: False
CreatureEnv Inicijalizacija: 12 motora. OBS_dim=40, frame_skip=1
[Fitness run Gen11Creature26] reward=1.46±0.05  dist=0.00±0.00  upright=0.03±0.09  → FITNESS=0.0328
URDF saved to being.urdf
Connecting to PyBullet, GUI: False
CreatureEnv Inicijalizacija: 12 motora. OBS_dim=40, frame_skip=1
[Fitness run Gen11Creature27] reward=0.97±0.52  dist=0.08±0.25  upright=0.23±0.18  → FITNESS=0.1340
URDF saved to being.urdf
Connecting to PyBullet, GUI: False
CreatureEnv Inicijalizacija: 12 motora. OBS_dim=40, frame_skip=1
[Fitness run Gen11Creature28] reward=1.73±0.00  dist=0.00±0.00  upright=1.00±0.00  → FITNESS=0.5183
URDF saved to being.urdf
Connecting to PyBullet, GUI: False
CreatureEnv Inicijalizacija: 12 motora. OBS_dim=40, frame_skip=1
[Fitness run Gen11Creature29] reward=906.88±301.87  dist=0.02±0.01  upright=0.93±0.21  → FITNESS=0.5655

==================================================
Generacija 11/20  |  Best = 0.6226  |  Mean = 0.3435  |  Std = 0.2648
==================================================
URDF saved to being.urdf
Connecting to PyBullet, GUI: False
CreatureEnv Inicijalizacija: 12 motora. OBS_dim=40, frame_skip=1
[Fitness run Gen11Creature2] reward=924.51±307.71  dist=0.39±0.19  upright=0.90±0.29  → FITNESS=0.5596
URDF saved to being.urdf
Connecting to PyBullet, GUI: False
CreatureEnv Inicijalizacija: 12 motora. OBS_dim=40, frame_skip=1
[Fitness run Gen11Creature3] reward=911.83±303.44  dist=0.01±0.01  upright=0.92±0.23  → FITNESS=0.5626
URDF saved to being.urdf
Connecting to PyBullet, GUI: False
CreatureEnv Inicijalizacija: 12 motora. OBS_dim=40, frame_skip=1
[Fitness run Gen11Creature4] reward=1.56±0.14  dist=0.06±0.03  upright=0.04±0.13  → FITNESS=0.0402
URDF saved to being.urdf
Connecting to PyBullet, GUI: False
CreatureEnv Inicijalizacija: 12 motora. OBS_dim=40, frame_skip=1
[Fitness run Gen11Creature5] reward=952.58±317.03  dist=0.00±0.00  upright=0.91±0.26  → FITNESS=0.5612
URDF saved to being.urdf
Connecting to PyBullet, GUI: False
CreatureEnv Inicijalizacija: 12 motora. OBS_dim=40, frame_skip=1
[Fitness run Gen11Creature6] reward=1.43±0.10  dist=0.00±0.00  upright=0.01±0.04  → FITNESS=0.0248
URDF saved to being.urdf
Connecting to PyBullet, GUI: False
CreatureEnv Inicijalizacija: 12 motora. OBS_dim=40, frame_skip=1
[Fitness run Gen11Creature7] reward=952.03±316.89  dist=0.04±0.05  upright=0.90±0.30  → FITNESS=0.5553
URDF saved to being.urdf
Connecting to PyBullet, GUI: False
CreatureEnv Inicijalizacija: 12 motora. OBS_dim=40, frame_skip=1
[Fitness run Gen11Creature8] reward=1.33±0.02  dist=0.00±0.00  upright=0.01±0.01  → FITNESS=0.0215
URDF saved to being.urdf
Connecting to PyBullet, GUI: False
CreatureEnv Inicijalizacija: 12 motora. OBS_dim=40, frame_skip=1
[Fitness run Gen11Creature9] reward=1043.71±0.04  dist=0.02±0.01  upright=1.00±0.00  → FITNESS=0.6134
URDF saved to being.urdf
Connecting to PyBullet, GUI: False
CreatureEnv Inicijalizacija: 12 motora. OBS_dim=40, frame_skip=1
[Fitness run Gen11Creature10] reward=1.31±0.02  dist=0.03±0.02  upright=0.00±0.00  → FITNESS=0.0187
URDF saved to being.urdf
Connecting to PyBullet, GUI: False
CreatureEnv Inicijalizacija: 12 motora. OBS_dim=40, frame_skip=1
[Fitness run Gen11Creature11] reward=1.11±0.14  dist=0.02±0.01  upright=0.31±0.02  → FITNESS=0.1734
URDF saved to being.urdf
Connecting to PyBullet, GUI: False
CreatureEnv Inicijalizacija: 12 motora. OBS_dim=40, frame_skip=1
[Fitness run Gen11Creature12] reward=1.44±0.01  dist=0.14±0.06  upright=0.05±0.16  → FITNESS=0.0478
URDF saved to being.urdf
Connecting to PyBullet, GUI: False
CreatureEnv Inicijalizacija: 12 motora. OBS_dim=40, frame_skip=1
[Fitness run Gen11Creature13] reward=1.47±0.13  dist=0.00±0.01  upright=0.00±0.00  → FITNESS=0.0184
URDF saved to being.urdf
Connecting to PyBullet, GUI: False
CreatureEnv Inicijalizacija: 12 motora. OBS_dim=40, frame_skip=1
[Fitness run Gen11Creature14] reward=1.71±0.11  dist=0.02±0.04  upright=0.00±0.00  → FITNESS=0.0186
URDF saved to being.urdf
Connecting to PyBullet, GUI: False
CreatureEnv Inicijalizacija: 12 motora. OBS_dim=40, frame_skip=1
[Fitness run Gen11Creature15] reward=1.34±0.00  dist=0.27±0.02  upright=0.01±0.04  → FITNESS=0.0288
URDF saved to being.urdf
Connecting to PyBullet, GUI: False
CreatureEnv Inicijalizacija: 12 motora. OBS_dim=40, frame_skip=1
[Fitness run Gen11Creature16] reward=1.59±0.09  dist=0.00±0.00  upright=0.08±0.15  → FITNESS=0.0586
URDF saved to being.urdf
Connecting to PyBullet, GUI: False
CreatureEnv Inicijalizacija: 12 motora. OBS_dim=40, frame_skip=1
[Fitness run Gen11Creature17] reward=973.14±323.90  dist=0.00±0.01  upright=0.90±0.30  → FITNESS=0.5567
URDF saved to being.urdf
Connecting to PyBullet, GUI: False
CreatureEnv Inicijalizacija: 12 motora. OBS_dim=40, frame_skip=1
[Fitness run Gen11Creature18] reward=1.45±0.03  dist=0.00±0.01  upright=0.12±0.03  → FITNESS=0.0781
URDF saved to being.urdf
Connecting to PyBullet, GUI: False
CreatureEnv Inicijalizacija: 12 motora. OBS_dim=40, frame_skip=1
[Fitness run Gen11Creature19] reward=983.87±327.40  dist=0.01±0.01  upright=0.97±0.08  → FITNESS=0.5948
URDF saved to being.urdf
Connecting to PyBullet, GUI: False
CreatureEnv Inicijalizacija: 12 motora. OBS_dim=40, frame_skip=1
[Fitness run Gen11Creature21] reward=3.77±6.16  dist=0.29±0.12  upright=0.38±0.20  → FITNESS=0.2152
URDF saved to being.urdf
Connecting to PyBullet, GUI: False
CreatureEnv Inicijalizacija: 12 motora. OBS_dim=40, frame_skip=1
[Fitness run Gen11Creature22] reward=1058.96±0.02  dist=0.01±0.00  upright=1.00±0.00  → FITNESS=0.6146
URDF saved to being.urdf
Connecting to PyBullet, GUI: False
CreatureEnv Inicijalizacija: 12 motora. OBS_dim=40, frame_skip=1
[Fitness run Gen11Creature23] reward=1078.22±0.04  dist=0.00±0.00  upright=1.00±0.00  → FITNESS=0.6162
URDF saved to being.urdf
Connecting to PyBullet, GUI: False
CreatureEnv Inicijalizacija: 12 motora. OBS_dim=40, frame_skip=1
[Fitness run Gen11Creature24] reward=1043.22±0.19  dist=0.03±0.01  upright=1.00±0.00  → FITNESS=0.6135
URDF saved to being.urdf
Connecting to PyBullet, GUI: False
CreatureEnv Inicijalizacija: 12 motora. OBS_dim=40, frame_skip=1
[Fitness run Gen11Creature25] reward=951.54±316.52  dist=0.01±0.01  upright=1.00±0.00  → FITNESS=0.6049
URDF saved to being.urdf
Connecting to PyBullet, GUI: False
CreatureEnv Inicijalizacija: 12 motora. OBS_dim=40, frame_skip=1
[Fitness run Gen11Creature26] reward=1.46±0.05  dist=0.00±0.00  upright=0.03±0.09  → FITNESS=0.0328
URDF saved to being.urdf
Connecting to PyBullet, GUI: False
CreatureEnv Inicijalizacija: 12 motora. OBS_dim=40, frame_skip=1
[Fitness run Gen11Creature27] reward=0.97±0.52  dist=0.08±0.25  upright=0.23±0.18  → FITNESS=0.1340
URDF saved to being.urdf
Connecting to PyBullet, GUI: False
CreatureEnv Inicijalizacija: 12 motora. OBS_dim=40, frame_skip=1
[Fitness run Gen11Creature28] reward=1.73±0.00  dist=0.00±0.00  upright=1.00±0.00  → FITNESS=0.5183
URDF saved to being.urdf
Connecting to PyBullet, GUI: False
CreatureEnv Inicijalizacija: 12 motora. OBS_dim=40, frame_skip=1
[Fitness run Gen11Creature29] reward=906.88±301.87  dist=0.02±0.01  upright=0.93±0.21  → FITNESS=0.5655
Genome saved to results\uprightBased500Steps1Seed\run_3\run_3_best_creature.json
[plot] Saved → ./results\uprightBased500Steps1Seed\run_3\run_3_summary.png
URDF saved to being.urdf
Connecting to PyBullet, GUI: False
CreatureEnv Inicijalizacija: 12 motora. OBS_dim=40, frame_skip=1
[Fitness run Gen12Creature2] reward=938.64±312.21  dist=0.04±0.01  upright=1.00±0.00  → FITNESS=0.6042
URDF saved to being.urdf
Connecting to PyBullet, GUI: False
CreatureEnv Inicijalizacija: 12 motora. OBS_dim=40, frame_skip=1
[Fitness run Gen12Creature3] reward=948.32±315.67  dist=0.00±0.00  upright=0.92±0.25  → FITNESS=0.5625
URDF saved to being.urdf
Connecting to PyBullet, GUI: False
CreatureEnv Inicijalizacija: 12 motora. OBS_dim=40, frame_skip=1
[Fitness run Gen12Creature4] reward=1.41±0.11  dist=0.00±0.00  upright=0.05±0.14  → FITNESS=0.0409
URDF saved to being.urdf
Connecting to PyBullet, GUI: False
CreatureEnv Inicijalizacija: 12 motora. OBS_dim=40, frame_skip=1
[Fitness run Gen12Creature5] reward=920.23±306.43  dist=0.00±0.00  upright=0.90±0.30  → FITNESS=0.5519
URDF saved to being.urdf
Connecting to PyBullet, GUI: False
CreatureEnv Inicijalizacija: 12 motora. OBS_dim=40, frame_skip=1
[Fitness run Gen12Creature6] reward=1008.86±0.05  dist=0.07±0.03  upright=1.00±0.00  → FITNESS=0.6110
URDF saved to being.urdf
Connecting to PyBullet, GUI: False
CreatureEnv Inicijalizacija: 12 motora. OBS_dim=40, frame_skip=1
[Fitness run Gen12Creature7] reward=2.62±1.32  dist=0.01±0.01  upright=1.00±0.00  → FITNESS=0.5186
URDF saved to being.urdf
Connecting to PyBullet, GUI: False
CreatureEnv Inicijalizacija: 12 motora. OBS_dim=40, frame_skip=1
[Fitness run Gen12Creature8] reward=1.47±0.01  dist=0.02±0.01  upright=0.09±0.03  → FITNESS=0.0621
URDF saved to being.urdf
Connecting to PyBullet, GUI: False
CreatureEnv Inicijalizacija: 12 motora. OBS_dim=40, frame_skip=1
[Fitness run Gen12Creature9] reward=1082.13±0.14  dist=0.02±0.01  upright=1.00±0.00  → FITNESS=0.6168
URDF saved to being.urdf
Connecting to PyBullet, GUI: False
CreatureEnv Inicijalizacija: 12 motora. OBS_dim=40, frame_skip=1
[Fitness run Gen12Creature10] reward=1.52±0.04  dist=0.10±0.04  upright=0.25±0.02  → FITNESS=0.1456
URDF saved to being.urdf
Connecting to PyBullet, GUI: False
CreatureEnv Inicijalizacija: 12 motora. OBS_dim=40, frame_skip=1
[Fitness run Gen12Creature11] reward=-0.31±0.04  dist=0.00±0.00  upright=0.16±0.01  → FITNESS=0.0972
URDF saved to being.urdf
Connecting to PyBullet, GUI: False
CreatureEnv Inicijalizacija: 12 motora. OBS_dim=40, frame_skip=1
[Fitness run Gen12Creature12] reward=1.49±0.07  dist=0.05±0.03  upright=0.01±0.02  → FITNESS=0.0223
URDF saved to being.urdf
Connecting to PyBullet, GUI: False
CreatureEnv Inicijalizacija: 12 motora. OBS_dim=40, frame_skip=1
[Fitness run Gen12Creature13] reward=1.45±0.00  dist=0.29±0.10  upright=0.00±0.00  → FITNESS=0.0226
URDF saved to being.urdf
Connecting to PyBullet, GUI: False
CreatureEnv Inicijalizacija: 12 motora. OBS_dim=40, frame_skip=1
[Fitness run Gen12Creature14] reward=1.72±0.16  dist=0.00±0.00  upright=0.00±0.00  → FITNESS=0.0183
URDF saved to being.urdf
Connecting to PyBullet, GUI: False
CreatureEnv Inicijalizacija: 12 motora. OBS_dim=40, frame_skip=1
[Fitness run Gen12Creature15] reward=1054.64±9.59  dist=0.00±0.00  upright=1.00±0.00  → FITNESS=0.6141
URDF saved to being.urdf
Connecting to PyBullet, GUI: False
CreatureEnv Inicijalizacija: 12 motora. OBS_dim=40, frame_skip=1
[Fitness run Gen12Creature16] reward=932.27±310.26  dist=0.00±0.00  upright=0.90±0.30  → FITNESS=0.5530
URDF saved to being.urdf
Connecting to PyBullet, GUI: False
CreatureEnv Inicijalizacija: 12 motora. OBS_dim=40, frame_skip=1
[Fitness run Gen12Creature17] reward=1030.62±0.03  dist=0.00±0.00  upright=1.00±0.00  → FITNESS=0.6119
URDF saved to being.urdf
Connecting to PyBullet, GUI: False
CreatureEnv Inicijalizacija: 12 motora. OBS_dim=40, frame_skip=1
[Fitness run Gen12Creature18] reward=1.56±0.07  dist=0.04±0.06  upright=0.24±0.05  → FITNESS=0.1399
URDF saved to being.urdf
Connecting to PyBullet, GUI: False
CreatureEnv Inicijalizacija: 12 motora. OBS_dim=40, frame_skip=1
[Fitness run Gen12Creature19] reward=1092.58±7.83  dist=0.00±0.00  upright=1.00±0.00  → FITNESS=0.6175
URDF saved to being.urdf
Connecting to PyBullet, GUI: False
CreatureEnv Inicijalizacija: 12 motora. OBS_dim=40, frame_skip=1
[Fitness run Gen12Creature20] reward=1077.97±5.77  dist=0.15±0.05  upright=1.00±0.00  → FITNESS=0.6184
URDF saved to being.urdf
Connecting to PyBullet, GUI: False
CreatureEnv Inicijalizacija: 12 motora. OBS_dim=40, frame_skip=1
[Fitness run Gen12Creature21] reward=1.74±0.07  dist=0.47±0.17  upright=0.28±0.05  → FITNESS=0.1641
URDF saved to being.urdf
Connecting to PyBullet, GUI: False
CreatureEnv Inicijalizacija: 12 motora. OBS_dim=40, frame_skip=1
[Fitness run Gen12Creature22] reward=1075.71±0.58  dist=0.00±0.00  upright=1.00±0.00  → FITNESS=0.6160
URDF saved to being.urdf
Connecting to PyBullet, GUI: False
CreatureEnv Inicijalizacija: 12 motora. OBS_dim=40, frame_skip=1
[Fitness run Gen12Creature24] reward=1056.02±4.86  dist=0.42±0.21  upright=1.00±0.00  → FITNESS=0.6200
URDF saved to being.urdf
Connecting to PyBullet, GUI: False
CreatureEnv Inicijalizacija: 12 motora. OBS_dim=40, frame_skip=1
[Fitness run Gen12Creature25] reward=938.25±312.51  dist=0.00±0.00  upright=0.92±0.25  → FITNESS=0.5615
URDF saved to being.urdf
Connecting to PyBullet, GUI: False
CreatureEnv Inicijalizacija: 12 motora. OBS_dim=40, frame_skip=1
[Fitness run Gen12Creature26] reward=1.53±0.01  dist=0.00±0.00  upright=0.03±0.01  → FITNESS=0.0345
URDF saved to being.urdf
Connecting to PyBullet, GUI: False
CreatureEnv Inicijalizacija: 12 motora. OBS_dim=40, frame_skip=1
[Fitness run Gen12Creature27] reward=0.80±0.19  dist=0.19±0.05  upright=0.21±0.05  → FITNESS=0.1275
URDF saved to being.urdf
Connecting to PyBullet, GUI: False
CreatureEnv Inicijalizacija: 12 motora. OBS_dim=40, frame_skip=1
[Fitness run Gen12Creature28] reward=1.76±0.00  dist=0.00±0.00  upright=1.00±0.00  → FITNESS=0.5183
URDF saved to being.urdf
Connecting to PyBullet, GUI: False
CreatureEnv Inicijalizacija: 12 motora. OBS_dim=40, frame_skip=1
[Fitness run Gen12Creature29] reward=942.32±313.63  dist=0.00±0.00  upright=0.90±0.30  → FITNESS=0.5538

==================================================
Generacija 12/20  |  Best = 0.6226  |  Mean = 0.4028  |  Std = 0.2497
==================================================
URDF saved to being.urdf
Connecting to PyBullet, GUI: False
CreatureEnv Inicijalizacija: 12 motora. OBS_dim=40, frame_skip=1
[Fitness run Gen12Creature2] reward=938.64±312.21  dist=0.04±0.01  upright=1.00±0.00  → FITNESS=0.6042
URDF saved to being.urdf
Connecting to PyBullet, GUI: False
CreatureEnv Inicijalizacija: 12 motora. OBS_dim=40, frame_skip=1
[Fitness run Gen12Creature3] reward=948.32±315.67  dist=0.00±0.00  upright=0.92±0.25  → FITNESS=0.5625
URDF saved to being.urdf
Connecting to PyBullet, GUI: False
CreatureEnv Inicijalizacija: 12 motora. OBS_dim=40, frame_skip=1
[Fitness run Gen12Creature4] reward=1.41±0.11  dist=0.00±0.00  upright=0.05±0.14  → FITNESS=0.0409
URDF saved to being.urdf
Connecting to PyBullet, GUI: False
CreatureEnv Inicijalizacija: 12 motora. OBS_dim=40, frame_skip=1
[Fitness run Gen12Creature5] reward=920.23±306.43  dist=0.00±0.00  upright=0.90±0.30  → FITNESS=0.5519
URDF saved to being.urdf
Connecting to PyBullet, GUI: False
CreatureEnv Inicijalizacija: 12 motora. OBS_dim=40, frame_skip=1
[Fitness run Gen12Creature6] reward=1008.86±0.05  dist=0.07±0.03  upright=1.00±0.00  → FITNESS=0.6110
URDF saved to being.urdf
Connecting to PyBullet, GUI: False
CreatureEnv Inicijalizacija: 12 motora. OBS_dim=40, frame_skip=1
[Fitness run Gen12Creature7] reward=2.62±1.32  dist=0.01±0.01  upright=1.00±0.00  → FITNESS=0.5186
URDF saved to being.urdf
Connecting to PyBullet, GUI: False
CreatureEnv Inicijalizacija: 12 motora. OBS_dim=40, frame_skip=1
[Fitness run Gen12Creature8] reward=1.47±0.01  dist=0.02±0.01  upright=0.09±0.03  → FITNESS=0.0621
URDF saved to being.urdf
Connecting to PyBullet, GUI: False
CreatureEnv Inicijalizacija: 12 motora. OBS_dim=40, frame_skip=1
[Fitness run Gen12Creature9] reward=1082.13±0.14  dist=0.02±0.01  upright=1.00±0.00  → FITNESS=0.6168
URDF saved to being.urdf
Connecting to PyBullet, GUI: False
CreatureEnv Inicijalizacija: 12 motora. OBS_dim=40, frame_skip=1
[Fitness run Gen12Creature10] reward=1.52±0.04  dist=0.10±0.04  upright=0.25±0.02  → FITNESS=0.1456
URDF saved to being.urdf
Connecting to PyBullet, GUI: False
CreatureEnv Inicijalizacija: 12 motora. OBS_dim=40, frame_skip=1
[Fitness run Gen12Creature11] reward=-0.31±0.04  dist=0.00±0.00  upright=0.16±0.01  → FITNESS=0.0972
URDF saved to being.urdf
Connecting to PyBullet, GUI: False
CreatureEnv Inicijalizacija: 12 motora. OBS_dim=40, frame_skip=1
[Fitness run Gen12Creature12] reward=1.49±0.07  dist=0.05±0.03  upright=0.01±0.02  → FITNESS=0.0223
URDF saved to being.urdf
Connecting to PyBullet, GUI: False
CreatureEnv Inicijalizacija: 12 motora. OBS_dim=40, frame_skip=1
[Fitness run Gen12Creature13] reward=1.45±0.00  dist=0.29±0.10  upright=0.00±0.00  → FITNESS=0.0226
URDF saved to being.urdf
Connecting to PyBullet, GUI: False
CreatureEnv Inicijalizacija: 12 motora. OBS_dim=40, frame_skip=1
[Fitness run Gen12Creature14] reward=1.72±0.16  dist=0.00±0.00  upright=0.00±0.00  → FITNESS=0.0183
URDF saved to being.urdf
Connecting to PyBullet, GUI: False
CreatureEnv Inicijalizacija: 12 motora. OBS_dim=40, frame_skip=1
[Fitness run Gen12Creature15] reward=1054.64±9.59  dist=0.00±0.00  upright=1.00±0.00  → FITNESS=0.6141
URDF saved to being.urdf
Connecting to PyBullet, GUI: False
CreatureEnv Inicijalizacija: 12 motora. OBS_dim=40, frame_skip=1
[Fitness run Gen12Creature16] reward=932.27±310.26  dist=0.00±0.00  upright=0.90±0.30  → FITNESS=0.5530
URDF saved to being.urdf
Connecting to PyBullet, GUI: False
CreatureEnv Inicijalizacija: 12 motora. OBS_dim=40, frame_skip=1
[Fitness run Gen12Creature17] reward=1030.62±0.03  dist=0.00±0.00  upright=1.00±0.00  → FITNESS=0.6119
URDF saved to being.urdf
Connecting to PyBullet, GUI: False
CreatureEnv Inicijalizacija: 12 motora. OBS_dim=40, frame_skip=1
[Fitness run Gen12Creature18] reward=1.56±0.07  dist=0.04±0.06  upright=0.24±0.05  → FITNESS=0.1399
URDF saved to being.urdf
Connecting to PyBullet, GUI: False
CreatureEnv Inicijalizacija: 12 motora. OBS_dim=40, frame_skip=1
[Fitness run Gen12Creature19] reward=1092.58±7.83  dist=0.00±0.00  upright=1.00±0.00  → FITNESS=0.6175
URDF saved to being.urdf
Connecting to PyBullet, GUI: False
CreatureEnv Inicijalizacija: 12 motora. OBS_dim=40, frame_skip=1
[Fitness run Gen12Creature20] reward=1077.97±5.77  dist=0.15±0.05  upright=1.00±0.00  → FITNESS=0.6184
URDF saved to being.urdf
Connecting to PyBullet, GUI: False
CreatureEnv Inicijalizacija: 12 motora. OBS_dim=40, frame_skip=1
[Fitness run Gen12Creature21] reward=1.74±0.07  dist=0.47±0.17  upright=0.28±0.05  → FITNESS=0.1641
URDF saved to being.urdf
Connecting to PyBullet, GUI: False
CreatureEnv Inicijalizacija: 12 motora. OBS_dim=40, frame_skip=1
[Fitness run Gen12Creature22] reward=1075.71±0.58  dist=0.00±0.00  upright=1.00±0.00  → FITNESS=0.6160
URDF saved to being.urdf
Connecting to PyBullet, GUI: False
CreatureEnv Inicijalizacija: 12 motora. OBS_dim=40, frame_skip=1
[Fitness run Gen12Creature24] reward=1056.02±4.86  dist=0.42±0.21  upright=1.00±0.00  → FITNESS=0.6200
URDF saved to being.urdf
Connecting to PyBullet, GUI: False
CreatureEnv Inicijalizacija: 12 motora. OBS_dim=40, frame_skip=1
[Fitness run Gen12Creature25] reward=938.25±312.51  dist=0.00±0.00  upright=0.92±0.25  → FITNESS=0.5615
URDF saved to being.urdf
Connecting to PyBullet, GUI: False
CreatureEnv Inicijalizacija: 12 motora. OBS_dim=40, frame_skip=1
[Fitness run Gen12Creature26] reward=1.53±0.01  dist=0.00±0.00  upright=0.03±0.01  → FITNESS=0.0345
URDF saved to being.urdf
Connecting to PyBullet, GUI: False
CreatureEnv Inicijalizacija: 12 motora. OBS_dim=40, frame_skip=1
[Fitness run Gen12Creature27] reward=0.80±0.19  dist=0.19±0.05  upright=0.21±0.05  → FITNESS=0.1275
URDF saved to being.urdf
Connecting to PyBullet, GUI: False
CreatureEnv Inicijalizacija: 12 motora. OBS_dim=40, frame_skip=1
[Fitness run Gen12Creature28] reward=1.76±0.00  dist=0.00±0.00  upright=1.00±0.00  → FITNESS=0.5183
URDF saved to being.urdf
Connecting to PyBullet, GUI: False
CreatureEnv Inicijalizacija: 12 motora. OBS_dim=40, frame_skip=1
[Fitness run Gen12Creature29] reward=942.32±313.63  dist=0.00±0.00  upright=0.90±0.30  → FITNESS=0.5538
Genome saved to results\uprightBased500Steps1Seed\run_3\run_3_best_creature.json
[plot] Saved → ./results\uprightBased500Steps1Seed\run_3\run_3_summary.png
URDF saved to being.urdf
Connecting to PyBullet, GUI: False
CreatureEnv Inicijalizacija: 12 motora. OBS_dim=40, frame_skip=1
[Fitness run Gen13Creature2] reward=2.04±0.19  dist=0.01±0.01  upright=0.90±0.30  → FITNESS=0.4685
URDF saved to being.urdf
Connecting to PyBullet, GUI: False
CreatureEnv Inicijalizacija: 12 motora. OBS_dim=40, frame_skip=1
[Fitness run Gen13Creature3] reward=904.91±301.20  dist=0.00±0.00  upright=0.91±0.28  → FITNESS=0.5537
URDF saved to being.urdf
Connecting to PyBullet, GUI: False
CreatureEnv Inicijalizacija: 12 motora. OBS_dim=40, frame_skip=1
[Fitness run Gen13Creature4] reward=1.51±0.04  dist=0.00±0.00  upright=0.02±0.07  → FITNESS=0.0296
URDF saved to being.urdf
Connecting to PyBullet, GUI: False
CreatureEnv Inicijalizacija: 12 motora. OBS_dim=40, frame_skip=1
[Fitness run Gen13Creature5] reward=2.14±0.00  dist=0.00±0.00  upright=1.00±0.00  → FITNESS=0.5184
URDF saved to being.urdf
Connecting to PyBullet, GUI: False
CreatureEnv Inicijalizacija: 12 motora. OBS_dim=40, frame_skip=1
[Fitness run Gen13Creature6] reward=1059.77±0.64  dist=0.00±0.00  upright=1.00±0.00  → FITNESS=0.6145
URDF saved to being.urdf
Connecting to PyBullet, GUI: False
CreatureEnv Inicijalizacija: 12 motora. OBS_dim=40, frame_skip=1
[Fitness run Gen13Creature7] reward=1031.55±0.02  dist=0.00±0.00  upright=1.00±0.00  → FITNESS=0.6120
URDF saved to being.urdf
Connecting to PyBullet, GUI: False
CreatureEnv Inicijalizacija: 12 motora. OBS_dim=40, frame_skip=1
[Fitness run Gen13Creature8] reward=1.52±0.09  dist=0.00±0.00  upright=0.14±0.05  → FITNESS=0.0893
URDF saved to being.urdf
Connecting to PyBullet, GUI: False
CreatureEnv Inicijalizacija: 12 motora. OBS_dim=40, frame_skip=1
[Fitness run Gen13Creature9] reward=109.89±326.23  dist=0.00±0.00  upright=0.15±0.29  → FITNESS=0.1024
URDF saved to being.urdf
Connecting to PyBullet, GUI: False
CreatureEnv Inicijalizacija: 12 motora. OBS_dim=40, frame_skip=1
[Fitness run Gen13Creature10] reward=1.52±0.04  dist=0.10±0.04  upright=0.25±0.02  → FITNESS=0.1456
URDF saved to being.urdf
Connecting to PyBullet, GUI: False
CreatureEnv Inicijalizacija: 12 motora. OBS_dim=40, frame_skip=1
[Fitness run Gen13Creature11] reward=1.56±0.72  dist=0.00±0.01  upright=0.17±0.18  → FITNESS=0.1038
URDF saved to being.urdf
Connecting to PyBullet, GUI: False
CreatureEnv Inicijalizacija: 12 motora. OBS_dim=40, frame_skip=1
[Fitness run Gen13Creature12] reward=1.22±0.17  dist=0.06±0.03  upright=0.05±0.15  → FITNESS=0.0434
URDF saved to being.urdf
Connecting to PyBullet, GUI: False
CreatureEnv Inicijalizacija: 12 motora. OBS_dim=40, frame_skip=1
[Fitness run Gen13Creature13] reward=1.49±0.05  dist=0.02±0.05  upright=0.00±0.01  → FITNESS=0.0202
URDF saved to being.urdf
Connecting to PyBullet, GUI: False
CreatureEnv Inicijalizacija: 12 motora. OBS_dim=40, frame_skip=1
[Fitness run Gen13Creature14] reward=1.60±0.00  dist=0.00±0.00  upright=0.84±0.09  → FITNESS=0.4377
URDF saved to being.urdf
Connecting to PyBullet, GUI: False
CreatureEnv Inicijalizacija: 12 motora. OBS_dim=40, frame_skip=1
[Fitness run Gen13Creature15] reward=99.40±291.89  dist=0.00±0.00  upright=1.00±0.00  → FITNESS=0.5272
URDF saved to being.urdf
Connecting to PyBullet, GUI: False
CreatureEnv Inicijalizacija: 12 motora. OBS_dim=40, frame_skip=1
[Fitness run Gen13Creature16] reward=1048.92±1.40  dist=0.08±0.05  upright=1.00±0.00  → FITNESS=0.6147
URDF saved to being.urdf
Connecting to PyBullet, GUI: False
CreatureEnv Inicijalizacija: 12 motora. OBS_dim=40, frame_skip=1
[Fitness run Gen13Creature17] reward=1070.32±6.93  dist=0.20±0.15  upright=1.00±0.00  → FITNESS=0.6184
URDF saved to being.urdf
Connecting to PyBullet, GUI: False
CreatureEnv Inicijalizacija: 12 motora. OBS_dim=40, frame_skip=1
[Fitness run Gen13Creature18] reward=1.44±0.25  dist=0.02±0.03  upright=0.17±0.04  → FITNESS=0.1057
URDF saved to being.urdf
Connecting to PyBullet, GUI: False
CreatureEnv Inicijalizacija: 12 motora. OBS_dim=40, frame_skip=1
[Fitness run Gen13Creature19] reward=1090.73±2.74  dist=0.00±0.00  upright=1.00±0.00  → FITNESS=0.6173
URDF saved to being.urdf
Connecting to PyBullet, GUI: False
CreatureEnv Inicijalizacija: 12 motora. OBS_dim=40, frame_skip=1
[Fitness run Gen13Creature21] reward=13.70±34.85  dist=0.00±0.00  upright=0.73±0.19  → FITNESS=0.3867
URDF saved to being.urdf
Connecting to PyBullet, GUI: False
CreatureEnv Inicijalizacija: 12 motora. OBS_dim=40, frame_skip=1
[Fitness run Gen13Creature22] reward=1007.67±335.42  dist=0.01±0.01  upright=0.91±0.26  → FITNESS=0.5664
URDF saved to being.urdf
Connecting to PyBullet, GUI: False
CreatureEnv Inicijalizacija: 12 motora. OBS_dim=40, frame_skip=1
[Fitness run Gen13Creature23] reward=1088.40±10.46  dist=0.03±0.02  upright=1.00±0.00  → FITNESS=0.6175
URDF saved to being.urdf
Connecting to PyBullet, GUI: False
CreatureEnv Inicijalizacija: 12 motora. OBS_dim=40, frame_skip=1
[Fitness run Gen13Creature24] reward=1.46±0.09  dist=0.09±0.04  upright=0.09±0.21  → FITNESS=0.0664
URDF saved to being.urdf
Connecting to PyBullet, GUI: False
CreatureEnv Inicijalizacija: 12 motora. OBS_dim=40, frame_skip=1
[Fitness run Gen13Creature25] reward=2.00±0.35  dist=0.00±0.01  upright=0.92±0.25  → FITNESS=0.4765
URDF saved to being.urdf
Connecting to PyBullet, GUI: False
CreatureEnv Inicijalizacija: 12 motora. OBS_dim=40, frame_skip=1
[Fitness run Gen13Creature26] reward=935.68±311.53  dist=0.01±0.00  upright=0.90±0.30  → FITNESS=0.5533
URDF saved to being.urdf
Connecting to PyBullet, GUI: False
CreatureEnv Inicijalizacija: 12 motora. OBS_dim=40, frame_skip=1
[Fitness run Gen13Creature27] reward=0.97±0.04  dist=0.00±0.00  upright=0.07±0.21  → FITNESS=0.0538
URDF saved to being.urdf
Connecting to PyBullet, GUI: False
CreatureEnv Inicijalizacija: 12 motora. OBS_dim=40, frame_skip=1
[Fitness run Gen13Creature28] reward=1.74±0.11  dist=0.17±0.09  upright=0.90±0.30  → FITNESS=0.4709
URDF saved to being.urdf
Connecting to PyBullet, GUI: False
CreatureEnv Inicijalizacija: 12 motora. OBS_dim=40, frame_skip=1
[Fitness run Gen13Creature29] reward=1.52±0.00  dist=0.10±0.03  upright=0.00±0.00  → FITNESS=0.0198

==================================================
Generacija 13/20  |  Best = 0.6226  |  Mean = 0.3765  |  Std = 0.2408
==================================================
URDF saved to being.urdf
Connecting to PyBullet, GUI: False
CreatureEnv Inicijalizacija: 12 motora. OBS_dim=40, frame_skip=1
[Fitness run Gen13Creature2] reward=2.04±0.19  dist=0.01±0.01  upright=0.90±0.30  → FITNESS=0.4685
URDF saved to being.urdf
Connecting to PyBullet, GUI: False
CreatureEnv Inicijalizacija: 12 motora. OBS_dim=40, frame_skip=1
[Fitness run Gen13Creature3] reward=904.91±301.20  dist=0.00±0.00  upright=0.91±0.28  → FITNESS=0.5537
URDF saved to being.urdf
Connecting to PyBullet, GUI: False
CreatureEnv Inicijalizacija: 12 motora. OBS_dim=40, frame_skip=1
[Fitness run Gen13Creature4] reward=1.51±0.04  dist=0.00±0.00  upright=0.02±0.07  → FITNESS=0.0296
URDF saved to being.urdf
Connecting to PyBullet, GUI: False
CreatureEnv Inicijalizacija: 12 motora. OBS_dim=40, frame_skip=1
[Fitness run Gen13Creature5] reward=2.14±0.00  dist=0.00±0.00  upright=1.00±0.00  → FITNESS=0.5184
URDF saved to being.urdf
Connecting to PyBullet, GUI: False
CreatureEnv Inicijalizacija: 12 motora. OBS_dim=40, frame_skip=1
[Fitness run Gen13Creature6] reward=1059.77±0.64  dist=0.00±0.00  upright=1.00±0.00  → FITNESS=0.6145
URDF saved to being.urdf
Connecting to PyBullet, GUI: False
CreatureEnv Inicijalizacija: 12 motora. OBS_dim=40, frame_skip=1
[Fitness run Gen13Creature7] reward=1031.55±0.02  dist=0.00±0.00  upright=1.00±0.00  → FITNESS=0.6120
URDF saved to being.urdf
Connecting to PyBullet, GUI: False
CreatureEnv Inicijalizacija: 12 motora. OBS_dim=40, frame_skip=1
[Fitness run Gen13Creature8] reward=1.52±0.09  dist=0.00±0.00  upright=0.14±0.05  → FITNESS=0.0893
URDF saved to being.urdf
Connecting to PyBullet, GUI: False
CreatureEnv Inicijalizacija: 12 motora. OBS_dim=40, frame_skip=1
[Fitness run Gen13Creature9] reward=109.89±326.23  dist=0.00±0.00  upright=0.15±0.29  → FITNESS=0.1024
URDF saved to being.urdf
Connecting to PyBullet, GUI: False
CreatureEnv Inicijalizacija: 12 motora. OBS_dim=40, frame_skip=1
[Fitness run Gen13Creature10] reward=1.52±0.04  dist=0.10±0.04  upright=0.25±0.02  → FITNESS=0.1456
URDF saved to being.urdf
Connecting to PyBullet, GUI: False
CreatureEnv Inicijalizacija: 12 motora. OBS_dim=40, frame_skip=1
[Fitness run Gen13Creature11] reward=1.56±0.72  dist=0.00±0.01  upright=0.17±0.18  → FITNESS=0.1038
URDF saved to being.urdf
Connecting to PyBullet, GUI: False
CreatureEnv Inicijalizacija: 12 motora. OBS_dim=40, frame_skip=1
[Fitness run Gen13Creature12] reward=1.22±0.17  dist=0.06±0.03  upright=0.05±0.15  → FITNESS=0.0434
URDF saved to being.urdf
Connecting to PyBullet, GUI: False
CreatureEnv Inicijalizacija: 12 motora. OBS_dim=40, frame_skip=1
[Fitness run Gen13Creature13] reward=1.49±0.05  dist=0.02±0.05  upright=0.00±0.01  → FITNESS=0.0202
URDF saved to being.urdf
Connecting to PyBullet, GUI: False
CreatureEnv Inicijalizacija: 12 motora. OBS_dim=40, frame_skip=1
[Fitness run Gen13Creature14] reward=1.60±0.00  dist=0.00±0.00  upright=0.84±0.09  → FITNESS=0.4377
URDF saved to being.urdf
Connecting to PyBullet, GUI: False
CreatureEnv Inicijalizacija: 12 motora. OBS_dim=40, frame_skip=1
[Fitness run Gen13Creature15] reward=99.40±291.89  dist=0.00±0.00  upright=1.00±0.00  → FITNESS=0.5272
URDF saved to being.urdf
Connecting to PyBullet, GUI: False
CreatureEnv Inicijalizacija: 12 motora. OBS_dim=40, frame_skip=1
[Fitness run Gen13Creature16] reward=1048.92±1.40  dist=0.08±0.05  upright=1.00±0.00  → FITNESS=0.6147
URDF saved to being.urdf
Connecting to PyBullet, GUI: False
CreatureEnv Inicijalizacija: 12 motora. OBS_dim=40, frame_skip=1
[Fitness run Gen13Creature17] reward=1070.32±6.93  dist=0.20±0.15  upright=1.00±0.00  → FITNESS=0.6184
URDF saved to being.urdf
Connecting to PyBullet, GUI: False
CreatureEnv Inicijalizacija: 12 motora. OBS_dim=40, frame_skip=1
[Fitness run Gen13Creature18] reward=1.44±0.25  dist=0.02±0.03  upright=0.17±0.04  → FITNESS=0.1057
URDF saved to being.urdf
Connecting to PyBullet, GUI: False
CreatureEnv Inicijalizacija: 12 motora. OBS_dim=40, frame_skip=1
[Fitness run Gen13Creature19] reward=1090.73±2.74  dist=0.00±0.00  upright=1.00±0.00  → FITNESS=0.6173
URDF saved to being.urdf
Connecting to PyBullet, GUI: False
CreatureEnv Inicijalizacija: 12 motora. OBS_dim=40, frame_skip=1
[Fitness run Gen13Creature21] reward=13.70±34.85  dist=0.00±0.00  upright=0.73±0.19  → FITNESS=0.3867
URDF saved to being.urdf
Connecting to PyBullet, GUI: False
CreatureEnv Inicijalizacija: 12 motora. OBS_dim=40, frame_skip=1
[Fitness run Gen13Creature22] reward=1007.67±335.42  dist=0.01±0.01  upright=0.91±0.26  → FITNESS=0.5664
URDF saved to being.urdf
Connecting to PyBullet, GUI: False
CreatureEnv Inicijalizacija: 12 motora. OBS_dim=40, frame_skip=1
[Fitness run Gen13Creature23] reward=1088.40±10.46  dist=0.03±0.02  upright=1.00±0.00  → FITNESS=0.6175
URDF saved to being.urdf
Connecting to PyBullet, GUI: False
CreatureEnv Inicijalizacija: 12 motora. OBS_dim=40, frame_skip=1
[Fitness run Gen13Creature24] reward=1.46±0.09  dist=0.09±0.04  upright=0.09±0.21  → FITNESS=0.0664
URDF saved to being.urdf
Connecting to PyBullet, GUI: False
CreatureEnv Inicijalizacija: 12 motora. OBS_dim=40, frame_skip=1
[Fitness run Gen13Creature25] reward=2.00±0.35  dist=0.00±0.01  upright=0.92±0.25  → FITNESS=0.4765
URDF saved to being.urdf
Connecting to PyBullet, GUI: False
CreatureEnv Inicijalizacija: 12 motora. OBS_dim=40, frame_skip=1
[Fitness run Gen13Creature26] reward=935.68±311.53  dist=0.01±0.00  upright=0.90±0.30  → FITNESS=0.5533
URDF saved to being.urdf
Connecting to PyBullet, GUI: False
CreatureEnv Inicijalizacija: 12 motora. OBS_dim=40, frame_skip=1
[Fitness run Gen13Creature27] reward=0.97±0.04  dist=0.00±0.00  upright=0.07±0.21  → FITNESS=0.0538
URDF saved to being.urdf
Connecting to PyBullet, GUI: False
CreatureEnv Inicijalizacija: 12 motora. OBS_dim=40, frame_skip=1
[Fitness run Gen13Creature28] reward=1.74±0.11  dist=0.17±0.09  upright=0.90±0.30  → FITNESS=0.4709
URDF saved to being.urdf
Connecting to PyBullet, GUI: False
CreatureEnv Inicijalizacija: 12 motora. OBS_dim=40, frame_skip=1
[Fitness run Gen13Creature29] reward=945.39±314.40  dist=0.00±0.00  upright=0.99±0.04  → FITNESS=0.5977
Genome saved to results\uprightBased500Steps1Seed\run_3\run_3_best_creature.json
[plot] Saved → ./results\uprightBased500Steps1Seed\run_3\run_3_summary.png
URDF saved to being.urdf
Connecting to PyBullet, GUI: False
CreatureEnv Inicijalizacija: 12 motora. OBS_dim=40, frame_skip=1
[Fitness run Gen14Creature2] reward=2.04±0.19  dist=0.01±0.01  upright=0.90±0.30  → FITNESS=0.4685
URDF saved to being.urdf
Connecting to PyBullet, GUI: False
CreatureEnv Inicijalizacija: 12 motora. OBS_dim=40, frame_skip=1
[Fitness run Gen14Creature3] reward=904.91±301.20  dist=0.00±0.00  upright=0.91±0.28  → FITNESS=0.5537
URDF saved to being.urdf
Connecting to PyBullet, GUI: False
CreatureEnv Inicijalizacija: 12 motora. OBS_dim=40, frame_skip=1
[Fitness run Gen14Creature4] reward=1.16±0.18  dist=0.00±0.00  upright=0.01±0.02  → FITNESS=0.0215
URDF saved to being.urdf
Connecting to PyBullet, GUI: False
CreatureEnv Inicijalizacija: 12 motora. OBS_dim=40, frame_skip=1
[Fitness run Gen14Creature5] reward=1.84±0.00  dist=0.01±0.00  upright=1.00±0.00  → FITNESS=0.5184
URDF saved to being.urdf
Connecting to PyBullet, GUI: False
CreatureEnv Inicijalizacija: 12 motora. OBS_dim=40, frame_skip=1
[Fitness run Gen14Creature6] reward=1027.41±0.10  dist=0.10±0.03  upright=1.00±0.00  → FITNESS=0.6130
URDF saved to being.urdf
Connecting to PyBullet, GUI: False
CreatureEnv Inicijalizacija: 12 motora. OBS_dim=40, frame_skip=1
[Fitness run Gen14Creature7] reward=1073.82±0.07  dist=0.02±0.01  upright=1.00±0.00  → FITNESS=0.6160
URDF saved to being.urdf
Connecting to PyBullet, GUI: False
CreatureEnv Inicijalizacija: 12 motora. OBS_dim=40, frame_skip=1
[Fitness run Gen14Creature8] reward=1.50±0.11  dist=0.00±0.00  upright=0.12±0.02  → FITNESS=0.0796
URDF saved to being.urdf
Connecting to PyBullet, GUI: False
CreatureEnv Inicijalizacija: 12 motora. OBS_dim=40, frame_skip=1
[Fitness run Gen14Creature9] reward=1102.06±0.59  dist=0.00±0.00  upright=1.00±0.00  → FITNESS=0.6184
URDF saved to being.urdf
Connecting to PyBullet, GUI: False
CreatureEnv Inicijalizacija: 12 motora. OBS_dim=40, frame_skip=1
[Fitness run Gen14Creature10] reward=0.54±0.27  dist=0.08±0.03  upright=0.41±0.14  → FITNESS=0.2259
URDF saved to being.urdf
Connecting to PyBullet, GUI: False
CreatureEnv Inicijalizacija: 12 motora. OBS_dim=40, frame_skip=1
[Fitness run Gen14Creature11] reward=1.06±0.30  dist=0.02±0.05  upright=0.20±0.06  → FITNESS=0.1201
URDF saved to being.urdf
Connecting to PyBullet, GUI: False
CreatureEnv Inicijalizacija: 12 motora. OBS_dim=40, frame_skip=1
[Fitness run Gen14Creature12] reward=1.22±0.17  dist=0.06±0.03  upright=0.05±0.15  → FITNESS=0.0434
URDF saved to being.urdf
Connecting to PyBullet, GUI: False
CreatureEnv Inicijalizacija: 12 motora. OBS_dim=40, frame_skip=1
[Fitness run Gen14Creature13] reward=1.49±0.05  dist=0.02±0.05  upright=0.00±0.01  → FITNESS=0.0202
URDF saved to being.urdf
Connecting to PyBullet, GUI: False
CreatureEnv Inicijalizacija: 12 motora. OBS_dim=40, frame_skip=1
[Fitness run Gen14Creature14] reward=1.66±0.00  dist=0.00±0.00  upright=0.00±0.00  → FITNESS=0.0183
URDF saved to being.urdf
Connecting to PyBullet, GUI: False
CreatureEnv Inicijalizacija: 12 motora. OBS_dim=40, frame_skip=1
[Fitness run Gen14Creature15] reward=1.75±0.00  dist=0.00±0.00  upright=1.00±0.00  → FITNESS=0.5183
URDF saved to being.urdf
Connecting to PyBullet, GUI: False
CreatureEnv Inicijalizacija: 12 motora. OBS_dim=40, frame_skip=1
[Fitness run Gen14Creature16] reward=1.34±0.07  dist=0.00±0.01  upright=0.03±0.08  → FITNESS=0.0313
URDF saved to being.urdf
Connecting to PyBullet, GUI: False
CreatureEnv Inicijalizacija: 12 motora. OBS_dim=40, frame_skip=1
[Fitness run Gen14Creature17] reward=1097.14±4.48  dist=0.01±0.03  upright=1.00±0.00  → FITNESS=0.6181
URDF saved to being.urdf
Connecting to PyBullet, GUI: False
CreatureEnv Inicijalizacija: 12 motora. OBS_dim=40, frame_skip=1
[Fitness run Gen14Creature18] reward=1.73±0.12  dist=0.00±0.00  upright=0.12±0.01  → FITNESS=0.0780
URDF saved to being.urdf
Connecting to PyBullet, GUI: False
CreatureEnv Inicijalizacija: 12 motora. OBS_dim=40, frame_skip=1
[Fitness run Gen14Creature19] reward=1.45±0.00  dist=0.01±0.01  upright=0.00±0.00  → FITNESS=0.0185
URDF saved to being.urdf
Connecting to PyBullet, GUI: False
CreatureEnv Inicijalizacija: 12 motora. OBS_dim=40, frame_skip=1
[Fitness run Gen14Creature20] reward=519.77±518.21  dist=0.00±0.00  upright=0.60±0.40  → FITNESS=0.3638
URDF saved to being.urdf
Connecting to PyBullet, GUI: False
CreatureEnv Inicijalizacija: 12 motora. OBS_dim=40, frame_skip=1
[Fitness run Gen14Creature21] reward=975.02±324.45  dist=0.05±0.03  upright=0.91±0.26  → FITNESS=0.5641
URDF saved to being.urdf
Connecting to PyBullet, GUI: False
CreatureEnv Inicijalizacija: 12 motora. OBS_dim=40, frame_skip=1
[Fitness run Gen14Creature23] reward=1088.40±10.46  dist=0.03±0.02  upright=1.00±0.00  → FITNESS=0.6175
URDF saved to being.urdf
Connecting to PyBullet, GUI: False
CreatureEnv Inicijalizacija: 12 motora. OBS_dim=40, frame_skip=1
[Fitness run Gen14Creature24] reward=1076.76±9.89  dist=0.00±0.00  upright=1.00±0.00  → FITNESS=0.6161
URDF saved to being.urdf
Connecting to PyBullet, GUI: False
CreatureEnv Inicijalizacija: 12 motora. OBS_dim=40, frame_skip=1
[Fitness run Gen14Creature25] reward=1.81±0.04  dist=0.00±0.00  upright=1.00±0.00  → FITNESS=0.5183
URDF saved to being.urdf
Connecting to PyBullet, GUI: False
CreatureEnv Inicijalizacija: 12 motora. OBS_dim=40, frame_skip=1
[Fitness run Gen14Creature26] reward=1.29±0.00  dist=0.00±0.00  upright=0.73±0.24  → FITNESS=0.3812
URDF saved to being.urdf
Connecting to PyBullet, GUI: False
CreatureEnv Inicijalizacija: 12 motora. OBS_dim=40, frame_skip=1
[Fitness run Gen14Creature27] reward=0.62±0.21  dist=0.17±0.07  upright=0.43±0.05  → FITNESS=0.2337
URDF saved to being.urdf
Connecting to PyBullet, GUI: False
CreatureEnv Inicijalizacija: 12 motora. OBS_dim=40, frame_skip=1
[Fitness run Gen14Creature28] reward=1.58±0.05  dist=0.00±0.00  upright=0.30±0.24  → FITNESS=0.1667
URDF saved to being.urdf
Connecting to PyBullet, GUI: False
CreatureEnv Inicijalizacija: 12 motora. OBS_dim=40, frame_skip=1
[Fitness run Gen14Creature29] reward=1.40±0.23  dist=0.00±0.00  upright=0.09±0.08  → FITNESS=0.0635

==================================================
Generacija 14/20  |  Best = 0.6226  |  Mean = 0.3505  |  Std = 0.2439
==================================================
URDF saved to being.urdf
Connecting to PyBullet, GUI: False
CreatureEnv Inicijalizacija: 12 motora. OBS_dim=40, frame_skip=1
[Fitness run Gen14Creature2] reward=2.04±0.19  dist=0.01±0.01  upright=0.90±0.30  → FITNESS=0.4685
URDF saved to being.urdf
Connecting to PyBullet, GUI: False
CreatureEnv Inicijalizacija: 12 motora. OBS_dim=40, frame_skip=1
[Fitness run Gen14Creature3] reward=904.91±301.20  dist=0.00±0.00  upright=0.91±0.28  → FITNESS=0.5537
URDF saved to being.urdf
Connecting to PyBullet, GUI: False
CreatureEnv Inicijalizacija: 12 motora. OBS_dim=40, frame_skip=1
[Fitness run Gen14Creature4] reward=1.16±0.18  dist=0.00±0.00  upright=0.01±0.02  → FITNESS=0.0215
URDF saved to being.urdf
Connecting to PyBullet, GUI: False
CreatureEnv Inicijalizacija: 12 motora. OBS_dim=40, frame_skip=1
[Fitness run Gen14Creature5] reward=1.84±0.00  dist=0.01±0.00  upright=1.00±0.00  → FITNESS=0.5184
URDF saved to being.urdf
Connecting to PyBullet, GUI: False
CreatureEnv Inicijalizacija: 12 motora. OBS_dim=40, frame_skip=1
[Fitness run Gen14Creature6] reward=1027.41±0.10  dist=0.10±0.03  upright=1.00±0.00  → FITNESS=0.6130
URDF saved to being.urdf
Connecting to PyBullet, GUI: False
CreatureEnv Inicijalizacija: 12 motora. OBS_dim=40, frame_skip=1
[Fitness run Gen14Creature7] reward=1073.82±0.07  dist=0.02±0.01  upright=1.00±0.00  → FITNESS=0.6160
URDF saved to being.urdf
Connecting to PyBullet, GUI: False
CreatureEnv Inicijalizacija: 12 motora. OBS_dim=40, frame_skip=1
[Fitness run Gen14Creature8] reward=1.50±0.11  dist=0.00±0.00  upright=0.12±0.02  → FITNESS=0.0796
URDF saved to being.urdf
Connecting to PyBullet, GUI: False
CreatureEnv Inicijalizacija: 12 motora. OBS_dim=40, frame_skip=1
[Fitness run Gen14Creature9] reward=1102.06±0.59  dist=0.00±0.00  upright=1.00±0.00  → FITNESS=0.6184
URDF saved to being.urdf
Connecting to PyBullet, GUI: False
CreatureEnv Inicijalizacija: 12 motora. OBS_dim=40, frame_skip=1
[Fitness run Gen14Creature10] reward=0.54±0.27  dist=0.08±0.03  upright=0.41±0.14  → FITNESS=0.2259
URDF saved to being.urdf
Connecting to PyBullet, GUI: False
CreatureEnv Inicijalizacija: 12 motora. OBS_dim=40, frame_skip=1
[Fitness run Gen14Creature11] reward=1.06±0.30  dist=0.02±0.05  upright=0.20±0.06  → FITNESS=0.1201
URDF saved to being.urdf
Connecting to PyBullet, GUI: False
CreatureEnv Inicijalizacija: 12 motora. OBS_dim=40, frame_skip=1
[Fitness run Gen14Creature12] reward=1.22±0.17  dist=0.06±0.03  upright=0.05±0.15  → FITNESS=0.0434
URDF saved to being.urdf
Connecting to PyBullet, GUI: False
CreatureEnv Inicijalizacija: 12 motora. OBS_dim=40, frame_skip=1
[Fitness run Gen14Creature13] reward=1.49±0.05  dist=0.02±0.05  upright=0.00±0.01  → FITNESS=0.0202
URDF saved to being.urdf
Connecting to PyBullet, GUI: False
CreatureEnv Inicijalizacija: 12 motora. OBS_dim=40, frame_skip=1
[Fitness run Gen14Creature14] reward=1.66±0.00  dist=0.00±0.00  upright=0.00±0.00  → FITNESS=0.0183
URDF saved to being.urdf
Connecting to PyBullet, GUI: False
CreatureEnv Inicijalizacija: 12 motora. OBS_dim=40, frame_skip=1
[Fitness run Gen14Creature15] reward=1.75±0.00  dist=0.00±0.00  upright=1.00±0.00  → FITNESS=0.5183
URDF saved to being.urdf
Connecting to PyBullet, GUI: False
CreatureEnv Inicijalizacija: 12 motora. OBS_dim=40, frame_skip=1
[Fitness run Gen14Creature16] reward=1.34±0.07  dist=0.00±0.01  upright=0.03±0.08  → FITNESS=0.0313
URDF saved to being.urdf
Connecting to PyBullet, GUI: False
CreatureEnv Inicijalizacija: 12 motora. OBS_dim=40, frame_skip=1
[Fitness run Gen14Creature17] reward=1097.14±4.48  dist=0.01±0.03  upright=1.00±0.00  → FITNESS=0.6181
URDF saved to being.urdf
Connecting to PyBullet, GUI: False
CreatureEnv Inicijalizacija: 12 motora. OBS_dim=40, frame_skip=1
[Fitness run Gen14Creature18] reward=1.73±0.12  dist=0.00±0.00  upright=0.12±0.01  → FITNESS=0.0780
URDF saved to being.urdf
Connecting to PyBullet, GUI: False
CreatureEnv Inicijalizacija: 12 motora. OBS_dim=40, frame_skip=1
[Fitness run Gen14Creature19] reward=1.45±0.00  dist=0.01±0.01  upright=0.00±0.00  → FITNESS=0.0185
URDF saved to being.urdf
Connecting to PyBullet, GUI: False
CreatureEnv Inicijalizacija: 12 motora. OBS_dim=40, frame_skip=1
[Fitness run Gen14Creature20] reward=519.77±518.21  dist=0.00±0.00  upright=0.60±0.40  → FITNESS=0.3638
URDF saved to being.urdf
Connecting to PyBullet, GUI: False
CreatureEnv Inicijalizacija: 12 motora. OBS_dim=40, frame_skip=1
[Fitness run Gen14Creature21] reward=975.02±324.45  dist=0.05±0.03  upright=0.91±0.26  → FITNESS=0.5641
URDF saved to being.urdf
Connecting to PyBullet, GUI: False
CreatureEnv Inicijalizacija: 12 motora. OBS_dim=40, frame_skip=1
[Fitness run Gen14Creature23] reward=1088.40±10.46  dist=0.03±0.02  upright=1.00±0.00  → FITNESS=0.6175
URDF saved to being.urdf
Connecting to PyBullet, GUI: False
CreatureEnv Inicijalizacija: 12 motora. OBS_dim=40, frame_skip=1
[Fitness run Gen14Creature24] reward=1076.76±9.89  dist=0.00±0.00  upright=1.00±0.00  → FITNESS=0.6161
URDF saved to being.urdf
Connecting to PyBullet, GUI: False
CreatureEnv Inicijalizacija: 12 motora. OBS_dim=40, frame_skip=1
[Fitness run Gen14Creature25] reward=1.81±0.04  dist=0.00±0.00  upright=1.00±0.00  → FITNESS=0.5183
URDF saved to being.urdf
Connecting to PyBullet, GUI: False
CreatureEnv Inicijalizacija: 12 motora. OBS_dim=40, frame_skip=1
[Fitness run Gen14Creature26] reward=1.29±0.00  dist=0.00±0.00  upright=0.73±0.24  → FITNESS=0.3812
URDF saved to being.urdf
Connecting to PyBullet, GUI: False
CreatureEnv Inicijalizacija: 12 motora. OBS_dim=40, frame_skip=1
[Fitness run Gen14Creature27] reward=0.62±0.21  dist=0.17±0.07  upright=0.43±0.05  → FITNESS=0.2337
URDF saved to being.urdf
Connecting to PyBullet, GUI: False
CreatureEnv Inicijalizacija: 12 motora. OBS_dim=40, frame_skip=1
[Fitness run Gen14Creature28] reward=1.58±0.05  dist=0.00±0.00  upright=0.30±0.24  → FITNESS=0.1667
URDF saved to being.urdf
Connecting to PyBullet, GUI: False
CreatureEnv Inicijalizacija: 12 motora. OBS_dim=40, frame_skip=1
[Fitness run Gen14Creature29] reward=1.40±0.23  dist=0.00±0.00  upright=0.09±0.08  → FITNESS=0.0635
Genome saved to results\uprightBased500Steps1Seed\run_3\run_3_best_creature.json
[plot] Saved → ./results\uprightBased500Steps1Seed\run_3\run_3_summary.png
URDF saved to being.urdf
Connecting to PyBullet, GUI: False
CreatureEnv Inicijalizacija: 12 motora. OBS_dim=40, frame_skip=1
[Fitness run Gen15Creature2] reward=989.94±329.66  dist=0.00±0.00  upright=0.93±0.21  → FITNESS=0.5727
URDF saved to being.urdf
Connecting to PyBullet, GUI: False
CreatureEnv Inicijalizacija: 12 motora. OBS_dim=40, frame_skip=1
[Fitness run Gen15Creature3] reward=1.37±0.11  dist=0.01±0.01  upright=0.19±0.07  → FITNESS=0.1152
URDF saved to being.urdf
Connecting to PyBullet, GUI: False
CreatureEnv Inicijalizacija: 12 motora. OBS_dim=40, frame_skip=1
[Fitness run Gen15Creature4] reward=207.48±411.73  dist=0.00±0.00  upright=0.35±0.35  → FITNESS=0.2112
URDF saved to being.urdf
Connecting to PyBullet, GUI: False
CreatureEnv Inicijalizacija: 12 motora. OBS_dim=40, frame_skip=1
[Fitness run Gen15Creature5] reward=0.71±0.25  dist=0.00±0.00  upright=0.35±0.12  → FITNESS=0.1941
URDF saved to being.urdf
Connecting to PyBullet, GUI: False
CreatureEnv Inicijalizacija: 12 motora. OBS_dim=40, frame_skip=1
[Fitness run Gen15Creature6] reward=1.32±0.20  dist=0.01±0.01  upright=0.03±0.10  → FITNESS=0.0346
URDF saved to being.urdf
Connecting to PyBullet, GUI: False
CreatureEnv Inicijalizacija: 12 motora. OBS_dim=40, frame_skip=1
[Fitness run Gen15Creature7] reward=945.68±314.73  dist=0.00±0.00  upright=0.91±0.27  → FITNESS=0.5590
URDF saved to being.urdf
Connecting to PyBullet, GUI: False
CreatureEnv Inicijalizacija: 12 motora. OBS_dim=40, frame_skip=1
[Fitness run Gen15Creature10] reward=0.54±0.27  dist=0.08±0.03  upright=0.41±0.14  → FITNESS=0.2259
URDF saved to being.urdf
Connecting to PyBullet, GUI: False
CreatureEnv Inicijalizacija: 12 motora. OBS_dim=40, frame_skip=1
[Fitness run Gen15Creature11] reward=-0.59±0.10  dist=0.00±0.00  upright=0.28±0.11  → FITNESS=0.1585
URDF saved to being.urdf
Connecting to PyBullet, GUI: False
CreatureEnv Inicijalizacija: 12 motora. OBS_dim=40, frame_skip=1
[Fitness run Gen15Creature12] reward=1.73±0.00  dist=0.00±0.00  upright=0.16±0.01  → FITNESS=0.1006
URDF saved to being.urdf
Connecting to PyBullet, GUI: False
CreatureEnv Inicijalizacija: 12 motora. OBS_dim=40, frame_skip=1
[Fitness run Gen15Creature13] reward=99.73±295.09  dist=0.00±0.00  upright=0.17±0.28  → FITNESS=0.1143
URDF saved to being.urdf
Connecting to PyBullet, GUI: False
CreatureEnv Inicijalizacija: 12 motora. OBS_dim=40, frame_skip=1
[Fitness run Gen15Creature14] reward=1.74±0.00  dist=0.00±0.00  upright=0.00±0.00  → FITNESS=0.0183
URDF saved to being.urdf
Connecting to PyBullet, GUI: False
CreatureEnv Inicijalizacija: 12 motora. OBS_dim=40, frame_skip=1
[Fitness run Gen15Creature15] reward=105.69±313.73  dist=0.00±0.01  upright=0.49±0.17  → FITNESS=0.2714
URDF saved to being.urdf
Connecting to PyBullet, GUI: False
CreatureEnv Inicijalizacija: 12 motora. OBS_dim=40, frame_skip=1
[Fitness run Gen15Creature16] reward=924.07±307.58  dist=0.00±0.00  upright=0.90±0.30  → FITNESS=0.5522
URDF saved to being.urdf
Connecting to PyBullet, GUI: False
CreatureEnv Inicijalizacija: 12 motora. OBS_dim=40, frame_skip=1
[Fitness run Gen15Creature17] reward=1121.42±8.72  dist=0.02±0.02  upright=1.00±0.00  → FITNESS=0.6204
URDF saved to being.urdf
Connecting to PyBullet, GUI: False
CreatureEnv Inicijalizacija: 12 motora. OBS_dim=40, frame_skip=1
[Fitness run Gen15Creature18] reward=1.39±0.09  dist=0.00±0.00  upright=0.01±0.04  → FITNESS=0.0248
URDF saved to being.urdf
Connecting to PyBullet, GUI: False
CreatureEnv Inicijalizacija: 12 motora. OBS_dim=40, frame_skip=1
[Fitness run Gen15Creature19] reward=1000.74±333.09  dist=0.00±0.00  upright=0.90±0.30  → FITNESS=0.5592
URDF saved to being.urdf
Connecting to PyBullet, GUI: False
CreatureEnv Inicijalizacija: 12 motora. OBS_dim=40, frame_skip=1
[Fitness run Gen15Creature20] reward=519.77±518.21  dist=0.00±0.00  upright=0.60±0.40  → FITNESS=0.3638
URDF saved to being.urdf
Connecting to PyBullet, GUI: False
CreatureEnv Inicijalizacija: 12 motora. OBS_dim=40, frame_skip=1
[Fitness run Gen15Creature22] reward=542.19±541.14  dist=0.00±0.00  upright=0.75±0.30  → FITNESS=0.4417
URDF saved to being.urdf
Connecting to PyBullet, GUI: False
CreatureEnv Inicijalizacija: 12 motora. OBS_dim=40, frame_skip=1
[Fitness run Gen15Creature23] reward=1055.80±0.07  dist=0.00±0.00  upright=1.00±0.00  → FITNESS=0.6142
URDF saved to being.urdf
Connecting to PyBullet, GUI: False
CreatureEnv Inicijalizacija: 12 motora. OBS_dim=40, frame_skip=1
[Fitness run Gen15Creature24] reward=1075.67±0.04  dist=0.00±0.00  upright=1.00±0.00  → FITNESS=0.6160
URDF saved to being.urdf
Connecting to PyBullet, GUI: False
CreatureEnv Inicijalizacija: 12 motora. OBS_dim=40, frame_skip=1
[Fitness run Gen15Creature25] reward=110.90±329.44  dist=0.00±0.01  upright=0.40±0.29  → FITNESS=0.2299
URDF saved to being.urdf
Connecting to PyBullet, GUI: False
CreatureEnv Inicijalizacija: 12 motora. OBS_dim=40, frame_skip=1
[Fitness run Gen15Creature26] reward=1.55±0.19  dist=0.00±0.00  upright=0.25±0.12  → FITNESS=0.1425
URDF saved to being.urdf
Connecting to PyBullet, GUI: False
CreatureEnv Inicijalizacija: 12 motora. OBS_dim=40, frame_skip=1
[Fitness run Gen15Creature27] reward=1.35±0.34  dist=0.09±0.07  upright=0.56±0.19  → FITNESS=0.3002
URDF saved to being.urdf
Connecting to PyBullet, GUI: False
CreatureEnv Inicijalizacija: 12 motora. OBS_dim=40, frame_skip=1
[Fitness run Gen15Creature28] reward=1.77±0.00  dist=0.00±0.00  upright=1.00±0.00  → FITNESS=0.5183
URDF saved to being.urdf
Connecting to PyBullet, GUI: False
CreatureEnv Inicijalizacija: 12 motora. OBS_dim=40, frame_skip=1
[Fitness run Gen15Creature29] reward=0.86±0.11  dist=0.02±0.02  upright=0.15±0.06  → FITNESS=0.0928

==================================================
Generacija 15/20  |  Best = 0.6226  |  Mean = 0.3385  |  Std = 0.2220
==================================================
URDF saved to being.urdf
Connecting to PyBullet, GUI: False
CreatureEnv Inicijalizacija: 12 motora. OBS_dim=40, frame_skip=1
[Fitness run Gen15Creature2] reward=989.94±329.66  dist=0.00±0.00  upright=0.93±0.21  → FITNESS=0.5727
URDF saved to being.urdf
Connecting to PyBullet, GUI: False
CreatureEnv Inicijalizacija: 12 motora. OBS_dim=40, frame_skip=1
[Fitness run Gen15Creature3] reward=1.37±0.11  dist=0.01±0.01  upright=0.19±0.07  → FITNESS=0.1152
URDF saved to being.urdf
Connecting to PyBullet, GUI: False
CreatureEnv Inicijalizacija: 12 motora. OBS_dim=40, frame_skip=1
[Fitness run Gen15Creature4] reward=207.48±411.73  dist=0.00±0.00  upright=0.35±0.35  → FITNESS=0.2112
URDF saved to being.urdf
Connecting to PyBullet, GUI: False
CreatureEnv Inicijalizacija: 12 motora. OBS_dim=40, frame_skip=1
[Fitness run Gen15Creature5] reward=0.71±0.25  dist=0.00±0.00  upright=0.35±0.12  → FITNESS=0.1941
URDF saved to being.urdf
Connecting to PyBullet, GUI: False
CreatureEnv Inicijalizacija: 12 motora. OBS_dim=40, frame_skip=1
[Fitness run Gen15Creature6] reward=1.32±0.20  dist=0.01±0.01  upright=0.03±0.10  → FITNESS=0.0346
URDF saved to being.urdf
Connecting to PyBullet, GUI: False
CreatureEnv Inicijalizacija: 12 motora. OBS_dim=40, frame_skip=1
[Fitness run Gen15Creature7] reward=945.68±314.73  dist=0.00±0.00  upright=0.91±0.27  → FITNESS=0.5590
URDF saved to being.urdf
Connecting to PyBullet, GUI: False
CreatureEnv Inicijalizacija: 12 motora. OBS_dim=40, frame_skip=1
[Fitness run Gen15Creature10] reward=0.54±0.27  dist=0.08±0.03  upright=0.41±0.14  → FITNESS=0.2259
URDF saved to being.urdf
Connecting to PyBullet, GUI: False
CreatureEnv Inicijalizacija: 12 motora. OBS_dim=40, frame_skip=1
[Fitness run Gen15Creature11] reward=-0.59±0.10  dist=0.00±0.00  upright=0.28±0.11  → FITNESS=0.1585
URDF saved to being.urdf
Connecting to PyBullet, GUI: False
CreatureEnv Inicijalizacija: 12 motora. OBS_dim=40, frame_skip=1
[Fitness run Gen15Creature12] reward=1.73±0.00  dist=0.00±0.00  upright=0.16±0.01  → FITNESS=0.1006
URDF saved to being.urdf
Connecting to PyBullet, GUI: False
CreatureEnv Inicijalizacija: 12 motora. OBS_dim=40, frame_skip=1
[Fitness run Gen15Creature13] reward=99.73±295.09  dist=0.00±0.00  upright=0.17±0.28  → FITNESS=0.1143
URDF saved to being.urdf
Connecting to PyBullet, GUI: False
CreatureEnv Inicijalizacija: 12 motora. OBS_dim=40, frame_skip=1
[Fitness run Gen15Creature14] reward=1.74±0.00  dist=0.00±0.00  upright=0.00±0.00  → FITNESS=0.0183
URDF saved to being.urdf
Connecting to PyBullet, GUI: False
CreatureEnv Inicijalizacija: 12 motora. OBS_dim=40, frame_skip=1
[Fitness run Gen15Creature15] reward=105.69±313.73  dist=0.00±0.01  upright=0.49±0.17  → FITNESS=0.2714
URDF saved to being.urdf
Connecting to PyBullet, GUI: False
CreatureEnv Inicijalizacija: 12 motora. OBS_dim=40, frame_skip=1
[Fitness run Gen15Creature16] reward=924.07±307.58  dist=0.00±0.00  upright=0.90±0.30  → FITNESS=0.5522
URDF saved to being.urdf
Connecting to PyBullet, GUI: False
CreatureEnv Inicijalizacija: 12 motora. OBS_dim=40, frame_skip=1
[Fitness run Gen15Creature17] reward=1121.42±8.72  dist=0.02±0.02  upright=1.00±0.00  → FITNESS=0.6204
URDF saved to being.urdf
Connecting to PyBullet, GUI: False
CreatureEnv Inicijalizacija: 12 motora. OBS_dim=40, frame_skip=1
[Fitness run Gen15Creature18] reward=1.39±0.09  dist=0.00±0.00  upright=0.01±0.04  → FITNESS=0.0248
URDF saved to being.urdf
Connecting to PyBullet, GUI: False
CreatureEnv Inicijalizacija: 12 motora. OBS_dim=40, frame_skip=1
[Fitness run Gen15Creature19] reward=1000.74±333.09  dist=0.00±0.00  upright=0.90±0.30  → FITNESS=0.5592
URDF saved to being.urdf
Connecting to PyBullet, GUI: False
CreatureEnv Inicijalizacija: 12 motora. OBS_dim=40, frame_skip=1
[Fitness run Gen15Creature20] reward=519.77±518.21  dist=0.00±0.00  upright=0.60±0.40  → FITNESS=0.3638
URDF saved to being.urdf
Connecting to PyBullet, GUI: False
CreatureEnv Inicijalizacija: 12 motora. OBS_dim=40, frame_skip=1
[Fitness run Gen15Creature22] reward=542.19±541.14  dist=0.00±0.00  upright=0.75±0.30  → FITNESS=0.4417
URDF saved to being.urdf
Connecting to PyBullet, GUI: False
CreatureEnv Inicijalizacija: 12 motora. OBS_dim=40, frame_skip=1
[Fitness run Gen15Creature23] reward=1055.80±0.07  dist=0.00±0.00  upright=1.00±0.00  → FITNESS=0.6142
URDF saved to being.urdf
Connecting to PyBullet, GUI: False
CreatureEnv Inicijalizacija: 12 motora. OBS_dim=40, frame_skip=1
[Fitness run Gen15Creature24] reward=1075.67±0.04  dist=0.00±0.00  upright=1.00±0.00  → FITNESS=0.6160
URDF saved to being.urdf
Connecting to PyBullet, GUI: False
CreatureEnv Inicijalizacija: 12 motora. OBS_dim=40, frame_skip=1
[Fitness run Gen15Creature25] reward=110.90±329.44  dist=0.00±0.01  upright=0.40±0.29  → FITNESS=0.2299
URDF saved to being.urdf
Connecting to PyBullet, GUI: False
CreatureEnv Inicijalizacija: 12 motora. OBS_dim=40, frame_skip=1
[Fitness run Gen15Creature26] reward=1.55±0.19  dist=0.00±0.00  upright=0.25±0.12  → FITNESS=0.1425
URDF saved to being.urdf
Connecting to PyBullet, GUI: False
CreatureEnv Inicijalizacija: 12 motora. OBS_dim=40, frame_skip=1
[Fitness run Gen15Creature27] reward=1.35±0.34  dist=0.09±0.07  upright=0.56±0.19  → FITNESS=0.3002
URDF saved to being.urdf
Connecting to PyBullet, GUI: False
CreatureEnv Inicijalizacija: 12 motora. OBS_dim=40, frame_skip=1
[Fitness run Gen15Creature28] reward=1.77±0.00  dist=0.00±0.00  upright=1.00±0.00  → FITNESS=0.5183
URDF saved to being.urdf
Connecting to PyBullet, GUI: False
CreatureEnv Inicijalizacija: 12 motora. OBS_dim=40, frame_skip=1
[Fitness run Gen15Creature29] reward=0.86±0.11  dist=0.02±0.02  upright=0.15±0.06  → FITNESS=0.0928
Genome saved to results\uprightBased500Steps1Seed\run_3\run_3_best_creature.json
[plot] Saved → ./results\uprightBased500Steps1Seed\run_3\run_3_summary.png
URDF saved to being.urdf
Connecting to PyBullet, GUI: False
CreatureEnv Inicijalizacija: 12 motora. OBS_dim=40, frame_skip=1
[Fitness run Gen16Creature3] reward=964.08±320.83  dist=0.05±0.03  upright=0.93±0.21  → FITNESS=0.5710
URDF saved to being.urdf
Connecting to PyBullet, GUI: False
CreatureEnv Inicijalizacija: 12 motora. OBS_dim=40, frame_skip=1
[Fitness run Gen16Creature4] reward=1.53±0.10  dist=0.00±0.00  upright=0.06±0.19  → FITNESS=0.0506
URDF saved to being.urdf
Connecting to PyBullet, GUI: False
CreatureEnv Inicijalizacija: 12 motora. OBS_dim=40, frame_skip=1
[Fitness run Gen16Creature5] reward=316.08±481.26  dist=0.03±0.04  upright=0.49±0.36  → FITNESS=0.2942
URDF saved to being.urdf
Connecting to PyBullet, GUI: False
CreatureEnv Inicijalizacija: 12 motora. OBS_dim=40, frame_skip=1
[Fitness run Gen16Creature6] reward=1.74±0.02  dist=0.08±0.03  upright=0.10±0.01  → FITNESS=0.0711
URDF saved to being.urdf
Connecting to PyBullet, GUI: False
CreatureEnv Inicijalizacija: 12 motora. OBS_dim=40, frame_skip=1
[Fitness run Gen16Creature7] reward=941.79±313.48  dist=0.00±0.00  upright=0.90±0.30  → FITNESS=0.5538
URDF saved to being.urdf
Connecting to PyBullet, GUI: False
CreatureEnv Inicijalizacija: 12 motora. OBS_dim=40, frame_skip=1
[Fitness run Gen16Creature8] reward=1.62±0.01  dist=0.01±0.01  upright=0.00±0.00  → FITNESS=0.0184
URDF saved to being.urdf
Connecting to PyBullet, GUI: False
CreatureEnv Inicijalizacija: 12 motora. OBS_dim=40, frame_skip=1
[Fitness run Gen16Creature10] reward=0.54±0.27  dist=0.08±0.03  upright=0.41±0.14  → FITNESS=0.2259
URDF saved to being.urdf
Connecting to PyBullet, GUI: False
CreatureEnv Inicijalizacija: 12 motora. OBS_dim=40, frame_skip=1
[Fitness run Gen16Creature11] reward=-0.59±0.10  dist=0.00±0.00  upright=0.28±0.11  → FITNESS=0.1585
URDF saved to being.urdf
Connecting to PyBullet, GUI: False
CreatureEnv Inicijalizacija: 12 motora. OBS_dim=40, frame_skip=1
[Fitness run Gen16Creature12] reward=1.73±0.00  dist=0.00±0.00  upright=0.16±0.01  → FITNESS=0.1006
URDF saved to being.urdf
Connecting to PyBullet, GUI: False
CreatureEnv Inicijalizacija: 12 motora. OBS_dim=40, frame_skip=1
[Fitness run Gen16Creature13] reward=1.72±0.00  dist=0.07±0.02  upright=0.09±0.01  → FITNESS=0.0662
URDF saved to being.urdf
Connecting to PyBullet, GUI: False
CreatureEnv Inicijalizacija: 12 motora. OBS_dim=40, frame_skip=1
[Fitness run Gen16Creature14] reward=1.60±0.15  dist=0.00±0.00  upright=0.00±0.00  → FITNESS=0.0183
URDF saved to being.urdf
Connecting to PyBullet, GUI: False
CreatureEnv Inicijalizacija: 12 motora. OBS_dim=40, frame_skip=1
[Fitness run Gen16Creature15] reward=990.31±329.66  dist=0.00±0.00  upright=0.90±0.30  → FITNESS=0.5582
URDF saved to being.urdf
Connecting to PyBullet, GUI: False
CreatureEnv Inicijalizacija: 12 motora. OBS_dim=40, frame_skip=1
[Fitness run Gen16Creature16] reward=1.71±0.20  dist=0.00±0.00  upright=0.48±0.12  → FITNESS=0.2603
URDF saved to being.urdf
Connecting to PyBullet, GUI: False
CreatureEnv Inicijalizacija: 12 motora. OBS_dim=40, frame_skip=1
[Fitness run Gen16Creature17] reward=1097.17±0.22  dist=0.01±0.01  upright=1.00±0.00  → FITNESS=0.6181
URDF saved to being.urdf
Connecting to PyBullet, GUI: False
CreatureEnv Inicijalizacija: 12 motora. OBS_dim=40, frame_skip=1
[Fitness run Gen16Creature18] reward=1.69±0.00  dist=0.00±0.00  upright=0.00±0.00  → FITNESS=0.0183
URDF saved to being.urdf
Connecting to PyBullet, GUI: False
CreatureEnv Inicijalizacija: 12 motora. OBS_dim=40, frame_skip=1
[Fitness run Gen16Creature19] reward=1000.74±333.09  dist=0.00±0.00  upright=0.90±0.30  → FITNESS=0.5592
URDF saved to being.urdf
Connecting to PyBullet, GUI: False
CreatureEnv Inicijalizacija: 12 motora. OBS_dim=40, frame_skip=1
[Fitness run Gen16Creature20] reward=519.77±518.21  dist=0.00±0.00  upright=0.60±0.40  → FITNESS=0.3638
URDF saved to being.urdf
Connecting to PyBullet, GUI: False
CreatureEnv Inicijalizacija: 12 motora. OBS_dim=40, frame_skip=1
[Fitness run Gen16Creature23] reward=1.70±0.01  dist=0.11±0.04  upright=0.01±0.02  → FITNESS=0.0232
URDF saved to being.urdf
Connecting to PyBullet, GUI: False
CreatureEnv Inicijalizacija: 12 motora. OBS_dim=40, frame_skip=1
[Fitness run Gen16Creature24] reward=1069.79±0.12  dist=0.00±0.00  upright=1.00±0.00  → FITNESS=0.6155
URDF saved to being.urdf
Connecting to PyBullet, GUI: False
CreatureEnv Inicijalizacija: 12 motora. OBS_dim=40, frame_skip=1
[Fitness run Gen16Creature25] reward=110.90±329.44  dist=0.00±0.01  upright=0.40±0.29  → FITNESS=0.2299
URDF saved to being.urdf
Connecting to PyBullet, GUI: False
CreatureEnv Inicijalizacija: 12 motora. OBS_dim=40, frame_skip=1
[Fitness run Gen16Creature26] reward=1.70±0.01  dist=0.00±0.00  upright=0.39±0.10  → FITNESS=0.2151
URDF saved to being.urdf
Connecting to PyBullet, GUI: False
CreatureEnv Inicijalizacija: 12 motora. OBS_dim=40, frame_skip=1
[Fitness run Gen16Creature27] reward=1.23±0.05  dist=0.01±0.02  upright=0.46±0.15  → FITNESS=0.2507
URDF saved to being.urdf
Connecting to PyBullet, GUI: False
CreatureEnv Inicijalizacija: 12 motora. OBS_dim=40, frame_skip=1
[Fitness run Gen16Creature28] reward=1.72±0.01  dist=0.10±0.03  upright=0.00±0.00  → FITNESS=0.0198
URDF saved to being.urdf
Connecting to PyBullet, GUI: False
CreatureEnv Inicijalizacija: 12 motora. OBS_dim=40, frame_skip=1
[Fitness run Gen16Creature29] reward=0.86±0.11  dist=0.02±0.02  upright=0.15±0.06  → FITNESS=0.0928

==================================================
Generacija 16/20  |  Best = 0.6226  |  Mean = 0.3131  |  Std = 0.2331
==================================================
URDF saved to being.urdf
Connecting to PyBullet, GUI: False
CreatureEnv Inicijalizacija: 12 motora. OBS_dim=40, frame_skip=1
[Fitness run Gen16Creature3] reward=964.08±320.83  dist=0.05±0.03  upright=0.93±0.21  → FITNESS=0.5710
URDF saved to being.urdf
Connecting to PyBullet, GUI: False
CreatureEnv Inicijalizacija: 12 motora. OBS_dim=40, frame_skip=1
[Fitness run Gen16Creature4] reward=1.53±0.10  dist=0.00±0.00  upright=0.06±0.19  → FITNESS=0.0506
URDF saved to being.urdf
Connecting to PyBullet, GUI: False
CreatureEnv Inicijalizacija: 12 motora. OBS_dim=40, frame_skip=1
[Fitness run Gen16Creature5] reward=316.08±481.26  dist=0.03±0.04  upright=0.49±0.36  → FITNESS=0.2942
URDF saved to being.urdf
Connecting to PyBullet, GUI: False
CreatureEnv Inicijalizacija: 12 motora. OBS_dim=40, frame_skip=1
[Fitness run Gen16Creature6] reward=1.74±0.02  dist=0.08±0.03  upright=0.10±0.01  → FITNESS=0.0711
URDF saved to being.urdf
Connecting to PyBullet, GUI: False
CreatureEnv Inicijalizacija: 12 motora. OBS_dim=40, frame_skip=1
[Fitness run Gen16Creature7] reward=941.79±313.48  dist=0.00±0.00  upright=0.90±0.30  → FITNESS=0.5538
URDF saved to being.urdf
Connecting to PyBullet, GUI: False
CreatureEnv Inicijalizacija: 12 motora. OBS_dim=40, frame_skip=1
[Fitness run Gen16Creature8] reward=1.62±0.01  dist=0.01±0.01  upright=0.00±0.00  → FITNESS=0.0184
URDF saved to being.urdf
Connecting to PyBullet, GUI: False
CreatureEnv Inicijalizacija: 12 motora. OBS_dim=40, frame_skip=1
[Fitness run Gen16Creature10] reward=0.54±0.27  dist=0.08±0.03  upright=0.41±0.14  → FITNESS=0.2259
URDF saved to being.urdf
Connecting to PyBullet, GUI: False
CreatureEnv Inicijalizacija: 12 motora. OBS_dim=40, frame_skip=1
[Fitness run Gen16Creature11] reward=-0.59±0.10  dist=0.00±0.00  upright=0.28±0.11  → FITNESS=0.1585
URDF saved to being.urdf
Connecting to PyBullet, GUI: False
CreatureEnv Inicijalizacija: 12 motora. OBS_dim=40, frame_skip=1
[Fitness run Gen16Creature12] reward=1.73±0.00  dist=0.00±0.00  upright=0.16±0.01  → FITNESS=0.1006
URDF saved to being.urdf
Connecting to PyBullet, GUI: False
CreatureEnv Inicijalizacija: 12 motora. OBS_dim=40, frame_skip=1
[Fitness run Gen16Creature13] reward=1.72±0.00  dist=0.07±0.02  upright=0.09±0.01  → FITNESS=0.0662
URDF saved to being.urdf
Connecting to PyBullet, GUI: False
CreatureEnv Inicijalizacija: 12 motora. OBS_dim=40, frame_skip=1
[Fitness run Gen16Creature14] reward=1.60±0.15  dist=0.00±0.00  upright=0.00±0.00  → FITNESS=0.0183
URDF saved to being.urdf
Connecting to PyBullet, GUI: False
CreatureEnv Inicijalizacija: 12 motora. OBS_dim=40, frame_skip=1
[Fitness run Gen16Creature15] reward=990.31±329.66  dist=0.00±0.00  upright=0.90±0.30  → FITNESS=0.5582
URDF saved to being.urdf
Connecting to PyBullet, GUI: False
CreatureEnv Inicijalizacija: 12 motora. OBS_dim=40, frame_skip=1
[Fitness run Gen16Creature16] reward=1.71±0.20  dist=0.00±0.00  upright=0.48±0.12  → FITNESS=0.2603
URDF saved to being.urdf
Connecting to PyBullet, GUI: False
CreatureEnv Inicijalizacija: 12 motora. OBS_dim=40, frame_skip=1
[Fitness run Gen16Creature17] reward=1097.17±0.22  dist=0.01±0.01  upright=1.00±0.00  → FITNESS=0.6181
URDF saved to being.urdf
Connecting to PyBullet, GUI: False
CreatureEnv Inicijalizacija: 12 motora. OBS_dim=40, frame_skip=1
[Fitness run Gen16Creature18] reward=1.63±0.43  dist=0.03±0.03  upright=0.03±0.09  → FITNESS=0.0333
URDF saved to being.urdf
Connecting to PyBullet, GUI: False
CreatureEnv Inicijalizacija: 12 motora. OBS_dim=40, frame_skip=1
[Fitness run Gen16Creature19] reward=1000.74±333.09  dist=0.00±0.00  upright=0.90±0.30  → FITNESS=0.5592
URDF saved to being.urdf
Connecting to PyBullet, GUI: False
CreatureEnv Inicijalizacija: 12 motora. OBS_dim=40, frame_skip=1
[Fitness run Gen16Creature20] reward=519.77±518.21  dist=0.00±0.00  upright=0.60±0.40  → FITNESS=0.3638
URDF saved to being.urdf
Connecting to PyBullet, GUI: False
CreatureEnv Inicijalizacija: 12 motora. OBS_dim=40, frame_skip=1
[Fitness run Gen16Creature23] reward=1.70±0.01  dist=0.11±0.04  upright=0.01±0.02  → FITNESS=0.0232
URDF saved to being.urdf
Connecting to PyBullet, GUI: False
CreatureEnv Inicijalizacija: 12 motora. OBS_dim=40, frame_skip=1
[Fitness run Gen16Creature24] reward=1069.79±0.12  dist=0.00±0.00  upright=1.00±0.00  → FITNESS=0.6155
URDF saved to being.urdf
Connecting to PyBullet, GUI: False
CreatureEnv Inicijalizacija: 12 motora. OBS_dim=40, frame_skip=1
[Fitness run Gen16Creature25] reward=110.90±329.44  dist=0.00±0.01  upright=0.40±0.29  → FITNESS=0.2299
URDF saved to being.urdf
Connecting to PyBullet, GUI: False
CreatureEnv Inicijalizacija: 12 motora. OBS_dim=40, frame_skip=1
[Fitness run Gen16Creature26] reward=1.70±0.01  dist=0.00±0.00  upright=0.39±0.10  → FITNESS=0.2151
URDF saved to being.urdf
Connecting to PyBullet, GUI: False
CreatureEnv Inicijalizacija: 12 motora. OBS_dim=40, frame_skip=1
[Fitness run Gen16Creature27] reward=1.23±0.05  dist=0.01±0.02  upright=0.46±0.15  → FITNESS=0.2507
URDF saved to being.urdf
Connecting to PyBullet, GUI: False
CreatureEnv Inicijalizacija: 12 motora. OBS_dim=40, frame_skip=1
[Fitness run Gen16Creature28] reward=1.72±0.01  dist=0.10±0.03  upright=0.00±0.00  → FITNESS=0.0198
URDF saved to being.urdf
Connecting to PyBullet, GUI: False
CreatureEnv Inicijalizacija: 12 motora. OBS_dim=40, frame_skip=1
[Fitness run Gen16Creature29] reward=0.86±0.11  dist=0.02±0.02  upright=0.15±0.06  → FITNESS=0.0928
Genome saved to results\uprightBased500Steps1Seed\run_3\run_3_best_creature.json
[plot] Saved → ./results\uprightBased500Steps1Seed\run_3\run_3_summary.png
URDF saved to being.urdf
Connecting to PyBullet, GUI: False
CreatureEnv Inicijalizacija: 12 motora. OBS_dim=40, frame_skip=1
[Fitness run Gen17Creature3] reward=1.72±0.04  dist=0.32±0.11  upright=0.32±0.02  → FITNESS=0.1828
URDF saved to being.urdf
Connecting to PyBullet, GUI: False
CreatureEnv Inicijalizacija: 12 motora. OBS_dim=40, frame_skip=1
[Fitness run Gen17Creature4] reward=1.94±1.46  dist=0.07±0.03  upright=0.15±0.27  → FITNESS=0.0937
URDF saved to being.urdf
Connecting to PyBullet, GUI: False
CreatureEnv Inicijalizacija: 12 motora. OBS_dim=40, frame_skip=1
[Fitness run Gen17Creature5] reward=316.08±481.26  dist=0.03±0.04  upright=0.49±0.36  → FITNESS=0.2942
URDF saved to being.urdf
Connecting to PyBullet, GUI: False
CreatureEnv Inicijalizacija: 12 motora. OBS_dim=40, frame_skip=1
[Fitness run Gen17Creature6] reward=1.74±0.02  dist=0.08±0.03  upright=0.10±0.01  → FITNESS=0.0711
URDF saved to being.urdf
Connecting to PyBullet, GUI: False
CreatureEnv Inicijalizacija: 12 motora. OBS_dim=40, frame_skip=1
[Fitness run Gen17Creature9] reward=999.04±332.46  dist=0.00±0.01  upright=0.90±0.29  → FITNESS=0.5606
URDF saved to being.urdf
Connecting to PyBullet, GUI: False
CreatureEnv Inicijalizacija: 12 motora. OBS_dim=40, frame_skip=1
[Fitness run Gen17Creature10] reward=1009.14±0.09  dist=0.00±0.00  upright=1.00±0.00  → FITNESS=0.6099
URDF saved to being.urdf
Connecting to PyBullet, GUI: False
CreatureEnv Inicijalizacija: 12 motora. OBS_dim=40, frame_skip=1
[Fitness run Gen17Creature11] reward=-0.52±0.08  dist=0.00±0.00  upright=0.17±0.06  → FITNESS=0.1020
URDF saved to being.urdf
Connecting to PyBullet, GUI: False
CreatureEnv Inicijalizacija: 12 motora. OBS_dim=40, frame_skip=1
[Fitness run Gen17Creature12] reward=1.73±0.00  dist=0.00±0.00  upright=0.16±0.01  → FITNESS=0.1006
URDF saved to being.urdf
Connecting to PyBullet, GUI: False
CreatureEnv Inicijalizacija: 12 motora. OBS_dim=40, frame_skip=1
[Fitness run Gen17Creature13] reward=1.72±0.00  dist=0.00±0.00  upright=0.07±0.02  → FITNESS=0.0538
URDF saved to being.urdf
Connecting to PyBullet, GUI: False
CreatureEnv Inicijalizacija: 12 motora. OBS_dim=40, frame_skip=1
[Fitness run Gen17Creature14] reward=1.68±0.04  dist=0.05±0.02  upright=0.00±0.00  → FITNESS=0.0190
URDF saved to being.urdf
Connecting to PyBullet, GUI: False
CreatureEnv Inicijalizacija: 12 motora. OBS_dim=40, frame_skip=1
[Fitness run Gen17Creature15] reward=990.31±329.66  dist=0.00±0.00  upright=0.90±0.30  → FITNESS=0.5582
URDF saved to being.urdf
Connecting to PyBullet, GUI: False
CreatureEnv Inicijalizacija: 12 motora. OBS_dim=40, frame_skip=1
[Fitness run Gen17Creature16] reward=1.71±0.20  dist=0.00±0.00  upright=0.48±0.12  → FITNESS=0.2603
URDF saved to being.urdf
Connecting to PyBullet, GUI: False
CreatureEnv Inicijalizacija: 12 motora. OBS_dim=40, frame_skip=1
[Fitness run Gen17Creature17] reward=1097.17±0.22  dist=0.01±0.01  upright=1.00±0.00  → FITNESS=0.6181
URDF saved to being.urdf
Connecting to PyBullet, GUI: False
CreatureEnv Inicijalizacija: 12 motora. OBS_dim=40, frame_skip=1
[Fitness run Gen17Creature18] reward=1.68±0.00  dist=0.00±0.00  upright=0.00±0.00  → FITNESS=0.0183
URDF saved to being.urdf
Connecting to PyBullet, GUI: False
CreatureEnv Inicijalizacija: 12 motora. OBS_dim=40, frame_skip=1
[Fitness run Gen17Creature19] reward=939.49±312.63  dist=0.03±0.03  upright=0.90±0.30  → FITNESS=0.5540
URDF saved to being.urdf
Connecting to PyBullet, GUI: False
CreatureEnv Inicijalizacija: 12 motora. OBS_dim=40, frame_skip=1
[Fitness run Gen17Creature20] reward=1118.20±3.37  dist=0.00±0.00  upright=1.00±0.00  → FITNESS=0.6198
URDF saved to being.urdf
Connecting to PyBullet, GUI: False
CreatureEnv Inicijalizacija: 12 motora. OBS_dim=40, frame_skip=1
[Fitness run Gen17Creature21] reward=875.45±291.23  dist=0.07±0.04  upright=0.91±0.28  → FITNESS=0.5520
URDF saved to being.urdf
Connecting to PyBullet, GUI: False
CreatureEnv Inicijalizacija: 12 motora. OBS_dim=40, frame_skip=1
[Fitness run Gen17Creature23] reward=1.70±0.00  dist=0.09±0.03  upright=0.01±0.03  → FITNESS=0.0245
URDF saved to being.urdf
Connecting to PyBullet, GUI: False
CreatureEnv Inicijalizacija: 12 motora. OBS_dim=40, frame_skip=1
[Fitness run Gen17Creature24] reward=1063.96±0.23  dist=0.00±0.00  upright=1.00±0.00  → FITNESS=0.6150
URDF saved to being.urdf
Connecting to PyBullet, GUI: False
CreatureEnv Inicijalizacija: 12 motora. OBS_dim=40, frame_skip=1
[Fitness run Gen17Creature25] reward=110.90±329.44  dist=0.00±0.01  upright=0.40±0.29  → FITNESS=0.2299
URDF saved to being.urdf
Connecting to PyBullet, GUI: False
CreatureEnv Inicijalizacija: 12 motora. OBS_dim=40, frame_skip=1
[Fitness run Gen17Creature26] reward=1.70±0.01  dist=0.00±0.00  upright=0.39±0.10  → FITNESS=0.2151
URDF saved to being.urdf
Connecting to PyBullet, GUI: False
CreatureEnv Inicijalizacija: 12 motora. OBS_dim=40, frame_skip=1
[Fitness run Gen17Creature27] reward=1.23±0.05  dist=0.01±0.02  upright=0.46±0.15  → FITNESS=0.2507
URDF saved to being.urdf
Connecting to PyBullet, GUI: False
CreatureEnv Inicijalizacija: 12 motora. OBS_dim=40, frame_skip=1
[Fitness run Gen17Creature28] reward=1.66±0.18  dist=0.00±0.00  upright=0.18±0.16  → FITNESS=0.1070
URDF saved to being.urdf
Connecting to PyBullet, GUI: False
CreatureEnv Inicijalizacija: 12 motora. OBS_dim=40, frame_skip=1
[Fitness run Gen17Creature29] reward=1.77±0.08  dist=0.14±0.07  upright=0.30±0.11  → FITNESS=0.1689

==================================================
Generacija 17/20  |  Best = 0.6226  |  Mean = 0.3236  |  Std = 0.2340
==================================================
URDF saved to being.urdf
Connecting to PyBullet, GUI: False
CreatureEnv Inicijalizacija: 12 motora. OBS_dim=40, frame_skip=1
[Fitness run Gen17Creature3] reward=1.72±0.04  dist=0.32±0.11  upright=0.32±0.02  → FITNESS=0.1828
URDF saved to being.urdf
Connecting to PyBullet, GUI: False
CreatureEnv Inicijalizacija: 12 motora. OBS_dim=40, frame_skip=1
[Fitness run Gen17Creature4] reward=1.94±1.46  dist=0.07±0.03  upright=0.15±0.27  → FITNESS=0.0937
URDF saved to being.urdf
Connecting to PyBullet, GUI: False
CreatureEnv Inicijalizacija: 12 motora. OBS_dim=40, frame_skip=1
[Fitness run Gen17Creature5] reward=316.08±481.26  dist=0.03±0.04  upright=0.49±0.36  → FITNESS=0.2942
URDF saved to being.urdf
Connecting to PyBullet, GUI: False
CreatureEnv Inicijalizacija: 12 motora. OBS_dim=40, frame_skip=1
[Fitness run Gen17Creature6] reward=1.74±0.02  dist=0.08±0.03  upright=0.10±0.01  → FITNESS=0.0711
URDF saved to being.urdf
Connecting to PyBullet, GUI: False
CreatureEnv Inicijalizacija: 12 motora. OBS_dim=40, frame_skip=1
[Fitness run Gen17Creature9] reward=999.04±332.46  dist=0.00±0.01  upright=0.90±0.29  → FITNESS=0.5606
URDF saved to being.urdf
Connecting to PyBullet, GUI: False
CreatureEnv Inicijalizacija: 12 motora. OBS_dim=40, frame_skip=1
[Fitness run Gen17Creature10] reward=0.76±0.39  dist=0.00±0.00  upright=0.46±0.13  → FITNESS=0.2489
URDF saved to being.urdf
Connecting to PyBullet, GUI: False
CreatureEnv Inicijalizacija: 12 motora. OBS_dim=40, frame_skip=1
[Fitness run Gen17Creature11] reward=-0.52±0.08  dist=0.00±0.00  upright=0.17±0.06  → FITNESS=0.1020
URDF saved to being.urdf
Connecting to PyBullet, GUI: False
CreatureEnv Inicijalizacija: 12 motora. OBS_dim=40, frame_skip=1
[Fitness run Gen17Creature12] reward=1.73±0.00  dist=0.00±0.00  upright=0.16±0.01  → FITNESS=0.1006
URDF saved to being.urdf
Connecting to PyBullet, GUI: False
CreatureEnv Inicijalizacija: 12 motora. OBS_dim=40, frame_skip=1
[Fitness run Gen17Creature13] reward=1.72±0.00  dist=0.00±0.00  upright=0.07±0.02  → FITNESS=0.0538
URDF saved to being.urdf
Connecting to PyBullet, GUI: False
CreatureEnv Inicijalizacija: 12 motora. OBS_dim=40, frame_skip=1
[Fitness run Gen17Creature14] reward=1.68±0.04  dist=0.05±0.02  upright=0.00±0.00  → FITNESS=0.0190
URDF saved to being.urdf
Connecting to PyBullet, GUI: False
CreatureEnv Inicijalizacija: 12 motora. OBS_dim=40, frame_skip=1
[Fitness run Gen17Creature15] reward=990.31±329.66  dist=0.00±0.00  upright=0.90±0.30  → FITNESS=0.5582
URDF saved to being.urdf
Connecting to PyBullet, GUI: False
CreatureEnv Inicijalizacija: 12 motora. OBS_dim=40, frame_skip=1
[Fitness run Gen17Creature16] reward=1.71±0.20  dist=0.00±0.00  upright=0.48±0.12  → FITNESS=0.2603
URDF saved to being.urdf
Connecting to PyBullet, GUI: False
CreatureEnv Inicijalizacija: 12 motora. OBS_dim=40, frame_skip=1
[Fitness run Gen17Creature17] reward=1097.17±0.22  dist=0.01±0.01  upright=1.00±0.00  → FITNESS=0.6181
URDF saved to being.urdf
Connecting to PyBullet, GUI: False
CreatureEnv Inicijalizacija: 12 motora. OBS_dim=40, frame_skip=1
[Fitness run Gen17Creature18] reward=1.68±0.00  dist=0.00±0.00  upright=0.00±0.00  → FITNESS=0.0183
URDF saved to being.urdf
Connecting to PyBullet, GUI: False
CreatureEnv Inicijalizacija: 12 motora. OBS_dim=40, frame_skip=1
[Fitness run Gen17Creature19] reward=939.49±312.63  dist=0.03±0.03  upright=0.90±0.30  → FITNESS=0.5540
URDF saved to being.urdf
Connecting to PyBullet, GUI: False
CreatureEnv Inicijalizacija: 12 motora. OBS_dim=40, frame_skip=1
[Fitness run Gen17Creature20] reward=1118.20±3.37  dist=0.00±0.00  upright=1.00±0.00  → FITNESS=0.6198
URDF saved to being.urdf
Connecting to PyBullet, GUI: False
CreatureEnv Inicijalizacija: 12 motora. OBS_dim=40, frame_skip=1
[Fitness run Gen17Creature21] reward=875.45±291.23  dist=0.07±0.04  upright=0.91±0.28  → FITNESS=0.5520
URDF saved to being.urdf
Connecting to PyBullet, GUI: False
CreatureEnv Inicijalizacija: 12 motora. OBS_dim=40, frame_skip=1
[Fitness run Gen17Creature23] reward=1.70±0.00  dist=0.09±0.03  upright=0.01±0.03  → FITNESS=0.0245
URDF saved to being.urdf
Connecting to PyBullet, GUI: False
CreatureEnv Inicijalizacija: 12 motora. OBS_dim=40, frame_skip=1
[Fitness run Gen17Creature24] reward=1063.96±0.23  dist=0.00±0.00  upright=1.00±0.00  → FITNESS=0.6150
URDF saved to being.urdf
Connecting to PyBullet, GUI: False
CreatureEnv Inicijalizacija: 12 motora. OBS_dim=40, frame_skip=1
[Fitness run Gen17Creature25] reward=110.90±329.44  dist=0.00±0.01  upright=0.40±0.29  → FITNESS=0.2299
URDF saved to being.urdf
Connecting to PyBullet, GUI: False
CreatureEnv Inicijalizacija: 12 motora. OBS_dim=40, frame_skip=1
[Fitness run Gen17Creature26] reward=1.70±0.01  dist=0.00±0.00  upright=0.39±0.10  → FITNESS=0.2151
URDF saved to being.urdf
Connecting to PyBullet, GUI: False
CreatureEnv Inicijalizacija: 12 motora. OBS_dim=40, frame_skip=1
[Fitness run Gen17Creature27] reward=1.23±0.05  dist=0.01±0.02  upright=0.46±0.15  → FITNESS=0.2507
URDF saved to being.urdf
Connecting to PyBullet, GUI: False
CreatureEnv Inicijalizacija: 12 motora. OBS_dim=40, frame_skip=1
[Fitness run Gen17Creature28] reward=1.66±0.18  dist=0.00±0.00  upright=0.18±0.16  → FITNESS=0.1070
URDF saved to being.urdf
Connecting to PyBullet, GUI: False
CreatureEnv Inicijalizacija: 12 motora. OBS_dim=40, frame_skip=1
[Fitness run Gen17Creature29] reward=1.77±0.08  dist=0.14±0.07  upright=0.30±0.11  → FITNESS=0.1689
Genome saved to results\uprightBased500Steps1Seed\run_3\run_3_best_creature.json
[plot] Saved → ./results\uprightBased500Steps1Seed\run_3\run_3_summary.png
URDF saved to being.urdf
Connecting to PyBullet, GUI: False
CreatureEnv Inicijalizacija: 12 motora. OBS_dim=40, frame_skip=1
[Fitness run Gen18Creature2] reward=927.31±308.62  dist=0.00±0.00  upright=0.90±0.30  → FITNESS=0.5525
URDF saved to being.urdf
Connecting to PyBullet, GUI: False
CreatureEnv Inicijalizacija: 12 motora. OBS_dim=40, frame_skip=1
[Fitness run Gen18Creature3] reward=877.57±437.36  dist=0.01±0.02  upright=0.90±0.30  → FITNESS=0.5465
URDF saved to being.urdf
Connecting to PyBullet, GUI: False
CreatureEnv Inicijalizacija: 12 motora. OBS_dim=40, frame_skip=1
[Fitness run Gen18Creature4] reward=1092.72±0.07  dist=0.00±0.00  upright=1.00±0.00  → FITNESS=0.6175
URDF saved to being.urdf
Connecting to PyBullet, GUI: False
CreatureEnv Inicijalizacija: 12 motora. OBS_dim=40, frame_skip=1
[Fitness run Gen18Creature5] reward=970.46±322.91  dist=0.00±0.01  upright=0.90±0.30  → FITNESS=0.5564
URDF saved to being.urdf
Connecting to PyBullet, GUI: False
CreatureEnv Inicijalizacija: 12 motora. OBS_dim=40, frame_skip=1
[Fitness run Gen18Creature6] reward=1.73±0.04  dist=0.00±0.00  upright=0.17±0.01  → FITNESS=0.1022
URDF saved to being.urdf
Connecting to PyBullet, GUI: False
CreatureEnv Inicijalizacija: 12 motora. OBS_dim=40, frame_skip=1
[Fitness run Gen18Creature7] reward=1.50±0.43  dist=0.06±0.05  upright=0.57±0.25  → FITNESS=0.3047
URDF saved to being.urdf
Connecting to PyBullet, GUI: False
CreatureEnv Inicijalizacija: 12 motora. OBS_dim=40, frame_skip=1
[Fitness run Gen18Creature8] reward=1.65±0.01  dist=0.00±0.00  upright=0.01±0.03  → FITNESS=0.0248
URDF saved to being.urdf
Connecting to PyBullet, GUI: False
CreatureEnv Inicijalizacija: 12 motora. OBS_dim=40, frame_skip=1
[Fitness run Gen18Creature9] reward=1037.30±6.90  dist=0.01±0.00  upright=1.00±0.00  → FITNESS=0.6126
URDF saved to being.urdf
Connecting to PyBullet, GUI: False
CreatureEnv Inicijalizacija: 12 motora. OBS_dim=40, frame_skip=1
[Fitness run Gen18Creature10] reward=0.76±0.39  dist=0.00±0.00  upright=0.46±0.13  → FITNESS=0.2489
URDF saved to being.urdf
Connecting to PyBullet, GUI: False
CreatureEnv Inicijalizacija: 12 motora. OBS_dim=40, frame_skip=1
[Fitness run Gen18Creature11] reward=0.78±0.22  dist=0.00±0.00  upright=0.57±0.13  → FITNESS=0.3053
URDF saved to being.urdf
Connecting to PyBullet, GUI: False
CreatureEnv Inicijalizacija: 12 motora. OBS_dim=40, frame_skip=1
[Fitness run Gen18Creature12] reward=1.37±0.04  dist=0.10±0.03  upright=0.00±0.01  → FITNESS=0.0214
URDF saved to being.urdf
Connecting to PyBullet, GUI: False
CreatureEnv Inicijalizacija: 12 motora. OBS_dim=40, frame_skip=1
[Fitness run Gen18Creature13] reward=1.62±0.07  dist=0.09±0.06  upright=0.00±0.00  → FITNESS=0.0196
URDF saved to being.urdf
Connecting to PyBullet, GUI: False
CreatureEnv Inicijalizacija: 12 motora. OBS_dim=40, frame_skip=1
[Fitness run Gen18Creature14] reward=1.73±0.10  dist=0.02±0.01  upright=0.00±0.00  → FITNESS=0.0187
URDF saved to being.urdf
Connecting to PyBullet, GUI: False
CreatureEnv Inicijalizacija: 12 motora. OBS_dim=40, frame_skip=1
[Fitness run Gen18Creature15] reward=936.85±311.74  dist=0.01±0.03  upright=0.91±0.28  → FITNESS=0.5568
URDF saved to being.urdf
Connecting to PyBullet, GUI: False
CreatureEnv Inicijalizacija: 12 motora. OBS_dim=40, frame_skip=1
[Fitness run Gen18Creature16] reward=952.89±317.09  dist=0.00±0.01  upright=0.92±0.24  → FITNESS=0.5645
URDF saved to being.urdf
Connecting to PyBullet, GUI: False
CreatureEnv Inicijalizacija: 12 motora. OBS_dim=40, frame_skip=1
[Fitness run Gen18Creature17] reward=1003.80±334.02  dist=0.00±0.00  upright=0.91±0.28  → FITNESS=0.5627
URDF saved to being.urdf
Connecting to PyBullet, GUI: False
CreatureEnv Inicijalizacija: 12 motora. OBS_dim=40, frame_skip=1
[Fitness run Gen18Creature18] reward=1.66±0.04  dist=0.00±0.00  upright=0.01±0.02  → FITNESS=0.0216
URDF saved to being.urdf
Connecting to PyBullet, GUI: False
CreatureEnv Inicijalizacija: 12 motora. OBS_dim=40, frame_skip=1
[Fitness run Gen18Creature19] reward=1.53±0.07  dist=0.00±0.00  upright=0.00±0.01  → FITNESS=0.0199
URDF saved to being.urdf
Connecting to PyBullet, GUI: False
CreatureEnv Inicijalizacija: 12 motora. OBS_dim=40, frame_skip=1
[Fitness run Gen18Creature21] reward=477.55±475.77  dist=0.11±0.06  upright=0.87±0.22  → FITNESS=0.5004
URDF saved to being.urdf
Connecting to PyBullet, GUI: False
CreatureEnv Inicijalizacija: 12 motora. OBS_dim=40, frame_skip=1
[Fitness run Gen18Creature22] reward=1118.20±3.37  dist=0.00±0.00  upright=1.00±0.00  → FITNESS=0.6198
URDF saved to being.urdf
Connecting to PyBullet, GUI: False
CreatureEnv Inicijalizacija: 12 motora. OBS_dim=40, frame_skip=1
[Fitness run Gen18Creature23] reward=1068.58±6.71  dist=0.01±0.01  upright=1.00±0.00  → FITNESS=0.6155
URDF saved to being.urdf
Connecting to PyBullet, GUI: False
CreatureEnv Inicijalizacija: 12 motora. OBS_dim=40, frame_skip=1
[Fitness run Gen18Creature24] reward=1122.63±0.06  dist=0.00±0.00  upright=1.00±0.00  → FITNESS=0.6202
URDF saved to being.urdf
Connecting to PyBullet, GUI: False
CreatureEnv Inicijalizacija: 12 motora. OBS_dim=40, frame_skip=1
[Fitness run Gen18Creature25] reward=979.95±326.07  dist=0.00±0.00  upright=0.90±0.30  → FITNESS=0.5573
URDF saved to being.urdf
Connecting to PyBullet, GUI: False
CreatureEnv Inicijalizacija: 12 motora. OBS_dim=40, frame_skip=1
[Fitness run Gen18Creature26] reward=1.70±0.01  dist=0.00±0.00  upright=0.39±0.10  → FITNESS=0.2151
URDF saved to being.urdf
Connecting to PyBullet, GUI: False
CreatureEnv Inicijalizacija: 12 motora. OBS_dim=40, frame_skip=1
[Fitness run Gen18Creature27] reward=329.84±501.23  dist=0.02±0.03  upright=0.54±0.32  → FITNESS=0.3195
URDF saved to being.urdf
Connecting to PyBullet, GUI: False
CreatureEnv Inicijalizacija: 12 motora. OBS_dim=40, frame_skip=1
[Fitness run Gen18Creature28] reward=1.76±0.02  dist=0.00±0.00  upright=0.17±0.10  → FITNESS=0.1054
URDF saved to being.urdf
Connecting to PyBullet, GUI: False
CreatureEnv Inicijalizacija: 12 motora. OBS_dim=40, frame_skip=1
[Fitness run Gen18Creature29] reward=928.31±309.03  dist=0.00±0.00  upright=0.96±0.11  → FITNESS=0.5848

==================================================
Generacija 18/20  |  Best = 0.6226  |  Mean = 0.3886  |  Std = 0.2390
==================================================
URDF saved to being.urdf
Connecting to PyBullet, GUI: False
CreatureEnv Inicijalizacija: 12 motora. OBS_dim=40, frame_skip=1
[Fitness run Gen18Creature2] reward=927.31±308.62  dist=0.00±0.00  upright=0.90±0.30  → FITNESS=0.5525
URDF saved to being.urdf
Connecting to PyBullet, GUI: False
CreatureEnv Inicijalizacija: 12 motora. OBS_dim=40, frame_skip=1
[Fitness run Gen18Creature3] reward=877.57±437.36  dist=0.01±0.02  upright=0.90±0.30  → FITNESS=0.5465
URDF saved to being.urdf
Connecting to PyBullet, GUI: False
CreatureEnv Inicijalizacija: 12 motora. OBS_dim=40, frame_skip=1
[Fitness run Gen18Creature4] reward=1092.72±0.07  dist=0.00±0.00  upright=1.00±0.00  → FITNESS=0.6175
URDF saved to being.urdf
Connecting to PyBullet, GUI: False
CreatureEnv Inicijalizacija: 12 motora. OBS_dim=40, frame_skip=1
[Fitness run Gen18Creature5] reward=970.46±322.91  dist=0.00±0.01  upright=0.90±0.30  → FITNESS=0.5564
URDF saved to being.urdf
Connecting to PyBullet, GUI: False
CreatureEnv Inicijalizacija: 12 motora. OBS_dim=40, frame_skip=1
[Fitness run Gen18Creature6] reward=1.73±0.04  dist=0.00±0.00  upright=0.17±0.01  → FITNESS=0.1022
URDF saved to being.urdf
Connecting to PyBullet, GUI: False
CreatureEnv Inicijalizacija: 12 motora. OBS_dim=40, frame_skip=1
[Fitness run Gen18Creature7] reward=1.50±0.43  dist=0.06±0.05  upright=0.57±0.25  → FITNESS=0.3047
URDF saved to being.urdf
Connecting to PyBullet, GUI: False
CreatureEnv Inicijalizacija: 12 motora. OBS_dim=40, frame_skip=1
[Fitness run Gen18Creature8] reward=1.65±0.01  dist=0.00±0.00  upright=0.01±0.03  → FITNESS=0.0248
URDF saved to being.urdf
Connecting to PyBullet, GUI: False
CreatureEnv Inicijalizacija: 12 motora. OBS_dim=40, frame_skip=1
[Fitness run Gen18Creature9] reward=1037.30±6.90  dist=0.01±0.00  upright=1.00±0.00  → FITNESS=0.6126
URDF saved to being.urdf
Connecting to PyBullet, GUI: False
CreatureEnv Inicijalizacija: 12 motora. OBS_dim=40, frame_skip=1
[Fitness run Gen18Creature10] reward=0.76±0.39  dist=0.00±0.00  upright=0.46±0.13  → FITNESS=0.2489
URDF saved to being.urdf
Connecting to PyBullet, GUI: False
CreatureEnv Inicijalizacija: 12 motora. OBS_dim=40, frame_skip=1
[Fitness run Gen18Creature11] reward=0.78±0.22  dist=0.00±0.00  upright=0.57±0.13  → FITNESS=0.3053
URDF saved to being.urdf
Connecting to PyBullet, GUI: False
CreatureEnv Inicijalizacija: 12 motora. OBS_dim=40, frame_skip=1
[Fitness run Gen18Creature12] reward=1.37±0.04  dist=0.10±0.03  upright=0.00±0.01  → FITNESS=0.0214
URDF saved to being.urdf
Connecting to PyBullet, GUI: False
CreatureEnv Inicijalizacija: 12 motora. OBS_dim=40, frame_skip=1
[Fitness run Gen18Creature13] reward=1.62±0.07  dist=0.09±0.06  upright=0.00±0.00  → FITNESS=0.0196
URDF saved to being.urdf
Connecting to PyBullet, GUI: False
CreatureEnv Inicijalizacija: 12 motora. OBS_dim=40, frame_skip=1
[Fitness run Gen18Creature14] reward=1.73±0.10  dist=0.02±0.01  upright=0.00±0.00  → FITNESS=0.0187
URDF saved to being.urdf
Connecting to PyBullet, GUI: False
CreatureEnv Inicijalizacija: 12 motora. OBS_dim=40, frame_skip=1
[Fitness run Gen18Creature15] reward=936.85±311.74  dist=0.01±0.03  upright=0.91±0.28  → FITNESS=0.5568
URDF saved to being.urdf
Connecting to PyBullet, GUI: False
CreatureEnv Inicijalizacija: 12 motora. OBS_dim=40, frame_skip=1
[Fitness run Gen18Creature16] reward=952.89±317.09  dist=0.00±0.01  upright=0.92±0.24  → FITNESS=0.5645
URDF saved to being.urdf
Connecting to PyBullet, GUI: False
CreatureEnv Inicijalizacija: 12 motora. OBS_dim=40, frame_skip=1
[Fitness run Gen18Creature17] reward=1003.80±334.02  dist=0.00±0.00  upright=0.91±0.28  → FITNESS=0.5627
URDF saved to being.urdf
Connecting to PyBullet, GUI: False
CreatureEnv Inicijalizacija: 12 motora. OBS_dim=40, frame_skip=1
[Fitness run Gen18Creature18] reward=1.66±0.04  dist=0.00±0.00  upright=0.01±0.02  → FITNESS=0.0216
URDF saved to being.urdf
Connecting to PyBullet, GUI: False
CreatureEnv Inicijalizacija: 12 motora. OBS_dim=40, frame_skip=1
[Fitness run Gen18Creature19] reward=1.53±0.07  dist=0.00±0.00  upright=0.00±0.01  → FITNESS=0.0199
URDF saved to being.urdf
Connecting to PyBullet, GUI: False
CreatureEnv Inicijalizacija: 12 motora. OBS_dim=40, frame_skip=1
[Fitness run Gen18Creature21] reward=477.55±475.77  dist=0.11±0.06  upright=0.87±0.22  → FITNESS=0.5004
URDF saved to being.urdf
Connecting to PyBullet, GUI: False
CreatureEnv Inicijalizacija: 12 motora. OBS_dim=40, frame_skip=1
[Fitness run Gen18Creature22] reward=1118.20±3.37  dist=0.00±0.00  upright=1.00±0.00  → FITNESS=0.6198
URDF saved to being.urdf
Connecting to PyBullet, GUI: False
CreatureEnv Inicijalizacija: 12 motora. OBS_dim=40, frame_skip=1
[Fitness run Gen18Creature23] reward=1068.58±6.71  dist=0.01±0.01  upright=1.00±0.00  → FITNESS=0.6155
URDF saved to being.urdf
Connecting to PyBullet, GUI: False
CreatureEnv Inicijalizacija: 12 motora. OBS_dim=40, frame_skip=1
[Fitness run Gen18Creature24] reward=1122.63±0.06  dist=0.00±0.00  upright=1.00±0.00  → FITNESS=0.6202
URDF saved to being.urdf
Connecting to PyBullet, GUI: False
CreatureEnv Inicijalizacija: 12 motora. OBS_dim=40, frame_skip=1
[Fitness run Gen18Creature25] reward=979.95±326.07  dist=0.00±0.00  upright=0.90±0.30  → FITNESS=0.5573
URDF saved to being.urdf
Connecting to PyBullet, GUI: False
CreatureEnv Inicijalizacija: 12 motora. OBS_dim=40, frame_skip=1
[Fitness run Gen18Creature26] reward=1.70±0.01  dist=0.00±0.00  upright=0.39±0.10  → FITNESS=0.2151
URDF saved to being.urdf
Connecting to PyBullet, GUI: False
CreatureEnv Inicijalizacija: 12 motora. OBS_dim=40, frame_skip=1
[Fitness run Gen18Creature27] reward=329.84±501.23  dist=0.02±0.03  upright=0.54±0.32  → FITNESS=0.3195
URDF saved to being.urdf
Connecting to PyBullet, GUI: False
CreatureEnv Inicijalizacija: 12 motora. OBS_dim=40, frame_skip=1
[Fitness run Gen18Creature28] reward=1.76±0.02  dist=0.00±0.00  upright=0.17±0.10  → FITNESS=0.1054
URDF saved to being.urdf
Connecting to PyBullet, GUI: False
CreatureEnv Inicijalizacija: 12 motora. OBS_dim=40, frame_skip=1
[Fitness run Gen18Creature29] reward=928.31±309.03  dist=0.00±0.00  upright=0.96±0.11  → FITNESS=0.5848
Genome saved to results\uprightBased500Steps1Seed\run_3\run_3_best_creature.json
[plot] Saved → ./results\uprightBased500Steps1Seed\run_3\run_3_summary.png
URDF saved to being.urdf
Connecting to PyBullet, GUI: False
CreatureEnv Inicijalizacija: 12 motora. OBS_dim=40, frame_skip=1
[Fitness run Gen19Creature3] reward=877.57±437.36  dist=0.01±0.02  upright=0.90±0.30  → FITNESS=0.5465
URDF saved to being.urdf
Connecting to PyBullet, GUI: False
CreatureEnv Inicijalizacija: 12 motora. OBS_dim=40, frame_skip=1
[Fitness run Gen19Creature4] reward=1092.72±0.07  dist=0.00±0.00  upright=1.00±0.00  → FITNESS=0.6175
URDF saved to being.urdf
Connecting to PyBullet, GUI: False
CreatureEnv Inicijalizacija: 12 motora. OBS_dim=40, frame_skip=1
[Fitness run Gen19Creature5] reward=926.21±308.25  dist=0.01±0.02  upright=0.90±0.30  → FITNESS=0.5525
URDF saved to being.urdf
Connecting to PyBullet, GUI: False
CreatureEnv Inicijalizacija: 12 motora. OBS_dim=40, frame_skip=1
[Fitness run Gen19Creature6] reward=2.90±4.48  dist=0.00±0.00  upright=0.44±0.18  → FITNESS=0.2397
URDF saved to being.urdf
Connecting to PyBullet, GUI: False
CreatureEnv Inicijalizacija: 12 motora. OBS_dim=40, frame_skip=1
[Fitness run Gen19Creature7] reward=1053.14±0.03  dist=0.03±0.01  upright=1.00±0.00  → FITNESS=0.6143
URDF saved to being.urdf
Connecting to PyBullet, GUI: False
CreatureEnv Inicijalizacija: 12 motora. OBS_dim=40, frame_skip=1
[Fitness run Gen19Creature8] reward=1.44±0.06  dist=0.05±0.02  upright=0.15±0.04  → FITNESS=0.0933
URDF saved to being.urdf
Connecting to PyBullet, GUI: False
CreatureEnv Inicijalizacija: 12 motora. OBS_dim=40, frame_skip=1
[Fitness run Gen19Creature9] reward=999.04±332.46  dist=0.00±0.01  upright=0.90±0.29  → FITNESS=0.5606
URDF saved to being.urdf
Connecting to PyBullet, GUI: False
CreatureEnv Inicijalizacija: 12 motora. OBS_dim=40, frame_skip=1
[Fitness run Gen19Creature10] reward=0.76±0.39  dist=0.00±0.00  upright=0.46±0.13  → FITNESS=0.2489
URDF saved to being.urdf
Connecting to PyBullet, GUI: False
CreatureEnv Inicijalizacija: 12 motora. OBS_dim=40, frame_skip=1
[Fitness run Gen19Creature11] reward=0.78±0.22  dist=0.00±0.00  upright=0.57±0.13  → FITNESS=0.3053
URDF saved to being.urdf
Connecting to PyBullet, GUI: False
CreatureEnv Inicijalizacija: 12 motora. OBS_dim=40, frame_skip=1
[Fitness run Gen19Creature12] reward=1.37±0.04  dist=0.10±0.03  upright=0.00±0.01  → FITNESS=0.0214
URDF saved to being.urdf
Connecting to PyBullet, GUI: False
CreatureEnv Inicijalizacija: 12 motora. OBS_dim=40, frame_skip=1
[Fitness run Gen19Creature13] reward=1.62±0.07  dist=0.09±0.06  upright=0.00±0.00  → FITNESS=0.0196
URDF saved to being.urdf
Connecting to PyBullet, GUI: False
CreatureEnv Inicijalizacija: 12 motora. OBS_dim=40, frame_skip=1
[Fitness run Gen19Creature14] reward=1.73±0.10  dist=0.02±0.01  upright=0.00±0.00  → FITNESS=0.0187
URDF saved to being.urdf
Connecting to PyBullet, GUI: False
CreatureEnv Inicijalizacija: 12 motora. OBS_dim=40, frame_skip=1
[Fitness run Gen19Creature15] reward=1017.60±0.23  dist=0.00±0.00  upright=1.00±0.00  → FITNESS=0.6107
URDF saved to being.urdf
Connecting to PyBullet, GUI: False
CreatureEnv Inicijalizacija: 12 motora. OBS_dim=40, frame_skip=1
[Fitness run Gen19Creature16] reward=2.92±3.20  dist=0.04±0.02  upright=0.60±0.27  → FITNESS=0.3209
URDF saved to being.urdf
Connecting to PyBullet, GUI: False
CreatureEnv Inicijalizacija: 12 motora. OBS_dim=40, frame_skip=1
[Fitness run Gen19Creature17] reward=1084.57±1.59  dist=0.00±0.00  upright=1.00±0.00  → FITNESS=0.6168
URDF saved to being.urdf
Connecting to PyBullet, GUI: False
CreatureEnv Inicijalizacija: 12 motora. OBS_dim=40, frame_skip=1
[Fitness run Gen19Creature18] reward=1.98±0.01  dist=0.00±0.00  upright=0.00±0.00  → FITNESS=0.0184
URDF saved to being.urdf
Connecting to PyBullet, GUI: False
CreatureEnv Inicijalizacija: 12 motora. OBS_dim=40, frame_skip=1
[Fitness run Gen19Creature19] reward=1.72±0.01  dist=0.00±0.00  upright=0.04±0.11  → FITNESS=0.0361
URDF saved to being.urdf
Connecting to PyBullet, GUI: False
CreatureEnv Inicijalizacija: 12 motora. OBS_dim=40, frame_skip=1
[Fitness run Gen19Creature21] reward=477.55±475.77  dist=0.11±0.06  upright=0.87±0.22  → FITNESS=0.5004
URDF saved to being.urdf
Connecting to PyBullet, GUI: False
CreatureEnv Inicijalizacija: 12 motora. OBS_dim=40, frame_skip=1
[Fitness run Gen19Creature23] reward=1068.58±6.71  dist=0.01±0.01  upright=1.00±0.00  → FITNESS=0.6155
URDF saved to being.urdf
Connecting to PyBullet, GUI: False
CreatureEnv Inicijalizacija: 12 motora. OBS_dim=40, frame_skip=1
[Fitness run Gen19Creature24] reward=1122.63±0.06  dist=0.00±0.00  upright=1.00±0.00  → FITNESS=0.6202
URDF saved to being.urdf
Connecting to PyBullet, GUI: False
CreatureEnv Inicijalizacija: 12 motora. OBS_dim=40, frame_skip=1
[Fitness run Gen19Creature25] reward=0.63±0.28  dist=0.00±0.00  upright=0.30±0.10  → FITNESS=0.1666
URDF saved to being.urdf
Connecting to PyBullet, GUI: False
CreatureEnv Inicijalizacija: 12 motora. OBS_dim=40, frame_skip=1
[Fitness run Gen19Creature26] reward=938.25±312.27  dist=0.47±0.17  upright=0.90±0.30  → FITNESS=0.5606
URDF saved to being.urdf
Connecting to PyBullet, GUI: False
CreatureEnv Inicijalizacija: 12 motora. OBS_dim=40, frame_skip=1
[Fitness run Gen19Creature27] reward=963.87±320.93  dist=0.03±0.01  upright=0.90±0.29  → FITNESS=0.5578
URDF saved to being.urdf
Connecting to PyBullet, GUI: False
CreatureEnv Inicijalizacija: 12 motora. OBS_dim=40, frame_skip=1
[Fitness run Gen19Creature28] reward=1.67±0.06  dist=0.00±0.00  upright=0.94±0.19  → FITNESS=0.4861
URDF saved to being.urdf
Connecting to PyBullet, GUI: False
CreatureEnv Inicijalizacija: 12 motora. OBS_dim=40, frame_skip=1
[Fitness run Gen19Creature29] reward=1.77±0.08  dist=0.14±0.07  upright=0.30±0.11  → FITNESS=0.1689

==================================================
Generacija 19/20  |  Best = 0.6226  |  Mean = 0.4051  |  Std = 0.2319
==================================================
URDF saved to being.urdf
Connecting to PyBullet, GUI: False
CreatureEnv Inicijalizacija: 12 motora. OBS_dim=40, frame_skip=1
[Fitness run Gen19Creature3] reward=877.57±437.36  dist=0.01±0.02  upright=0.90±0.30  → FITNESS=0.5465
URDF saved to being.urdf
Connecting to PyBullet, GUI: False
CreatureEnv Inicijalizacija: 12 motora. OBS_dim=40, frame_skip=1
[Fitness run Gen19Creature4] reward=1092.72±0.07  dist=0.00±0.00  upright=1.00±0.00  → FITNESS=0.6175
URDF saved to being.urdf
Connecting to PyBullet, GUI: False
CreatureEnv Inicijalizacija: 12 motora. OBS_dim=40, frame_skip=1
[Fitness run Gen19Creature5] reward=926.21±308.25  dist=0.01±0.02  upright=0.90±0.30  → FITNESS=0.5525
URDF saved to being.urdf
Connecting to PyBullet, GUI: False
CreatureEnv Inicijalizacija: 12 motora. OBS_dim=40, frame_skip=1
[Fitness run Gen19Creature6] reward=2.90±4.48  dist=0.00±0.00  upright=0.44±0.18  → FITNESS=0.2397
URDF saved to being.urdf
Connecting to PyBullet, GUI: False
CreatureEnv Inicijalizacija: 12 motora. OBS_dim=40, frame_skip=1
[Fitness run Gen19Creature7] reward=1053.14±0.03  dist=0.03±0.01  upright=1.00±0.00  → FITNESS=0.6143
URDF saved to being.urdf
Connecting to PyBullet, GUI: False
CreatureEnv Inicijalizacija: 12 motora. OBS_dim=40, frame_skip=1
[Fitness run Gen19Creature8] reward=1.44±0.06  dist=0.05±0.02  upright=0.15±0.04  → FITNESS=0.0933
URDF saved to being.urdf
Connecting to PyBullet, GUI: False
CreatureEnv Inicijalizacija: 12 motora. OBS_dim=40, frame_skip=1
[Fitness run Gen19Creature9] reward=999.04±332.46  dist=0.00±0.01  upright=0.90±0.29  → FITNESS=0.5606
URDF saved to being.urdf
Connecting to PyBullet, GUI: False
CreatureEnv Inicijalizacija: 12 motora. OBS_dim=40, frame_skip=1
[Fitness run Gen19Creature10] reward=0.76±0.39  dist=0.00±0.00  upright=0.46±0.13  → FITNESS=0.2489
URDF saved to being.urdf
Connecting to PyBullet, GUI: False
CreatureEnv Inicijalizacija: 12 motora. OBS_dim=40, frame_skip=1
[Fitness run Gen19Creature11] reward=0.78±0.22  dist=0.00±0.00  upright=0.57±0.13  → FITNESS=0.3053
URDF saved to being.urdf
Connecting to PyBullet, GUI: False
CreatureEnv Inicijalizacija: 12 motora. OBS_dim=40, frame_skip=1
[Fitness run Gen19Creature12] reward=1.37±0.04  dist=0.10±0.03  upright=0.00±0.01  → FITNESS=0.0214
URDF saved to being.urdf
Connecting to PyBullet, GUI: False
CreatureEnv Inicijalizacija: 12 motora. OBS_dim=40, frame_skip=1
[Fitness run Gen19Creature13] reward=1.62±0.07  dist=0.09±0.06  upright=0.00±0.00  → FITNESS=0.0196
URDF saved to being.urdf
Connecting to PyBullet, GUI: False
CreatureEnv Inicijalizacija: 12 motora. OBS_dim=40, frame_skip=1
[Fitness run Gen19Creature14] reward=1.73±0.10  dist=0.02±0.01  upright=0.00±0.00  → FITNESS=0.0187
URDF saved to being.urdf
Connecting to PyBullet, GUI: False
CreatureEnv Inicijalizacija: 12 motora. OBS_dim=40, frame_skip=1
[Fitness run Gen19Creature15] reward=1017.60±0.23  dist=0.00±0.00  upright=1.00±0.00  → FITNESS=0.6107
URDF saved to being.urdf
Connecting to PyBullet, GUI: False
CreatureEnv Inicijalizacija: 12 motora. OBS_dim=40, frame_skip=1
[Fitness run Gen19Creature16] reward=2.92±3.20  dist=0.04±0.02  upright=0.60±0.27  → FITNESS=0.3209
URDF saved to being.urdf
Connecting to PyBullet, GUI: False
CreatureEnv Inicijalizacija: 12 motora. OBS_dim=40, frame_skip=1
[Fitness run Gen19Creature17] reward=1084.57±1.59  dist=0.00±0.00  upright=1.00±0.00  → FITNESS=0.6168
URDF saved to being.urdf
Connecting to PyBullet, GUI: False
CreatureEnv Inicijalizacija: 12 motora. OBS_dim=40, frame_skip=1
[Fitness run Gen19Creature18] reward=1.98±0.01  dist=0.00±0.00  upright=0.00±0.00  → FITNESS=0.0184
URDF saved to being.urdf
Connecting to PyBullet, GUI: False
CreatureEnv Inicijalizacija: 12 motora. OBS_dim=40, frame_skip=1
[Fitness run Gen19Creature19] reward=1.72±0.01  dist=0.00±0.00  upright=0.04±0.11  → FITNESS=0.0361
URDF saved to being.urdf
Connecting to PyBullet, GUI: False
CreatureEnv Inicijalizacija: 12 motora. OBS_dim=40, frame_skip=1
[Fitness run Gen19Creature21] reward=477.55±475.77  dist=0.11±0.06  upright=0.87±0.22  → FITNESS=0.5004
URDF saved to being.urdf
Connecting to PyBullet, GUI: False
CreatureEnv Inicijalizacija: 12 motora. OBS_dim=40, frame_skip=1
[Fitness run Gen19Creature23] reward=1068.58±6.71  dist=0.01±0.01  upright=1.00±0.00  → FITNESS=0.6155
URDF saved to being.urdf
Connecting to PyBullet, GUI: False
CreatureEnv Inicijalizacija: 12 motora. OBS_dim=40, frame_skip=1
[Fitness run Gen19Creature24] reward=1122.63±0.06  dist=0.00±0.00  upright=1.00±0.00  → FITNESS=0.6202
URDF saved to being.urdf
Connecting to PyBullet, GUI: False
CreatureEnv Inicijalizacija: 12 motora. OBS_dim=40, frame_skip=1
[Fitness run Gen19Creature25] reward=0.63±0.28  dist=0.00±0.00  upright=0.30±0.10  → FITNESS=0.1666
URDF saved to being.urdf
Connecting to PyBullet, GUI: False
CreatureEnv Inicijalizacija: 12 motora. OBS_dim=40, frame_skip=1
[Fitness run Gen19Creature26] reward=938.25±312.27  dist=0.47±0.17  upright=0.90±0.30  → FITNESS=0.5606
URDF saved to being.urdf
Connecting to PyBullet, GUI: False
CreatureEnv Inicijalizacija: 12 motora. OBS_dim=40, frame_skip=1
[Fitness run Gen19Creature27] reward=963.87±320.93  dist=0.03±0.01  upright=0.90±0.29  → FITNESS=0.5578
URDF saved to being.urdf
Connecting to PyBullet, GUI: False
CreatureEnv Inicijalizacija: 12 motora. OBS_dim=40, frame_skip=1
[Fitness run Gen19Creature28] reward=1.67±0.06  dist=0.00±0.00  upright=0.94±0.19  → FITNESS=0.4861
URDF saved to being.urdf
Connecting to PyBullet, GUI: False
CreatureEnv Inicijalizacija: 12 motora. OBS_dim=40, frame_skip=1
[Fitness run Gen19Creature29] reward=1.77±0.08  dist=0.14±0.07  upright=0.30±0.11  → FITNESS=0.1689
Genome saved to results\uprightBased500Steps1Seed\run_3\run_3_best_creature.json
[plot] Saved → ./results\uprightBased500Steps1Seed\run_3\run_3_summary.png
URDF saved to being.urdf
Connecting to PyBullet, GUI: False
CreatureEnv Inicijalizacija: 12 motora. OBS_dim=40, frame_skip=1
[Fitness run Gen20Creature3] reward=877.57±437.36  dist=0.01±0.02  upright=0.90±0.30  → FITNESS=0.5465
URDF saved to being.urdf
Connecting to PyBullet, GUI: False
CreatureEnv Inicijalizacija: 12 motora. OBS_dim=40, frame_skip=1
[Fitness run Gen20Creature4] reward=1057.38±0.02  dist=0.05±0.02  upright=1.00±0.00  → FITNESS=0.6151
URDF saved to being.urdf
Connecting to PyBullet, GUI: False
CreatureEnv Inicijalizacija: 12 motora. OBS_dim=40, frame_skip=1
[Fitness run Gen20Creature5] reward=939.09±312.56  dist=0.00±0.01  upright=0.90±0.30  → FITNESS=0.5536
URDF saved to being.urdf
Connecting to PyBullet, GUI: False
CreatureEnv Inicijalizacija: 12 motora. OBS_dim=40, frame_skip=1
[Fitness run Gen20Creature6] reward=1064.06±0.01  dist=0.00±0.00  upright=1.00±0.00  → FITNESS=0.6149
URDF saved to being.urdf
Connecting to PyBullet, GUI: False
CreatureEnv Inicijalizacija: 12 motora. OBS_dim=40, frame_skip=1
[Fitness run Gen20Creature9] reward=1125.41±2.12  dist=1.46±0.14  upright=1.00±0.00  → FITNESS=0.6424
URDF saved to being.urdf
Connecting to PyBullet, GUI: False
CreatureEnv Inicijalizacija: 12 motora. OBS_dim=40, frame_skip=1
[Fitness run Gen20Creature10] reward=0.76±0.39  dist=0.00±0.00  upright=0.46±0.13  → FITNESS=0.2489
URDF saved to being.urdf
Connecting to PyBullet, GUI: False
CreatureEnv Inicijalizacija: 12 motora. OBS_dim=40, frame_skip=1
[Fitness run Gen20Creature11] reward=0.78±0.22  dist=0.00±0.00  upright=0.57±0.13  → FITNESS=0.3053
URDF saved to being.urdf
Connecting to PyBullet, GUI: False
CreatureEnv Inicijalizacija: 12 motora. OBS_dim=40, frame_skip=1
[Fitness run Gen20Creature12] reward=1.37±0.04  dist=0.10±0.03  upright=0.00±0.01  → FITNESS=0.0214
URDF saved to being.urdf
Connecting to PyBullet, GUI: False
CreatureEnv Inicijalizacija: 12 motora. OBS_dim=40, frame_skip=1
[Fitness run Gen20Creature13] reward=1.62±0.07  dist=0.09±0.06  upright=0.00±0.00  → FITNESS=0.0196
URDF saved to being.urdf
Connecting to PyBullet, GUI: False
CreatureEnv Inicijalizacija: 12 motora. OBS_dim=40, frame_skip=1
[Fitness run Gen20Creature14] reward=1.45±0.03  dist=0.10±0.04  upright=0.00±0.00  → FITNESS=0.0199
URDF saved to being.urdf
Connecting to PyBullet, GUI: False
CreatureEnv Inicijalizacija: 12 motora. OBS_dim=40, frame_skip=1
[Fitness run Gen20Creature15] reward=1003.64±1.22  dist=0.05±0.05  upright=1.00±0.00  → FITNESS=0.6102
URDF saved to being.urdf
Connecting to PyBullet, GUI: False
CreatureEnv Inicijalizacija: 12 motora. OBS_dim=40, frame_skip=1
[Fitness run Gen20Creature16] reward=900.77±300.03  dist=0.03±0.01  upright=0.92±0.23  → FITNESS=0.5618
URDF saved to being.urdf
Connecting to PyBullet, GUI: False
CreatureEnv Inicijalizacija: 12 motora. OBS_dim=40, frame_skip=1
[Fitness run Gen20Creature17] reward=1104.78±0.00  dist=0.00±0.00  upright=1.00±0.00  → FITNESS=0.6186
URDF saved to being.urdf
Connecting to PyBullet, GUI: False
CreatureEnv Inicijalizacija: 12 motora. OBS_dim=40, frame_skip=1
[Fitness run Gen20Creature18] reward=1.89±0.12  dist=0.00±0.00  upright=0.01±0.02  → FITNESS=0.0216
URDF saved to being.urdf
Connecting to PyBullet, GUI: False
CreatureEnv Inicijalizacija: 12 motora. OBS_dim=40, frame_skip=1
[Fitness run Gen20Creature19] reward=1051.56±0.17  dist=0.00±0.00  upright=1.00±0.00  → FITNESS=0.6138
URDF saved to being.urdf
Connecting to PyBullet, GUI: False
CreatureEnv Inicijalizacija: 12 motora. OBS_dim=40, frame_skip=1
[Fitness run Gen20Creature21] reward=477.55±475.77  dist=0.11±0.06  upright=0.87±0.22  → FITNESS=0.5004
URDF saved to being.urdf
Connecting to PyBullet, GUI: False
CreatureEnv Inicijalizacija: 12 motora. OBS_dim=40, frame_skip=1
[Fitness run Gen20Creature23] reward=1068.58±6.71  dist=0.01±0.01  upright=1.00±0.00  → FITNESS=0.6155
URDF saved to being.urdf
Connecting to PyBullet, GUI: False
CreatureEnv Inicijalizacija: 12 motora. OBS_dim=40, frame_skip=1
[Fitness run Gen20Creature24] reward=1098.80±0.10  dist=0.00±0.00  upright=1.00±0.00  → FITNESS=0.6181
URDF saved to being.urdf
Connecting to PyBullet, GUI: False
CreatureEnv Inicijalizacija: 12 motora. OBS_dim=40, frame_skip=1
[Fitness run Gen20Creature25] reward=925.99±308.17  dist=0.00±0.00  upright=0.90±0.30  → FITNESS=0.5524
URDF saved to being.urdf
Connecting to PyBullet, GUI: False
CreatureEnv Inicijalizacija: 12 motora. OBS_dim=40, frame_skip=1
[Fitness run Gen20Creature26] reward=892.85±297.13  dist=0.00±0.00  upright=0.90±0.30  → FITNESS=0.5493
URDF saved to being.urdf
Connecting to PyBullet, GUI: False
CreatureEnv Inicijalizacija: 12 motora. OBS_dim=40, frame_skip=1
[Fitness run Gen20Creature27] reward=103.99±308.19  dist=0.27±0.06  upright=0.58±0.14  → FITNESS=0.3203
URDF saved to being.urdf
Connecting to PyBullet, GUI: False
CreatureEnv Inicijalizacija: 12 motora. OBS_dim=40, frame_skip=1
[Fitness run Gen20Creature28] reward=1.91±0.00  dist=0.02±0.01  upright=1.00±0.00  → FITNESS=0.5186
URDF saved to being.urdf
Connecting to PyBullet, GUI: False
CreatureEnv Inicijalizacija: 12 motora. OBS_dim=40, frame_skip=1
[Fitness run Gen20Creature29] reward=1092.47±5.10  dist=0.00±0.00  upright=1.00±0.00  → FITNESS=0.6175

==================================================
Generacija 20/20  |  Best = 0.6424  |  Mean = 0.4683  |  Std = 0.2163
==================================================
URDF saved to being.urdf
Connecting to PyBullet, GUI: False
CreatureEnv Inicijalizacija: 12 motora. OBS_dim=40, frame_skip=1
[Fitness run Gen20Creature3] reward=877.57±437.36  dist=0.01±0.02  upright=0.90±0.30  → FITNESS=0.5465
URDF saved to being.urdf
Connecting to PyBullet, GUI: False
CreatureEnv Inicijalizacija: 12 motora. OBS_dim=40, frame_skip=1
[Fitness run Gen20Creature4] reward=1057.38±0.02  dist=0.05±0.02  upright=1.00±0.00  → FITNESS=0.6151
URDF saved to being.urdf
Connecting to PyBullet, GUI: False
CreatureEnv Inicijalizacija: 12 motora. OBS_dim=40, frame_skip=1
[Fitness run Gen20Creature5] reward=939.09±312.56  dist=0.00±0.01  upright=0.90±0.30  → FITNESS=0.5536
URDF saved to being.urdf
Connecting to PyBullet, GUI: False
CreatureEnv Inicijalizacija: 12 motora. OBS_dim=40, frame_skip=1
[Fitness run Gen20Creature6] reward=1064.06±0.01  dist=0.00±0.00  upright=1.00±0.00  → FITNESS=0.6149
URDF saved to being.urdf
Connecting to PyBullet, GUI: False
CreatureEnv Inicijalizacija: 12 motora. OBS_dim=40, frame_skip=1
[Fitness run Gen20Creature9] reward=1125.41±2.12  dist=1.46±0.14  upright=1.00±0.00  → FITNESS=0.6424
URDF saved to being.urdf
Connecting to PyBullet, GUI: False
CreatureEnv Inicijalizacija: 12 motora. OBS_dim=40, frame_skip=1
[Fitness run Gen20Creature10] reward=0.76±0.39  dist=0.00±0.00  upright=0.46±0.13  → FITNESS=0.2489
URDF saved to being.urdf
Connecting to PyBullet, GUI: False
CreatureEnv Inicijalizacija: 12 motora. OBS_dim=40, frame_skip=1
[Fitness run Gen20Creature11] reward=0.78±0.22  dist=0.00±0.00  upright=0.57±0.13  → FITNESS=0.3053
URDF saved to being.urdf
Connecting to PyBullet, GUI: False
CreatureEnv Inicijalizacija: 12 motora. OBS_dim=40, frame_skip=1
[Fitness run Gen20Creature12] reward=1.37±0.04  dist=0.10±0.03  upright=0.00±0.01  → FITNESS=0.0214
URDF saved to being.urdf
Connecting to PyBullet, GUI: False
CreatureEnv Inicijalizacija: 12 motora. OBS_dim=40, frame_skip=1
[Fitness run Gen20Creature13] reward=1.62±0.07  dist=0.09±0.06  upright=0.00±0.00  → FITNESS=0.0196
URDF saved to being.urdf
Connecting to PyBullet, GUI: False
CreatureEnv Inicijalizacija: 12 motora. OBS_dim=40, frame_skip=1
[Fitness run Gen20Creature14] reward=1.45±0.03  dist=0.10±0.04  upright=0.00±0.00  → FITNESS=0.0199
URDF saved to being.urdf
Connecting to PyBullet, GUI: False
CreatureEnv Inicijalizacija: 12 motora. OBS_dim=40, frame_skip=1
[Fitness run Gen20Creature15] reward=1003.64±1.22  dist=0.05±0.05  upright=1.00±0.00  → FITNESS=0.6102
URDF saved to being.urdf
Connecting to PyBullet, GUI: False
CreatureEnv Inicijalizacija: 12 motora. OBS_dim=40, frame_skip=1
[Fitness run Gen20Creature16] reward=900.77±300.03  dist=0.03±0.01  upright=0.92±0.23  → FITNESS=0.5618
URDF saved to being.urdf
Connecting to PyBullet, GUI: False
CreatureEnv Inicijalizacija: 12 motora. OBS_dim=40, frame_skip=1
[Fitness run Gen20Creature17] reward=1104.78±0.00  dist=0.00±0.00  upright=1.00±0.00  → FITNESS=0.6186
URDF saved to being.urdf
Connecting to PyBullet, GUI: False
CreatureEnv Inicijalizacija: 12 motora. OBS_dim=40, frame_skip=1
[Fitness run Gen20Creature18] reward=1.89±0.12  dist=0.00±0.00  upright=0.01±0.02  → FITNESS=0.0216
URDF saved to being.urdf
Connecting to PyBullet, GUI: False
CreatureEnv Inicijalizacija: 12 motora. OBS_dim=40, frame_skip=1
[Fitness run Gen20Creature19] reward=1051.56±0.17  dist=0.00±0.00  upright=1.00±0.00  → FITNESS=0.6138
URDF saved to being.urdf
Connecting to PyBullet, GUI: False
CreatureEnv Inicijalizacija: 12 motora. OBS_dim=40, frame_skip=1
[Fitness run Gen20Creature21] reward=477.55±475.77  dist=0.11±0.06  upright=0.87±0.22  → FITNESS=0.5004
URDF saved to being.urdf
Connecting to PyBullet, GUI: False
CreatureEnv Inicijalizacija: 12 motora. OBS_dim=40, frame_skip=1
[Fitness run Gen20Creature23] reward=1068.58±6.71  dist=0.01±0.01  upright=1.00±0.00  → FITNESS=0.6155
URDF saved to being.urdf
Connecting to PyBullet, GUI: False
CreatureEnv Inicijalizacija: 12 motora. OBS_dim=40, frame_skip=1
[Fitness run Gen20Creature24] reward=1098.80±0.10  dist=0.00±0.00  upright=1.00±0.00  → FITNESS=0.6181
URDF saved to being.urdf
Connecting to PyBullet, GUI: False
CreatureEnv Inicijalizacija: 12 motora. OBS_dim=40, frame_skip=1
[Fitness run Gen20Creature25] reward=925.99±308.17  dist=0.00±0.00  upright=0.90±0.30  → FITNESS=0.5524
URDF saved to being.urdf
Connecting to PyBullet, GUI: False
CreatureEnv Inicijalizacija: 12 motora. OBS_dim=40, frame_skip=1
[Fitness run Gen20Creature26] reward=892.85±297.13  dist=0.00±0.00  upright=0.90±0.30  → FITNESS=0.5493
URDF saved to being.urdf
Connecting to PyBullet, GUI: False
CreatureEnv Inicijalizacija: 12 motora. OBS_dim=40, frame_skip=1
[Fitness run Gen20Creature27] reward=103.99±308.19  dist=0.27±0.06  upright=0.58±0.14  → FITNESS=0.3203
URDF saved to being.urdf
Connecting to PyBullet, GUI: False
CreatureEnv Inicijalizacija: 12 motora. OBS_dim=40, frame_skip=1
[Fitness run Gen20Creature28] reward=1.91±0.00  dist=0.02±0.01  upright=1.00±0.00  → FITNESS=0.5186
URDF saved to being.urdf
Connecting to PyBullet, GUI: False
CreatureEnv Inicijalizacija: 12 motora. OBS_dim=40, frame_skip=1
[Fitness run Gen20Creature29] reward=1092.47±5.10  dist=0.00±0.00  upright=1.00±0.00  → FITNESS=0.6175
Genome saved to results\uprightBased500Steps1Seed\run_3\run_3_best_creature.json
[plot] Saved → ./results\uprightBased500Steps1Seed\run_3\run_3_summary.png
[log] Experiment finalised → ./results\uprightBased500Steps1Seed\run_3\run_3.json
URDF saved to being.urdf
Connecting to PyBullet, GUI: False
CreatureEnv Inicijalizacija: 12 motora. OBS_dim=40, frame_skip=1
[Fitness run Gen20Creature3] reward=877.57±437.36  dist=0.01±0.02  upright=0.90±0.30  → FITNESS=0.5465
URDF saved to being.urdf
Connecting to PyBullet, GUI: False
CreatureEnv Inicijalizacija: 12 motora. OBS_dim=40, frame_skip=1
[Fitness run Gen20Creature4] reward=1057.38±0.02  dist=0.05±0.02  upright=1.00±0.00  → FITNESS=0.6151
URDF saved to being.urdf
Connecting to PyBullet, GUI: False
CreatureEnv Inicijalizacija: 12 motora. OBS_dim=40, frame_skip=1
[Fitness run Gen20Creature5] reward=939.09±312.56  dist=0.00±0.01  upright=0.90±0.30  → FITNESS=0.5536
URDF saved to being.urdf
Connecting to PyBullet, GUI: False
CreatureEnv Inicijalizacija: 12 motora. OBS_dim=40, frame_skip=1
[Fitness run Gen20Creature6] reward=1064.06±0.01  dist=0.00±0.00  upright=1.00±0.00  → FITNESS=0.6149
URDF saved to being.urdf
Connecting to PyBullet, GUI: False
CreatureEnv Inicijalizacija: 12 motora. OBS_dim=40, frame_skip=1
[Fitness run Gen20Creature7] reward=1053.14±0.03  dist=0.03±0.01  upright=1.00±0.00  → FITNESS=0.6143
URDF saved to being.urdf
Connecting to PyBullet, GUI: False
CreatureEnv Inicijalizacija: 12 motora. OBS_dim=40, frame_skip=1
[Fitness run Gen20Creature10] reward=0.76±0.39  dist=0.00±0.00  upright=0.46±0.13  → FITNESS=0.2489
URDF saved to being.urdf
Connecting to PyBullet, GUI: False
CreatureEnv Inicijalizacija: 12 motora. OBS_dim=40, frame_skip=1
[Fitness run Gen20Creature11] reward=0.78±0.22  dist=0.00±0.00  upright=0.57±0.13  → FITNESS=0.3053
URDF saved to being.urdf
Connecting to PyBullet, GUI: False
CreatureEnv Inicijalizacija: 12 motora. OBS_dim=40, frame_skip=1
[Fitness run Gen20Creature12] reward=1.37±0.04  dist=0.10±0.03  upright=0.00±0.01  → FITNESS=0.0214
URDF saved to being.urdf
Connecting to PyBullet, GUI: False
CreatureEnv Inicijalizacija: 12 motora. OBS_dim=40, frame_skip=1
[Fitness run Gen20Creature13] reward=1.62±0.07  dist=0.09±0.06  upright=0.00±0.00  → FITNESS=0.0196
URDF saved to being.urdf
Connecting to PyBullet, GUI: False
CreatureEnv Inicijalizacija: 12 motora. OBS_dim=40, frame_skip=1
[Fitness run Gen20Creature14] reward=1.45±0.03  dist=0.10±0.04  upright=0.00±0.00  → FITNESS=0.0199
URDF saved to being.urdf
Connecting to PyBullet, GUI: False
CreatureEnv Inicijalizacija: 12 motora. OBS_dim=40, frame_skip=1
[Fitness run Gen20Creature15] reward=1003.64±1.22  dist=0.05±0.05  upright=1.00±0.00  → FITNESS=0.6102
URDF saved to being.urdf
Connecting to PyBullet, GUI: False
CreatureEnv Inicijalizacija: 12 motora. OBS_dim=40, frame_skip=1
[Fitness run Gen20Creature16] reward=900.77±300.03  dist=0.03±0.01  upright=0.92±0.23  → FITNESS=0.5618
URDF saved to being.urdf
Connecting to PyBullet, GUI: False
CreatureEnv Inicijalizacija: 12 motora. OBS_dim=40, frame_skip=1
[Fitness run Gen20Creature17] reward=1104.78±0.00  dist=0.00±0.00  upright=1.00±0.00  → FITNESS=0.6186
URDF saved to being.urdf
Connecting to PyBullet, GUI: False
CreatureEnv Inicijalizacija: 12 motora. OBS_dim=40, frame_skip=1
[Fitness run Gen20Creature18] reward=1.89±0.12  dist=0.00±0.00  upright=0.01±0.02  → FITNESS=0.0216
URDF saved to being.urdf
Connecting to PyBullet, GUI: False
CreatureEnv Inicijalizacija: 12 motora. OBS_dim=40, frame_skip=1
[Fitness run Gen20Creature19] reward=1051.56±0.17  dist=0.00±0.00  upright=1.00±0.00  → FITNESS=0.6138
URDF saved to being.urdf
Connecting to PyBullet, GUI: False
CreatureEnv Inicijalizacija: 12 motora. OBS_dim=40, frame_skip=1
[Fitness run Gen20Creature21] reward=477.55±475.77  dist=0.11±0.06  upright=0.87±0.22  → FITNESS=0.5004
URDF saved to being.urdf
Connecting to PyBullet, GUI: False
CreatureEnv Inicijalizacija: 12 motora. OBS_dim=40, frame_skip=1
[Fitness run Gen20Creature23] reward=1068.58±6.71  dist=0.01±0.01  upright=1.00±0.00  → FITNESS=0.6155
URDF saved to being.urdf
Connecting to PyBullet, GUI: False
CreatureEnv Inicijalizacija: 12 motora. OBS_dim=40, frame_skip=1
[Fitness run Gen20Creature24] reward=1098.80±0.10  dist=0.00±0.00  upright=1.00±0.00  → FITNESS=0.6181
URDF saved to being.urdf
Connecting to PyBullet, GUI: False
CreatureEnv Inicijalizacija: 12 motora. OBS_dim=40, frame_skip=1
[Fitness run Gen20Creature25] reward=925.99±308.17  dist=0.00±0.00  upright=0.90±0.30  → FITNESS=0.5524
URDF saved to being.urdf
Connecting to PyBullet, GUI: False
CreatureEnv Inicijalizacija: 12 motora. OBS_dim=40, frame_skip=1
[Fitness run Gen20Creature26] reward=892.85±297.13  dist=0.00±0.00  upright=0.90±0.30  → FITNESS=0.5493
URDF saved to being.urdf
Connecting to PyBullet, GUI: False
CreatureEnv Inicijalizacija: 12 motora. OBS_dim=40, frame_skip=1
[Fitness run Gen20Creature27] reward=103.99±308.19  dist=0.27±0.06  upright=0.58±0.14  → FITNESS=0.3203
URDF saved to being.urdf
Connecting to PyBullet, GUI: False
CreatureEnv Inicijalizacija: 12 motora. OBS_dim=40, frame_skip=1
[Fitness run Gen20Creature28] reward=1.91±0.00  dist=0.02±0.01  upright=1.00±0.00  → FITNESS=0.5186
URDF saved to being.urdf
Connecting to PyBullet, GUI: False
CreatureEnv Inicijalizacija: 12 motora. OBS_dim=40, frame_skip=1
[Fitness run Gen20Creature29] reward=1092.47±5.10  dist=0.00±0.00  upright=1.00±0.00  → FITNESS=0.6175

BEST FITNESS: 0.6424
Genome saved to results\uprightBased500Steps1Seed\run_3\run_3_best_creature.json
[0mError: InMemoryFile::~InMemoryFileIO (numAllocs 1 numFrees 2
