pybullet build time: Dec  5 2025 14:05:30
[power] Windows sleep/throttle prevention active
[uprightBased500Steps1Seed/run_5] starting  seed=0
NUM_GENES: 48  (BODY=4 + 4 noge x 11 = 48)
Pop: 30  |  Gen: 20  |  Train koraci: 500

[log] Experiment log created → ./results\uprightBased500Steps1Seed\run_5\run_5.json
URDF saved to being.urdf
Connecting to PyBullet, GUI: False
CreatureEnv Inicijalizacija: 12 motora. OBS_dim=40, frame_skip=1
[Fitness run Gen0Creature0] reward=1.33±0.03  dist=0.08±0.01  upright=0.00±0.00  → FITNESS=0.0195
URDF saved to being.urdf
Connecting to PyBullet, GUI: False
CreatureEnv Inicijalizacija: 12 motora. OBS_dim=40, frame_skip=1
[Fitness run Gen0Creature1] reward=1.52±0.04  dist=0.15±0.07  upright=0.00±0.00  → FITNESS=0.0206
URDF saved to being.urdf
Connecting to PyBullet, GUI: False
CreatureEnv Inicijalizacija: 12 motora. OBS_dim=40, frame_skip=1
[Fitness run Gen0Creature2] reward=1.72±0.00  dist=0.00±0.00  upright=0.01±0.02  → FITNESS=0.0216
URDF saved to being.urdf
Connecting to PyBullet, GUI: False
CreatureEnv Inicijalizacija: 12 motora. OBS_dim=40, frame_skip=1
[Fitness run Gen0Creature3] reward=0.77±0.27  dist=0.00±0.00  upright=0.04±0.11  → FITNESS=0.0360
URDF saved to being.urdf
Connecting to PyBullet, GUI: False
CreatureEnv Inicijalizacija: 12 motora. OBS_dim=40, frame_skip=1
[Fitness run Gen0Creature4] reward=0.38±0.49  dist=0.90±0.30  upright=0.04±0.05  → FITNESS=0.0511
URDF saved to being.urdf
Connecting to PyBullet, GUI: False
CreatureEnv Inicijalizacija: 12 motora. OBS_dim=40, frame_skip=1
[Fitness run Gen0Creature5] reward=966.39±321.55  dist=0.03±0.01  upright=0.90±0.30  → FITNESS=0.5565
URDF saved to being.urdf
Connecting to PyBullet, GUI: False
CreatureEnv Inicijalizacija: 12 motora. OBS_dim=40, frame_skip=1
[Fitness run Gen0Creature6] reward=1.50±0.02  dist=0.00±0.00  upright=0.00±0.00  → FITNESS=0.0183
URDF saved to being.urdf
Connecting to PyBullet, GUI: False
CreatureEnv Inicijalizacija: 12 motora. OBS_dim=40, frame_skip=1
[Fitness run Gen0Creature7] reward=1.68±0.03  dist=0.20±0.04  upright=0.04±0.02  → FITNESS=0.0422
URDF saved to being.urdf
Connecting to PyBullet, GUI: False
CreatureEnv Inicijalizacija: 12 motora. OBS_dim=40, frame_skip=1
[Fitness run Gen0Creature8] reward=1.78±0.00  dist=0.00±0.00  upright=0.03±0.08  → FITNESS=0.0312
URDF saved to being.urdf
Connecting to PyBullet, GUI: False
CreatureEnv Inicijalizacija: 12 motora. OBS_dim=40, frame_skip=1
[Fitness run Gen0Creature9] reward=1.56±0.02  dist=0.00±0.00  upright=0.02±0.04  → FITNESS=0.0280
URDF saved to being.urdf
Connecting to PyBullet, GUI: False
CreatureEnv Inicijalizacija: 12 motora. OBS_dim=40, frame_skip=1
[Fitness run Gen0Creature10] reward=1.63±0.03  dist=0.00±0.00  upright=0.15±0.06  → FITNESS=0.0909
URDF saved to being.urdf
Connecting to PyBullet, GUI: False
CreatureEnv Inicijalizacija: 12 motora. OBS_dim=40, frame_skip=1
[Fitness run Gen0Creature11] reward=0.33±0.59  dist=0.00±0.00  upright=0.04±0.11  → FITNESS=0.0360
URDF saved to being.urdf
Connecting to PyBullet, GUI: False
CreatureEnv Inicijalizacija: 12 motora. OBS_dim=40, frame_skip=1
[Fitness run Gen0Creature12] reward=1.49±0.67  dist=0.04±0.06  upright=0.00±0.00  → FITNESS=0.0189
URDF saved to being.urdf
Connecting to PyBullet, GUI: False
CreatureEnv Inicijalizacija: 12 motora. OBS_dim=40, frame_skip=1
[Fitness run Gen0Creature13] reward=0.81±0.18  dist=0.00±0.01  upright=0.06±0.00  → FITNESS=0.0506
URDF saved to being.urdf
Connecting to PyBullet, GUI: False
CreatureEnv Inicijalizacija: 12 motora. OBS_dim=40, frame_skip=1
[Fitness run Gen0Creature14] reward=1.54±0.31  dist=0.00±0.00  upright=0.01±0.04  → FITNESS=0.0248
URDF saved to being.urdf
Connecting to PyBullet, GUI: False
CreatureEnv Inicijalizacija: 12 motora. OBS_dim=40, frame_skip=1
[Fitness run Gen0Creature15] reward=-0.38±0.09  dist=0.00±0.00  upright=0.00±0.00  → FITNESS=0.0181
URDF saved to being.urdf
Connecting to PyBullet, GUI: False
CreatureEnv Inicijalizacija: 12 motora. OBS_dim=40, frame_skip=1
[Fitness run Gen0Creature16] reward=1.67±0.62  dist=0.06±0.17  upright=0.00±0.00  → FITNESS=0.0192
URDF saved to being.urdf
Connecting to PyBullet, GUI: False
CreatureEnv Inicijalizacija: 12 motora. OBS_dim=40, frame_skip=1
[Fitness run Gen0Creature17] reward=1.65±0.00  dist=0.30±0.02  upright=0.00±0.00  → FITNESS=0.0229
URDF saved to being.urdf
Connecting to PyBullet, GUI: False
CreatureEnv Inicijalizacija: 12 motora. OBS_dim=40, frame_skip=1
[Fitness run Gen0Creature18] reward=1.87±0.07  dist=0.18±0.08  upright=0.05±0.06  → FITNESS=0.0468
URDF saved to being.urdf
Connecting to PyBullet, GUI: False
CreatureEnv Inicijalizacija: 12 motora. OBS_dim=40, frame_skip=1
[Fitness run Gen0Creature19] reward=1.75±0.05  dist=0.00±0.00  upright=0.07±0.02  → FITNESS=0.0523
URDF saved to being.urdf
Connecting to PyBullet, GUI: False
CreatureEnv Inicijalizacija: 12 motora. OBS_dim=40, frame_skip=1
[Fitness run Gen0Creature20] reward=1.46±0.10  dist=0.05±0.02  upright=0.00±0.00  → FITNESS=0.0191
URDF saved to being.urdf
Connecting to PyBullet, GUI: False
CreatureEnv Inicijalizacija: 12 motora. OBS_dim=40, frame_skip=1
[Fitness run Gen0Creature21] reward=1.49±0.34  dist=0.00±0.00  upright=0.00±0.00  → FITNESS=0.0183
URDF saved to being.urdf
Connecting to PyBullet, GUI: False
CreatureEnv Inicijalizacija: 12 motora. OBS_dim=40, frame_skip=1
[Fitness run Gen0Creature22] reward=0.52±0.98  dist=1.50±0.56  upright=0.01±0.04  → FITNESS=0.0471
URDF saved to being.urdf
Connecting to PyBullet, GUI: False
CreatureEnv Inicijalizacija: 12 motora. OBS_dim=40, frame_skip=1
[Fitness run Gen0Creature23] reward=1.51±0.00  dist=0.00±0.00  upright=0.99±0.02  → FITNESS=0.5151
URDF saved to being.urdf
Connecting to PyBullet, GUI: False
CreatureEnv Inicijalizacija: 12 motora. OBS_dim=40, frame_skip=1
[Fitness run Gen0Creature24] reward=1.56±0.03  dist=0.00±0.00  upright=0.03±0.09  → FITNESS=0.0328
URDF saved to being.urdf
Connecting to PyBullet, GUI: False
CreatureEnv Inicijalizacija: 12 motora. OBS_dim=40, frame_skip=1
[Fitness run Gen0Creature25] reward=1.65±0.02  dist=0.20±0.19  upright=0.00±0.00  → FITNESS=0.0213
URDF saved to being.urdf
Connecting to PyBullet, GUI: False
CreatureEnv Inicijalizacija: 12 motora. OBS_dim=40, frame_skip=1
[Fitness run Gen0Creature26] reward=1.63±0.00  dist=0.00±0.00  upright=0.00±0.00  → FITNESS=0.0183
URDF saved to being.urdf
Connecting to PyBullet, GUI: False
CreatureEnv Inicijalizacija: 12 motora. OBS_dim=40, frame_skip=1
[Fitness run Gen0Creature27] reward=1.68±0.01  dist=0.00±0.00  upright=0.00±0.00  → FITNESS=0.0183
URDF saved to being.urdf
Connecting to PyBullet, GUI: False
CreatureEnv Inicijalizacija: 12 motora. OBS_dim=40, frame_skip=1
[Fitness run Gen0Creature28] reward=1.66±0.14  dist=0.00±0.00  upright=0.01±0.03  → FITNESS=0.0232
URDF saved to being.urdf
Connecting to PyBullet, GUI: False
CreatureEnv Inicijalizacija: 12 motora. OBS_dim=40, frame_skip=1
[Fitness run Gen0Creature29] reward=1.81±0.01  dist=0.00±0.00  upright=0.01±0.04  → FITNESS=0.0248
URDF saved to being.urdf
Connecting to PyBullet, GUI: False
CreatureEnv Inicijalizacija: 12 motora. OBS_dim=40, frame_skip=1
[Fitness run Gen1Creature2] reward=0.69±0.32  dist=0.02±0.07  upright=0.00±0.00  → FITNESS=0.0186
URDF saved to being.urdf
Connecting to PyBullet, GUI: False
CreatureEnv Inicijalizacija: 12 motora. OBS_dim=40, frame_skip=1
[Fitness run Gen1Creature3] reward=1.74±0.12  dist=0.00±0.00  upright=0.10±0.04  → FITNESS=0.0667
URDF saved to being.urdf
Connecting to PyBullet, GUI: False
CreatureEnv Inicijalizacija: 12 motora. OBS_dim=40, frame_skip=1
[Fitness run Gen1Creature4] reward=1.65±0.01  dist=0.10±0.01  upright=0.14±0.05  → FITNESS=0.0876
URDF saved to being.urdf
Connecting to PyBullet, GUI: False
CreatureEnv Inicijalizacija: 12 motora. OBS_dim=40, frame_skip=1
[Fitness run Gen1Creature5] reward=1035.10±2.36  dist=0.00±0.00  upright=1.00±0.00  → FITNESS=0.6123
URDF saved to being.urdf
Connecting to PyBullet, GUI: False
CreatureEnv Inicijalizacija: 12 motora. OBS_dim=40, frame_skip=1
[Fitness run Gen1Creature6] reward=1.86±0.04  dist=0.03±0.09  upright=0.01±0.03  → FITNESS=0.0237
URDF saved to being.urdf
Connecting to PyBullet, GUI: False
CreatureEnv Inicijalizacija: 12 motora. OBS_dim=40, frame_skip=1
[Fitness run Gen1Creature7] reward=1.60±0.16  dist=0.00±0.00  upright=0.00±0.00  → FITNESS=0.0183
URDF saved to being.urdf
Connecting to PyBullet, GUI: False
CreatureEnv Inicijalizacija: 12 motora. OBS_dim=40, frame_skip=1
[Fitness run Gen1Creature8] reward=1.89±0.04  dist=0.00±0.00  upright=0.00±0.01  → FITNESS=0.0200
URDF saved to being.urdf
Connecting to PyBullet, GUI: False
CreatureEnv Inicijalizacija: 12 motora. OBS_dim=40, frame_skip=1
[Fitness run Gen1Creature9] reward=1.70±0.12  dist=0.00±0.00  upright=0.00±0.00  → FITNESS=0.0183
URDF saved to being.urdf
Connecting to PyBullet, GUI: False
CreatureEnv Inicijalizacija: 12 motora. OBS_dim=40, frame_skip=1
[Fitness run Gen1Creature10] reward=1.49±0.05  dist=0.00±0.01  upright=0.89±0.09  → FITNESS=0.4651
URDF saved to being.urdf
Connecting to PyBullet, GUI: False
CreatureEnv Inicijalizacija: 12 motora. OBS_dim=40, frame_skip=1
[Fitness run Gen1Creature11] reward=1.64±0.02  dist=0.01±0.01  upright=0.04±0.02  → FITNESS=0.0394
URDF saved to being.urdf
Connecting to PyBullet, GUI: False
CreatureEnv Inicijalizacija: 12 motora. OBS_dim=40, frame_skip=1
[Fitness run Gen1Creature12] reward=1.58±0.04  dist=0.09±0.04  upright=0.00±0.00  → FITNESS=0.0198
URDF saved to being.urdf
Connecting to PyBullet, GUI: False
CreatureEnv Inicijalizacija: 12 motora. OBS_dim=40, frame_skip=1
[Fitness run Gen1Creature13] reward=1.41±0.27  dist=0.01±0.03  upright=0.10±0.30  → FITNESS=0.0701
URDF saved to being.urdf
Connecting to PyBullet, GUI: False
CreatureEnv Inicijalizacija: 12 motora. OBS_dim=40, frame_skip=1
[Fitness run Gen1Creature14] reward=1.68±0.00  dist=0.05±0.14  upright=0.00±0.00  → FITNESS=0.0191
URDF saved to being.urdf
Connecting to PyBullet, GUI: False
CreatureEnv Inicijalizacija: 12 motora. OBS_dim=40, frame_skip=1
[Fitness run Gen1Creature15] reward=1.68±0.29  dist=0.43±0.21  upright=0.57±0.15  → FITNESS=0.3119
URDF saved to being.urdf
Connecting to PyBullet, GUI: False
CreatureEnv Inicijalizacija: 12 motora. OBS_dim=40, frame_skip=1
[Fitness run Gen1Creature16] reward=1.76±0.09  dist=0.05±0.04  upright=0.00±0.00  → FITNESS=0.0190
URDF saved to being.urdf
Connecting to PyBullet, GUI: False
CreatureEnv Inicijalizacija: 12 motora. OBS_dim=40, frame_skip=1
[Fitness run Gen1Creature17] reward=1.74±0.19  dist=0.12±0.08  upright=0.01±0.02  → FITNESS=0.0234
URDF saved to being.urdf
Connecting to PyBullet, GUI: False
CreatureEnv Inicijalizacija: 12 motora. OBS_dim=40, frame_skip=1
[Fitness run Gen1Creature18] reward=1.12±0.33  dist=0.00±0.00  upright=0.04±0.04  → FITNESS=0.0360
URDF saved to being.urdf
Connecting to PyBullet, GUI: False
CreatureEnv Inicijalizacija: 12 motora. OBS_dim=40, frame_skip=1
[Fitness run Gen1Creature19] reward=1.58±0.02  dist=0.04±0.12  upright=0.01±0.04  → FITNESS=0.0254
URDF saved to being.urdf
Connecting to PyBullet, GUI: False
CreatureEnv Inicijalizacija: 12 motora. OBS_dim=40, frame_skip=1
[Fitness run Gen1Creature20] reward=1.13±0.09  dist=0.00±0.01  upright=0.00±0.00  → FITNESS=0.0183
URDF saved to being.urdf
Connecting to PyBullet, GUI: False
CreatureEnv Inicijalizacija: 12 motora. OBS_dim=40, frame_skip=1
[Fitness run Gen1Creature21] reward=1.49±0.09  dist=0.00±0.01  upright=0.57±0.07  → FITNESS=0.3022
URDF saved to being.urdf
Connecting to PyBullet, GUI: False
CreatureEnv Inicijalizacija: 12 motora. OBS_dim=40, frame_skip=1
[Fitness run Gen1Creature22] reward=1.62±0.02  dist=0.00±0.00  upright=0.00±0.00  → FITNESS=0.0183
URDF saved to being.urdf
Connecting to PyBullet, GUI: False
CreatureEnv Inicijalizacija: 12 motora. OBS_dim=40, frame_skip=1
[Fitness run Gen1Creature23] reward=1.45±0.26  dist=0.01±0.04  upright=0.01±0.02  → FITNESS=0.0217
URDF saved to being.urdf
Connecting to PyBullet, GUI: False
CreatureEnv Inicijalizacija: 12 motora. OBS_dim=40, frame_skip=1
[Fitness run Gen1Creature24] reward=1.68±0.16  dist=0.13±0.04  upright=0.38±0.41  → FITNESS=0.2090
URDF saved to being.urdf
Connecting to PyBullet, GUI: False
CreatureEnv Inicijalizacija: 12 motora. OBS_dim=40, frame_skip=1
[Fitness run Gen1Creature25] reward=1.65±0.01  dist=0.00±0.01  upright=0.01±0.03  → FITNESS=0.0232
URDF saved to being.urdf
Connecting to PyBullet, GUI: False
CreatureEnv Inicijalizacija: 12 motora. OBS_dim=40, frame_skip=1
[Fitness run Gen1Creature26] reward=1.66±0.17  dist=0.09±0.07  upright=0.03±0.10  → FITNESS=0.0358
URDF saved to being.urdf
Connecting to PyBullet, GUI: False
CreatureEnv Inicijalizacija: 12 motora. OBS_dim=40, frame_skip=1
[Fitness run Gen1Creature27] reward=1.79±0.01  dist=0.09±0.00  upright=0.00±0.01  → FITNESS=0.0213
URDF saved to being.urdf
Connecting to PyBullet, GUI: False
CreatureEnv Inicijalizacija: 12 motora. OBS_dim=40, frame_skip=1
[Fitness run Gen1Creature28] reward=1.39±0.20  dist=0.00±0.00  upright=0.03±0.09  → FITNESS=0.0328
URDF saved to being.urdf
Connecting to PyBullet, GUI: False
CreatureEnv Inicijalizacija: 12 motora. OBS_dim=40, frame_skip=1
[Fitness run Gen1Creature29] reward=1.70±0.02  dist=0.02±0.01  upright=0.23±0.12  → FITNESS=0.1332

==================================================
Generacija 1/20  |  Best = 0.6123  |  Mean = 0.1261  |  Std = 0.1796
==================================================
URDF saved to being.urdf
Connecting to PyBullet, GUI: False
CreatureEnv Inicijalizacija: 12 motora. OBS_dim=40, frame_skip=1
[Fitness run Gen1Creature2] reward=0.69±0.32  dist=0.02±0.07  upright=0.00±0.00  → FITNESS=0.0186
URDF saved to being.urdf
Connecting to PyBullet, GUI: False
CreatureEnv Inicijalizacija: 12 motora. OBS_dim=40, frame_skip=1
[Fitness run Gen1Creature3] reward=1.74±0.12  dist=0.00±0.00  upright=0.10±0.04  → FITNESS=0.0667
URDF saved to being.urdf
Connecting to PyBullet, GUI: False
CreatureEnv Inicijalizacija: 12 motora. OBS_dim=40, frame_skip=1
[Fitness run Gen1Creature4] reward=1.65±0.01  dist=0.10±0.01  upright=0.14±0.05  → FITNESS=0.0876
URDF saved to being.urdf
Connecting to PyBullet, GUI: False
CreatureEnv Inicijalizacija: 12 motora. OBS_dim=40, frame_skip=1
[Fitness run Gen1Creature5] reward=1035.10±2.36  dist=0.00±0.00  upright=1.00±0.00  → FITNESS=0.6123
URDF saved to being.urdf
Connecting to PyBullet, GUI: False
CreatureEnv Inicijalizacija: 12 motora. OBS_dim=40, frame_skip=1
[Fitness run Gen1Creature6] reward=1.86±0.04  dist=0.03±0.09  upright=0.01±0.03  → FITNESS=0.0237
URDF saved to being.urdf
Connecting to PyBullet, GUI: False
CreatureEnv Inicijalizacija: 12 motora. OBS_dim=40, frame_skip=1
[Fitness run Gen1Creature7] reward=1.60±0.16  dist=0.00±0.00  upright=0.00±0.00  → FITNESS=0.0183
URDF saved to being.urdf
Connecting to PyBullet, GUI: False
CreatureEnv Inicijalizacija: 12 motora. OBS_dim=40, frame_skip=1
[Fitness run Gen1Creature8] reward=1.89±0.04  dist=0.00±0.00  upright=0.00±0.01  → FITNESS=0.0200
URDF saved to being.urdf
Connecting to PyBullet, GUI: False
CreatureEnv Inicijalizacija: 12 motora. OBS_dim=40, frame_skip=1
[Fitness run Gen1Creature9] reward=1.70±0.12  dist=0.00±0.00  upright=0.00±0.00  → FITNESS=0.0183
URDF saved to being.urdf
Connecting to PyBullet, GUI: False
CreatureEnv Inicijalizacija: 12 motora. OBS_dim=40, frame_skip=1
[Fitness run Gen1Creature10] reward=1.49±0.05  dist=0.00±0.01  upright=0.89±0.09  → FITNESS=0.4651
URDF saved to being.urdf
Connecting to PyBullet, GUI: False
CreatureEnv Inicijalizacija: 12 motora. OBS_dim=40, frame_skip=1
[Fitness run Gen1Creature11] reward=1.64±0.02  dist=0.01±0.01  upright=0.04±0.02  → FITNESS=0.0394
URDF saved to being.urdf
Connecting to PyBullet, GUI: False
CreatureEnv Inicijalizacija: 12 motora. OBS_dim=40, frame_skip=1
[Fitness run Gen1Creature12] reward=1.58±0.04  dist=0.09±0.04  upright=0.00±0.00  → FITNESS=0.0198
URDF saved to being.urdf
Connecting to PyBullet, GUI: False
CreatureEnv Inicijalizacija: 12 motora. OBS_dim=40, frame_skip=1
[Fitness run Gen1Creature13] reward=1.41±0.27  dist=0.01±0.03  upright=0.10±0.30  → FITNESS=0.0701
URDF saved to being.urdf
Connecting to PyBullet, GUI: False
CreatureEnv Inicijalizacija: 12 motora. OBS_dim=40, frame_skip=1
[Fitness run Gen1Creature14] reward=1.68±0.00  dist=0.05±0.14  upright=0.00±0.00  → FITNESS=0.0191
URDF saved to being.urdf
Connecting to PyBullet, GUI: False
CreatureEnv Inicijalizacija: 12 motora. OBS_dim=40, frame_skip=1
[Fitness run Gen1Creature15] reward=1.68±0.29  dist=0.43±0.21  upright=0.57±0.15  → FITNESS=0.3119
URDF saved to being.urdf
Connecting to PyBullet, GUI: False
CreatureEnv Inicijalizacija: 12 motora. OBS_dim=40, frame_skip=1
[Fitness run Gen1Creature16] reward=1.76±0.09  dist=0.05±0.04  upright=0.00±0.00  → FITNESS=0.0190
URDF saved to being.urdf
Connecting to PyBullet, GUI: False
CreatureEnv Inicijalizacija: 12 motora. OBS_dim=40, frame_skip=1
[Fitness run Gen1Creature17] reward=1.74±0.19  dist=0.12±0.08  upright=0.01±0.02  → FITNESS=0.0234
URDF saved to being.urdf
Connecting to PyBullet, GUI: False
CreatureEnv Inicijalizacija: 12 motora. OBS_dim=40, frame_skip=1
[Fitness run Gen1Creature18] reward=1.12±0.33  dist=0.00±0.00  upright=0.04±0.04  → FITNESS=0.0360
URDF saved to being.urdf
Connecting to PyBullet, GUI: False
CreatureEnv Inicijalizacija: 12 motora. OBS_dim=40, frame_skip=1
[Fitness run Gen1Creature19] reward=1.58±0.02  dist=0.04±0.12  upright=0.01±0.04  → FITNESS=0.0254
URDF saved to being.urdf
Connecting to PyBullet, GUI: False
CreatureEnv Inicijalizacija: 12 motora. OBS_dim=40, frame_skip=1
[Fitness run Gen1Creature20] reward=1.13±0.09  dist=0.00±0.01  upright=0.00±0.00  → FITNESS=0.0183
URDF saved to being.urdf
Connecting to PyBullet, GUI: False
CreatureEnv Inicijalizacija: 12 motora. OBS_dim=40, frame_skip=1
[Fitness run Gen1Creature21] reward=1.49±0.09  dist=0.00±0.01  upright=0.57±0.07  → FITNESS=0.3022
URDF saved to being.urdf
Connecting to PyBullet, GUI: False
CreatureEnv Inicijalizacija: 12 motora. OBS_dim=40, frame_skip=1
[Fitness run Gen1Creature22] reward=1.62±0.02  dist=0.00±0.00  upright=0.00±0.00  → FITNESS=0.0183
URDF saved to being.urdf
Connecting to PyBullet, GUI: False
CreatureEnv Inicijalizacija: 12 motora. OBS_dim=40, frame_skip=1
[Fitness run Gen1Creature23] reward=1.45±0.26  dist=0.01±0.04  upright=0.01±0.02  → FITNESS=0.0217
URDF saved to being.urdf
Connecting to PyBullet, GUI: False
CreatureEnv Inicijalizacija: 12 motora. OBS_dim=40, frame_skip=1
[Fitness run Gen1Creature24] reward=1.68±0.16  dist=0.13±0.04  upright=0.38±0.41  → FITNESS=0.2090
URDF saved to being.urdf
Connecting to PyBullet, GUI: False
CreatureEnv Inicijalizacija: 12 motora. OBS_dim=40, frame_skip=1
[Fitness run Gen1Creature25] reward=1.65±0.01  dist=0.00±0.01  upright=0.01±0.03  → FITNESS=0.0232
URDF saved to being.urdf
Connecting to PyBullet, GUI: False
CreatureEnv Inicijalizacija: 12 motora. OBS_dim=40, frame_skip=1
[Fitness run Gen1Creature26] reward=1.66±0.17  dist=0.09±0.07  upright=0.03±0.10  → FITNESS=0.0358
URDF saved to being.urdf
Connecting to PyBullet, GUI: False
CreatureEnv Inicijalizacija: 12 motora. OBS_dim=40, frame_skip=1
[Fitness run Gen1Creature27] reward=1.79±0.01  dist=0.09±0.00  upright=0.00±0.01  → FITNESS=0.0213
URDF saved to being.urdf
Connecting to PyBullet, GUI: False
CreatureEnv Inicijalizacija: 12 motora. OBS_dim=40, frame_skip=1
[Fitness run Gen1Creature28] reward=1.39±0.20  dist=0.00±0.00  upright=0.03±0.09  → FITNESS=0.0328
URDF saved to being.urdf
Connecting to PyBullet, GUI: False
CreatureEnv Inicijalizacija: 12 motora. OBS_dim=40, frame_skip=1
[Fitness run Gen1Creature29] reward=1.70±0.02  dist=0.02±0.01  upright=0.23±0.12  → FITNESS=0.1332
Genome saved to results\uprightBased500Steps1Seed\run_5\run_5_best_creature.json
[plot] Saved → ./results\uprightBased500Steps1Seed\run_5\run_5_summary.png
URDF saved to being.urdf
Connecting to PyBullet, GUI: False
CreatureEnv Inicijalizacija: 12 motora. OBS_dim=40, frame_skip=1
[Fitness run Gen2Creature2] reward=1.61±0.01  dist=0.00±0.00  upright=0.03±0.09  → FITNESS=0.0329
URDF saved to being.urdf
Connecting to PyBullet, GUI: False
CreatureEnv Inicijalizacija: 12 motora. OBS_dim=40, frame_skip=1
[Fitness run Gen2Creature3] reward=1.92±0.15  dist=0.00±0.00  upright=0.90±0.30  → FITNESS=0.4684
URDF saved to being.urdf
Connecting to PyBullet, GUI: False
CreatureEnv Inicijalizacija: 12 motora. OBS_dim=40, frame_skip=1
[Fitness run Gen2Creature4] reward=1.69±0.00  dist=0.00±0.00  upright=0.01±0.02  → FITNESS=0.0216
URDF saved to being.urdf
Connecting to PyBullet, GUI: False
CreatureEnv Inicijalizacija: 12 motora. OBS_dim=40, frame_skip=1
[Fitness run Gen2Creature5] reward=1.51±0.07  dist=0.10±0.04  upright=0.00±0.00  → FITNESS=0.0198
URDF saved to being.urdf
Connecting to PyBullet, GUI: False
CreatureEnv Inicijalizacija: 12 motora. OBS_dim=40, frame_skip=1
[Fitness run Gen2Creature6] reward=1.20±0.11  dist=0.00±0.00  upright=0.11±0.02  → FITNESS=0.0731
URDF saved to being.urdf
Connecting to PyBullet, GUI: False
CreatureEnv Inicijalizacija: 12 motora. OBS_dim=40, frame_skip=1
[Fitness run Gen2Creature7] reward=1.79±0.11  dist=0.02±0.06  upright=0.00±0.00  → FITNESS=0.0186
URDF saved to being.urdf
Connecting to PyBullet, GUI: False
CreatureEnv Inicijalizacija: 12 motora. OBS_dim=40, frame_skip=1
[Fitness run Gen2Creature8] reward=1.67±0.04  dist=0.43±0.11  upright=0.12±0.04  → FITNESS=0.0828
URDF saved to being.urdf
Connecting to PyBullet, GUI: False
CreatureEnv Inicijalizacija: 12 motora. OBS_dim=40, frame_skip=1
[Fitness run Gen2Creature9] reward=1.45±0.00  dist=0.02±0.03  upright=0.85±0.02  → FITNESS=0.4413
URDF saved to being.urdf
Connecting to PyBullet, GUI: False
CreatureEnv Inicijalizacija: 12 motora. OBS_dim=40, frame_skip=1
[Fitness run Gen2Creature10] reward=93.87±278.77  dist=0.01±0.03  upright=0.56±0.24  → FITNESS=0.3091
URDF saved to being.urdf
Connecting to PyBullet, GUI: False
CreatureEnv Inicijalizacija: 12 motora. OBS_dim=40, frame_skip=1
[Fitness run Gen2Creature11] reward=1.72±0.14  dist=0.13±0.04  upright=0.24±0.26  → FITNESS=0.1396
URDF saved to being.urdf
Connecting to PyBullet, GUI: False
CreatureEnv Inicijalizacija: 12 motora. OBS_dim=40, frame_skip=1
[Fitness run Gen2Creature12] reward=1.73±0.09  dist=0.01±0.02  upright=0.00±0.00  → FITNESS=0.0184
URDF saved to being.urdf
Connecting to PyBullet, GUI: False
CreatureEnv Inicijalizacija: 12 motora. OBS_dim=40, frame_skip=1
[Fitness run Gen2Creature13] reward=1.48±0.04  dist=0.16±0.05  upright=0.00±0.00  → FITNESS=0.0207
URDF saved to being.urdf
Connecting to PyBullet, GUI: False
CreatureEnv Inicijalizacija: 12 motora. OBS_dim=40, frame_skip=1
[Fitness run Gen2Creature14] reward=1.39±0.00  dist=0.00±0.00  upright=0.00±0.00  → FITNESS=0.0183
URDF saved to being.urdf
Connecting to PyBullet, GUI: False
CreatureEnv Inicijalizacija: 12 motora. OBS_dim=40, frame_skip=1
[Fitness run Gen2Creature15] reward=2.22±0.38  dist=0.00±0.00  upright=0.10±0.02  → FITNESS=0.0668
URDF saved to being.urdf
Connecting to PyBullet, GUI: False
CreatureEnv Inicijalizacija: 12 motora. OBS_dim=40, frame_skip=1
[Fitness run Gen2Creature16] reward=0.82±0.27  dist=0.00±0.00  upright=0.07±0.03  → FITNESS=0.0537
URDF saved to being.urdf
Connecting to PyBullet, GUI: False
CreatureEnv Inicijalizacija: 12 motora. OBS_dim=40, frame_skip=1
[Fitness run Gen2Creature17] reward=1.39±0.10  dist=0.00±0.00  upright=0.03±0.10  → FITNESS=0.0344
URDF saved to being.urdf
Connecting to PyBullet, GUI: False
CreatureEnv Inicijalizacija: 12 motora. OBS_dim=40, frame_skip=1
[Fitness run Gen2Creature18] reward=1.85±0.08  dist=0.00±0.00  upright=0.01±0.02  → FITNESS=0.0216
URDF saved to being.urdf
Connecting to PyBullet, GUI: False
CreatureEnv Inicijalizacija: 12 motora. OBS_dim=40, frame_skip=1
[Fitness run Gen2Creature19] reward=1.81±0.34  dist=0.07±0.05  upright=0.06±0.01  → FITNESS=0.0517
URDF saved to being.urdf
Connecting to PyBullet, GUI: False
CreatureEnv Inicijalizacija: 12 motora. OBS_dim=40, frame_skip=1
[Fitness run Gen2Creature20] reward=1.78±0.00  dist=0.13±0.04  upright=1.00±0.00  → FITNESS=0.5203
URDF saved to being.urdf
Connecting to PyBullet, GUI: False
CreatureEnv Inicijalizacija: 12 motora. OBS_dim=40, frame_skip=1
[Fitness run Gen2Creature21] reward=1.74±0.00  dist=0.06±0.02  upright=0.01±0.03  → FITNESS=0.0241
URDF saved to being.urdf
Connecting to PyBullet, GUI: False
CreatureEnv Inicijalizacija: 12 motora. OBS_dim=40, frame_skip=1
[Fitness run Gen2Creature22] reward=1.56±0.02  dist=0.00±0.00  upright=0.00±0.00  → FITNESS=0.0183
URDF saved to being.urdf
Connecting to PyBullet, GUI: False
CreatureEnv Inicijalizacija: 12 motora. OBS_dim=40, frame_skip=1
[Fitness run Gen2Creature23] reward=1.52±0.00  dist=0.00±0.01  upright=0.00±0.00  → FITNESS=0.0183
URDF saved to being.urdf
Connecting to PyBullet, GUI: False
CreatureEnv Inicijalizacija: 12 motora. OBS_dim=40, frame_skip=1
[Fitness run Gen2Creature24] reward=1.68±0.04  dist=0.10±0.03  upright=0.01±0.03  → FITNESS=0.0247
URDF saved to being.urdf
Connecting to PyBullet, GUI: False
CreatureEnv Inicijalizacija: 12 motora. OBS_dim=40, frame_skip=1
[Fitness run Gen2Creature25] reward=1.45±0.06  dist=0.10±0.03  upright=0.00±0.00  → FITNESS=0.0199
URDF saved to being.urdf
Connecting to PyBullet, GUI: False
CreatureEnv Inicijalizacija: 12 motora. OBS_dim=40, frame_skip=1
[Fitness run Gen2Creature26] reward=1.59±0.25  dist=0.14±0.04  upright=0.03±0.09  → FITNESS=0.0349
URDF saved to being.urdf
Connecting to PyBullet, GUI: False
CreatureEnv Inicijalizacija: 12 motora. OBS_dim=40, frame_skip=1
[Fitness run Gen2Creature27] reward=1.77±0.11  dist=0.01±0.03  upright=0.00±0.00  → FITNESS=0.0185
URDF saved to being.urdf
Connecting to PyBullet, GUI: False
CreatureEnv Inicijalizacija: 12 motora. OBS_dim=40, frame_skip=1
[Fitness run Gen2Creature28] reward=1.72±0.09  dist=0.00±0.00  upright=0.02±0.07  → FITNESS=0.0296
URDF saved to being.urdf
Connecting to PyBullet, GUI: False
CreatureEnv Inicijalizacija: 12 motora. OBS_dim=40, frame_skip=1
[Fitness run Gen2Creature29] reward=1.76±0.54  dist=0.00±0.00  upright=0.22±0.20  → FITNESS=0.1296

==================================================
Generacija 2/20  |  Best = 0.6123  |  Mean = 0.1300  |  Std = 0.1849
==================================================
URDF saved to being.urdf
Connecting to PyBullet, GUI: False
CreatureEnv Inicijalizacija: 12 motora. OBS_dim=40, frame_skip=1
[Fitness run Gen2Creature2] reward=1.61±0.01  dist=0.00±0.00  upright=0.03±0.09  → FITNESS=0.0329
URDF saved to being.urdf
Connecting to PyBullet, GUI: False
CreatureEnv Inicijalizacija: 12 motora. OBS_dim=40, frame_skip=1
[Fitness run Gen2Creature3] reward=1.92±0.15  dist=0.00±0.00  upright=0.90±0.30  → FITNESS=0.4684
URDF saved to being.urdf
Connecting to PyBullet, GUI: False
CreatureEnv Inicijalizacija: 12 motora. OBS_dim=40, frame_skip=1
[Fitness run Gen2Creature4] reward=1.69±0.00  dist=0.00±0.00  upright=0.01±0.02  → FITNESS=0.0216
URDF saved to being.urdf
Connecting to PyBullet, GUI: False
CreatureEnv Inicijalizacija: 12 motora. OBS_dim=40, frame_skip=1
[Fitness run Gen2Creature5] reward=1.51±0.07  dist=0.10±0.04  upright=0.00±0.00  → FITNESS=0.0198
URDF saved to being.urdf
Connecting to PyBullet, GUI: False
CreatureEnv Inicijalizacija: 12 motora. OBS_dim=40, frame_skip=1
[Fitness run Gen2Creature6] reward=1.20±0.11  dist=0.00±0.00  upright=0.11±0.02  → FITNESS=0.0731
URDF saved to being.urdf
Connecting to PyBullet, GUI: False
CreatureEnv Inicijalizacija: 12 motora. OBS_dim=40, frame_skip=1
[Fitness run Gen2Creature7] reward=1.79±0.11  dist=0.02±0.06  upright=0.00±0.00  → FITNESS=0.0186
URDF saved to being.urdf
Connecting to PyBullet, GUI: False
CreatureEnv Inicijalizacija: 12 motora. OBS_dim=40, frame_skip=1
[Fitness run Gen2Creature8] reward=1.67±0.04  dist=0.43±0.11  upright=0.12±0.04  → FITNESS=0.0828
URDF saved to being.urdf
Connecting to PyBullet, GUI: False
CreatureEnv Inicijalizacija: 12 motora. OBS_dim=40, frame_skip=1
[Fitness run Gen2Creature9] reward=1.45±0.00  dist=0.02±0.03  upright=0.85±0.02  → FITNESS=0.4413
URDF saved to being.urdf
Connecting to PyBullet, GUI: False
CreatureEnv Inicijalizacija: 12 motora. OBS_dim=40, frame_skip=1
[Fitness run Gen2Creature10] reward=93.87±278.77  dist=0.01±0.03  upright=0.56±0.24  → FITNESS=0.3091
URDF saved to being.urdf
Connecting to PyBullet, GUI: False
CreatureEnv Inicijalizacija: 12 motora. OBS_dim=40, frame_skip=1
[Fitness run Gen2Creature11] reward=1.72±0.14  dist=0.13±0.04  upright=0.24±0.26  → FITNESS=0.1396
URDF saved to being.urdf
Connecting to PyBullet, GUI: False
CreatureEnv Inicijalizacija: 12 motora. OBS_dim=40, frame_skip=1
[Fitness run Gen2Creature12] reward=1.73±0.09  dist=0.01±0.02  upright=0.00±0.00  → FITNESS=0.0184
URDF saved to being.urdf
Connecting to PyBullet, GUI: False
CreatureEnv Inicijalizacija: 12 motora. OBS_dim=40, frame_skip=1
[Fitness run Gen2Creature13] reward=1.48±0.04  dist=0.16±0.05  upright=0.00±0.00  → FITNESS=0.0207
URDF saved to being.urdf
Connecting to PyBullet, GUI: False
CreatureEnv Inicijalizacija: 12 motora. OBS_dim=40, frame_skip=1
[Fitness run Gen2Creature14] reward=1.39±0.00  dist=0.00±0.00  upright=0.00±0.00  → FITNESS=0.0183
URDF saved to being.urdf
Connecting to PyBullet, GUI: False
CreatureEnv Inicijalizacija: 12 motora. OBS_dim=40, frame_skip=1
[Fitness run Gen2Creature15] reward=2.22±0.38  dist=0.00±0.00  upright=0.10±0.02  → FITNESS=0.0668
URDF saved to being.urdf
Connecting to PyBullet, GUI: False
CreatureEnv Inicijalizacija: 12 motora. OBS_dim=40, frame_skip=1
[Fitness run Gen2Creature16] reward=0.82±0.27  dist=0.00±0.00  upright=0.07±0.03  → FITNESS=0.0537
URDF saved to being.urdf
Connecting to PyBullet, GUI: False
CreatureEnv Inicijalizacija: 12 motora. OBS_dim=40, frame_skip=1
[Fitness run Gen2Creature17] reward=1.39±0.10  dist=0.00±0.00  upright=0.03±0.10  → FITNESS=0.0344
URDF saved to being.urdf
Connecting to PyBullet, GUI: False
CreatureEnv Inicijalizacija: 12 motora. OBS_dim=40, frame_skip=1
[Fitness run Gen2Creature18] reward=1.85±0.08  dist=0.00±0.00  upright=0.01±0.02  → FITNESS=0.0216
URDF saved to being.urdf
Connecting to PyBullet, GUI: False
CreatureEnv Inicijalizacija: 12 motora. OBS_dim=40, frame_skip=1
[Fitness run Gen2Creature19] reward=1.81±0.34  dist=0.07±0.05  upright=0.06±0.01  → FITNESS=0.0517
URDF saved to being.urdf
Connecting to PyBullet, GUI: False
CreatureEnv Inicijalizacija: 12 motora. OBS_dim=40, frame_skip=1
[Fitness run Gen2Creature20] reward=1.78±0.00  dist=0.13±0.04  upright=1.00±0.00  → FITNESS=0.5203
URDF saved to being.urdf
Connecting to PyBullet, GUI: False
CreatureEnv Inicijalizacija: 12 motora. OBS_dim=40, frame_skip=1
[Fitness run Gen2Creature21] reward=1.74±0.00  dist=0.06±0.02  upright=0.01±0.03  → FITNESS=0.0241
URDF saved to being.urdf
Connecting to PyBullet, GUI: False
CreatureEnv Inicijalizacija: 12 motora. OBS_dim=40, frame_skip=1
[Fitness run Gen2Creature22] reward=1.56±0.02  dist=0.00±0.00  upright=0.00±0.00  → FITNESS=0.0183
URDF saved to being.urdf
Connecting to PyBullet, GUI: False
CreatureEnv Inicijalizacija: 12 motora. OBS_dim=40, frame_skip=1
[Fitness run Gen2Creature23] reward=1.52±0.00  dist=0.00±0.01  upright=0.00±0.00  → FITNESS=0.0183
URDF saved to being.urdf
Connecting to PyBullet, GUI: False
CreatureEnv Inicijalizacija: 12 motora. OBS_dim=40, frame_skip=1
[Fitness run Gen2Creature24] reward=1.68±0.04  dist=0.10±0.03  upright=0.01±0.03  → FITNESS=0.0247
URDF saved to being.urdf
Connecting to PyBullet, GUI: False
CreatureEnv Inicijalizacija: 12 motora. OBS_dim=40, frame_skip=1
[Fitness run Gen2Creature25] reward=1.45±0.06  dist=0.10±0.03  upright=0.00±0.00  → FITNESS=0.0199
URDF saved to being.urdf
Connecting to PyBullet, GUI: False
CreatureEnv Inicijalizacija: 12 motora. OBS_dim=40, frame_skip=1
[Fitness run Gen2Creature26] reward=1.59±0.25  dist=0.14±0.04  upright=0.03±0.09  → FITNESS=0.0349
URDF saved to being.urdf
Connecting to PyBullet, GUI: False
CreatureEnv Inicijalizacija: 12 motora. OBS_dim=40, frame_skip=1
[Fitness run Gen2Creature27] reward=1.77±0.11  dist=0.01±0.03  upright=0.00±0.00  → FITNESS=0.0185
URDF saved to being.urdf
Connecting to PyBullet, GUI: False
CreatureEnv Inicijalizacija: 12 motora. OBS_dim=40, frame_skip=1
[Fitness run Gen2Creature28] reward=1.72±0.09  dist=0.00±0.00  upright=0.02±0.07  → FITNESS=0.0296
URDF saved to being.urdf
Connecting to PyBullet, GUI: False
CreatureEnv Inicijalizacija: 12 motora. OBS_dim=40, frame_skip=1
[Fitness run Gen2Creature29] reward=1.76±0.54  dist=0.00±0.00  upright=0.22±0.20  → FITNESS=0.1296
Genome saved to results\uprightBased500Steps1Seed\run_5\run_5_best_creature.json
[plot] Saved → ./results\uprightBased500Steps1Seed\run_5\run_5_summary.png
URDF saved to being.urdf
Connecting to PyBullet, GUI: False
CreatureEnv Inicijalizacija: 12 motora. OBS_dim=40, frame_skip=1
[Fitness run Gen3Creature2] reward=1.84±0.01  dist=0.03±0.01  upright=1.00±0.00  → FITNESS=0.5188
URDF saved to being.urdf
Connecting to PyBullet, GUI: False
CreatureEnv Inicijalizacija: 12 motora. OBS_dim=40, frame_skip=1
[Fitness run Gen3Creature3] reward=1.78±0.08  dist=0.00±0.00  upright=0.59±0.18  → FITNESS=0.3151
URDF saved to being.urdf
Connecting to PyBullet, GUI: False
CreatureEnv Inicijalizacija: 12 motora. OBS_dim=40, frame_skip=1
[Fitness run Gen3Creature4] reward=1.57±0.00  dist=0.15±0.00  upright=0.99±0.02  → FITNESS=0.5174
URDF saved to being.urdf
Connecting to PyBullet, GUI: False
CreatureEnv Inicijalizacija: 12 motora. OBS_dim=40, frame_skip=1
[Fitness run Gen3Creature5] reward=2.05±0.01  dist=0.00±0.00  upright=1.00±0.00  → FITNESS=0.5184
URDF saved to being.urdf
Connecting to PyBullet, GUI: False
CreatureEnv Inicijalizacija: 12 motora. OBS_dim=40, frame_skip=1
[Fitness run Gen3Creature6] reward=1.75±0.15  dist=0.22±0.08  upright=0.08±0.18  → FITNESS=0.0604
URDF saved to being.urdf
Connecting to PyBullet, GUI: False
CreatureEnv Inicijalizacija: 12 motora. OBS_dim=40, frame_skip=1
[Fitness run Gen3Creature7] reward=1.59±0.05  dist=0.11±0.32  upright=0.00±0.00  → FITNESS=0.0199
URDF saved to being.urdf
Connecting to PyBullet, GUI: False
CreatureEnv Inicijalizacija: 12 motora. OBS_dim=40, frame_skip=1
[Fitness run Gen3Creature8] reward=1.31±0.14  dist=0.11±0.33  upright=0.01±0.03  → FITNESS=0.0248
URDF saved to being.urdf
Connecting to PyBullet, GUI: False
CreatureEnv Inicijalizacija: 12 motora. OBS_dim=40, frame_skip=1
[Fitness run Gen3Creature9] reward=1002.51±333.67  dist=0.00±0.00  upright=0.90±0.30  → FITNESS=0.5593
URDF saved to being.urdf
Connecting to PyBullet, GUI: False
CreatureEnv Inicijalizacija: 12 motora. OBS_dim=40, frame_skip=1
[Fitness run Gen3Creature10] reward=314.27±478.28  dist=0.12±0.10  upright=0.71±0.27  → FITNESS=0.4034
URDF saved to being.urdf
Connecting to PyBullet, GUI: False
CreatureEnv Inicijalizacija: 12 motora. OBS_dim=40, frame_skip=1
[Fitness run Gen3Creature11] reward=1.48±0.00  dist=0.09±0.03  upright=0.93±0.04  → FITNESS=0.4858
URDF saved to being.urdf
Connecting to PyBullet, GUI: False
CreatureEnv Inicijalizacija: 12 motora. OBS_dim=40, frame_skip=1
[Fitness run Gen3Creature12] reward=1.59±0.08  dist=0.00±0.00  upright=0.77±0.08  → FITNESS=0.4038
URDF saved to being.urdf
Connecting to PyBullet, GUI: False
CreatureEnv Inicijalizacija: 12 motora. OBS_dim=40, frame_skip=1
[Fitness run Gen3Creature13] reward=1.95±0.16  dist=0.38±0.13  upright=0.00±0.00  → FITNESS=0.0240
URDF saved to being.urdf
Connecting to PyBullet, GUI: False
CreatureEnv Inicijalizacija: 12 motora. OBS_dim=40, frame_skip=1
[Fitness run Gen3Creature14] reward=1.44±0.09  dist=0.02±0.03  upright=0.89±0.11  → FITNESS=0.4638
URDF saved to being.urdf
Connecting to PyBullet, GUI: False
CreatureEnv Inicijalizacija: 12 motora. OBS_dim=40, frame_skip=1
[Fitness run Gen3Creature15] reward=1046.46±6.46  dist=0.00±0.00  upright=1.00±0.00  → FITNESS=0.6133
URDF saved to being.urdf
Connecting to PyBullet, GUI: False
CreatureEnv Inicijalizacija: 12 motora. OBS_dim=40, frame_skip=1
[Fitness run Gen3Creature16] reward=1.81±0.11  dist=0.07±0.03  upright=0.01±0.03  → FITNESS=0.0242
URDF saved to being.urdf
Connecting to PyBullet, GUI: False
CreatureEnv Inicijalizacija: 12 motora. OBS_dim=40, frame_skip=1
[Fitness run Gen3Creature17] reward=2.02±0.14  dist=0.00±0.00  upright=0.90±0.30  → FITNESS=0.4684
URDF saved to being.urdf
Connecting to PyBullet, GUI: False
CreatureEnv Inicijalizacija: 12 motora. OBS_dim=40, frame_skip=1
[Fitness run Gen3Creature18] reward=1.81±0.11  dist=0.07±0.03  upright=0.01±0.03  → FITNESS=0.0242
URDF saved to being.urdf
Connecting to PyBullet, GUI: False
CreatureEnv Inicijalizacija: 12 motora. OBS_dim=40, frame_skip=1
[Fitness run Gen3Creature19] reward=2.02±0.14  dist=0.00±0.00  upright=0.90±0.30  → FITNESS=0.4684
URDF saved to being.urdf
Connecting to PyBullet, GUI: False
CreatureEnv Inicijalizacija: 12 motora. OBS_dim=40, frame_skip=1
[Fitness run Gen3Creature20] reward=213.46±423.84  dist=0.02±0.03  upright=0.62±0.29  → FITNESS=0.3476
URDF saved to being.urdf
Connecting to PyBullet, GUI: False
CreatureEnv Inicijalizacija: 12 motora. OBS_dim=40, frame_skip=1
[Fitness run Gen3Creature21] reward=1.78±0.00  dist=0.00±0.00  upright=0.00±0.01  → FITNESS=0.0200
URDF saved to being.urdf
Connecting to PyBullet, GUI: False
CreatureEnv Inicijalizacija: 12 motora. OBS_dim=40, frame_skip=1
[Fitness run Gen3Creature22] reward=1.53±0.06  dist=0.06±0.02  upright=0.10±0.01  → FITNESS=0.0676
URDF saved to being.urdf
Connecting to PyBullet, GUI: False
CreatureEnv Inicijalizacija: 12 motora. OBS_dim=40, frame_skip=1
[Fitness run Gen3Creature23] reward=1.87±0.18  dist=0.22±0.42  upright=0.01±0.02  → FITNESS=0.0248
URDF saved to being.urdf
Connecting to PyBullet, GUI: False
CreatureEnv Inicijalizacija: 12 motora. OBS_dim=40, frame_skip=1
[Fitness run Gen3Creature24] reward=1.53±0.06  dist=0.06±0.02  upright=0.10±0.01  → FITNESS=0.0676
URDF saved to being.urdf
Connecting to PyBullet, GUI: False
CreatureEnv Inicijalizacija: 12 motora. OBS_dim=40, frame_skip=1
[Fitness run Gen3Creature25] reward=1066.84±0.26  dist=0.04±0.02  upright=1.00±0.00  → FITNESS=0.6158
URDF saved to being.urdf
Connecting to PyBullet, GUI: False
CreatureEnv Inicijalizacija: 12 motora. OBS_dim=40, frame_skip=1
[Fitness run Gen3Creature26] reward=1.62±0.04  dist=0.07±0.03  upright=0.01±0.04  → FITNESS=0.0259
URDF saved to being.urdf
Connecting to PyBullet, GUI: False
CreatureEnv Inicijalizacija: 12 motora. OBS_dim=40, frame_skip=1
[Fitness run Gen3Creature27] reward=1.82±0.14  dist=0.00±0.00  upright=0.00±0.00  → FITNESS=0.0183
URDF saved to being.urdf
Connecting to PyBullet, GUI: False
CreatureEnv Inicijalizacija: 12 motora. OBS_dim=40, frame_skip=1
[Fitness run Gen3Creature28] reward=1.30±0.39  dist=0.11±0.07  upright=0.10±0.30  → FITNESS=0.0699
URDF saved to being.urdf
Connecting to PyBullet, GUI: False
CreatureEnv Inicijalizacija: 12 motora. OBS_dim=40, frame_skip=1
[Fitness run Gen3Creature29] reward=957.81±318.79  dist=0.00±0.00  upright=0.90±0.30  → FITNESS=0.5553

==================================================
Generacija 3/20  |  Best = 0.6158  |  Mean = 0.2965  |  Std = 0.2372
==================================================
URDF saved to being.urdf
Connecting to PyBullet, GUI: False
CreatureEnv Inicijalizacija: 12 motora. OBS_dim=40, frame_skip=1
[Fitness run Gen3Creature2] reward=1.84±0.01  dist=0.03±0.01  upright=1.00±0.00  → FITNESS=0.5188
URDF saved to being.urdf
Connecting to PyBullet, GUI: False
CreatureEnv Inicijalizacija: 12 motora. OBS_dim=40, frame_skip=1
[Fitness run Gen3Creature3] reward=1.78±0.08  dist=0.00±0.00  upright=0.59±0.18  → FITNESS=0.3151
URDF saved to being.urdf
Connecting to PyBullet, GUI: False
CreatureEnv Inicijalizacija: 12 motora. OBS_dim=40, frame_skip=1
[Fitness run Gen3Creature4] reward=1.57±0.00  dist=0.15±0.00  upright=0.99±0.02  → FITNESS=0.5174
URDF saved to being.urdf
Connecting to PyBullet, GUI: False
CreatureEnv Inicijalizacija: 12 motora. OBS_dim=40, frame_skip=1
[Fitness run Gen3Creature5] reward=2.05±0.01  dist=0.00±0.00  upright=1.00±0.00  → FITNESS=0.5184
URDF saved to being.urdf
Connecting to PyBullet, GUI: False
CreatureEnv Inicijalizacija: 12 motora. OBS_dim=40, frame_skip=1
[Fitness run Gen3Creature6] reward=1.75±0.15  dist=0.22±0.08  upright=0.08±0.18  → FITNESS=0.0604
URDF saved to being.urdf
Connecting to PyBullet, GUI: False
CreatureEnv Inicijalizacija: 12 motora. OBS_dim=40, frame_skip=1
[Fitness run Gen3Creature7] reward=1.59±0.05  dist=0.11±0.32  upright=0.00±0.00  → FITNESS=0.0199
URDF saved to being.urdf
Connecting to PyBullet, GUI: False
CreatureEnv Inicijalizacija: 12 motora. OBS_dim=40, frame_skip=1
[Fitness run Gen3Creature8] reward=1.31±0.14  dist=0.11±0.33  upright=0.01±0.03  → FITNESS=0.0248
URDF saved to being.urdf
Connecting to PyBullet, GUI: False
CreatureEnv Inicijalizacija: 12 motora. OBS_dim=40, frame_skip=1
[Fitness run Gen3Creature9] reward=1002.51±333.67  dist=0.00±0.00  upright=0.90±0.30  → FITNESS=0.5593
URDF saved to being.urdf
Connecting to PyBullet, GUI: False
CreatureEnv Inicijalizacija: 12 motora. OBS_dim=40, frame_skip=1
[Fitness run Gen3Creature10] reward=314.27±478.28  dist=0.12±0.10  upright=0.71±0.27  → FITNESS=0.4034
URDF saved to being.urdf
Connecting to PyBullet, GUI: False
CreatureEnv Inicijalizacija: 12 motora. OBS_dim=40, frame_skip=1
[Fitness run Gen3Creature11] reward=1.48±0.00  dist=0.09±0.03  upright=0.93±0.04  → FITNESS=0.4858
URDF saved to being.urdf
Connecting to PyBullet, GUI: False
CreatureEnv Inicijalizacija: 12 motora. OBS_dim=40, frame_skip=1
[Fitness run Gen3Creature12] reward=1.59±0.08  dist=0.00±0.00  upright=0.77±0.08  → FITNESS=0.4038
URDF saved to being.urdf
Connecting to PyBullet, GUI: False
CreatureEnv Inicijalizacija: 12 motora. OBS_dim=40, frame_skip=1
[Fitness run Gen3Creature13] reward=1.95±0.16  dist=0.38±0.13  upright=0.00±0.00  → FITNESS=0.0240
URDF saved to being.urdf
Connecting to PyBullet, GUI: False
CreatureEnv Inicijalizacija: 12 motora. OBS_dim=40, frame_skip=1
[Fitness run Gen3Creature14] reward=1.44±0.09  dist=0.02±0.03  upright=0.89±0.11  → FITNESS=0.4638
URDF saved to being.urdf
Connecting to PyBullet, GUI: False
CreatureEnv Inicijalizacija: 12 motora. OBS_dim=40, frame_skip=1
[Fitness run Gen3Creature15] reward=1046.46±6.46  dist=0.00±0.00  upright=1.00±0.00  → FITNESS=0.6133
URDF saved to being.urdf
Connecting to PyBullet, GUI: False
CreatureEnv Inicijalizacija: 12 motora. OBS_dim=40, frame_skip=1
[Fitness run Gen3Creature16] reward=1.59±0.02  dist=0.09±0.03  upright=0.18±0.05  → FITNESS=0.1084
URDF saved to being.urdf
Connecting to PyBullet, GUI: False
CreatureEnv Inicijalizacija: 12 motora. OBS_dim=40, frame_skip=1
[Fitness run Gen3Creature17] reward=1.82±0.04  dist=0.00±0.00  upright=0.00±0.00  → FITNESS=0.0183
URDF saved to being.urdf
Connecting to PyBullet, GUI: False
CreatureEnv Inicijalizacija: 12 motora. OBS_dim=40, frame_skip=1
[Fitness run Gen3Creature18] reward=1.81±0.11  dist=0.07±0.03  upright=0.01±0.03  → FITNESS=0.0242
URDF saved to being.urdf
Connecting to PyBullet, GUI: False
CreatureEnv Inicijalizacija: 12 motora. OBS_dim=40, frame_skip=1
[Fitness run Gen3Creature19] reward=2.02±0.14  dist=0.00±0.00  upright=0.90±0.30  → FITNESS=0.4684
URDF saved to being.urdf
Connecting to PyBullet, GUI: False
CreatureEnv Inicijalizacija: 12 motora. OBS_dim=40, frame_skip=1
[Fitness run Gen3Creature20] reward=213.46±423.84  dist=0.02±0.03  upright=0.62±0.29  → FITNESS=0.3476
URDF saved to being.urdf
Connecting to PyBullet, GUI: False
CreatureEnv Inicijalizacija: 12 motora. OBS_dim=40, frame_skip=1
[Fitness run Gen3Creature21] reward=1.78±0.00  dist=0.00±0.00  upright=0.00±0.01  → FITNESS=0.0200
URDF saved to being.urdf
Connecting to PyBullet, GUI: False
CreatureEnv Inicijalizacija: 12 motora. OBS_dim=40, frame_skip=1
[Fitness run Gen3Creature22] reward=1.85±0.00  dist=0.06±0.02  upright=1.00±0.00  → FITNESS=0.5193
URDF saved to being.urdf
Connecting to PyBullet, GUI: False
CreatureEnv Inicijalizacija: 12 motora. OBS_dim=40, frame_skip=1
[Fitness run Gen3Creature23] reward=1.87±0.18  dist=0.22±0.42  upright=0.01±0.02  → FITNESS=0.0248
URDF saved to being.urdf
Connecting to PyBullet, GUI: False
CreatureEnv Inicijalizacija: 12 motora. OBS_dim=40, frame_skip=1
[Fitness run Gen3Creature24] reward=1.53±0.06  dist=0.06±0.02  upright=0.10±0.01  → FITNESS=0.0676
URDF saved to being.urdf
Connecting to PyBullet, GUI: False
CreatureEnv Inicijalizacija: 12 motora. OBS_dim=40, frame_skip=1
[Fitness run Gen3Creature25] reward=1066.84±0.26  dist=0.04±0.02  upright=1.00±0.00  → FITNESS=0.6158
URDF saved to being.urdf
Connecting to PyBullet, GUI: False
CreatureEnv Inicijalizacija: 12 motora. OBS_dim=40, frame_skip=1
[Fitness run Gen3Creature26] reward=1.62±0.04  dist=0.07±0.03  upright=0.01±0.04  → FITNESS=0.0259
URDF saved to being.urdf
Connecting to PyBullet, GUI: False
CreatureEnv Inicijalizacija: 12 motora. OBS_dim=40, frame_skip=1
[Fitness run Gen3Creature27] reward=1.82±0.14  dist=0.00±0.00  upright=0.00±0.00  → FITNESS=0.0183
URDF saved to being.urdf
Connecting to PyBullet, GUI: False
CreatureEnv Inicijalizacija: 12 motora. OBS_dim=40, frame_skip=1
[Fitness run Gen3Creature28] reward=1.30±0.39  dist=0.11±0.07  upright=0.10±0.30  → FITNESS=0.0699
URDF saved to being.urdf
Connecting to PyBullet, GUI: False
CreatureEnv Inicijalizacija: 12 motora. OBS_dim=40, frame_skip=1
[Fitness run Gen3Creature29] reward=957.81±318.79  dist=0.00±0.00  upright=0.90±0.30  → FITNESS=0.5553
Genome saved to results\uprightBased500Steps1Seed\run_5\run_5_best_creature.json
[plot] Saved → ./results\uprightBased500Steps1Seed\run_5\run_5_summary.png
URDF saved to being.urdf
Connecting to PyBullet, GUI: False
CreatureEnv Inicijalizacija: 12 motora. OBS_dim=40, frame_skip=1
[Fitness run Gen4Creature2] reward=1.73±0.02  dist=0.00±0.00  upright=1.00±0.00  → FITNESS=0.5183
URDF saved to being.urdf
Connecting to PyBullet, GUI: False
CreatureEnv Inicijalizacija: 12 motora. OBS_dim=40, frame_skip=1
[Fitness run Gen4Creature3] reward=1.80±0.15  dist=0.00±0.00  upright=0.73±0.22  → FITNESS=0.3829
URDF saved to being.urdf
Connecting to PyBullet, GUI: False
CreatureEnv Inicijalizacija: 12 motora. OBS_dim=40, frame_skip=1
[Fitness run Gen4Creature4] reward=1.54±0.00  dist=0.00±0.00  upright=0.00±0.00  → FITNESS=0.0183
URDF saved to being.urdf
Connecting to PyBullet, GUI: False
CreatureEnv Inicijalizacija: 12 motora. OBS_dim=40, frame_skip=1
[Fitness run Gen4Creature5] reward=1.67±0.00  dist=0.15±0.10  upright=0.00±0.01  → FITNESS=0.0222
URDF saved to being.urdf
Connecting to PyBullet, GUI: False
CreatureEnv Inicijalizacija: 12 motora. OBS_dim=40, frame_skip=1
[Fitness run Gen4Creature6] reward=348.00±448.77  dist=0.09±0.05  upright=0.74±0.32  → FITNESS=0.4191
URDF saved to being.urdf
Connecting to PyBullet, GUI: False
CreatureEnv Inicijalizacija: 12 motora. OBS_dim=40, frame_skip=1
[Fitness run Gen4Creature7] reward=2.02±0.16  dist=0.01±0.01  upright=0.92±0.23  → FITNESS=0.4797
URDF saved to being.urdf
Connecting to PyBullet, GUI: False
CreatureEnv Inicijalizacija: 12 motora. OBS_dim=40, frame_skip=1
[Fitness run Gen4Creature8] reward=1.39±0.00  dist=0.04±0.12  upright=0.83±0.04  → FITNESS=0.4334
URDF saved to being.urdf
Connecting to PyBullet, GUI: False
CreatureEnv Inicijalizacija: 12 motora. OBS_dim=40, frame_skip=1
[Fitness run Gen4Creature9] reward=981.53±326.67  dist=0.00±0.01  upright=0.91±0.27  → FITNESS=0.5623
URDF saved to being.urdf
Connecting to PyBullet, GUI: False
CreatureEnv Inicijalizacija: 12 motora. OBS_dim=40, frame_skip=1
[Fitness run Gen4Creature10] reward=314.27±478.28  dist=0.12±0.10  upright=0.71±0.27  → FITNESS=0.4034
URDF saved to being.urdf
Connecting to PyBullet, GUI: False
CreatureEnv Inicijalizacija: 12 motora. OBS_dim=40, frame_skip=1
[Fitness run Gen4Creature12] reward=1.48±0.05  dist=0.21±0.07  upright=0.33±0.01  → FITNESS=0.1844
URDF saved to being.urdf
Connecting to PyBullet, GUI: False
CreatureEnv Inicijalizacija: 12 motora. OBS_dim=40, frame_skip=1
[Fitness run Gen4Creature13] reward=1.78±0.07  dist=0.29±0.10  upright=0.90±0.30  → FITNESS=0.4727
URDF saved to being.urdf
Connecting to PyBullet, GUI: False
CreatureEnv Inicijalizacija: 12 motora. OBS_dim=40, frame_skip=1
[Fitness run Gen4Creature14] reward=0.76±0.06  dist=0.16±0.09  upright=0.53±0.04  → FITNESS=0.2868
URDF saved to being.urdf
Connecting to PyBullet, GUI: False
CreatureEnv Inicijalizacija: 12 motora. OBS_dim=40, frame_skip=1
[Fitness run Gen4Creature15] reward=1.65±0.01  dist=0.07±0.04  upright=0.00±0.00  → FITNESS=0.0193
URDF saved to being.urdf
Connecting to PyBullet, GUI: False
CreatureEnv Inicijalizacija: 12 motora. OBS_dim=40, frame_skip=1
[Fitness run Gen4Creature16] reward=1.46±0.03  dist=0.01±0.01  upright=0.01±0.03  → FITNESS=0.0233
URDF saved to being.urdf
Connecting to PyBullet, GUI: False
CreatureEnv Inicijalizacija: 12 motora. OBS_dim=40, frame_skip=1
[Fitness run Gen4Creature17] reward=1.67±0.01  dist=0.14±0.05  upright=0.02±0.07  → FITNESS=0.0318
URDF saved to being.urdf
Connecting to PyBullet, GUI: False
CreatureEnv Inicijalizacija: 12 motora. OBS_dim=40, frame_skip=1
[Fitness run Gen4Creature18] reward=1.45±0.10  dist=0.01±0.04  upright=0.00±0.01  → FITNESS=0.0201
URDF saved to being.urdf
Connecting to PyBullet, GUI: False
CreatureEnv Inicijalizacija: 12 motora. OBS_dim=40, frame_skip=1
[Fitness run Gen4Creature19] reward=1.51±0.01  dist=0.00±0.00  upright=0.01±0.04  → FITNESS=0.0248
URDF saved to being.urdf
Connecting to PyBullet, GUI: False
CreatureEnv Inicijalizacija: 12 motora. OBS_dim=40, frame_skip=1
[Fitness run Gen4Creature20] reward=213.46±423.84  dist=0.02±0.03  upright=0.62±0.29  → FITNESS=0.3476
URDF saved to being.urdf
Connecting to PyBullet, GUI: False
CreatureEnv Inicijalizacija: 12 motora. OBS_dim=40, frame_skip=1
[Fitness run Gen4Creature21] reward=1.76±0.02  dist=0.05±0.01  upright=0.00±0.00  → FITNESS=0.0190
URDF saved to being.urdf
Connecting to PyBullet, GUI: False
CreatureEnv Inicijalizacija: 12 motora. OBS_dim=40, frame_skip=1
[Fitness run Gen4Creature22] reward=1.85±0.00  dist=0.19±0.06  upright=1.00±0.00  → FITNESS=0.5212
URDF saved to being.urdf
Connecting to PyBullet, GUI: False
CreatureEnv Inicijalizacija: 12 motora. OBS_dim=40, frame_skip=1
[Fitness run Gen4Creature23] reward=1.62±0.00  dist=0.12±0.04  upright=0.01±0.02  → FITNESS=0.0234
URDF saved to being.urdf
Connecting to PyBullet, GUI: False
CreatureEnv Inicijalizacija: 12 motora. OBS_dim=40, frame_skip=1
[Fitness run Gen4Creature24] reward=1.56±0.07  dist=0.04±0.02  upright=0.01±0.04  → FITNESS=0.0253
URDF saved to being.urdf
Connecting to PyBullet, GUI: False
CreatureEnv Inicijalizacija: 12 motora. OBS_dim=40, frame_skip=1
[Fitness run Gen4Creature25] reward=1.64±0.01  dist=0.00±0.00  upright=0.00±0.00  → FITNESS=0.0183
URDF saved to being.urdf
Connecting to PyBullet, GUI: False
CreatureEnv Inicijalizacija: 12 motora. OBS_dim=40, frame_skip=1
[Fitness run Gen4Creature26] reward=1.54±0.11  dist=0.01±0.01  upright=0.06±0.19  → FITNESS=0.0508
URDF saved to being.urdf
Connecting to PyBullet, GUI: False
CreatureEnv Inicijalizacija: 12 motora. OBS_dim=40, frame_skip=1
[Fitness run Gen4Creature27] reward=1.66±0.03  dist=0.31±0.13  upright=0.03±0.00  → FITNESS=0.0391
URDF saved to being.urdf
Connecting to PyBullet, GUI: False
CreatureEnv Inicijalizacija: 12 motora. OBS_dim=40, frame_skip=1
[Fitness run Gen4Creature28] reward=1.45±0.08  dist=0.10±0.08  upright=0.00±0.00  → FITNESS=0.0198
URDF saved to being.urdf
Connecting to PyBullet, GUI: False
CreatureEnv Inicijalizacija: 12 motora. OBS_dim=40, frame_skip=1
[Fitness run Gen4Creature29] reward=983.27±327.38  dist=0.00±0.01  upright=0.90±0.30  → FITNESS=0.5576

==================================================
Generacija 4/20  |  Best = 0.6158  |  Mean = 0.2547  |  Std = 0.2300
==================================================
URDF saved to being.urdf
Connecting to PyBullet, GUI: False
CreatureEnv Inicijalizacija: 12 motora. OBS_dim=40, frame_skip=1
[Fitness run Gen4Creature2] reward=1.73±0.02  dist=0.00±0.00  upright=1.00±0.00  → FITNESS=0.5183
URDF saved to being.urdf
Connecting to PyBullet, GUI: False
CreatureEnv Inicijalizacija: 12 motora. OBS_dim=40, frame_skip=1
[Fitness run Gen4Creature3] reward=1.80±0.15  dist=0.00±0.00  upright=0.73±0.22  → FITNESS=0.3829
URDF saved to being.urdf
Connecting to PyBullet, GUI: False
CreatureEnv Inicijalizacija: 12 motora. OBS_dim=40, frame_skip=1
[Fitness run Gen4Creature4] reward=1.54±0.00  dist=0.00±0.00  upright=0.00±0.00  → FITNESS=0.0183
URDF saved to being.urdf
Connecting to PyBullet, GUI: False
CreatureEnv Inicijalizacija: 12 motora. OBS_dim=40, frame_skip=1
[Fitness run Gen4Creature5] reward=1.67±0.00  dist=0.15±0.10  upright=0.00±0.01  → FITNESS=0.0222
URDF saved to being.urdf
Connecting to PyBullet, GUI: False
CreatureEnv Inicijalizacija: 12 motora. OBS_dim=40, frame_skip=1
[Fitness run Gen4Creature6] reward=348.00±448.77  dist=0.09±0.05  upright=0.74±0.32  → FITNESS=0.4191
URDF saved to being.urdf
Connecting to PyBullet, GUI: False
CreatureEnv Inicijalizacija: 12 motora. OBS_dim=40, frame_skip=1
[Fitness run Gen4Creature7] reward=2.02±0.16  dist=0.01±0.01  upright=0.92±0.23  → FITNESS=0.4797
URDF saved to being.urdf
Connecting to PyBullet, GUI: False
CreatureEnv Inicijalizacija: 12 motora. OBS_dim=40, frame_skip=1
[Fitness run Gen4Creature8] reward=1.39±0.00  dist=0.04±0.12  upright=0.83±0.04  → FITNESS=0.4334
URDF saved to being.urdf
Connecting to PyBullet, GUI: False
CreatureEnv Inicijalizacija: 12 motora. OBS_dim=40, frame_skip=1
[Fitness run Gen4Creature9] reward=981.53±326.67  dist=0.00±0.01  upright=0.91±0.27  → FITNESS=0.5623
URDF saved to being.urdf
Connecting to PyBullet, GUI: False
CreatureEnv Inicijalizacija: 12 motora. OBS_dim=40, frame_skip=1
[Fitness run Gen4Creature10] reward=314.27±478.28  dist=0.12±0.10  upright=0.71±0.27  → FITNESS=0.4034
URDF saved to being.urdf
Connecting to PyBullet, GUI: False
CreatureEnv Inicijalizacija: 12 motora. OBS_dim=40, frame_skip=1
[Fitness run Gen4Creature12] reward=1.48±0.05  dist=0.21±0.07  upright=0.33±0.01  → FITNESS=0.1844
URDF saved to being.urdf
Connecting to PyBullet, GUI: False
CreatureEnv Inicijalizacija: 12 motora. OBS_dim=40, frame_skip=1
[Fitness run Gen4Creature13] reward=1.78±0.07  dist=0.29±0.10  upright=0.90±0.30  → FITNESS=0.4727
URDF saved to being.urdf
Connecting to PyBullet, GUI: False
CreatureEnv Inicijalizacija: 12 motora. OBS_dim=40, frame_skip=1
[Fitness run Gen4Creature14] reward=0.76±0.06  dist=0.16±0.09  upright=0.53±0.04  → FITNESS=0.2868
URDF saved to being.urdf
Connecting to PyBullet, GUI: False
CreatureEnv Inicijalizacija: 12 motora. OBS_dim=40, frame_skip=1
[Fitness run Gen4Creature15] reward=1.65±0.01  dist=0.07±0.04  upright=0.00±0.00  → FITNESS=0.0193
URDF saved to being.urdf
Connecting to PyBullet, GUI: False
CreatureEnv Inicijalizacija: 12 motora. OBS_dim=40, frame_skip=1
[Fitness run Gen4Creature16] reward=1.46±0.03  dist=0.01±0.01  upright=0.01±0.03  → FITNESS=0.0233
URDF saved to being.urdf
Connecting to PyBullet, GUI: False
CreatureEnv Inicijalizacija: 12 motora. OBS_dim=40, frame_skip=1
[Fitness run Gen4Creature17] reward=1.67±0.01  dist=0.14±0.05  upright=0.02±0.07  → FITNESS=0.0318
URDF saved to being.urdf
Connecting to PyBullet, GUI: False
CreatureEnv Inicijalizacija: 12 motora. OBS_dim=40, frame_skip=1
[Fitness run Gen4Creature18] reward=1.45±0.10  dist=0.01±0.04  upright=0.00±0.01  → FITNESS=0.0201
URDF saved to being.urdf
Connecting to PyBullet, GUI: False
CreatureEnv Inicijalizacija: 12 motora. OBS_dim=40, frame_skip=1
[Fitness run Gen4Creature19] reward=1.51±0.01  dist=0.00±0.00  upright=0.01±0.04  → FITNESS=0.0248
URDF saved to being.urdf
Connecting to PyBullet, GUI: False
CreatureEnv Inicijalizacija: 12 motora. OBS_dim=40, frame_skip=1
[Fitness run Gen4Creature20] reward=213.46±423.84  dist=0.02±0.03  upright=0.62±0.29  → FITNESS=0.3476
URDF saved to being.urdf
Connecting to PyBullet, GUI: False
CreatureEnv Inicijalizacija: 12 motora. OBS_dim=40, frame_skip=1
[Fitness run Gen4Creature21] reward=1.76±0.02  dist=0.05±0.01  upright=0.00±0.00  → FITNESS=0.0190
URDF saved to being.urdf
Connecting to PyBullet, GUI: False
CreatureEnv Inicijalizacija: 12 motora. OBS_dim=40, frame_skip=1
[Fitness run Gen4Creature22] reward=1.85±0.00  dist=0.19±0.06  upright=1.00±0.00  → FITNESS=0.5212
URDF saved to being.urdf
Connecting to PyBullet, GUI: False
CreatureEnv Inicijalizacija: 12 motora. OBS_dim=40, frame_skip=1
[Fitness run Gen4Creature23] reward=1.62±0.00  dist=0.12±0.04  upright=0.01±0.02  → FITNESS=0.0234
URDF saved to being.urdf
Connecting to PyBullet, GUI: False
CreatureEnv Inicijalizacija: 12 motora. OBS_dim=40, frame_skip=1
[Fitness run Gen4Creature24] reward=1.56±0.07  dist=0.04±0.02  upright=0.01±0.04  → FITNESS=0.0253
URDF saved to being.urdf
Connecting to PyBullet, GUI: False
CreatureEnv Inicijalizacija: 12 motora. OBS_dim=40, frame_skip=1
[Fitness run Gen4Creature25] reward=1.64±0.01  dist=0.00±0.00  upright=0.00±0.00  → FITNESS=0.0183
URDF saved to being.urdf
Connecting to PyBullet, GUI: False
CreatureEnv Inicijalizacija: 12 motora. OBS_dim=40, frame_skip=1
[Fitness run Gen4Creature26] reward=1.54±0.11  dist=0.01±0.01  upright=0.06±0.19  → FITNESS=0.0508
URDF saved to being.urdf
Connecting to PyBullet, GUI: False
CreatureEnv Inicijalizacija: 12 motora. OBS_dim=40, frame_skip=1
[Fitness run Gen4Creature27] reward=1.66±0.03  dist=0.31±0.13  upright=0.03±0.00  → FITNESS=0.0391
URDF saved to being.urdf
Connecting to PyBullet, GUI: False
CreatureEnv Inicijalizacija: 12 motora. OBS_dim=40, frame_skip=1
[Fitness run Gen4Creature28] reward=1.45±0.08  dist=0.10±0.08  upright=0.00±0.00  → FITNESS=0.0198
URDF saved to being.urdf
Connecting to PyBullet, GUI: False
CreatureEnv Inicijalizacija: 12 motora. OBS_dim=40, frame_skip=1
[Fitness run Gen4Creature29] reward=983.27±327.38  dist=0.00±0.01  upright=0.90±0.30  → FITNESS=0.5576
Genome saved to results\uprightBased500Steps1Seed\run_5\run_5_best_creature.json
[plot] Saved → ./results\uprightBased500Steps1Seed\run_5\run_5_summary.png
URDF saved to being.urdf
Connecting to PyBullet, GUI: False
CreatureEnv Inicijalizacija: 12 motora. OBS_dim=40, frame_skip=1
[Fitness run Gen5Creature3] reward=1.92±0.16  dist=0.00±0.00  upright=0.91±0.28  → FITNESS=0.4716
URDF saved to being.urdf
Connecting to PyBullet, GUI: False
CreatureEnv Inicijalizacija: 12 motora. OBS_dim=40, frame_skip=1
[Fitness run Gen5Creature4] reward=1.57±0.37  dist=0.00±0.00  upright=0.45±0.11  → FITNESS=0.2425
URDF saved to being.urdf
Connecting to PyBullet, GUI: False
CreatureEnv Inicijalizacija: 12 motora. OBS_dim=40, frame_skip=1
[Fitness run Gen5Creature5] reward=1.71±0.06  dist=0.08±0.08  upright=0.90±0.30  → FITNESS=0.4696
URDF saved to being.urdf
Connecting to PyBullet, GUI: False
CreatureEnv Inicijalizacija: 12 motora. OBS_dim=40, frame_skip=1
[Fitness run Gen5Creature6] reward=1025.30±0.01  dist=0.03±0.01  upright=1.00±0.00  → FITNESS=0.6119
URDF saved to being.urdf
Connecting to PyBullet, GUI: False
CreatureEnv Inicijalizacija: 12 motora. OBS_dim=40, frame_skip=1
[Fitness run Gen5Creature7] reward=2.03±0.18  dist=0.00±0.00  upright=0.90±0.30  → FITNESS=0.4684
URDF saved to being.urdf
Connecting to PyBullet, GUI: False
CreatureEnv Inicijalizacija: 12 motora. OBS_dim=40, frame_skip=1
[Fitness run Gen5Creature8] reward=1.51±0.21  dist=0.07±0.04  upright=0.25±0.28  → FITNESS=0.1468
URDF saved to being.urdf
Connecting to PyBullet, GUI: False
CreatureEnv Inicijalizacija: 12 motora. OBS_dim=40, frame_skip=1
[Fitness run Gen5Creature9] reward=860.22±286.32  dist=0.00±0.00  upright=0.90±0.30  → FITNESS=0.5464
URDF saved to being.urdf
Connecting to PyBullet, GUI: False
CreatureEnv Inicijalizacija: 12 motora. OBS_dim=40, frame_skip=1
[Fitness run Gen5Creature10] reward=963.39±320.65  dist=0.05±0.02  upright=0.90±0.30  → FITNESS=0.5565
URDF saved to being.urdf
Connecting to PyBullet, GUI: False
CreatureEnv Inicijalizacija: 12 motora. OBS_dim=40, frame_skip=1
[Fitness run Gen5Creature11] reward=1.56±0.00  dist=0.17±0.06  upright=0.77±0.08  → FITNESS=0.4047
URDF saved to being.urdf
Connecting to PyBullet, GUI: False
CreatureEnv Inicijalizacija: 12 motora. OBS_dim=40, frame_skip=1
[Fitness run Gen5Creature12] reward=1.48±0.05  dist=0.21±0.07  upright=0.33±0.01  → FITNESS=0.1844
URDF saved to being.urdf
Connecting to PyBullet, GUI: False
CreatureEnv Inicijalizacija: 12 motora. OBS_dim=40, frame_skip=1
[Fitness run Gen5Creature13] reward=1.44±0.03  dist=0.13±0.05  upright=0.00±0.00  → FITNESS=0.0203
URDF saved to being.urdf
Connecting to PyBullet, GUI: False
CreatureEnv Inicijalizacija: 12 motora. OBS_dim=40, frame_skip=1
[Fitness run Gen5Creature14] reward=1.38±0.17  dist=0.00±0.00  upright=0.05±0.04  → FITNESS=0.0425
URDF saved to being.urdf
Connecting to PyBullet, GUI: False
CreatureEnv Inicijalizacija: 12 motora. OBS_dim=40, frame_skip=1
[Fitness run Gen5Creature15] reward=1.81±0.09  dist=0.15±0.05  upright=0.90±0.30  → FITNESS=0.4705
URDF saved to being.urdf
Connecting to PyBullet, GUI: False
CreatureEnv Inicijalizacija: 12 motora. OBS_dim=40, frame_skip=1
[Fitness run Gen5Creature16] reward=1.37±0.06  dist=0.00±0.00  upright=0.03±0.08  → FITNESS=0.0312
URDF saved to being.urdf
Connecting to PyBullet, GUI: False
CreatureEnv Inicijalizacija: 12 motora. OBS_dim=40, frame_skip=1
[Fitness run Gen5Creature17] reward=1.54±0.05  dist=0.00±0.00  upright=0.56±0.15  → FITNESS=0.3006
URDF saved to being.urdf
Connecting to PyBullet, GUI: False
CreatureEnv Inicijalizacija: 12 motora. OBS_dim=40, frame_skip=1
[Fitness run Gen5Creature18] reward=1.44±0.09  dist=0.01±0.04  upright=0.06±0.02  → FITNESS=0.0475
URDF saved to being.urdf
Connecting to PyBullet, GUI: False
CreatureEnv Inicijalizacija: 12 motora. OBS_dim=40, frame_skip=1
[Fitness run Gen5Creature19] reward=0.44±0.13  dist=0.12±0.04  upright=0.33±0.08  → FITNESS=0.1829
URDF saved to being.urdf
Connecting to PyBullet, GUI: False
CreatureEnv Inicijalizacija: 12 motora. OBS_dim=40, frame_skip=1
[Fitness run Gen5Creature20] reward=2.02±0.00  dist=0.01±0.00  upright=1.00±0.00  → FITNESS=0.5185
URDF saved to being.urdf
Connecting to PyBullet, GUI: False
CreatureEnv Inicijalizacija: 12 motora. OBS_dim=40, frame_skip=1
[Fitness run Gen5Creature21] reward=1.73±0.01  dist=0.14±0.05  upright=0.00±0.00  → FITNESS=0.0205
URDF saved to being.urdf
Connecting to PyBullet, GUI: False
CreatureEnv Inicijalizacija: 12 motora. OBS_dim=40, frame_skip=1
[Fitness run Gen5Creature23] reward=2.07±0.00  dist=0.00±0.00  upright=1.00±0.00  → FITNESS=0.5184
URDF saved to being.urdf
Connecting to PyBullet, GUI: False
CreatureEnv Inicijalizacija: 12 motora. OBS_dim=40, frame_skip=1
[Fitness run Gen5Creature24] reward=887.27±295.21  dist=0.02±0.04  upright=0.90±0.30  → FITNESS=0.5492
URDF saved to being.urdf
Connecting to PyBullet, GUI: False
CreatureEnv Inicijalizacija: 12 motora. OBS_dim=40, frame_skip=1
[Fitness run Gen5Creature25] reward=1.69±0.06  dist=0.17±0.06  upright=0.70±0.23  → FITNESS=0.3693
URDF saved to being.urdf
Connecting to PyBullet, GUI: False
CreatureEnv Inicijalizacija: 12 motora. OBS_dim=40, frame_skip=1
[Fitness run Gen5Creature26] reward=1.51±0.03  dist=0.04±0.01  upright=0.03±0.10  → FITNESS=0.0350
URDF saved to being.urdf
Connecting to PyBullet, GUI: False
CreatureEnv Inicijalizacija: 12 motora. OBS_dim=40, frame_skip=1
[Fitness run Gen5Creature27] reward=1.56±0.00  dist=0.01±0.03  upright=0.00±0.00  → FITNESS=0.0185
URDF saved to being.urdf
Connecting to PyBullet, GUI: False
CreatureEnv Inicijalizacija: 12 motora. OBS_dim=40, frame_skip=1
[Fitness run Gen5Creature28] reward=1.41±0.00  dist=0.00±0.00  upright=0.87±0.01  → FITNESS=0.4522
URDF saved to being.urdf
Connecting to PyBullet, GUI: False
CreatureEnv Inicijalizacija: 12 motora. OBS_dim=40, frame_skip=1
[Fitness run Gen5Creature29] reward=3.43±4.13  dist=0.00±0.00  upright=0.98±0.06  → FITNESS=0.5077

==================================================
Generacija 5/20  |  Best = 0.6158  |  Mean = 0.3485  |  Std = 0.2133
==================================================
URDF saved to being.urdf
Connecting to PyBullet, GUI: False
CreatureEnv Inicijalizacija: 12 motora. OBS_dim=40, frame_skip=1
[Fitness run Gen5Creature3] reward=1.92±0.16  dist=0.00±0.00  upright=0.91±0.28  → FITNESS=0.4716
URDF saved to being.urdf
Connecting to PyBullet, GUI: False
CreatureEnv Inicijalizacija: 12 motora. OBS_dim=40, frame_skip=1
[Fitness run Gen5Creature4] reward=1.57±0.37  dist=0.00±0.00  upright=0.45±0.11  → FITNESS=0.2425
URDF saved to being.urdf
Connecting to PyBullet, GUI: False
CreatureEnv Inicijalizacija: 12 motora. OBS_dim=40, frame_skip=1
[Fitness run Gen5Creature5] reward=1.71±0.06  dist=0.08±0.08  upright=0.90±0.30  → FITNESS=0.4696
URDF saved to being.urdf
Connecting to PyBullet, GUI: False
CreatureEnv Inicijalizacija: 12 motora. OBS_dim=40, frame_skip=1
[Fitness run Gen5Creature6] reward=1025.30±0.01  dist=0.03±0.01  upright=1.00±0.00  → FITNESS=0.6119
URDF saved to being.urdf
Connecting to PyBullet, GUI: False
CreatureEnv Inicijalizacija: 12 motora. OBS_dim=40, frame_skip=1
[Fitness run Gen5Creature7] reward=1.65±0.07  dist=0.00±0.00  upright=0.35±0.33  → FITNESS=0.1925
URDF saved to being.urdf
Connecting to PyBullet, GUI: False
CreatureEnv Inicijalizacija: 12 motora. OBS_dim=40, frame_skip=1
[Fitness run Gen5Creature8] reward=1.51±0.21  dist=0.07±0.04  upright=0.25±0.28  → FITNESS=0.1468
URDF saved to being.urdf
Connecting to PyBullet, GUI: False
CreatureEnv Inicijalizacija: 12 motora. OBS_dim=40, frame_skip=1
[Fitness run Gen5Creature9] reward=860.22±286.32  dist=0.00±0.00  upright=0.90±0.30  → FITNESS=0.5464
URDF saved to being.urdf
Connecting to PyBullet, GUI: False
CreatureEnv Inicijalizacija: 12 motora. OBS_dim=40, frame_skip=1
[Fitness run Gen5Creature10] reward=963.39±320.65  dist=0.05±0.02  upright=0.90±0.30  → FITNESS=0.5565
URDF saved to being.urdf
Connecting to PyBullet, GUI: False
CreatureEnv Inicijalizacija: 12 motora. OBS_dim=40, frame_skip=1
[Fitness run Gen5Creature11] reward=1.56±0.00  dist=0.17±0.06  upright=0.77±0.08  → FITNESS=0.4047
URDF saved to being.urdf
Connecting to PyBullet, GUI: False
CreatureEnv Inicijalizacija: 12 motora. OBS_dim=40, frame_skip=1
[Fitness run Gen5Creature12] reward=1.48±0.05  dist=0.21±0.07  upright=0.33±0.01  → FITNESS=0.1844
URDF saved to being.urdf
Connecting to PyBullet, GUI: False
CreatureEnv Inicijalizacija: 12 motora. OBS_dim=40, frame_skip=1
[Fitness run Gen5Creature13] reward=1.44±0.03  dist=0.13±0.05  upright=0.00±0.00  → FITNESS=0.0203
URDF saved to being.urdf
Connecting to PyBullet, GUI: False
CreatureEnv Inicijalizacija: 12 motora. OBS_dim=40, frame_skip=1
[Fitness run Gen5Creature14] reward=1.38±0.17  dist=0.00±0.00  upright=0.05±0.04  → FITNESS=0.0425
URDF saved to being.urdf
Connecting to PyBullet, GUI: False
CreatureEnv Inicijalizacija: 12 motora. OBS_dim=40, frame_skip=1
[Fitness run Gen5Creature15] reward=1.81±0.09  dist=0.15±0.05  upright=0.90±0.30  → FITNESS=0.4705
URDF saved to being.urdf
Connecting to PyBullet, GUI: False
CreatureEnv Inicijalizacija: 12 motora. OBS_dim=40, frame_skip=1
[Fitness run Gen5Creature16] reward=1.37±0.06  dist=0.00±0.00  upright=0.03±0.08  → FITNESS=0.0312
URDF saved to being.urdf
Connecting to PyBullet, GUI: False
CreatureEnv Inicijalizacija: 12 motora. OBS_dim=40, frame_skip=1
[Fitness run Gen5Creature17] reward=1.54±0.05  dist=0.00±0.00  upright=0.56±0.15  → FITNESS=0.3006
URDF saved to being.urdf
Connecting to PyBullet, GUI: False
CreatureEnv Inicijalizacija: 12 motora. OBS_dim=40, frame_skip=1
[Fitness run Gen5Creature18] reward=1.44±0.09  dist=0.01±0.04  upright=0.06±0.02  → FITNESS=0.0475
URDF saved to being.urdf
Connecting to PyBullet, GUI: False
CreatureEnv Inicijalizacija: 12 motora. OBS_dim=40, frame_skip=1
[Fitness run Gen5Creature19] reward=0.44±0.13  dist=0.12±0.04  upright=0.33±0.08  → FITNESS=0.1829
URDF saved to being.urdf
Connecting to PyBullet, GUI: False
CreatureEnv Inicijalizacija: 12 motora. OBS_dim=40, frame_skip=1
[Fitness run Gen5Creature20] reward=2.02±0.00  dist=0.01±0.00  upright=1.00±0.00  → FITNESS=0.5185
URDF saved to being.urdf
Connecting to PyBullet, GUI: False
CreatureEnv Inicijalizacija: 12 motora. OBS_dim=40, frame_skip=1
[Fitness run Gen5Creature21] reward=1.73±0.01  dist=0.14±0.05  upright=0.00±0.00  → FITNESS=0.0205
URDF saved to being.urdf
Connecting to PyBullet, GUI: False
CreatureEnv Inicijalizacija: 12 motora. OBS_dim=40, frame_skip=1
[Fitness run Gen5Creature23] reward=2.07±0.00  dist=0.00±0.00  upright=1.00±0.00  → FITNESS=0.5184
URDF saved to being.urdf
Connecting to PyBullet, GUI: False
CreatureEnv Inicijalizacija: 12 motora. OBS_dim=40, frame_skip=1
[Fitness run Gen5Creature24] reward=887.27±295.21  dist=0.02±0.04  upright=0.90±0.30  → FITNESS=0.5492
URDF saved to being.urdf
Connecting to PyBullet, GUI: False
CreatureEnv Inicijalizacija: 12 motora. OBS_dim=40, frame_skip=1
[Fitness run Gen5Creature25] reward=1.69±0.06  dist=0.17±0.06  upright=0.70±0.23  → FITNESS=0.3693
URDF saved to being.urdf
Connecting to PyBullet, GUI: False
CreatureEnv Inicijalizacija: 12 motora. OBS_dim=40, frame_skip=1
[Fitness run Gen5Creature26] reward=1.51±0.03  dist=0.04±0.01  upright=0.03±0.10  → FITNESS=0.0350
URDF saved to being.urdf
Connecting to PyBullet, GUI: False
CreatureEnv Inicijalizacija: 12 motora. OBS_dim=40, frame_skip=1
[Fitness run Gen5Creature27] reward=1.56±0.00  dist=0.01±0.03  upright=0.00±0.00  → FITNESS=0.0185
URDF saved to being.urdf
Connecting to PyBullet, GUI: False
CreatureEnv Inicijalizacija: 12 motora. OBS_dim=40, frame_skip=1
[Fitness run Gen5Creature28] reward=1.41±0.00  dist=0.00±0.00  upright=0.87±0.01  → FITNESS=0.4522
URDF saved to being.urdf
Connecting to PyBullet, GUI: False
CreatureEnv Inicijalizacija: 12 motora. OBS_dim=40, frame_skip=1
[Fitness run Gen5Creature29] reward=3.43±4.13  dist=0.00±0.00  upright=0.98±0.06  → FITNESS=0.5077
Genome saved to results\uprightBased500Steps1Seed\run_5\run_5_best_creature.json
[plot] Saved → ./results\uprightBased500Steps1Seed\run_5\run_5_summary.png
URDF saved to being.urdf
Connecting to PyBullet, GUI: False
CreatureEnv Inicijalizacija: 12 motora. OBS_dim=40, frame_skip=1
[Fitness run Gen6Creature2] reward=1012.35±2.07  dist=0.47±0.23  upright=1.00±0.00  → FITNESS=0.6173
URDF saved to being.urdf
Connecting to PyBullet, GUI: False
CreatureEnv Inicijalizacija: 12 motora. OBS_dim=40, frame_skip=1
[Fitness run Gen6Creature3] reward=1.88±0.04  dist=0.02±0.01  upright=0.95±0.15  → FITNESS=0.4928
URDF saved to being.urdf
Connecting to PyBullet, GUI: False
CreatureEnv Inicijalizacija: 12 motora. OBS_dim=40, frame_skip=1
[Fitness run Gen6Creature4] reward=950.49±316.15  dist=0.00±0.00  upright=0.98±0.06  → FITNESS=0.5949
URDF saved to being.urdf
Connecting to PyBullet, GUI: False
CreatureEnv Inicijalizacija: 12 motora. OBS_dim=40, frame_skip=1
[Fitness run Gen6Creature5] reward=1.36±0.42  dist=0.00±0.00  upright=0.17±0.10  → FITNESS=0.1022
URDF saved to being.urdf
Connecting to PyBullet, GUI: False
CreatureEnv Inicijalizacija: 12 motora. OBS_dim=40, frame_skip=1
[Fitness run Gen6Creature6] reward=1.53±0.02  dist=0.01±0.01  upright=0.03±0.10  → FITNESS=0.0346
URDF saved to being.urdf
Connecting to PyBullet, GUI: False
CreatureEnv Inicijalizacija: 12 motora. OBS_dim=40, frame_skip=1
[Fitness run Gen6Creature7] reward=1.70±0.11  dist=0.01±0.04  upright=0.01±0.04  → FITNESS=0.0250
URDF saved to being.urdf
Connecting to PyBullet, GUI: False
CreatureEnv Inicijalizacija: 12 motora. OBS_dim=40, frame_skip=1
[Fitness run Gen6Creature9] reward=900.72±299.76  dist=0.03±0.02  upright=0.90±0.30  → FITNESS=0.5505
URDF saved to being.urdf
Connecting to PyBullet, GUI: False
CreatureEnv Inicijalizacija: 12 motora. OBS_dim=40, frame_skip=1
[Fitness run Gen6Creature10] reward=1.63±0.18  dist=0.00±0.00  upright=0.03±0.08  → FITNESS=0.0312
URDF saved to being.urdf
Connecting to PyBullet, GUI: False
CreatureEnv Inicijalizacija: 12 motora. OBS_dim=40, frame_skip=1
[Fitness run Gen6Creature11] reward=0.96±0.24  dist=0.00±0.00  upright=0.07±0.20  → FITNESS=0.0521
URDF saved to being.urdf
Connecting to PyBullet, GUI: False
CreatureEnv Inicijalizacija: 12 motora. OBS_dim=40, frame_skip=1
[Fitness run Gen6Creature12] reward=995.69±0.28  dist=0.03±0.10  upright=1.00±0.00  → FITNESS=0.6092
URDF saved to being.urdf
Connecting to PyBullet, GUI: False
CreatureEnv Inicijalizacija: 12 motora. OBS_dim=40, frame_skip=1
[Fitness run Gen6Creature13] reward=1.52±0.00  dist=0.00±0.00  upright=0.00±0.00  → FITNESS=0.0183
URDF saved to being.urdf
Connecting to PyBullet, GUI: False
CreatureEnv Inicijalizacija: 12 motora. OBS_dim=40, frame_skip=1
[Fitness run Gen6Creature14] reward=1.57±0.04  dist=0.04±0.01  upright=0.20±0.27  → FITNESS=0.1189
URDF saved to being.urdf
Connecting to PyBullet, GUI: False
CreatureEnv Inicijalizacija: 12 motora. OBS_dim=40, frame_skip=1
[Fitness run Gen6Creature15] reward=1.68±0.09  dist=0.15±0.06  upright=0.91±0.21  → FITNESS=0.4754
URDF saved to being.urdf
Connecting to PyBullet, GUI: False
CreatureEnv Inicijalizacija: 12 motora. OBS_dim=40, frame_skip=1
[Fitness run Gen6Creature16] reward=1.56±0.02  dist=0.07±0.02  upright=0.04±0.11  → FITNESS=0.0370
URDF saved to being.urdf
Connecting to PyBullet, GUI: False
CreatureEnv Inicijalizacija: 12 motora. OBS_dim=40, frame_skip=1
[Fitness run Gen6Creature17] reward=1.62±0.36  dist=0.01±0.03  upright=0.00±0.01  → FITNESS=0.0201
URDF saved to being.urdf
Connecting to PyBullet, GUI: False
CreatureEnv Inicijalizacija: 12 motora. OBS_dim=40, frame_skip=1
[Fitness run Gen6Creature18] reward=1.56±0.00  dist=0.01±0.01  upright=0.97±0.09  → FITNESS=0.5040
URDF saved to being.urdf
Connecting to PyBullet, GUI: False
CreatureEnv Inicijalizacija: 12 motora. OBS_dim=40, frame_skip=1
[Fitness run Gen6Creature19] reward=1.53±0.18  dist=0.10±0.04  upright=0.09±0.27  → FITNESS=0.0649
URDF saved to being.urdf
Connecting to PyBullet, GUI: False
CreatureEnv Inicijalizacija: 12 motora. OBS_dim=40, frame_skip=1
[Fitness run Gen6Creature21] reward=1.78±0.04  dist=0.35±0.12  upright=0.19±0.01  → FITNESS=0.1187
URDF saved to being.urdf
Connecting to PyBullet, GUI: False
CreatureEnv Inicijalizacija: 12 motora. OBS_dim=40, frame_skip=1
[Fitness run Gen6Creature22] reward=1065.79±7.33  dist=0.28±0.14  upright=1.00±0.00  → FITNESS=0.6192
URDF saved to being.urdf
Connecting to PyBullet, GUI: False
CreatureEnv Inicijalizacija: 12 motora. OBS_dim=40, frame_skip=1
[Fitness run Gen6Creature23] reward=1015.94±0.16  dist=0.00±0.00  upright=1.00±0.00  → FITNESS=0.6105
URDF saved to being.urdf
Connecting to PyBullet, GUI: False
CreatureEnv Inicijalizacija: 12 motora. OBS_dim=40, frame_skip=1
[Fitness run Gen6Creature24] reward=1.89±0.19  dist=0.00±0.00  upright=0.90±0.30  → FITNESS=0.4684
URDF saved to being.urdf
Connecting to PyBullet, GUI: False
CreatureEnv Inicijalizacija: 12 motora. OBS_dim=40, frame_skip=1
[Fitness run Gen6Creature25] reward=0.85±0.39  dist=0.16±0.49  upright=0.05±0.02  → FITNESS=0.0481
URDF saved to being.urdf
Connecting to PyBullet, GUI: False
CreatureEnv Inicijalizacija: 12 motora. OBS_dim=40, frame_skip=1
[Fitness run Gen6Creature26] reward=1.51±0.08  dist=0.02±0.01  upright=0.04±0.13  → FITNESS=0.0396
URDF saved to being.urdf
Connecting to PyBullet, GUI: False
CreatureEnv Inicijalizacija: 12 motora. OBS_dim=40, frame_skip=1
[Fitness run Gen6Creature27] reward=1.76±0.02  dist=0.02±0.03  upright=0.02±0.07  → FITNESS=0.0299
URDF saved to being.urdf
Connecting to PyBullet, GUI: False
CreatureEnv Inicijalizacija: 12 motora. OBS_dim=40, frame_skip=1
[Fitness run Gen6Creature28] reward=1.51±0.00  dist=0.01±0.04  upright=0.62±0.09  → FITNESS=0.3266
URDF saved to being.urdf
Connecting to PyBullet, GUI: False
b3Error[examples/Importers/ImportURDFDemo/BulletUrdfImporter.cpp,121]:
Error=XML_ERROR_PARSING_TEXT ErrorID=10 (0xa) Line number=398ERROR: RL training/evaluation failed: Cannot load URDF file.

==================================================
Generacija 6/20  |  Best = 0.6192  |  Mean = 0.2835  |  Std = 0.2520
==================================================
URDF saved to being.urdf
Connecting to PyBullet, GUI: False
CreatureEnv Inicijalizacija: 12 motora. OBS_dim=40, frame_skip=1
[Fitness run Gen6Creature2] reward=1012.35±2.07  dist=0.47±0.23  upright=1.00±0.00  → FITNESS=0.6173
URDF saved to being.urdf
Connecting to PyBullet, GUI: False
CreatureEnv Inicijalizacija: 12 motora. OBS_dim=40, frame_skip=1
[Fitness run Gen6Creature3] reward=1.88±0.04  dist=0.02±0.01  upright=0.95±0.15  → FITNESS=0.4928
URDF saved to being.urdf
Connecting to PyBullet, GUI: False
CreatureEnv Inicijalizacija: 12 motora. OBS_dim=40, frame_skip=1
[Fitness run Gen6Creature4] reward=1.61±0.14  dist=0.07±0.03  upright=0.08±0.25  → FITNESS=0.0613
URDF saved to being.urdf
Connecting to PyBullet, GUI: False
CreatureEnv Inicijalizacija: 12 motora. OBS_dim=40, frame_skip=1
[Fitness run Gen6Creature5] reward=1.36±0.42  dist=0.00±0.00  upright=0.17±0.10  → FITNESS=0.1022
URDF saved to being.urdf
Connecting to PyBullet, GUI: False
CreatureEnv Inicijalizacija: 12 motora. OBS_dim=40, frame_skip=1
[Fitness run Gen6Creature6] reward=1.53±0.02  dist=0.01±0.01  upright=0.03±0.10  → FITNESS=0.0346
URDF saved to being.urdf
Connecting to PyBullet, GUI: False
CreatureEnv Inicijalizacija: 12 motora. OBS_dim=40, frame_skip=1
[Fitness run Gen6Creature7] reward=1.70±0.11  dist=0.01±0.04  upright=0.01±0.04  → FITNESS=0.0250
URDF saved to being.urdf
Connecting to PyBullet, GUI: False
CreatureEnv Inicijalizacija: 12 motora. OBS_dim=40, frame_skip=1
[Fitness run Gen6Creature9] reward=900.72±299.76  dist=0.03±0.02  upright=0.90±0.30  → FITNESS=0.5505
URDF saved to being.urdf
Connecting to PyBullet, GUI: False
CreatureEnv Inicijalizacija: 12 motora. OBS_dim=40, frame_skip=1
[Fitness run Gen6Creature10] reward=963.39±320.65  dist=0.05±0.02  upright=0.90±0.30  → FITNESS=0.5565
URDF saved to being.urdf
Connecting to PyBullet, GUI: False
CreatureEnv Inicijalizacija: 12 motora. OBS_dim=40, frame_skip=1
[Fitness run Gen6Creature11] reward=0.96±0.24  dist=0.00±0.00  upright=0.07±0.20  → FITNESS=0.0521
URDF saved to being.urdf
Connecting to PyBullet, GUI: False
CreatureEnv Inicijalizacija: 12 motora. OBS_dim=40, frame_skip=1
[Fitness run Gen6Creature12] reward=995.69±0.28  dist=0.03±0.10  upright=1.00±0.00  → FITNESS=0.6092
URDF saved to being.urdf
Connecting to PyBullet, GUI: False
CreatureEnv Inicijalizacija: 12 motora. OBS_dim=40, frame_skip=1
[Fitness run Gen6Creature13] reward=1.52±0.00  dist=0.00±0.00  upright=0.00±0.00  → FITNESS=0.0183
URDF saved to being.urdf
Connecting to PyBullet, GUI: False
CreatureEnv Inicijalizacija: 12 motora. OBS_dim=40, frame_skip=1
[Fitness run Gen6Creature14] reward=1.57±0.04  dist=0.04±0.01  upright=0.20±0.27  → FITNESS=0.1189
URDF saved to being.urdf
Connecting to PyBullet, GUI: False
CreatureEnv Inicijalizacija: 12 motora. OBS_dim=40, frame_skip=1
[Fitness run Gen6Creature15] reward=1.68±0.09  dist=0.15±0.06  upright=0.91±0.21  → FITNESS=0.4754
URDF saved to being.urdf
Connecting to PyBullet, GUI: False
CreatureEnv Inicijalizacija: 12 motora. OBS_dim=40, frame_skip=1
[Fitness run Gen6Creature16] reward=1.56±0.02  dist=0.07±0.02  upright=0.04±0.11  → FITNESS=0.0370
URDF saved to being.urdf
Connecting to PyBullet, GUI: False
CreatureEnv Inicijalizacija: 12 motora. OBS_dim=40, frame_skip=1
[Fitness run Gen6Creature17] reward=1.62±0.36  dist=0.01±0.03  upright=0.00±0.01  → FITNESS=0.0201
URDF saved to being.urdf
Connecting to PyBullet, GUI: False
CreatureEnv Inicijalizacija: 12 motora. OBS_dim=40, frame_skip=1
[Fitness run Gen6Creature18] reward=1.56±0.00  dist=0.01±0.01  upright=0.97±0.09  → FITNESS=0.5040
URDF saved to being.urdf
Connecting to PyBullet, GUI: False
CreatureEnv Inicijalizacija: 12 motora. OBS_dim=40, frame_skip=1
[Fitness run Gen6Creature19] reward=1.53±0.18  dist=0.10±0.04  upright=0.09±0.27  → FITNESS=0.0649
URDF saved to being.urdf
Connecting to PyBullet, GUI: False
CreatureEnv Inicijalizacija: 12 motora. OBS_dim=40, frame_skip=1
[Fitness run Gen6Creature21] reward=1.78±0.04  dist=0.35±0.12  upright=0.19±0.01  → FITNESS=0.1187
URDF saved to being.urdf
Connecting to PyBullet, GUI: False
CreatureEnv Inicijalizacija: 12 motora. OBS_dim=40, frame_skip=1
[Fitness run Gen6Creature22] reward=1065.79±7.33  dist=0.28±0.14  upright=1.00±0.00  → FITNESS=0.6192
URDF saved to being.urdf
Connecting to PyBullet, GUI: False
CreatureEnv Inicijalizacija: 12 motora. OBS_dim=40, frame_skip=1
[Fitness run Gen6Creature23] reward=1015.94±0.16  dist=0.00±0.00  upright=1.00±0.00  → FITNESS=0.6105
URDF saved to being.urdf
Connecting to PyBullet, GUI: False
CreatureEnv Inicijalizacija: 12 motora. OBS_dim=40, frame_skip=1
[Fitness run Gen6Creature24] reward=1.89±0.19  dist=0.00±0.00  upright=0.90±0.30  → FITNESS=0.4684
URDF saved to being.urdf
Connecting to PyBullet, GUI: False
CreatureEnv Inicijalizacija: 12 motora. OBS_dim=40, frame_skip=1
[Fitness run Gen6Creature25] reward=0.85±0.39  dist=0.16±0.49  upright=0.05±0.02  → FITNESS=0.0481
URDF saved to being.urdf
Connecting to PyBullet, GUI: False
CreatureEnv Inicijalizacija: 12 motora. OBS_dim=40, frame_skip=1
[Fitness run Gen6Creature26] reward=1.51±0.08  dist=0.02±0.01  upright=0.04±0.13  → FITNESS=0.0396
URDF saved to being.urdf
Connecting to PyBullet, GUI: False
CreatureEnv Inicijalizacija: 12 motora. OBS_dim=40, frame_skip=1
[Fitness run Gen6Creature27] reward=1.76±0.02  dist=0.02±0.03  upright=0.02±0.07  → FITNESS=0.0299
URDF saved to being.urdf
Connecting to PyBullet, GUI: False
CreatureEnv Inicijalizacija: 12 motora. OBS_dim=40, frame_skip=1
[Fitness run Gen6Creature28] reward=1.51±0.00  dist=0.01±0.04  upright=0.62±0.09  → FITNESS=0.3266
URDF saved to being.urdf
Connecting to PyBullet, GUI: False
CreatureEnv Inicijalizacija: 12 motora. OBS_dim=40, frame_skip=1
[Fitness run Gen6Creature29] reward=1.61±0.14  dist=0.07±0.03  upright=0.08±0.25  → FITNESS=0.0613
Genome saved to results\uprightBased500Steps1Seed\run_5\run_5_best_creature.json
[plot] Saved → ./results\uprightBased500Steps1Seed\run_5\run_5_summary.png
URDF saved to being.urdf
Connecting to PyBullet, GUI: False
CreatureEnv Inicijalizacija: 12 motora. OBS_dim=40, frame_skip=1
[Fitness run Gen7Creature3] reward=1.67±0.07  dist=0.00±0.01  upright=0.91±0.27  → FITNESS=0.4732
URDF saved to being.urdf
Connecting to PyBullet, GUI: False
CreatureEnv Inicijalizacija: 12 motora. OBS_dim=40, frame_skip=1
[Fitness run Gen7Creature4] reward=950.49±316.15  dist=0.00±0.00  upright=0.98±0.06  → FITNESS=0.5949
URDF saved to being.urdf
Connecting to PyBullet, GUI: False
CreatureEnv Inicijalizacija: 12 motora. OBS_dim=40, frame_skip=1
[Fitness run Gen7Creature5] reward=1.98±0.17  dist=0.00±0.00  upright=0.91±0.28  → FITNESS=0.4716
URDF saved to being.urdf
Connecting to PyBullet, GUI: False
CreatureEnv Inicijalizacija: 12 motora. OBS_dim=40, frame_skip=1
[Fitness run Gen7Creature6] reward=1.88±0.28  dist=0.03±0.04  upright=0.61±0.37  → FITNESS=0.3253
URDF saved to being.urdf
Connecting to PyBullet, GUI: False
CreatureEnv Inicijalizacija: 12 motora. OBS_dim=40, frame_skip=1
[Fitness run Gen7Creature7] reward=2.01±0.15  dist=0.00±0.01  upright=0.92±0.25  → FITNESS=0.4765
URDF saved to being.urdf
Connecting to PyBullet, GUI: False
CreatureEnv Inicijalizacija: 12 motora. OBS_dim=40, frame_skip=1
[Fitness run Gen7Creature8] reward=1.55±0.00  dist=0.04±0.03  upright=0.00±0.01  → FITNESS=0.0206
URDF saved to being.urdf
Connecting to PyBullet, GUI: False
CreatureEnv Inicijalizacija: 12 motora. OBS_dim=40, frame_skip=1
[Fitness run Gen7Creature9] reward=900.72±299.76  dist=0.03±0.02  upright=0.90±0.30  → FITNESS=0.5505
URDF saved to being.urdf
Connecting to PyBullet, GUI: False
CreatureEnv Inicijalizacija: 12 motora. OBS_dim=40, frame_skip=1
[Fitness run Gen7Creature10] reward=963.39±320.65  dist=0.05±0.02  upright=0.90±0.30  → FITNESS=0.5565
URDF saved to being.urdf
Connecting to PyBullet, GUI: False
CreatureEnv Inicijalizacija: 12 motora. OBS_dim=40, frame_skip=1
[Fitness run Gen7Creature11] reward=0.96±0.24  dist=0.00±0.00  upright=0.07±0.20  → FITNESS=0.0521
URDF saved to being.urdf
Connecting to PyBullet, GUI: False
CreatureEnv Inicijalizacija: 12 motora. OBS_dim=40, frame_skip=1
[Fitness run Gen7Creature12] reward=995.69±0.28  dist=0.03±0.10  upright=1.00±0.00  → FITNESS=0.6092
URDF saved to being.urdf
Connecting to PyBullet, GUI: False
CreatureEnv Inicijalizacija: 12 motora. OBS_dim=40, frame_skip=1
[Fitness run Gen7Creature13] reward=1.52±0.00  dist=0.00±0.00  upright=0.00±0.00  → FITNESS=0.0183
URDF saved to being.urdf
Connecting to PyBullet, GUI: False
CreatureEnv Inicijalizacija: 12 motora. OBS_dim=40, frame_skip=1
[Fitness run Gen7Creature14] reward=1.57±0.04  dist=0.04±0.01  upright=0.20±0.27  → FITNESS=0.1189
URDF saved to being.urdf
Connecting to PyBullet, GUI: False
CreatureEnv Inicijalizacija: 12 motora. OBS_dim=40, frame_skip=1
[Fitness run Gen7Creature15] reward=1031.01±9.30  dist=0.00±0.00  upright=1.00±0.00  → FITNESS=0.6119
URDF saved to being.urdf
Connecting to PyBullet, GUI: False
CreatureEnv Inicijalizacija: 12 motora. OBS_dim=40, frame_skip=1
[Fitness run Gen7Creature16] reward=1.85±0.28  dist=0.00±0.00  upright=0.62±0.38  → FITNESS=0.3296
URDF saved to being.urdf
Connecting to PyBullet, GUI: False
CreatureEnv Inicijalizacija: 12 motora. OBS_dim=40, frame_skip=1
[Fitness run Gen7Creature17] reward=1070.27±0.50  dist=0.04±0.02  upright=1.00±0.00  → FITNESS=0.6161
URDF saved to being.urdf
Connecting to PyBullet, GUI: False
CreatureEnv Inicijalizacija: 12 motora. OBS_dim=40, frame_skip=1
[Fitness run Gen7Creature18] reward=1.16±0.37  dist=0.03±0.08  upright=0.10±0.09  → FITNESS=0.0671
URDF saved to being.urdf
Connecting to PyBullet, GUI: False
CreatureEnv Inicijalizacija: 12 motora. OBS_dim=40, frame_skip=1
[Fitness run Gen7Creature19] reward=99.09±292.72  dist=0.07±0.03  upright=0.10±0.30  → FITNESS=0.0776
URDF saved to being.urdf
Connecting to PyBullet, GUI: False
CreatureEnv Inicijalizacija: 12 motora. OBS_dim=40, frame_skip=1
[Fitness run Gen7Creature21] reward=1.78±0.04  dist=0.35±0.12  upright=0.19±0.01  → FITNESS=0.1187
URDF saved to being.urdf
Connecting to PyBullet, GUI: False
CreatureEnv Inicijalizacija: 12 motora. OBS_dim=40, frame_skip=1
[Fitness run Gen7Creature23] reward=2.12±0.00  dist=0.00±0.00  upright=1.00±0.00  → FITNESS=0.5184
URDF saved to being.urdf
Connecting to PyBullet, GUI: False
CreatureEnv Inicijalizacija: 12 motora. OBS_dim=40, frame_skip=1
[Fitness run Gen7Creature24] reward=1.89±0.19  dist=0.00±0.00  upright=0.90±0.30  → FITNESS=0.4684
URDF saved to being.urdf
Connecting to PyBullet, GUI: False
CreatureEnv Inicijalizacija: 12 motora. OBS_dim=40, frame_skip=1
[Fitness run Gen7Creature25] reward=2.02±0.18  dist=0.00±0.00  upright=0.90±0.29  → FITNESS=0.4700
URDF saved to being.urdf
Connecting to PyBullet, GUI: False
CreatureEnv Inicijalizacija: 12 motora. OBS_dim=40, frame_skip=1
[Fitness run Gen7Creature26] reward=1.52±0.00  dist=0.00±0.01  upright=0.06±0.01  → FITNESS=0.0490
URDF saved to being.urdf
Connecting to PyBullet, GUI: False
CreatureEnv Inicijalizacija: 12 motora. OBS_dim=40, frame_skip=1
[Fitness run Gen7Creature27] reward=925.37±307.92  dist=0.02±0.01  upright=0.90±0.29  → FITNESS=0.5542
URDF saved to being.urdf
Connecting to PyBullet, GUI: False
CreatureEnv Inicijalizacija: 12 motora. OBS_dim=40, frame_skip=1
[Fitness run Gen7Creature28] reward=1.52±0.01  dist=0.03±0.09  upright=0.90±0.30  → FITNESS=0.4688
URDF saved to being.urdf
Connecting to PyBullet, GUI: False
CreatureEnv Inicijalizacija: 12 motora. OBS_dim=40, frame_skip=1
[Fitness run Gen7Creature29] reward=1.61±0.14  dist=0.07±0.03  upright=0.08±0.25  → FITNESS=0.0613

==================================================
Generacija 7/20  |  Best = 0.6192  |  Mean = 0.3890  |  Std = 0.2252
==================================================
URDF saved to being.urdf
Connecting to PyBullet, GUI: False
CreatureEnv Inicijalizacija: 12 motora. OBS_dim=40, frame_skip=1
[Fitness run Gen7Creature3] reward=1.67±0.07  dist=0.00±0.01  upright=0.91±0.27  → FITNESS=0.4732
URDF saved to being.urdf
Connecting to PyBullet, GUI: False
CreatureEnv Inicijalizacija: 12 motora. OBS_dim=40, frame_skip=1
[Fitness run Gen7Creature4] reward=950.49±316.15  dist=0.00±0.00  upright=0.98±0.06  → FITNESS=0.5949
URDF saved to being.urdf
Connecting to PyBullet, GUI: False
CreatureEnv Inicijalizacija: 12 motora. OBS_dim=40, frame_skip=1
[Fitness run Gen7Creature5] reward=1.98±0.17  dist=0.00±0.00  upright=0.91±0.28  → FITNESS=0.4716
URDF saved to being.urdf
Connecting to PyBullet, GUI: False
CreatureEnv Inicijalizacija: 12 motora. OBS_dim=40, frame_skip=1
[Fitness run Gen7Creature6] reward=1.88±0.28  dist=0.03±0.04  upright=0.61±0.37  → FITNESS=0.3253
URDF saved to being.urdf
Connecting to PyBullet, GUI: False
CreatureEnv Inicijalizacija: 12 motora. OBS_dim=40, frame_skip=1
[Fitness run Gen7Creature7] reward=2.01±0.15  dist=0.00±0.01  upright=0.92±0.25  → FITNESS=0.4765
URDF saved to being.urdf
Connecting to PyBullet, GUI: False
CreatureEnv Inicijalizacija: 12 motora. OBS_dim=40, frame_skip=1
[Fitness run Gen7Creature8] reward=1.55±0.00  dist=0.04±0.03  upright=0.00±0.01  → FITNESS=0.0206
URDF saved to being.urdf
Connecting to PyBullet, GUI: False
CreatureEnv Inicijalizacija: 12 motora. OBS_dim=40, frame_skip=1
[Fitness run Gen7Creature9] reward=900.72±299.76  dist=0.03±0.02  upright=0.90±0.30  → FITNESS=0.5505
URDF saved to being.urdf
Connecting to PyBullet, GUI: False
CreatureEnv Inicijalizacija: 12 motora. OBS_dim=40, frame_skip=1
[Fitness run Gen7Creature10] reward=963.39±320.65  dist=0.05±0.02  upright=0.90±0.30  → FITNESS=0.5565
URDF saved to being.urdf
Connecting to PyBullet, GUI: False
CreatureEnv Inicijalizacija: 12 motora. OBS_dim=40, frame_skip=1
[Fitness run Gen7Creature11] reward=0.96±0.24  dist=0.00±0.00  upright=0.07±0.20  → FITNESS=0.0521
URDF saved to being.urdf
Connecting to PyBullet, GUI: False
CreatureEnv Inicijalizacija: 12 motora. OBS_dim=40, frame_skip=1
[Fitness run Gen7Creature12] reward=995.69±0.28  dist=0.03±0.10  upright=1.00±0.00  → FITNESS=0.6092
URDF saved to being.urdf
Connecting to PyBullet, GUI: False
CreatureEnv Inicijalizacija: 12 motora. OBS_dim=40, frame_skip=1
[Fitness run Gen7Creature13] reward=1.52±0.00  dist=0.00±0.00  upright=0.00±0.00  → FITNESS=0.0183
URDF saved to being.urdf
Connecting to PyBullet, GUI: False
CreatureEnv Inicijalizacija: 12 motora. OBS_dim=40, frame_skip=1
[Fitness run Gen7Creature14] reward=1.57±0.04  dist=0.04±0.01  upright=0.20±0.27  → FITNESS=0.1189
URDF saved to being.urdf
Connecting to PyBullet, GUI: False
CreatureEnv Inicijalizacija: 12 motora. OBS_dim=40, frame_skip=1
[Fitness run Gen7Creature15] reward=1031.01±9.30  dist=0.00±0.00  upright=1.00±0.00  → FITNESS=0.6119
URDF saved to being.urdf
Connecting to PyBullet, GUI: False
CreatureEnv Inicijalizacija: 12 motora. OBS_dim=40, frame_skip=1
[Fitness run Gen7Creature16] reward=1.85±0.28  dist=0.00±0.00  upright=0.62±0.38  → FITNESS=0.3296
URDF saved to being.urdf
Connecting to PyBullet, GUI: False
CreatureEnv Inicijalizacija: 12 motora. OBS_dim=40, frame_skip=1
[Fitness run Gen7Creature17] reward=1070.27±0.50  dist=0.04±0.02  upright=1.00±0.00  → FITNESS=0.6161
URDF saved to being.urdf
Connecting to PyBullet, GUI: False
CreatureEnv Inicijalizacija: 12 motora. OBS_dim=40, frame_skip=1
[Fitness run Gen7Creature18] reward=1.16±0.37  dist=0.03±0.08  upright=0.10±0.09  → FITNESS=0.0671
URDF saved to being.urdf
Connecting to PyBullet, GUI: False
CreatureEnv Inicijalizacija: 12 motora. OBS_dim=40, frame_skip=1
[Fitness run Gen7Creature19] reward=99.09±292.72  dist=0.07±0.03  upright=0.10±0.30  → FITNESS=0.0776
URDF saved to being.urdf
Connecting to PyBullet, GUI: False
CreatureEnv Inicijalizacija: 12 motora. OBS_dim=40, frame_skip=1
[Fitness run Gen7Creature21] reward=1.78±0.04  dist=0.35±0.12  upright=0.19±0.01  → FITNESS=0.1187
URDF saved to being.urdf
Connecting to PyBullet, GUI: False
CreatureEnv Inicijalizacija: 12 motora. OBS_dim=40, frame_skip=1
[Fitness run Gen7Creature23] reward=2.12±0.00  dist=0.00±0.00  upright=1.00±0.00  → FITNESS=0.5184
URDF saved to being.urdf
Connecting to PyBullet, GUI: False
CreatureEnv Inicijalizacija: 12 motora. OBS_dim=40, frame_skip=1
[Fitness run Gen7Creature24] reward=1.89±0.19  dist=0.00±0.00  upright=0.90±0.30  → FITNESS=0.4684
URDF saved to being.urdf
Connecting to PyBullet, GUI: False
CreatureEnv Inicijalizacija: 12 motora. OBS_dim=40, frame_skip=1
[Fitness run Gen7Creature25] reward=2.02±0.18  dist=0.00±0.00  upright=0.90±0.29  → FITNESS=0.4700
URDF saved to being.urdf
Connecting to PyBullet, GUI: False
CreatureEnv Inicijalizacija: 12 motora. OBS_dim=40, frame_skip=1
[Fitness run Gen7Creature26] reward=1.52±0.00  dist=0.00±0.01  upright=0.06±0.01  → FITNESS=0.0490
URDF saved to being.urdf
Connecting to PyBullet, GUI: False
CreatureEnv Inicijalizacija: 12 motora. OBS_dim=40, frame_skip=1
[Fitness run Gen7Creature27] reward=925.37±307.92  dist=0.02±0.01  upright=0.90±0.29  → FITNESS=0.5542
URDF saved to being.urdf
Connecting to PyBullet, GUI: False
CreatureEnv Inicijalizacija: 12 motora. OBS_dim=40, frame_skip=1
[Fitness run Gen7Creature28] reward=1.52±0.01  dist=0.03±0.09  upright=0.90±0.30  → FITNESS=0.4688
URDF saved to being.urdf
Connecting to PyBullet, GUI: False
CreatureEnv Inicijalizacija: 12 motora. OBS_dim=40, frame_skip=1
[Fitness run Gen7Creature29] reward=1.61±0.14  dist=0.07±0.03  upright=0.08±0.25  → FITNESS=0.0613
Genome saved to results\uprightBased500Steps1Seed\run_5\run_5_best_creature.json
[plot] Saved → ./results\uprightBased500Steps1Seed\run_5\run_5_summary.png
URDF saved to being.urdf
Connecting to PyBullet, GUI: False
CreatureEnv Inicijalizacija: 12 motora. OBS_dim=40, frame_skip=1
[Fitness run Gen8Creature3] reward=1.67±0.07  dist=0.00±0.01  upright=0.91±0.27  → FITNESS=0.4732
URDF saved to being.urdf
Connecting to PyBullet, GUI: False
CreatureEnv Inicijalizacija: 12 motora. OBS_dim=40, frame_skip=1
[Fitness run Gen8Creature4] reward=950.49±316.15  dist=0.00±0.00  upright=0.98±0.06  → FITNESS=0.5949
URDF saved to being.urdf
Connecting to PyBullet, GUI: False
CreatureEnv Inicijalizacija: 12 motora. OBS_dim=40, frame_skip=1
[Fitness run Gen8Creature5] reward=1.98±0.17  dist=0.00±0.00  upright=0.91±0.28  → FITNESS=0.4716
URDF saved to being.urdf
Connecting to PyBullet, GUI: False
CreatureEnv Inicijalizacija: 12 motora. OBS_dim=40, frame_skip=1
[Fitness run Gen8Creature6] reward=1.88±0.28  dist=0.03±0.04  upright=0.61±0.37  → FITNESS=0.3253
URDF saved to being.urdf
Connecting to PyBullet, GUI: False
CreatureEnv Inicijalizacija: 12 motora. OBS_dim=40, frame_skip=1
[Fitness run Gen8Creature7] reward=2.01±0.15  dist=0.00±0.01  upright=0.92±0.25  → FITNESS=0.4765
URDF saved to being.urdf
Connecting to PyBullet, GUI: False
CreatureEnv Inicijalizacija: 12 motora. OBS_dim=40, frame_skip=1
[Fitness run Gen8Creature8] reward=1.56±0.25  dist=0.02±0.04  upright=0.26±0.39  → FITNESS=0.1493
URDF saved to being.urdf
Connecting to PyBullet, GUI: False
CreatureEnv Inicijalizacija: 12 motora. OBS_dim=40, frame_skip=1
[Fitness run Gen8Creature9] reward=1.07±0.22  dist=0.13±0.07  upright=0.31±0.06  → FITNESS=0.1751
URDF saved to being.urdf
Connecting to PyBullet, GUI: False
CreatureEnv Inicijalizacija: 12 motora. OBS_dim=40, frame_skip=1
[Fitness run Gen8Creature10] reward=0.98±0.26  dist=0.00±0.00  upright=0.14±0.05  → FITNESS=0.0876
URDF saved to being.urdf
Connecting to PyBullet, GUI: False
CreatureEnv Inicijalizacija: 12 motora. OBS_dim=40, frame_skip=1
[Fitness run Gen8Creature11] reward=0.96±0.24  dist=0.00±0.00  upright=0.07±0.20  → FITNESS=0.0521
URDF saved to being.urdf
Connecting to PyBullet, GUI: False
CreatureEnv Inicijalizacija: 12 motora. OBS_dim=40, frame_skip=1
[Fitness run Gen8Creature12] reward=995.69±0.28  dist=0.03±0.10  upright=1.00±0.00  → FITNESS=0.6092
URDF saved to being.urdf
Connecting to PyBullet, GUI: False
CreatureEnv Inicijalizacija: 12 motora. OBS_dim=40, frame_skip=1
[Fitness run Gen8Creature13] reward=1.52±0.00  dist=0.00±0.00  upright=0.00±0.00  → FITNESS=0.0183
URDF saved to being.urdf
Connecting to PyBullet, GUI: False
CreatureEnv Inicijalizacija: 12 motora. OBS_dim=40, frame_skip=1
[Fitness run Gen8Creature15] reward=1031.01±9.30  dist=0.00±0.00  upright=1.00±0.00  → FITNESS=0.6119
URDF saved to being.urdf
Connecting to PyBullet, GUI: False
CreatureEnv Inicijalizacija: 12 motora. OBS_dim=40, frame_skip=1
[Fitness run Gen8Creature16] reward=1.85±0.28  dist=0.00±0.00  upright=0.62±0.38  → FITNESS=0.3296
URDF saved to being.urdf
Connecting to PyBullet, GUI: False
CreatureEnv Inicijalizacija: 12 motora. OBS_dim=40, frame_skip=1
[Fitness run Gen8Creature17] reward=1070.27±0.50  dist=0.04±0.02  upright=1.00±0.00  → FITNESS=0.6161
URDF saved to being.urdf
Connecting to PyBullet, GUI: False
CreatureEnv Inicijalizacija: 12 motora. OBS_dim=40, frame_skip=1
[Fitness run Gen8Creature18] reward=1.38±0.04  dist=0.00±0.00  upright=0.15±0.02  → FITNESS=0.0957
URDF saved to being.urdf
Connecting to PyBullet, GUI: False
CreatureEnv Inicijalizacija: 12 motora. OBS_dim=40, frame_skip=1
[Fitness run Gen8Creature19] reward=1.40±0.08  dist=0.32±0.18  upright=0.04±0.10  → FITNESS=0.0409
URDF saved to being.urdf
Connecting to PyBullet, GUI: False
CreatureEnv Inicijalizacija: 12 motora. OBS_dim=40, frame_skip=1
[Fitness run Gen8Creature21] reward=1.77±0.16  dist=0.24±0.09  upright=0.67±0.21  → FITNESS=0.3558
URDF saved to being.urdf
Connecting to PyBullet, GUI: False
CreatureEnv Inicijalizacija: 12 motora. OBS_dim=40, frame_skip=1
[Fitness run Gen8Creature23] reward=0.92±0.29  dist=0.00±0.00  upright=0.10±0.30  → FITNESS=0.0683
URDF saved to being.urdf
Connecting to PyBullet, GUI: False
CreatureEnv Inicijalizacija: 12 motora. OBS_dim=40, frame_skip=1
[Fitness run Gen8Creature24] reward=1.89±0.19  dist=0.00±0.00  upright=0.90±0.30  → FITNESS=0.4684
URDF saved to being.urdf
Connecting to PyBullet, GUI: False
CreatureEnv Inicijalizacija: 12 motora. OBS_dim=40, frame_skip=1
[Fitness run Gen8Creature25] reward=2.02±0.18  dist=0.00±0.00  upright=0.90±0.29  → FITNESS=0.4700
URDF saved to being.urdf
Connecting to PyBullet, GUI: False
CreatureEnv Inicijalizacija: 12 motora. OBS_dim=40, frame_skip=1
[Fitness run Gen8Creature26] reward=1.52±0.00  dist=0.00±0.01  upright=0.06±0.01  → FITNESS=0.0490
URDF saved to being.urdf
Connecting to PyBullet, GUI: False
CreatureEnv Inicijalizacija: 12 motora. OBS_dim=40, frame_skip=1
[Fitness run Gen8Creature27] reward=925.37±307.92  dist=0.02±0.01  upright=0.90±0.29  → FITNESS=0.5542
URDF saved to being.urdf
Connecting to PyBullet, GUI: False
CreatureEnv Inicijalizacija: 12 motora. OBS_dim=40, frame_skip=1
[Fitness run Gen8Creature28] reward=1.66±0.00  dist=0.00±0.00  upright=1.00±0.00  → FITNESS=0.5183
URDF saved to being.urdf
Connecting to PyBullet, GUI: False
CreatureEnv Inicijalizacija: 12 motora. OBS_dim=40, frame_skip=1
[Fitness run Gen8Creature29] reward=2.04±0.00  dist=0.00±0.00  upright=1.00±0.00  → FITNESS=0.5184

==================================================
Generacija 8/20  |  Best = 0.6192  |  Mean = 0.3780  |  Std = 0.2236
==================================================
URDF saved to being.urdf
Connecting to PyBullet, GUI: False
CreatureEnv Inicijalizacija: 12 motora. OBS_dim=40, frame_skip=1
[Fitness run Gen8Creature3] reward=1.67±0.07  dist=0.00±0.01  upright=0.91±0.27  → FITNESS=0.4732
URDF saved to being.urdf
Connecting to PyBullet, GUI: False
CreatureEnv Inicijalizacija: 12 motora. OBS_dim=40, frame_skip=1
[Fitness run Gen8Creature4] reward=950.49±316.15  dist=0.00±0.00  upright=0.98±0.06  → FITNESS=0.5949
URDF saved to being.urdf
Connecting to PyBullet, GUI: False
CreatureEnv Inicijalizacija: 12 motora. OBS_dim=40, frame_skip=1
[Fitness run Gen8Creature5] reward=1.98±0.17  dist=0.00±0.00  upright=0.91±0.28  → FITNESS=0.4716
URDF saved to being.urdf
Connecting to PyBullet, GUI: False
CreatureEnv Inicijalizacija: 12 motora. OBS_dim=40, frame_skip=1
[Fitness run Gen8Creature6] reward=1.88±0.28  dist=0.03±0.04  upright=0.61±0.37  → FITNESS=0.3253
URDF saved to being.urdf
Connecting to PyBullet, GUI: False
CreatureEnv Inicijalizacija: 12 motora. OBS_dim=40, frame_skip=1
[Fitness run Gen8Creature7] reward=2.01±0.15  dist=0.00±0.01  upright=0.92±0.25  → FITNESS=0.4765
URDF saved to being.urdf
Connecting to PyBullet, GUI: False
CreatureEnv Inicijalizacija: 12 motora. OBS_dim=40, frame_skip=1
[Fitness run Gen8Creature8] reward=1.56±0.25  dist=0.02±0.04  upright=0.26±0.39  → FITNESS=0.1493
URDF saved to being.urdf
Connecting to PyBullet, GUI: False
CreatureEnv Inicijalizacija: 12 motora. OBS_dim=40, frame_skip=1
[Fitness run Gen8Creature9] reward=1.07±0.22  dist=0.13±0.07  upright=0.31±0.06  → FITNESS=0.1751
URDF saved to being.urdf
Connecting to PyBullet, GUI: False
CreatureEnv Inicijalizacija: 12 motora. OBS_dim=40, frame_skip=1
[Fitness run Gen8Creature10] reward=0.98±0.26  dist=0.00±0.00  upright=0.14±0.05  → FITNESS=0.0876
URDF saved to being.urdf
Connecting to PyBullet, GUI: False
CreatureEnv Inicijalizacija: 12 motora. OBS_dim=40, frame_skip=1
[Fitness run Gen8Creature11] reward=0.96±0.24  dist=0.00±0.00  upright=0.07±0.20  → FITNESS=0.0521
URDF saved to being.urdf
Connecting to PyBullet, GUI: False
CreatureEnv Inicijalizacija: 12 motora. OBS_dim=40, frame_skip=1
[Fitness run Gen8Creature12] reward=995.69±0.28  dist=0.03±0.10  upright=1.00±0.00  → FITNESS=0.6092
URDF saved to being.urdf
Connecting to PyBullet, GUI: False
CreatureEnv Inicijalizacija: 12 motora. OBS_dim=40, frame_skip=1
[Fitness run Gen8Creature13] reward=1.52±0.00  dist=0.00±0.00  upright=0.00±0.00  → FITNESS=0.0183
URDF saved to being.urdf
Connecting to PyBullet, GUI: False
CreatureEnv Inicijalizacija: 12 motora. OBS_dim=40, frame_skip=1
[Fitness run Gen8Creature15] reward=1031.01±9.30  dist=0.00±0.00  upright=1.00±0.00  → FITNESS=0.6119
URDF saved to being.urdf
Connecting to PyBullet, GUI: False
CreatureEnv Inicijalizacija: 12 motora. OBS_dim=40, frame_skip=1
[Fitness run Gen8Creature16] reward=1.85±0.28  dist=0.00±0.00  upright=0.62±0.38  → FITNESS=0.3296
URDF saved to being.urdf
Connecting to PyBullet, GUI: False
CreatureEnv Inicijalizacija: 12 motora. OBS_dim=40, frame_skip=1
[Fitness run Gen8Creature17] reward=1070.27±0.50  dist=0.04±0.02  upright=1.00±0.00  → FITNESS=0.6161
URDF saved to being.urdf
Connecting to PyBullet, GUI: False
CreatureEnv Inicijalizacija: 12 motora. OBS_dim=40, frame_skip=1
[Fitness run Gen8Creature18] reward=1.38±0.04  dist=0.00±0.00  upright=0.15±0.02  → FITNESS=0.0957
URDF saved to being.urdf
Connecting to PyBullet, GUI: False
CreatureEnv Inicijalizacija: 12 motora. OBS_dim=40, frame_skip=1
[Fitness run Gen8Creature19] reward=1.46±0.07  dist=0.20±0.07  upright=0.03±0.10  → FITNESS=0.0374
URDF saved to being.urdf
Connecting to PyBullet, GUI: False
CreatureEnv Inicijalizacija: 12 motora. OBS_dim=40, frame_skip=1
[Fitness run Gen8Creature21] reward=1.78±0.04  dist=0.14±0.05  upright=0.19±0.02  → FITNESS=0.1157
URDF saved to being.urdf
Connecting to PyBullet, GUI: False
CreatureEnv Inicijalizacija: 12 motora. OBS_dim=40, frame_skip=1
[Fitness run Gen8Creature23] reward=2.12±0.00  dist=0.00±0.00  upright=1.00±0.00  → FITNESS=0.5184
URDF saved to being.urdf
Connecting to PyBullet, GUI: False
CreatureEnv Inicijalizacija: 12 motora. OBS_dim=40, frame_skip=1
[Fitness run Gen8Creature24] reward=1.89±0.19  dist=0.00±0.00  upright=0.90±0.30  → FITNESS=0.4684
URDF saved to being.urdf
Connecting to PyBullet, GUI: False
CreatureEnv Inicijalizacija: 12 motora. OBS_dim=40, frame_skip=1
[Fitness run Gen8Creature25] reward=2.02±0.18  dist=0.00±0.00  upright=0.90±0.29  → FITNESS=0.4700
URDF saved to being.urdf
Connecting to PyBullet, GUI: False
CreatureEnv Inicijalizacija: 12 motora. OBS_dim=40, frame_skip=1
[Fitness run Gen8Creature26] reward=1.52±0.00  dist=0.00±0.01  upright=0.06±0.01  → FITNESS=0.0490
URDF saved to being.urdf
Connecting to PyBullet, GUI: False
CreatureEnv Inicijalizacija: 12 motora. OBS_dim=40, frame_skip=1
[Fitness run Gen8Creature27] reward=925.37±307.92  dist=0.02±0.01  upright=0.90±0.29  → FITNESS=0.5542
URDF saved to being.urdf
Connecting to PyBullet, GUI: False
CreatureEnv Inicijalizacija: 12 motora. OBS_dim=40, frame_skip=1
[Fitness run Gen8Creature28] reward=1.66±0.00  dist=0.00±0.00  upright=1.00±0.00  → FITNESS=0.5183
URDF saved to being.urdf
Connecting to PyBullet, GUI: False
CreatureEnv Inicijalizacija: 12 motora. OBS_dim=40, frame_skip=1
[Fitness run Gen8Creature29] reward=2.04±0.00  dist=0.00±0.00  upright=1.00±0.00  → FITNESS=0.5184
Genome saved to results\uprightBased500Steps1Seed\run_5\run_5_best_creature.json
[plot] Saved → ./results\uprightBased500Steps1Seed\run_5\run_5_summary.png
URDF saved to being.urdf
Connecting to PyBullet, GUI: False
CreatureEnv Inicijalizacija: 12 motora. OBS_dim=40, frame_skip=1
[Fitness run Gen9Creature3] reward=1.67±0.07  dist=0.00±0.01  upright=0.91±0.27  → FITNESS=0.4732
URDF saved to being.urdf
Connecting to PyBullet, GUI: False
CreatureEnv Inicijalizacija: 12 motora. OBS_dim=40, frame_skip=1
[Fitness run Gen9Creature4] reward=1.86±0.53  dist=0.01±0.01  upright=0.93±0.22  → FITNESS=0.4814
URDF saved to being.urdf
Connecting to PyBullet, GUI: False
CreatureEnv Inicijalizacija: 12 motora. OBS_dim=40, frame_skip=1
[Fitness run Gen9Creature5] reward=1.66±0.00  dist=0.00±0.00  upright=1.00±0.00  → FITNESS=0.5183
URDF saved to being.urdf
Connecting to PyBullet, GUI: False
CreatureEnv Inicijalizacija: 12 motora. OBS_dim=40, frame_skip=1
[Fitness run Gen9Creature6] reward=2.05±0.00  dist=0.00±0.00  upright=1.00±0.00  → FITNESS=0.5184
URDF saved to being.urdf
Connecting to PyBullet, GUI: False
CreatureEnv Inicijalizacija: 12 motora. OBS_dim=40, frame_skip=1
[Fitness run Gen9Creature9] reward=1.85±0.12  dist=0.02±0.05  upright=0.73±0.24  → FITNESS=0.3831
URDF saved to being.urdf
Connecting to PyBullet, GUI: False
CreatureEnv Inicijalizacija: 12 motora. OBS_dim=40, frame_skip=1
[Fitness run Gen9Creature10] reward=1.37±0.03  dist=0.01±0.01  upright=0.05±0.02  → FITNESS=0.0442
URDF saved to being.urdf
Connecting to PyBullet, GUI: False
CreatureEnv Inicijalizacija: 12 motora. OBS_dim=40, frame_skip=1
[Fitness run Gen9Creature11] reward=0.96±0.24  dist=0.00±0.00  upright=0.07±0.20  → FITNESS=0.0521
URDF saved to being.urdf
Connecting to PyBullet, GUI: False
CreatureEnv Inicijalizacija: 12 motora. OBS_dim=40, frame_skip=1
[Fitness run Gen9Creature12] reward=497.25±495.15  dist=0.04±0.03  upright=1.00±0.00  → FITNESS=0.5636
URDF saved to being.urdf
Connecting to PyBullet, GUI: False
CreatureEnv Inicijalizacija: 12 motora. OBS_dim=40, frame_skip=1
[Fitness run Gen9Creature13] reward=1.90±0.36  dist=0.00±0.00  upright=0.91±0.26  → FITNESS=0.4748
URDF saved to being.urdf
Connecting to PyBullet, GUI: False
CreatureEnv Inicijalizacija: 12 motora. OBS_dim=40, frame_skip=1
[Fitness run Gen9Creature14] reward=1.53±0.07  dist=0.00±0.00  upright=0.10±0.04  → FITNESS=0.0667
URDF saved to being.urdf
Connecting to PyBullet, GUI: False
CreatureEnv Inicijalizacija: 12 motora. OBS_dim=40, frame_skip=1
[Fitness run Gen9Creature15] reward=1012.15±0.07  dist=0.04±0.01  upright=1.00±0.00  → FITNESS=0.6108
URDF saved to being.urdf
Connecting to PyBullet, GUI: False
CreatureEnv Inicijalizacija: 12 motora. OBS_dim=40, frame_skip=1
[Fitness run Gen9Creature16] reward=2.02±0.00  dist=0.00±0.00  upright=1.00±0.00  → FITNESS=0.5184
URDF saved to being.urdf
Connecting to PyBullet, GUI: False
CreatureEnv Inicijalizacija: 12 motora. OBS_dim=40, frame_skip=1
[Fitness run Gen9Creature17] reward=1034.67±0.01  dist=0.02±0.01  upright=1.00±0.00  → FITNESS=0.6125
URDF saved to being.urdf
Connecting to PyBullet, GUI: False
CreatureEnv Inicijalizacija: 12 motora. OBS_dim=40, frame_skip=1
[Fitness run Gen9Creature18] reward=1.93±0.11  dist=0.04±0.02  upright=0.84±0.32  → FITNESS=0.4384
URDF saved to being.urdf
Connecting to PyBullet, GUI: False
CreatureEnv Inicijalizacija: 12 motora. OBS_dim=40, frame_skip=1
[Fitness run Gen9Creature19] reward=1020.98±0.01  dist=0.00±0.00  upright=1.00±0.00  → FITNESS=0.6110
URDF saved to being.urdf
Connecting to PyBullet, GUI: False
CreatureEnv Inicijalizacija: 12 motora. OBS_dim=40, frame_skip=1
[Fitness run Gen9Creature20] reward=1065.79±7.33  dist=0.28±0.14  upright=1.00±0.00  → FITNESS=0.6192
URDF saved to being.urdf
Connecting to PyBullet, GUI: False
CreatureEnv Inicijalizacija: 12 motora. OBS_dim=40, frame_skip=1
[Fitness run Gen9Creature21] reward=1.70±0.27  dist=0.02±0.03  upright=0.42±0.09  → FITNESS=0.2267
URDF saved to being.urdf
Connecting to PyBullet, GUI: False
CreatureEnv Inicijalizacija: 12 motora. OBS_dim=40, frame_skip=1
[Fitness run Gen9Creature23] reward=2.12±0.00  dist=0.00±0.00  upright=1.00±0.00  → FITNESS=0.5184
URDF saved to being.urdf
Connecting to PyBullet, GUI: False
CreatureEnv Inicijalizacija: 12 motora. OBS_dim=40, frame_skip=1
[Fitness run Gen9Creature24] reward=1.92±0.21  dist=0.00±0.00  upright=0.90±0.29  → FITNESS=0.4700
URDF saved to being.urdf
Connecting to PyBullet, GUI: False
CreatureEnv Inicijalizacija: 12 motora. OBS_dim=40, frame_skip=1
[Fitness run Gen9Creature25] reward=902.20±300.25  dist=0.00±0.00  upright=0.90±0.30  → FITNESS=0.5502
URDF saved to being.urdf
Connecting to PyBullet, GUI: False
CreatureEnv Inicijalizacija: 12 motora. OBS_dim=40, frame_skip=1
[Fitness run Gen9Creature26] reward=1.52±0.02  dist=0.00±0.01  upright=0.00±0.01  → FITNESS=0.0200
URDF saved to being.urdf
Connecting to PyBullet, GUI: False
CreatureEnv Inicijalizacija: 12 motora. OBS_dim=40, frame_skip=1
[Fitness run Gen9Creature27] reward=105.09±311.98  dist=0.00±0.00  upright=0.37±0.21  → FITNESS=0.2116
URDF saved to being.urdf
Connecting to PyBullet, GUI: False
CreatureEnv Inicijalizacija: 12 motora. OBS_dim=40, frame_skip=1
[Fitness run Gen9Creature28] reward=1.77±0.18  dist=0.19±0.06  upright=0.90±0.30  → FITNESS=0.4712
URDF saved to being.urdf
Connecting to PyBullet, GUI: False
CreatureEnv Inicijalizacija: 12 motora. OBS_dim=40, frame_skip=1
[Fitness run Gen9Creature29] reward=2.06±0.02  dist=0.00±0.00  upright=1.00±0.00  → FITNESS=0.5184

==================================================
Generacija 9/20  |  Best = 0.6192  |  Mean = 0.4358  |  Std = 0.1933
==================================================
URDF saved to being.urdf
Connecting to PyBullet, GUI: False
CreatureEnv Inicijalizacija: 12 motora. OBS_dim=40, frame_skip=1
[Fitness run Gen9Creature3] reward=1.67±0.07  dist=0.00±0.01  upright=0.91±0.27  → FITNESS=0.4732
URDF saved to being.urdf
Connecting to PyBullet, GUI: False
CreatureEnv Inicijalizacija: 12 motora. OBS_dim=40, frame_skip=1
[Fitness run Gen9Creature4] reward=1.86±0.53  dist=0.01±0.01  upright=0.93±0.22  → FITNESS=0.4814
URDF saved to being.urdf
Connecting to PyBullet, GUI: False
CreatureEnv Inicijalizacija: 12 motora. OBS_dim=40, frame_skip=1
[Fitness run Gen9Creature5] reward=1057.36±12.05  dist=0.00±0.00  upright=1.00±0.00  → FITNESS=0.6143
URDF saved to being.urdf
Connecting to PyBullet, GUI: False
CreatureEnv Inicijalizacija: 12 motora. OBS_dim=40, frame_skip=1
[Fitness run Gen9Creature6] reward=2.05±0.00  dist=0.00±0.00  upright=1.00±0.00  → FITNESS=0.5184
URDF saved to being.urdf
Connecting to PyBullet, GUI: False
CreatureEnv Inicijalizacija: 12 motora. OBS_dim=40, frame_skip=1
[Fitness run Gen9Creature9] reward=1.85±0.12  dist=0.02±0.05  upright=0.73±0.24  → FITNESS=0.3831
URDF saved to being.urdf
Connecting to PyBullet, GUI: False
CreatureEnv Inicijalizacija: 12 motora. OBS_dim=40, frame_skip=1
[Fitness run Gen9Creature10] reward=1.37±0.03  dist=0.01±0.01  upright=0.05±0.02  → FITNESS=0.0442
URDF saved to being.urdf
Connecting to PyBullet, GUI: False
CreatureEnv Inicijalizacija: 12 motora. OBS_dim=40, frame_skip=1
[Fitness run Gen9Creature11] reward=0.96±0.24  dist=0.00±0.00  upright=0.07±0.20  → FITNESS=0.0521
URDF saved to being.urdf
Connecting to PyBullet, GUI: False
CreatureEnv Inicijalizacija: 12 motora. OBS_dim=40, frame_skip=1
[Fitness run Gen9Creature12] reward=497.25±495.15  dist=0.04±0.03  upright=1.00±0.00  → FITNESS=0.5636
URDF saved to being.urdf
Connecting to PyBullet, GUI: False
CreatureEnv Inicijalizacija: 12 motora. OBS_dim=40, frame_skip=1
[Fitness run Gen9Creature13] reward=1.52±0.00  dist=0.00±0.00  upright=0.00±0.00  → FITNESS=0.0183
URDF saved to being.urdf
Connecting to PyBullet, GUI: False
CreatureEnv Inicijalizacija: 12 motora. OBS_dim=40, frame_skip=1
[Fitness run Gen9Creature14] reward=1.53±0.07  dist=0.00±0.00  upright=0.10±0.04  → FITNESS=0.0667
URDF saved to being.urdf
Connecting to PyBullet, GUI: False
CreatureEnv Inicijalizacija: 12 motora. OBS_dim=40, frame_skip=1
[Fitness run Gen9Creature15] reward=1012.15±0.07  dist=0.04±0.01  upright=1.00±0.00  → FITNESS=0.6108
URDF saved to being.urdf
Connecting to PyBullet, GUI: False
CreatureEnv Inicijalizacija: 12 motora. OBS_dim=40, frame_skip=1
[Fitness run Gen9Creature16] reward=2.02±0.00  dist=0.00±0.00  upright=1.00±0.00  → FITNESS=0.5184
URDF saved to being.urdf
Connecting to PyBullet, GUI: False
CreatureEnv Inicijalizacija: 12 motora. OBS_dim=40, frame_skip=1
[Fitness run Gen9Creature17] reward=1034.67±0.01  dist=0.02±0.01  upright=1.00±0.00  → FITNESS=0.6125
URDF saved to being.urdf
Connecting to PyBullet, GUI: False
CreatureEnv Inicijalizacija: 12 motora. OBS_dim=40, frame_skip=1
[Fitness run Gen9Creature18] reward=1.93±0.11  dist=0.04±0.02  upright=0.84±0.32  → FITNESS=0.4384
URDF saved to being.urdf
Connecting to PyBullet, GUI: False
CreatureEnv Inicijalizacija: 12 motora. OBS_dim=40, frame_skip=1
[Fitness run Gen9Creature19] reward=1020.98±0.01  dist=0.00±0.00  upright=1.00±0.00  → FITNESS=0.6110
URDF saved to being.urdf
Connecting to PyBullet, GUI: False
CreatureEnv Inicijalizacija: 12 motora. OBS_dim=40, frame_skip=1
[Fitness run Gen9Creature20] reward=1065.79±7.33  dist=0.28±0.14  upright=1.00±0.00  → FITNESS=0.6192
URDF saved to being.urdf
Connecting to PyBullet, GUI: False
CreatureEnv Inicijalizacija: 12 motora. OBS_dim=40, frame_skip=1
[Fitness run Gen9Creature21] reward=1.70±0.27  dist=0.02±0.03  upright=0.42±0.09  → FITNESS=0.2267
URDF saved to being.urdf
Connecting to PyBullet, GUI: False
CreatureEnv Inicijalizacija: 12 motora. OBS_dim=40, frame_skip=1
[Fitness run Gen9Creature23] reward=2.12±0.00  dist=0.00±0.00  upright=1.00±0.00  → FITNESS=0.5184
URDF saved to being.urdf
Connecting to PyBullet, GUI: False
CreatureEnv Inicijalizacija: 12 motora. OBS_dim=40, frame_skip=1
[Fitness run Gen9Creature24] reward=1.92±0.21  dist=0.00±0.00  upright=0.90±0.29  → FITNESS=0.4700
URDF saved to being.urdf
Connecting to PyBullet, GUI: False
CreatureEnv Inicijalizacija: 12 motora. OBS_dim=40, frame_skip=1
[Fitness run Gen9Creature25] reward=902.20±300.25  dist=0.00±0.00  upright=0.90±0.30  → FITNESS=0.5502
URDF saved to being.urdf
Connecting to PyBullet, GUI: False
CreatureEnv Inicijalizacija: 12 motora. OBS_dim=40, frame_skip=1
[Fitness run Gen9Creature26] reward=1.52±0.02  dist=0.00±0.01  upright=0.00±0.01  → FITNESS=0.0200
URDF saved to being.urdf
Connecting to PyBullet, GUI: False
CreatureEnv Inicijalizacija: 12 motora. OBS_dim=40, frame_skip=1
[Fitness run Gen9Creature27] reward=105.09±311.98  dist=0.00±0.00  upright=0.37±0.21  → FITNESS=0.2116
URDF saved to being.urdf
Connecting to PyBullet, GUI: False
CreatureEnv Inicijalizacija: 12 motora. OBS_dim=40, frame_skip=1
[Fitness run Gen9Creature28] reward=1.77±0.18  dist=0.19±0.06  upright=0.90±0.30  → FITNESS=0.4712
URDF saved to being.urdf
Connecting to PyBullet, GUI: False
CreatureEnv Inicijalizacija: 12 motora. OBS_dim=40, frame_skip=1
[Fitness run Gen9Creature29] reward=2.06±0.02  dist=0.00±0.00  upright=1.00±0.00  → FITNESS=0.5184
Genome saved to results\uprightBased500Steps1Seed\run_5\run_5_best_creature.json
[plot] Saved → ./results\uprightBased500Steps1Seed\run_5\run_5_summary.png
URDF saved to being.urdf
Connecting to PyBullet, GUI: False
CreatureEnv Inicijalizacija: 12 motora. OBS_dim=40, frame_skip=1
[Fitness run Gen10Creature2] reward=1063.33±9.91  dist=0.00±0.00  upright=1.00±0.00  → FITNESS=0.6149
URDF saved to being.urdf
Connecting to PyBullet, GUI: False
CreatureEnv Inicijalizacija: 12 motora. OBS_dim=40, frame_skip=1
[Fitness run Gen10Creature3] reward=925.37±308.02  dist=0.00±0.00  upright=0.91±0.26  → FITNESS=0.5588
URDF saved to being.urdf
Connecting to PyBullet, GUI: False
CreatureEnv Inicijalizacija: 12 motora. OBS_dim=40, frame_skip=1
[Fitness run Gen10Creature4] reward=1032.13±0.14  dist=0.00±0.00  upright=1.00±0.00  → FITNESS=0.6120
URDF saved to being.urdf
Connecting to PyBullet, GUI: False
CreatureEnv Inicijalizacija: 12 motora. OBS_dim=40, frame_skip=1
[Fitness run Gen10Creature5] reward=1057.36±12.05  dist=0.00±0.00  upright=1.00±0.00  → FITNESS=0.6143
URDF saved to being.urdf
Connecting to PyBullet, GUI: False
CreatureEnv Inicijalizacija: 12 motora. OBS_dim=40, frame_skip=1
[Fitness run Gen10Creature6] reward=2.05±0.00  dist=0.00±0.00  upright=1.00±0.00  → FITNESS=0.5184
URDF saved to being.urdf
Connecting to PyBullet, GUI: False
CreatureEnv Inicijalizacija: 12 motora. OBS_dim=40, frame_skip=1
[Fitness run Gen10Creature8] reward=1.21±0.04  dist=0.00±0.00  upright=0.00±0.00  → FITNESS=0.0183
URDF saved to being.urdf
Connecting to PyBullet, GUI: False
CreatureEnv Inicijalizacija: 12 motora. OBS_dim=40, frame_skip=1
[Fitness run Gen10Creature9] reward=1.85±0.12  dist=0.02±0.05  upright=0.73±0.24  → FITNESS=0.3831
URDF saved to being.urdf
Connecting to PyBullet, GUI: False
CreatureEnv Inicijalizacija: 12 motora. OBS_dim=40, frame_skip=1
[Fitness run Gen10Creature10] reward=1.37±0.03  dist=0.01±0.01  upright=0.05±0.02  → FITNESS=0.0442
URDF saved to being.urdf
Connecting to PyBullet, GUI: False
CreatureEnv Inicijalizacija: 12 motora. OBS_dim=40, frame_skip=1
[Fitness run Gen10Creature11] reward=1.07±0.08  dist=0.00±0.00  upright=0.03±0.01  → FITNESS=0.0328
URDF saved to being.urdf
Connecting to PyBullet, GUI: False
CreatureEnv Inicijalizacija: 12 motora. OBS_dim=40, frame_skip=1
[Fitness run Gen10Creature12] reward=1064.13±2.70  dist=0.01±0.01  upright=1.00±0.00  → FITNESS=0.6151
URDF saved to being.urdf
Connecting to PyBullet, GUI: False
CreatureEnv Inicijalizacija: 12 motora. OBS_dim=40, frame_skip=1
[Fitness run Gen10Creature13] reward=1.52±0.00  dist=0.10±0.03  upright=0.00±0.00  → FITNESS=0.0198
URDF saved to being.urdf
Connecting to PyBullet, GUI: False
CreatureEnv Inicijalizacija: 12 motora. OBS_dim=40, frame_skip=1
[Fitness run Gen10Creature14] reward=1.13±0.30  dist=0.00±0.00  upright=0.00±0.00  → FITNESS=0.0183
URDF saved to being.urdf
Connecting to PyBullet, GUI: False
CreatureEnv Inicijalizacija: 12 motora. OBS_dim=40, frame_skip=1
[Fitness run Gen10Creature15] reward=1012.15±0.07  dist=0.04±0.01  upright=1.00±0.00  → FITNESS=0.6108
URDF saved to being.urdf
Connecting to PyBullet, GUI: False
CreatureEnv Inicijalizacija: 12 motora. OBS_dim=40, frame_skip=1
[Fitness run Gen10Creature16] reward=2.02±0.00  dist=0.00±0.00  upright=1.00±0.00  → FITNESS=0.5184
URDF saved to being.urdf
Connecting to PyBullet, GUI: False
CreatureEnv Inicijalizacija: 12 motora. OBS_dim=40, frame_skip=1
[Fitness run Gen10Creature17] reward=1034.67±0.01  dist=0.02±0.01  upright=1.00±0.00  → FITNESS=0.6125
URDF saved to being.urdf
Connecting to PyBullet, GUI: False
CreatureEnv Inicijalizacija: 12 motora. OBS_dim=40, frame_skip=1
[Fitness run Gen10Creature19] reward=1059.17±0.04  dist=0.17±0.03  upright=1.00±0.00  → FITNESS=0.6171
URDF saved to being.urdf
Connecting to PyBullet, GUI: False
CreatureEnv Inicijalizacija: 12 motora. OBS_dim=40, frame_skip=1
[Fitness run Gen10Creature21] reward=1.80±0.03  dist=0.03±0.02  upright=0.31±0.04  → FITNESS=0.1736
URDF saved to being.urdf
Connecting to PyBullet, GUI: False
CreatureEnv Inicijalizacija: 12 motora. OBS_dim=40, frame_skip=1
[Fitness run Gen10Creature23] reward=1078.15±0.07  dist=0.00±0.00  upright=1.00±0.00  → FITNESS=0.6162
URDF saved to being.urdf
Connecting to PyBullet, GUI: False
CreatureEnv Inicijalizacija: 12 motora. OBS_dim=40, frame_skip=1
[Fitness run Gen10Creature24] reward=921.09±306.53  dist=0.00±0.01  upright=0.90±0.29  → FITNESS=0.5536
URDF saved to being.urdf
Connecting to PyBullet, GUI: False
CreatureEnv Inicijalizacija: 12 motora. OBS_dim=40, frame_skip=1
[Fitness run Gen10Creature25] reward=902.20±300.25  dist=0.00±0.00  upright=0.90±0.30  → FITNESS=0.5502
URDF saved to being.urdf
Connecting to PyBullet, GUI: False
CreatureEnv Inicijalizacija: 12 motora. OBS_dim=40, frame_skip=1
[Fitness run Gen10Creature26] reward=1.52±0.02  dist=0.00±0.01  upright=0.00±0.01  → FITNESS=0.0200
URDF saved to being.urdf
Connecting to PyBullet, GUI: False
CreatureEnv Inicijalizacija: 12 motora. OBS_dim=40, frame_skip=1
[Fitness run Gen10Creature27] reward=105.09±311.98  dist=0.00±0.00  upright=0.37±0.21  → FITNESS=0.2116
URDF saved to being.urdf
Connecting to PyBullet, GUI: False
CreatureEnv Inicijalizacija: 12 motora. OBS_dim=40, frame_skip=1
[Fitness run Gen10Creature28] reward=1.83±0.01  dist=0.13±0.05  upright=0.97±0.10  → FITNESS=0.5042
URDF saved to being.urdf
Connecting to PyBullet, GUI: False
CreatureEnv Inicijalizacija: 12 motora. OBS_dim=40, frame_skip=1
[Fitness run Gen10Creature29] reward=2.06±0.02  dist=0.00±0.00  upright=1.00±0.00  → FITNESS=0.5184

==================================================
Generacija 10/20  |  Best = 0.6192  |  Mean = 0.4316  |  Std = 0.2302
==================================================
URDF saved to being.urdf
Connecting to PyBullet, GUI: False
CreatureEnv Inicijalizacija: 12 motora. OBS_dim=40, frame_skip=1
[Fitness run Gen10Creature2] reward=1063.33±9.91  dist=0.00±0.00  upright=1.00±0.00  → FITNESS=0.6149
URDF saved to being.urdf
Connecting to PyBullet, GUI: False
CreatureEnv Inicijalizacija: 12 motora. OBS_dim=40, frame_skip=1
[Fitness run Gen10Creature3] reward=925.37±308.02  dist=0.00±0.00  upright=0.91±0.26  → FITNESS=0.5588
URDF saved to being.urdf
Connecting to PyBullet, GUI: False
CreatureEnv Inicijalizacija: 12 motora. OBS_dim=40, frame_skip=1
[Fitness run Gen10Creature4] reward=1032.13±0.14  dist=0.00±0.00  upright=1.00±0.00  → FITNESS=0.6120
URDF saved to being.urdf
Connecting to PyBullet, GUI: False
CreatureEnv Inicijalizacija: 12 motora. OBS_dim=40, frame_skip=1
[Fitness run Gen10Creature5] reward=1057.36±12.05  dist=0.00±0.00  upright=1.00±0.00  → FITNESS=0.6143
URDF saved to being.urdf
Connecting to PyBullet, GUI: False
CreatureEnv Inicijalizacija: 12 motora. OBS_dim=40, frame_skip=1
[Fitness run Gen10Creature6] reward=2.05±0.00  dist=0.00±0.00  upright=1.00±0.00  → FITNESS=0.5184
URDF saved to being.urdf
Connecting to PyBullet, GUI: False
CreatureEnv Inicijalizacija: 12 motora. OBS_dim=40, frame_skip=1
[Fitness run Gen10Creature8] reward=1.21±0.04  dist=0.00±0.00  upright=0.00±0.00  → FITNESS=0.0183
URDF saved to being.urdf
Connecting to PyBullet, GUI: False
CreatureEnv Inicijalizacija: 12 motora. OBS_dim=40, frame_skip=1
[Fitness run Gen10Creature9] reward=1.85±0.12  dist=0.02±0.05  upright=0.73±0.24  → FITNESS=0.3831
URDF saved to being.urdf
Connecting to PyBullet, GUI: False
CreatureEnv Inicijalizacija: 12 motora. OBS_dim=40, frame_skip=1
[Fitness run Gen10Creature10] reward=1.37±0.03  dist=0.01±0.01  upright=0.05±0.02  → FITNESS=0.0442
URDF saved to being.urdf
Connecting to PyBullet, GUI: False
CreatureEnv Inicijalizacija: 12 motora. OBS_dim=40, frame_skip=1
[Fitness run Gen10Creature11] reward=1.07±0.08  dist=0.00±0.00  upright=0.03±0.01  → FITNESS=0.0328
URDF saved to being.urdf
Connecting to PyBullet, GUI: False
CreatureEnv Inicijalizacija: 12 motora. OBS_dim=40, frame_skip=1
[Fitness run Gen10Creature12] reward=1064.13±2.70  dist=0.01±0.01  upright=1.00±0.00  → FITNESS=0.6151
URDF saved to being.urdf
Connecting to PyBullet, GUI: False
CreatureEnv Inicijalizacija: 12 motora. OBS_dim=40, frame_skip=1
[Fitness run Gen10Creature13] reward=1.52±0.00  dist=0.10±0.03  upright=0.00±0.00  → FITNESS=0.0198
URDF saved to being.urdf
Connecting to PyBullet, GUI: False
CreatureEnv Inicijalizacija: 12 motora. OBS_dim=40, frame_skip=1
[Fitness run Gen10Creature14] reward=1.13±0.30  dist=0.00±0.00  upright=0.00±0.00  → FITNESS=0.0183
URDF saved to being.urdf
Connecting to PyBullet, GUI: False
CreatureEnv Inicijalizacija: 12 motora. OBS_dim=40, frame_skip=1
[Fitness run Gen10Creature15] reward=1012.15±0.07  dist=0.04±0.01  upright=1.00±0.00  → FITNESS=0.6108
URDF saved to being.urdf
Connecting to PyBullet, GUI: False
CreatureEnv Inicijalizacija: 12 motora. OBS_dim=40, frame_skip=1
[Fitness run Gen10Creature16] reward=2.02±0.00  dist=0.00±0.00  upright=1.00±0.00  → FITNESS=0.5184
URDF saved to being.urdf
Connecting to PyBullet, GUI: False
CreatureEnv Inicijalizacija: 12 motora. OBS_dim=40, frame_skip=1
[Fitness run Gen10Creature17] reward=1034.67±0.01  dist=0.02±0.01  upright=1.00±0.00  → FITNESS=0.6125
URDF saved to being.urdf
Connecting to PyBullet, GUI: False
CreatureEnv Inicijalizacija: 12 motora. OBS_dim=40, frame_skip=1
[Fitness run Gen10Creature19] reward=1059.17±0.04  dist=0.17±0.03  upright=1.00±0.00  → FITNESS=0.6171
URDF saved to being.urdf
Connecting to PyBullet, GUI: False
CreatureEnv Inicijalizacija: 12 motora. OBS_dim=40, frame_skip=1
[Fitness run Gen10Creature21] reward=1.80±0.03  dist=0.03±0.02  upright=0.31±0.04  → FITNESS=0.1736
URDF saved to being.urdf
Connecting to PyBullet, GUI: False
CreatureEnv Inicijalizacija: 12 motora. OBS_dim=40, frame_skip=1
[Fitness run Gen10Creature23] reward=1078.15±0.07  dist=0.00±0.00  upright=1.00±0.00  → FITNESS=0.6162
URDF saved to being.urdf
Connecting to PyBullet, GUI: False
CreatureEnv Inicijalizacija: 12 motora. OBS_dim=40, frame_skip=1
[Fitness run Gen10Creature24] reward=921.09±306.53  dist=0.00±0.01  upright=0.90±0.29  → FITNESS=0.5536
URDF saved to being.urdf
Connecting to PyBullet, GUI: False
CreatureEnv Inicijalizacija: 12 motora. OBS_dim=40, frame_skip=1
[Fitness run Gen10Creature25] reward=902.20±300.25  dist=0.00±0.00  upright=0.90±0.30  → FITNESS=0.5502
URDF saved to being.urdf
Connecting to PyBullet, GUI: False
CreatureEnv Inicijalizacija: 12 motora. OBS_dim=40, frame_skip=1
[Fitness run Gen10Creature26] reward=1.52±0.02  dist=0.00±0.01  upright=0.00±0.01  → FITNESS=0.0200
URDF saved to being.urdf
Connecting to PyBullet, GUI: False
CreatureEnv Inicijalizacija: 12 motora. OBS_dim=40, frame_skip=1
[Fitness run Gen10Creature27] reward=105.09±311.98  dist=0.00±0.00  upright=0.37±0.21  → FITNESS=0.2116
URDF saved to being.urdf
Connecting to PyBullet, GUI: False
CreatureEnv Inicijalizacija: 12 motora. OBS_dim=40, frame_skip=1
[Fitness run Gen10Creature28] reward=1.83±0.01  dist=0.13±0.05  upright=0.97±0.10  → FITNESS=0.5042
URDF saved to being.urdf
Connecting to PyBullet, GUI: False
CreatureEnv Inicijalizacija: 12 motora. OBS_dim=40, frame_skip=1
[Fitness run Gen10Creature29] reward=2.06±0.02  dist=0.00±0.00  upright=1.00±0.00  → FITNESS=0.5184
Genome saved to results\uprightBased500Steps1Seed\run_5\run_5_best_creature.json
[plot] Saved → ./results\uprightBased500Steps1Seed\run_5\run_5_summary.png
URDF saved to being.urdf
Connecting to PyBullet, GUI: False
CreatureEnv Inicijalizacija: 12 motora. OBS_dim=40, frame_skip=1
[Fitness run Gen11Creature2] reward=1063.33±9.91  dist=0.00±0.00  upright=1.00±0.00  → FITNESS=0.6149
URDF saved to being.urdf
Connecting to PyBullet, GUI: False
CreatureEnv Inicijalizacija: 12 motora. OBS_dim=40, frame_skip=1
[Fitness run Gen11Creature3] reward=925.37±308.02  dist=0.00±0.00  upright=0.91±0.26  → FITNESS=0.5588
URDF saved to being.urdf
Connecting to PyBullet, GUI: False
CreatureEnv Inicijalizacija: 12 motora. OBS_dim=40, frame_skip=1
[Fitness run Gen11Creature4] reward=1032.13±0.14  dist=0.00±0.00  upright=1.00±0.00  → FITNESS=0.6120
URDF saved to being.urdf
Connecting to PyBullet, GUI: False
CreatureEnv Inicijalizacija: 12 motora. OBS_dim=40, frame_skip=1
[Fitness run Gen11Creature5] reward=1040.98±0.29  dist=0.00±0.00  upright=1.00±0.00  → FITNESS=0.6128
URDF saved to being.urdf
Connecting to PyBullet, GUI: False
CreatureEnv Inicijalizacija: 12 motora. OBS_dim=40, frame_skip=1
[Fitness run Gen11Creature6] reward=1059.39±9.12  dist=0.05±0.11  upright=1.00±0.00  → FITNESS=0.6152
URDF saved to being.urdf
Connecting to PyBullet, GUI: False
CreatureEnv Inicijalizacija: 12 motora. OBS_dim=40, frame_skip=1
[Fitness run Gen11Creature8] reward=1.21±0.04  dist=0.00±0.00  upright=0.00±0.00  → FITNESS=0.0183
URDF saved to being.urdf
Connecting to PyBullet, GUI: False
CreatureEnv Inicijalizacija: 12 motora. OBS_dim=40, frame_skip=1
[Fitness run Gen11Creature9] reward=1.85±0.12  dist=0.02±0.05  upright=0.73±0.24  → FITNESS=0.3831
URDF saved to being.urdf
Connecting to PyBullet, GUI: False
CreatureEnv Inicijalizacija: 12 motora. OBS_dim=40, frame_skip=1
[Fitness run Gen11Creature10] reward=1.37±0.03  dist=0.01±0.01  upright=0.05±0.02  → FITNESS=0.0442
URDF saved to being.urdf
Connecting to PyBullet, GUI: False
CreatureEnv Inicijalizacija: 12 motora. OBS_dim=40, frame_skip=1
[Fitness run Gen11Creature11] reward=1.07±0.08  dist=0.00±0.00  upright=0.03±0.01  → FITNESS=0.0328
URDF saved to being.urdf
Connecting to PyBullet, GUI: False
CreatureEnv Inicijalizacija: 12 motora. OBS_dim=40, frame_skip=1
[Fitness run Gen11Creature13] reward=1.52±0.00  dist=0.10±0.03  upright=0.00±0.00  → FITNESS=0.0198
URDF saved to being.urdf
Connecting to PyBullet, GUI: False
CreatureEnv Inicijalizacija: 12 motora. OBS_dim=40, frame_skip=1
[Fitness run Gen11Creature14] reward=1.13±0.30  dist=0.00±0.00  upright=0.00±0.00  → FITNESS=0.0183
URDF saved to being.urdf
Connecting to PyBullet, GUI: False
CreatureEnv Inicijalizacija: 12 motora. OBS_dim=40, frame_skip=1
[Fitness run Gen11Creature15] reward=1017.49±0.23  dist=0.03±0.01  upright=1.00±0.00  → FITNESS=0.6112
URDF saved to being.urdf
Connecting to PyBullet, GUI: False
CreatureEnv Inicijalizacija: 12 motora. OBS_dim=40, frame_skip=1
[Fitness run Gen11Creature16] reward=1053.20±0.99  dist=0.04±0.13  upright=1.00±0.00  → FITNESS=0.6146
URDF saved to being.urdf
Connecting to PyBullet, GUI: False
CreatureEnv Inicijalizacija: 12 motora. OBS_dim=40, frame_skip=1
[Fitness run Gen11Creature17] reward=1034.67±0.01  dist=0.02±0.01  upright=1.00±0.00  → FITNESS=0.6125
URDF saved to being.urdf
Connecting to PyBullet, GUI: False
CreatureEnv Inicijalizacija: 12 motora. OBS_dim=40, frame_skip=1
[Fitness run Gen11Creature19] reward=1059.17±0.04  dist=0.17±0.03  upright=1.00±0.00  → FITNESS=0.6171
URDF saved to being.urdf
Connecting to PyBullet, GUI: False
CreatureEnv Inicijalizacija: 12 motora. OBS_dim=40, frame_skip=1
[Fitness run Gen11Creature21] reward=1.80±0.03  dist=0.03±0.02  upright=0.31±0.04  → FITNESS=0.1736
URDF saved to being.urdf
Connecting to PyBullet, GUI: False
CreatureEnv Inicijalizacija: 12 motora. OBS_dim=40, frame_skip=1
[Fitness run Gen11Creature23] reward=1078.15±0.07  dist=0.00±0.00  upright=1.00±0.00  → FITNESS=0.6162
URDF saved to being.urdf
Connecting to PyBullet, GUI: False
CreatureEnv Inicijalizacija: 12 motora. OBS_dim=40, frame_skip=1
[Fitness run Gen11Creature24] reward=921.09±306.53  dist=0.00±0.01  upright=0.90±0.29  → FITNESS=0.5536
URDF saved to being.urdf
Connecting to PyBullet, GUI: False
CreatureEnv Inicijalizacija: 12 motora. OBS_dim=40, frame_skip=1
[Fitness run Gen11Creature25] reward=1047.56±6.02  dist=0.03±0.09  upright=1.00±0.00  → FITNESS=0.6139
URDF saved to being.urdf
Connecting to PyBullet, GUI: False
CreatureEnv Inicijalizacija: 12 motora. OBS_dim=40, frame_skip=1
[Fitness run Gen11Creature26] reward=1.80±0.05  dist=0.00±0.00  upright=0.06±0.17  → FITNESS=0.0474
URDF saved to being.urdf
Connecting to PyBullet, GUI: False
CreatureEnv Inicijalizacija: 12 motora. OBS_dim=40, frame_skip=1
[Fitness run Gen11Creature27] reward=105.09±311.98  dist=0.00±0.00  upright=0.37±0.21  → FITNESS=0.2116
URDF saved to being.urdf
Connecting to PyBullet, GUI: False
CreatureEnv Inicijalizacija: 12 motora. OBS_dim=40, frame_skip=1
[Fitness run Gen11Creature28] reward=1.83±0.01  dist=0.13±0.05  upright=0.97±0.10  → FITNESS=0.5042
URDF saved to being.urdf
Connecting to PyBullet, GUI: False
CreatureEnv Inicijalizacija: 12 motora. OBS_dim=40, frame_skip=1
[Fitness run Gen11Creature29] reward=2.06±0.02  dist=0.00±0.00  upright=1.00±0.00  → FITNESS=0.5184

==================================================
Generacija 11/20  |  Best = 0.6192  |  Mean = 0.4410  |  Std = 0.2335
==================================================
URDF saved to being.urdf
Connecting to PyBullet, GUI: False
CreatureEnv Inicijalizacija: 12 motora. OBS_dim=40, frame_skip=1
[Fitness run Gen11Creature2] reward=1063.33±9.91  dist=0.00±0.00  upright=1.00±0.00  → FITNESS=0.6149
URDF saved to being.urdf
Connecting to PyBullet, GUI: False
CreatureEnv Inicijalizacija: 12 motora. OBS_dim=40, frame_skip=1
[Fitness run Gen11Creature3] reward=925.37±308.02  dist=0.00±0.00  upright=0.91±0.26  → FITNESS=0.5588
URDF saved to being.urdf
Connecting to PyBullet, GUI: False
CreatureEnv Inicijalizacija: 12 motora. OBS_dim=40, frame_skip=1
[Fitness run Gen11Creature4] reward=1032.13±0.14  dist=0.00±0.00  upright=1.00±0.00  → FITNESS=0.6120
URDF saved to being.urdf
Connecting to PyBullet, GUI: False
CreatureEnv Inicijalizacija: 12 motora. OBS_dim=40, frame_skip=1
[Fitness run Gen11Creature5] reward=1040.98±0.29  dist=0.00±0.00  upright=1.00±0.00  → FITNESS=0.6128
URDF saved to being.urdf
Connecting to PyBullet, GUI: False
CreatureEnv Inicijalizacija: 12 motora. OBS_dim=40, frame_skip=1
[Fitness run Gen11Creature6] reward=1059.39±9.12  dist=0.05±0.11  upright=1.00±0.00  → FITNESS=0.6152
URDF saved to being.urdf
Connecting to PyBullet, GUI: False
CreatureEnv Inicijalizacija: 12 motora. OBS_dim=40, frame_skip=1
[Fitness run Gen11Creature8] reward=1.21±0.04  dist=0.00±0.00  upright=0.00±0.00  → FITNESS=0.0183
URDF saved to being.urdf
Connecting to PyBullet, GUI: False
CreatureEnv Inicijalizacija: 12 motora. OBS_dim=40, frame_skip=1
[Fitness run Gen11Creature9] reward=1.85±0.12  dist=0.02±0.05  upright=0.73±0.24  → FITNESS=0.3831
URDF saved to being.urdf
Connecting to PyBullet, GUI: False
CreatureEnv Inicijalizacija: 12 motora. OBS_dim=40, frame_skip=1
[Fitness run Gen11Creature10] reward=1.37±0.03  dist=0.01±0.01  upright=0.05±0.02  → FITNESS=0.0442
URDF saved to being.urdf
Connecting to PyBullet, GUI: False
CreatureEnv Inicijalizacija: 12 motora. OBS_dim=40, frame_skip=1
[Fitness run Gen11Creature11] reward=1.07±0.08  dist=0.00±0.00  upright=0.03±0.01  → FITNESS=0.0328
URDF saved to being.urdf
Connecting to PyBullet, GUI: False
CreatureEnv Inicijalizacija: 12 motora. OBS_dim=40, frame_skip=1
[Fitness run Gen11Creature13] reward=1.52±0.00  dist=0.10±0.03  upright=0.00±0.00  → FITNESS=0.0198
URDF saved to being.urdf
Connecting to PyBullet, GUI: False
CreatureEnv Inicijalizacija: 12 motora. OBS_dim=40, frame_skip=1
[Fitness run Gen11Creature14] reward=1.13±0.30  dist=0.00±0.00  upright=0.00±0.00  → FITNESS=0.0183
URDF saved to being.urdf
Connecting to PyBullet, GUI: False
CreatureEnv Inicijalizacija: 12 motora. OBS_dim=40, frame_skip=1
[Fitness run Gen11Creature15] reward=1017.49±0.23  dist=0.03±0.01  upright=1.00±0.00  → FITNESS=0.6112
URDF saved to being.urdf
Connecting to PyBullet, GUI: False
CreatureEnv Inicijalizacija: 12 motora. OBS_dim=40, frame_skip=1
[Fitness run Gen11Creature16] reward=1053.20±0.99  dist=0.04±0.13  upright=1.00±0.00  → FITNESS=0.6146
URDF saved to being.urdf
Connecting to PyBullet, GUI: False
CreatureEnv Inicijalizacija: 12 motora. OBS_dim=40, frame_skip=1
[Fitness run Gen11Creature17] reward=1034.67±0.01  dist=0.02±0.01  upright=1.00±0.00  → FITNESS=0.6125
URDF saved to being.urdf
Connecting to PyBullet, GUI: False
CreatureEnv Inicijalizacija: 12 motora. OBS_dim=40, frame_skip=1
[Fitness run Gen11Creature19] reward=1059.17±0.04  dist=0.17±0.03  upright=1.00±0.00  → FITNESS=0.6171
URDF saved to being.urdf
Connecting to PyBullet, GUI: False
CreatureEnv Inicijalizacija: 12 motora. OBS_dim=40, frame_skip=1
[Fitness run Gen11Creature21] reward=1.80±0.03  dist=0.03±0.02  upright=0.31±0.04  → FITNESS=0.1736
URDF saved to being.urdf
Connecting to PyBullet, GUI: False
CreatureEnv Inicijalizacija: 12 motora. OBS_dim=40, frame_skip=1
[Fitness run Gen11Creature23] reward=1078.15±0.07  dist=0.00±0.00  upright=1.00±0.00  → FITNESS=0.6162
URDF saved to being.urdf
Connecting to PyBullet, GUI: False
CreatureEnv Inicijalizacija: 12 motora. OBS_dim=40, frame_skip=1
[Fitness run Gen11Creature24] reward=921.09±306.53  dist=0.00±0.01  upright=0.90±0.29  → FITNESS=0.5536
URDF saved to being.urdf
Connecting to PyBullet, GUI: False
CreatureEnv Inicijalizacija: 12 motora. OBS_dim=40, frame_skip=1
[Fitness run Gen11Creature25] reward=1047.56±6.02  dist=0.03±0.09  upright=1.00±0.00  → FITNESS=0.6139
URDF saved to being.urdf
Connecting to PyBullet, GUI: False
CreatureEnv Inicijalizacija: 12 motora. OBS_dim=40, frame_skip=1
[Fitness run Gen11Creature26] reward=1.80±0.05  dist=0.00±0.00  upright=0.06±0.17  → FITNESS=0.0474
URDF saved to being.urdf
Connecting to PyBullet, GUI: False
CreatureEnv Inicijalizacija: 12 motora. OBS_dim=40, frame_skip=1
[Fitness run Gen11Creature27] reward=105.09±311.98  dist=0.00±0.00  upright=0.37±0.21  → FITNESS=0.2116
URDF saved to being.urdf
Connecting to PyBullet, GUI: False
CreatureEnv Inicijalizacija: 12 motora. OBS_dim=40, frame_skip=1
[Fitness run Gen11Creature28] reward=1.83±0.01  dist=0.13±0.05  upright=0.97±0.10  → FITNESS=0.5042
URDF saved to being.urdf
Connecting to PyBullet, GUI: False
CreatureEnv Inicijalizacija: 12 motora. OBS_dim=40, frame_skip=1
[Fitness run Gen11Creature29] reward=2.06±0.02  dist=0.00±0.00  upright=1.00±0.00  → FITNESS=0.5184
Genome saved to results\uprightBased500Steps1Seed\run_5\run_5_best_creature.json
[plot] Saved → ./results\uprightBased500Steps1Seed\run_5\run_5_summary.png
URDF saved to being.urdf
Connecting to PyBullet, GUI: False
CreatureEnv Inicijalizacija: 12 motora. OBS_dim=40, frame_skip=1
[Fitness run Gen12Creature2] reward=1063.33±9.91  dist=0.00±0.00  upright=1.00±0.00  → FITNESS=0.6149
URDF saved to being.urdf
Connecting to PyBullet, GUI: False
CreatureEnv Inicijalizacija: 12 motora. OBS_dim=40, frame_skip=1
[Fitness run Gen12Creature3] reward=925.37±308.02  dist=0.00±0.00  upright=0.91±0.26  → FITNESS=0.5588
URDF saved to being.urdf
Connecting to PyBullet, GUI: False
CreatureEnv Inicijalizacija: 12 motora. OBS_dim=40, frame_skip=1
[Fitness run Gen12Creature4] reward=1032.13±0.14  dist=0.00±0.00  upright=1.00±0.00  → FITNESS=0.6120
URDF saved to being.urdf
Connecting to PyBullet, GUI: False
CreatureEnv Inicijalizacija: 12 motora. OBS_dim=40, frame_skip=1
[Fitness run Gen12Creature5] reward=1040.98±0.29  dist=0.00±0.00  upright=1.00±0.00  → FITNESS=0.6128
URDF saved to being.urdf
Connecting to PyBullet, GUI: False
CreatureEnv Inicijalizacija: 12 motora. OBS_dim=40, frame_skip=1
[Fitness run Gen12Creature6] reward=1059.39±9.12  dist=0.05±0.11  upright=1.00±0.00  → FITNESS=0.6152
URDF saved to being.urdf
Connecting to PyBullet, GUI: False
CreatureEnv Inicijalizacija: 12 motora. OBS_dim=40, frame_skip=1
[Fitness run Gen12Creature8] reward=1.21±0.04  dist=0.00±0.00  upright=0.00±0.00  → FITNESS=0.0183
URDF saved to being.urdf
Connecting to PyBullet, GUI: False
CreatureEnv Inicijalizacija: 12 motora. OBS_dim=40, frame_skip=1
[Fitness run Gen12Creature9] reward=1.85±0.12  dist=0.02±0.05  upright=0.73±0.24  → FITNESS=0.3831
URDF saved to being.urdf
Connecting to PyBullet, GUI: False
CreatureEnv Inicijalizacija: 12 motora. OBS_dim=40, frame_skip=1
[Fitness run Gen12Creature10] reward=1.37±0.03  dist=0.01±0.01  upright=0.05±0.02  → FITNESS=0.0442
URDF saved to being.urdf
Connecting to PyBullet, GUI: False
CreatureEnv Inicijalizacija: 12 motora. OBS_dim=40, frame_skip=1
[Fitness run Gen12Creature11] reward=1.07±0.08  dist=0.00±0.00  upright=0.03±0.01  → FITNESS=0.0328
URDF saved to being.urdf
Connecting to PyBullet, GUI: False
CreatureEnv Inicijalizacija: 12 motora. OBS_dim=40, frame_skip=1
[Fitness run Gen12Creature13] reward=1.52±0.00  dist=0.10±0.03  upright=0.00±0.00  → FITNESS=0.0198
URDF saved to being.urdf
Connecting to PyBullet, GUI: False
CreatureEnv Inicijalizacija: 12 motora. OBS_dim=40, frame_skip=1
[Fitness run Gen12Creature14] reward=1.13±0.30  dist=0.00±0.00  upright=0.00±0.00  → FITNESS=0.0183
URDF saved to being.urdf
Connecting to PyBullet, GUI: False
CreatureEnv Inicijalizacija: 12 motora. OBS_dim=40, frame_skip=1
[Fitness run Gen12Creature15] reward=1017.49±0.23  dist=0.03±0.01  upright=1.00±0.00  → FITNESS=0.6112
URDF saved to being.urdf
Connecting to PyBullet, GUI: False
CreatureEnv Inicijalizacija: 12 motora. OBS_dim=40, frame_skip=1
[Fitness run Gen12Creature16] reward=1053.20±0.99  dist=0.04±0.13  upright=1.00±0.00  → FITNESS=0.6146
URDF saved to being.urdf
Connecting to PyBullet, GUI: False
CreatureEnv Inicijalizacija: 12 motora. OBS_dim=40, frame_skip=1
[Fitness run Gen12Creature17] reward=1034.67±0.01  dist=0.02±0.01  upright=1.00±0.00  → FITNESS=0.6125
URDF saved to being.urdf
Connecting to PyBullet, GUI: False
CreatureEnv Inicijalizacija: 12 motora. OBS_dim=40, frame_skip=1
[Fitness run Gen12Creature19] reward=1059.17±0.04  dist=0.17±0.03  upright=1.00±0.00  → FITNESS=0.6171
URDF saved to being.urdf
Connecting to PyBullet, GUI: False
CreatureEnv Inicijalizacija: 12 motora. OBS_dim=40, frame_skip=1
[Fitness run Gen12Creature21] reward=1.80±0.03  dist=0.03±0.02  upright=0.31±0.04  → FITNESS=0.1736
URDF saved to being.urdf
Connecting to PyBullet, GUI: False
CreatureEnv Inicijalizacija: 12 motora. OBS_dim=40, frame_skip=1
[Fitness run Gen12Creature23] reward=1078.15±0.07  dist=0.00±0.00  upright=1.00±0.00  → FITNESS=0.6162
URDF saved to being.urdf
Connecting to PyBullet, GUI: False
CreatureEnv Inicijalizacija: 12 motora. OBS_dim=40, frame_skip=1
[Fitness run Gen12Creature24] reward=921.09±306.53  dist=0.00±0.01  upright=0.90±0.29  → FITNESS=0.5536
URDF saved to being.urdf
Connecting to PyBullet, GUI: False
CreatureEnv Inicijalizacija: 12 motora. OBS_dim=40, frame_skip=1
[Fitness run Gen12Creature25] reward=1047.56±6.02  dist=0.03±0.09  upright=1.00±0.00  → FITNESS=0.6139
URDF saved to being.urdf
Connecting to PyBullet, GUI: False
CreatureEnv Inicijalizacija: 12 motora. OBS_dim=40, frame_skip=1
[Fitness run Gen12Creature26] reward=1.80±0.05  dist=0.00±0.00  upright=0.06±0.17  → FITNESS=0.0474
URDF saved to being.urdf
Connecting to PyBullet, GUI: False
CreatureEnv Inicijalizacija: 12 motora. OBS_dim=40, frame_skip=1
[Fitness run Gen12Creature27] reward=105.09±311.98  dist=0.00±0.00  upright=0.37±0.21  → FITNESS=0.2116
URDF saved to being.urdf
Connecting to PyBullet, GUI: False
CreatureEnv Inicijalizacija: 12 motora. OBS_dim=40, frame_skip=1
[Fitness run Gen12Creature28] reward=1.83±0.01  dist=0.13±0.05  upright=0.97±0.10  → FITNESS=0.5042
URDF saved to being.urdf
Connecting to PyBullet, GUI: False
CreatureEnv Inicijalizacija: 12 motora. OBS_dim=40, frame_skip=1
[Fitness run Gen12Creature29] reward=2.06±0.02  dist=0.00±0.00  upright=1.00±0.00  → FITNESS=0.5184

==================================================
Generacija 12/20  |  Best = 0.6192  |  Mean = 0.4410  |  Std = 0.2335
==================================================
URDF saved to being.urdf
Connecting to PyBullet, GUI: False
CreatureEnv Inicijalizacija: 12 motora. OBS_dim=40, frame_skip=1
[Fitness run Gen12Creature2] reward=1063.33±9.91  dist=0.00±0.00  upright=1.00±0.00  → FITNESS=0.6149
URDF saved to being.urdf
Connecting to PyBullet, GUI: False
CreatureEnv Inicijalizacija: 12 motora. OBS_dim=40, frame_skip=1
[Fitness run Gen12Creature3] reward=925.37±308.02  dist=0.00±0.00  upright=0.91±0.26  → FITNESS=0.5588
URDF saved to being.urdf
Connecting to PyBullet, GUI: False
CreatureEnv Inicijalizacija: 12 motora. OBS_dim=40, frame_skip=1
[Fitness run Gen12Creature4] reward=1032.13±0.14  dist=0.00±0.00  upright=1.00±0.00  → FITNESS=0.6120
URDF saved to being.urdf
Connecting to PyBullet, GUI: False
CreatureEnv Inicijalizacija: 12 motora. OBS_dim=40, frame_skip=1
[Fitness run Gen12Creature5] reward=1040.98±0.29  dist=0.00±0.00  upright=1.00±0.00  → FITNESS=0.6128
URDF saved to being.urdf
Connecting to PyBullet, GUI: False
CreatureEnv Inicijalizacija: 12 motora. OBS_dim=40, frame_skip=1
[Fitness run Gen12Creature6] reward=1059.39±9.12  dist=0.05±0.11  upright=1.00±0.00  → FITNESS=0.6152
URDF saved to being.urdf
Connecting to PyBullet, GUI: False
CreatureEnv Inicijalizacija: 12 motora. OBS_dim=40, frame_skip=1
[Fitness run Gen12Creature8] reward=1.21±0.04  dist=0.00±0.00  upright=0.00±0.00  → FITNESS=0.0183
URDF saved to being.urdf
Connecting to PyBullet, GUI: False
CreatureEnv Inicijalizacija: 12 motora. OBS_dim=40, frame_skip=1
[Fitness run Gen12Creature9] reward=1.85±0.12  dist=0.02±0.05  upright=0.73±0.24  → FITNESS=0.3831
URDF saved to being.urdf
Connecting to PyBullet, GUI: False
CreatureEnv Inicijalizacija: 12 motora. OBS_dim=40, frame_skip=1
[Fitness run Gen12Creature10] reward=1.37±0.03  dist=0.01±0.01  upright=0.05±0.02  → FITNESS=0.0442
URDF saved to being.urdf
Connecting to PyBullet, GUI: False
CreatureEnv Inicijalizacija: 12 motora. OBS_dim=40, frame_skip=1
[Fitness run Gen12Creature11] reward=1.07±0.08  dist=0.00±0.00  upright=0.03±0.01  → FITNESS=0.0328
URDF saved to being.urdf
Connecting to PyBullet, GUI: False
CreatureEnv Inicijalizacija: 12 motora. OBS_dim=40, frame_skip=1
[Fitness run Gen12Creature13] reward=1.52±0.00  dist=0.10±0.03  upright=0.00±0.00  → FITNESS=0.0198
URDF saved to being.urdf
Connecting to PyBullet, GUI: False
CreatureEnv Inicijalizacija: 12 motora. OBS_dim=40, frame_skip=1
[Fitness run Gen12Creature14] reward=1.13±0.30  dist=0.00±0.00  upright=0.00±0.00  → FITNESS=0.0183
URDF saved to being.urdf
Connecting to PyBullet, GUI: False
CreatureEnv Inicijalizacija: 12 motora. OBS_dim=40, frame_skip=1
[Fitness run Gen12Creature15] reward=1017.49±0.23  dist=0.03±0.01  upright=1.00±0.00  → FITNESS=0.6112
URDF saved to being.urdf
Connecting to PyBullet, GUI: False
CreatureEnv Inicijalizacija: 12 motora. OBS_dim=40, frame_skip=1
[Fitness run Gen12Creature16] reward=1053.20±0.99  dist=0.04±0.13  upright=1.00±0.00  → FITNESS=0.6146
URDF saved to being.urdf
Connecting to PyBullet, GUI: False
CreatureEnv Inicijalizacija: 12 motora. OBS_dim=40, frame_skip=1
[Fitness run Gen12Creature17] reward=1034.67±0.01  dist=0.02±0.01  upright=1.00±0.00  → FITNESS=0.6125
URDF saved to being.urdf
Connecting to PyBullet, GUI: False
CreatureEnv Inicijalizacija: 12 motora. OBS_dim=40, frame_skip=1
[Fitness run Gen12Creature19] reward=1059.17±0.04  dist=0.17±0.03  upright=1.00±0.00  → FITNESS=0.6171
URDF saved to being.urdf
Connecting to PyBullet, GUI: False
CreatureEnv Inicijalizacija: 12 motora. OBS_dim=40, frame_skip=1
[Fitness run Gen12Creature21] reward=1.80±0.03  dist=0.03±0.02  upright=0.31±0.04  → FITNESS=0.1736
URDF saved to being.urdf
Connecting to PyBullet, GUI: False
CreatureEnv Inicijalizacija: 12 motora. OBS_dim=40, frame_skip=1
[Fitness run Gen12Creature23] reward=1078.15±0.07  dist=0.00±0.00  upright=1.00±0.00  → FITNESS=0.6162
URDF saved to being.urdf
Connecting to PyBullet, GUI: False
CreatureEnv Inicijalizacija: 12 motora. OBS_dim=40, frame_skip=1
[Fitness run Gen12Creature24] reward=921.09±306.53  dist=0.00±0.01  upright=0.90±0.29  → FITNESS=0.5536
URDF saved to being.urdf
Connecting to PyBullet, GUI: False
CreatureEnv Inicijalizacija: 12 motora. OBS_dim=40, frame_skip=1
[Fitness run Gen12Creature25] reward=1047.56±6.02  dist=0.03±0.09  upright=1.00±0.00  → FITNESS=0.6139
URDF saved to being.urdf
Connecting to PyBullet, GUI: False
CreatureEnv Inicijalizacija: 12 motora. OBS_dim=40, frame_skip=1
[Fitness run Gen12Creature26] reward=1.80±0.05  dist=0.00±0.00  upright=0.06±0.17  → FITNESS=0.0474
URDF saved to being.urdf
Connecting to PyBullet, GUI: False
CreatureEnv Inicijalizacija: 12 motora. OBS_dim=40, frame_skip=1
[Fitness run Gen12Creature27] reward=105.09±311.98  dist=0.00±0.00  upright=0.37±0.21  → FITNESS=0.2116
URDF saved to being.urdf
Connecting to PyBullet, GUI: False
CreatureEnv Inicijalizacija: 12 motora. OBS_dim=40, frame_skip=1
[Fitness run Gen12Creature28] reward=1.83±0.01  dist=0.13±0.05  upright=0.97±0.10  → FITNESS=0.5042
URDF saved to being.urdf
Connecting to PyBullet, GUI: False
CreatureEnv Inicijalizacija: 12 motora. OBS_dim=40, frame_skip=1
[Fitness run Gen12Creature29] reward=2.06±0.02  dist=0.00±0.00  upright=1.00±0.00  → FITNESS=0.5184
Genome saved to results\uprightBased500Steps1Seed\run_5\run_5_best_creature.json
[plot] Saved → ./results\uprightBased500Steps1Seed\run_5\run_5_summary.png
URDF saved to being.urdf
Connecting to PyBullet, GUI: False
CreatureEnv Inicijalizacija: 12 motora. OBS_dim=40, frame_skip=1
[Fitness run Gen13Creature2] reward=1063.33±9.91  dist=0.00±0.00  upright=1.00±0.00  → FITNESS=0.6149
URDF saved to being.urdf
Connecting to PyBullet, GUI: False
CreatureEnv Inicijalizacija: 12 motora. OBS_dim=40, frame_skip=1
[Fitness run Gen13Creature3] reward=925.37±308.02  dist=0.00±0.00  upright=0.91±0.26  → FITNESS=0.5588
URDF saved to being.urdf
Connecting to PyBullet, GUI: False
CreatureEnv Inicijalizacija: 12 motora. OBS_dim=40, frame_skip=1
[Fitness run Gen13Creature4] reward=1032.13±0.14  dist=0.00±0.00  upright=1.00±0.00  → FITNESS=0.6120
URDF saved to being.urdf
Connecting to PyBullet, GUI: False
CreatureEnv Inicijalizacija: 12 motora. OBS_dim=40, frame_skip=1
[Fitness run Gen13Creature5] reward=1040.98±0.29  dist=0.00±0.00  upright=1.00±0.00  → FITNESS=0.6128
URDF saved to being.urdf
Connecting to PyBullet, GUI: False
CreatureEnv Inicijalizacija: 12 motora. OBS_dim=40, frame_skip=1
[Fitness run Gen13Creature6] reward=1059.39±9.12  dist=0.05±0.11  upright=1.00±0.00  → FITNESS=0.6152
URDF saved to being.urdf
Connecting to PyBullet, GUI: False
CreatureEnv Inicijalizacija: 12 motora. OBS_dim=40, frame_skip=1
[Fitness run Gen13Creature8] reward=1.21±0.04  dist=0.00±0.00  upright=0.00±0.00  → FITNESS=0.0183
URDF saved to being.urdf
Connecting to PyBullet, GUI: False
CreatureEnv Inicijalizacija: 12 motora. OBS_dim=40, frame_skip=1
[Fitness run Gen13Creature9] reward=1.85±0.12  dist=0.02±0.05  upright=0.73±0.24  → FITNESS=0.3831
URDF saved to being.urdf
Connecting to PyBullet, GUI: False
CreatureEnv Inicijalizacija: 12 motora. OBS_dim=40, frame_skip=1
[Fitness run Gen13Creature10] reward=1.37±0.03  dist=0.01±0.01  upright=0.05±0.02  → FITNESS=0.0442
URDF saved to being.urdf
Connecting to PyBullet, GUI: False
CreatureEnv Inicijalizacija: 12 motora. OBS_dim=40, frame_skip=1
[Fitness run Gen13Creature11] reward=1.07±0.08  dist=0.00±0.00  upright=0.03±0.01  → FITNESS=0.0328
URDF saved to being.urdf
Connecting to PyBullet, GUI: False
CreatureEnv Inicijalizacija: 12 motora. OBS_dim=40, frame_skip=1
[Fitness run Gen13Creature13] reward=1.52±0.00  dist=0.10±0.03  upright=0.00±0.00  → FITNESS=0.0198
URDF saved to being.urdf
Connecting to PyBullet, GUI: False
CreatureEnv Inicijalizacija: 12 motora. OBS_dim=40, frame_skip=1
[Fitness run Gen13Creature14] reward=1.13±0.30  dist=0.00±0.00  upright=0.00±0.00  → FITNESS=0.0183
URDF saved to being.urdf
Connecting to PyBullet, GUI: False
CreatureEnv Inicijalizacija: 12 motora. OBS_dim=40, frame_skip=1
[Fitness run Gen13Creature15] reward=1017.49±0.23  dist=0.03±0.01  upright=1.00±0.00  → FITNESS=0.6112
URDF saved to being.urdf
Connecting to PyBullet, GUI: False
CreatureEnv Inicijalizacija: 12 motora. OBS_dim=40, frame_skip=1
[Fitness run Gen13Creature16] reward=1053.20±0.99  dist=0.04±0.13  upright=1.00±0.00  → FITNESS=0.6146
URDF saved to being.urdf
Connecting to PyBullet, GUI: False
CreatureEnv Inicijalizacija: 12 motora. OBS_dim=40, frame_skip=1
[Fitness run Gen13Creature17] reward=1034.67±0.01  dist=0.02±0.01  upright=1.00±0.00  → FITNESS=0.6125
URDF saved to being.urdf
Connecting to PyBullet, GUI: False
CreatureEnv Inicijalizacija: 12 motora. OBS_dim=40, frame_skip=1
[Fitness run Gen13Creature19] reward=1059.17±0.04  dist=0.17±0.03  upright=1.00±0.00  → FITNESS=0.6171
URDF saved to being.urdf
Connecting to PyBullet, GUI: False
CreatureEnv Inicijalizacija: 12 motora. OBS_dim=40, frame_skip=1
[Fitness run Gen13Creature21] reward=1.80±0.03  dist=0.03±0.02  upright=0.31±0.04  → FITNESS=0.1736
URDF saved to being.urdf
Connecting to PyBullet, GUI: False
CreatureEnv Inicijalizacija: 12 motora. OBS_dim=40, frame_skip=1
[Fitness run Gen13Creature23] reward=1078.15±0.07  dist=0.00±0.00  upright=1.00±0.00  → FITNESS=0.6162
URDF saved to being.urdf
Connecting to PyBullet, GUI: False
CreatureEnv Inicijalizacija: 12 motora. OBS_dim=40, frame_skip=1
[Fitness run Gen13Creature24] reward=921.09±306.53  dist=0.00±0.01  upright=0.90±0.29  → FITNESS=0.5536
URDF saved to being.urdf
Connecting to PyBullet, GUI: False
CreatureEnv Inicijalizacija: 12 motora. OBS_dim=40, frame_skip=1
[Fitness run Gen13Creature25] reward=1047.56±6.02  dist=0.03±0.09  upright=1.00±0.00  → FITNESS=0.6139
URDF saved to being.urdf
Connecting to PyBullet, GUI: False
CreatureEnv Inicijalizacija: 12 motora. OBS_dim=40, frame_skip=1
[Fitness run Gen13Creature26] reward=1.80±0.05  dist=0.00±0.00  upright=0.06±0.17  → FITNESS=0.0474
URDF saved to being.urdf
Connecting to PyBullet, GUI: False
CreatureEnv Inicijalizacija: 12 motora. OBS_dim=40, frame_skip=1
[Fitness run Gen13Creature27] reward=105.09±311.98  dist=0.00±0.00  upright=0.37±0.21  → FITNESS=0.2116
URDF saved to being.urdf
Connecting to PyBullet, GUI: False
CreatureEnv Inicijalizacija: 12 motora. OBS_dim=40, frame_skip=1
[Fitness run Gen13Creature28] reward=1.83±0.01  dist=0.13±0.05  upright=0.97±0.10  → FITNESS=0.5042
URDF saved to being.urdf
Connecting to PyBullet, GUI: False
CreatureEnv Inicijalizacija: 12 motora. OBS_dim=40, frame_skip=1
[Fitness run Gen13Creature29] reward=2.06±0.02  dist=0.00±0.00  upright=1.00±0.00  → FITNESS=0.5184

==================================================
Generacija 13/20  |  Best = 0.6192  |  Mean = 0.4410  |  Std = 0.2335
==================================================
URDF saved to being.urdf
Connecting to PyBullet, GUI: False
CreatureEnv Inicijalizacija: 12 motora. OBS_dim=40, frame_skip=1
[Fitness run Gen13Creature2] reward=1063.33±9.91  dist=0.00±0.00  upright=1.00±0.00  → FITNESS=0.6149
URDF saved to being.urdf
Connecting to PyBullet, GUI: False
CreatureEnv Inicijalizacija: 12 motora. OBS_dim=40, frame_skip=1
[Fitness run Gen13Creature3] reward=925.37±308.02  dist=0.00±0.00  upright=0.91±0.26  → FITNESS=0.5588
URDF saved to being.urdf
Connecting to PyBullet, GUI: False
CreatureEnv Inicijalizacija: 12 motora. OBS_dim=40, frame_skip=1
[Fitness run Gen13Creature4] reward=1032.13±0.14  dist=0.00±0.00  upright=1.00±0.00  → FITNESS=0.6120
URDF saved to being.urdf
Connecting to PyBullet, GUI: False
CreatureEnv Inicijalizacija: 12 motora. OBS_dim=40, frame_skip=1
[Fitness run Gen13Creature5] reward=1040.98±0.29  dist=0.00±0.00  upright=1.00±0.00  → FITNESS=0.6128
URDF saved to being.urdf
Connecting to PyBullet, GUI: False
CreatureEnv Inicijalizacija: 12 motora. OBS_dim=40, frame_skip=1
[Fitness run Gen13Creature6] reward=1059.39±9.12  dist=0.05±0.11  upright=1.00±0.00  → FITNESS=0.6152
URDF saved to being.urdf
Connecting to PyBullet, GUI: False
CreatureEnv Inicijalizacija: 12 motora. OBS_dim=40, frame_skip=1
[Fitness run Gen13Creature8] reward=1.21±0.04  dist=0.00±0.00  upright=0.00±0.00  → FITNESS=0.0183
URDF saved to being.urdf
Connecting to PyBullet, GUI: False
CreatureEnv Inicijalizacija: 12 motora. OBS_dim=40, frame_skip=1
[Fitness run Gen13Creature9] reward=1.85±0.12  dist=0.02±0.05  upright=0.73±0.24  → FITNESS=0.3831
URDF saved to being.urdf
Connecting to PyBullet, GUI: False
CreatureEnv Inicijalizacija: 12 motora. OBS_dim=40, frame_skip=1
[Fitness run Gen13Creature10] reward=1.37±0.03  dist=0.01±0.01  upright=0.05±0.02  → FITNESS=0.0442
URDF saved to being.urdf
Connecting to PyBullet, GUI: False
CreatureEnv Inicijalizacija: 12 motora. OBS_dim=40, frame_skip=1
[Fitness run Gen13Creature11] reward=1.76±0.00  dist=0.00±0.00  upright=1.00±0.00  → FITNESS=0.5183
URDF saved to being.urdf
Connecting to PyBullet, GUI: False
CreatureEnv Inicijalizacija: 12 motora. OBS_dim=40, frame_skip=1
[Fitness run Gen13Creature13] reward=1.52±0.00  dist=0.10±0.03  upright=0.00±0.00  → FITNESS=0.0198
URDF saved to being.urdf
Connecting to PyBullet, GUI: False
CreatureEnv Inicijalizacija: 12 motora. OBS_dim=40, frame_skip=1
[Fitness run Gen13Creature14] reward=1.13±0.30  dist=0.00±0.00  upright=0.00±0.00  → FITNESS=0.0183
URDF saved to being.urdf
Connecting to PyBullet, GUI: False
CreatureEnv Inicijalizacija: 12 motora. OBS_dim=40, frame_skip=1
[Fitness run Gen13Creature15] reward=1017.49±0.23  dist=0.03±0.01  upright=1.00±0.00  → FITNESS=0.6112
URDF saved to being.urdf
Connecting to PyBullet, GUI: False
CreatureEnv Inicijalizacija: 12 motora. OBS_dim=40, frame_skip=1
[Fitness run Gen13Creature16] reward=1053.20±0.99  dist=0.04±0.13  upright=1.00±0.00  → FITNESS=0.6146
URDF saved to being.urdf
Connecting to PyBullet, GUI: False
CreatureEnv Inicijalizacija: 12 motora. OBS_dim=40, frame_skip=1
[Fitness run Gen13Creature17] reward=1034.67±0.01  dist=0.02±0.01  upright=1.00±0.00  → FITNESS=0.6125
URDF saved to being.urdf
Connecting to PyBullet, GUI: False
CreatureEnv Inicijalizacija: 12 motora. OBS_dim=40, frame_skip=1
[Fitness run Gen13Creature19] reward=1059.17±0.04  dist=0.17±0.03  upright=1.00±0.00  → FITNESS=0.6171
URDF saved to being.urdf
Connecting to PyBullet, GUI: False
CreatureEnv Inicijalizacija: 12 motora. OBS_dim=40, frame_skip=1
[Fitness run Gen13Creature21] reward=1.80±0.03  dist=0.03±0.02  upright=0.31±0.04  → FITNESS=0.1736
URDF saved to being.urdf
Connecting to PyBullet, GUI: False
CreatureEnv Inicijalizacija: 12 motora. OBS_dim=40, frame_skip=1
[Fitness run Gen13Creature23] reward=1078.15±0.07  dist=0.00±0.00  upright=1.00±0.00  → FITNESS=0.6162
URDF saved to being.urdf
Connecting to PyBullet, GUI: False
CreatureEnv Inicijalizacija: 12 motora. OBS_dim=40, frame_skip=1
[Fitness run Gen13Creature24] reward=921.09±306.53  dist=0.00±0.01  upright=0.90±0.29  → FITNESS=0.5536
URDF saved to being.urdf
Connecting to PyBullet, GUI: False
CreatureEnv Inicijalizacija: 12 motora. OBS_dim=40, frame_skip=1
[Fitness run Gen13Creature25] reward=1047.56±6.02  dist=0.03±0.09  upright=1.00±0.00  → FITNESS=0.6139
URDF saved to being.urdf
Connecting to PyBullet, GUI: False
CreatureEnv Inicijalizacija: 12 motora. OBS_dim=40, frame_skip=1
[Fitness run Gen13Creature26] reward=1.80±0.05  dist=0.00±0.00  upright=0.06±0.17  → FITNESS=0.0474
URDF saved to being.urdf
Connecting to PyBullet, GUI: False
CreatureEnv Inicijalizacija: 12 motora. OBS_dim=40, frame_skip=1
[Fitness run Gen13Creature27] reward=105.09±311.98  dist=0.00±0.00  upright=0.37±0.21  → FITNESS=0.2116
URDF saved to being.urdf
Connecting to PyBullet, GUI: False
CreatureEnv Inicijalizacija: 12 motora. OBS_dim=40, frame_skip=1
[Fitness run Gen13Creature28] reward=1.83±0.01  dist=0.13±0.05  upright=0.97±0.10  → FITNESS=0.5042
URDF saved to being.urdf
Connecting to PyBullet, GUI: False
CreatureEnv Inicijalizacija: 12 motora. OBS_dim=40, frame_skip=1
[Fitness run Gen13Creature29] reward=2.06±0.02  dist=0.00±0.00  upright=1.00±0.00  → FITNESS=0.5184
Genome saved to results\uprightBased500Steps1Seed\run_5\run_5_best_creature.json
[plot] Saved → ./results\uprightBased500Steps1Seed\run_5\run_5_summary.png
URDF saved to being.urdf
Connecting to PyBullet, GUI: False
CreatureEnv Inicijalizacija: 12 motora. OBS_dim=40, frame_skip=1
[Fitness run Gen14Creature2] reward=1063.33±9.91  dist=0.00±0.00  upright=1.00±0.00  → FITNESS=0.6149
URDF saved to being.urdf
Connecting to PyBullet, GUI: False
CreatureEnv Inicijalizacija: 12 motora. OBS_dim=40, frame_skip=1
[Fitness run Gen14Creature3] reward=925.37±308.02  dist=0.00±0.00  upright=0.91±0.26  → FITNESS=0.5588
URDF saved to being.urdf
Connecting to PyBullet, GUI: False
CreatureEnv Inicijalizacija: 12 motora. OBS_dim=40, frame_skip=1
[Fitness run Gen14Creature4] reward=1032.13±0.14  dist=0.00±0.00  upright=1.00±0.00  → FITNESS=0.6120
URDF saved to being.urdf
Connecting to PyBullet, GUI: False
CreatureEnv Inicijalizacija: 12 motora. OBS_dim=40, frame_skip=1
[Fitness run Gen14Creature5] reward=1040.98±0.29  dist=0.00±0.00  upright=1.00±0.00  → FITNESS=0.6128
URDF saved to being.urdf
Connecting to PyBullet, GUI: False
CreatureEnv Inicijalizacija: 12 motora. OBS_dim=40, frame_skip=1
[Fitness run Gen14Creature6] reward=1059.39±9.12  dist=0.05±0.11  upright=1.00±0.00  → FITNESS=0.6152
URDF saved to being.urdf
Connecting to PyBullet, GUI: False
CreatureEnv Inicijalizacija: 12 motora. OBS_dim=40, frame_skip=1
[Fitness run Gen14Creature8] reward=1.21±0.04  dist=0.00±0.00  upright=0.00±0.00  → FITNESS=0.0183
URDF saved to being.urdf
Connecting to PyBullet, GUI: False
CreatureEnv Inicijalizacija: 12 motora. OBS_dim=40, frame_skip=1
[Fitness run Gen14Creature9] reward=1.85±0.12  dist=0.02±0.05  upright=0.73±0.24  → FITNESS=0.3831
URDF saved to being.urdf
Connecting to PyBullet, GUI: False
CreatureEnv Inicijalizacija: 12 motora. OBS_dim=40, frame_skip=1
[Fitness run Gen14Creature10] reward=1.37±0.03  dist=0.01±0.01  upright=0.05±0.02  → FITNESS=0.0442
URDF saved to being.urdf
Connecting to PyBullet, GUI: False
CreatureEnv Inicijalizacija: 12 motora. OBS_dim=40, frame_skip=1
[Fitness run Gen14Creature11] reward=1.07±0.08  dist=0.00±0.00  upright=0.03±0.01  → FITNESS=0.0328
URDF saved to being.urdf
Connecting to PyBullet, GUI: False
CreatureEnv Inicijalizacija: 12 motora. OBS_dim=40, frame_skip=1
[Fitness run Gen14Creature13] reward=1.52±0.00  dist=0.10±0.03  upright=0.00±0.00  → FITNESS=0.0198
URDF saved to being.urdf
Connecting to PyBullet, GUI: False
CreatureEnv Inicijalizacija: 12 motora. OBS_dim=40, frame_skip=1
[Fitness run Gen14Creature14] reward=1.13±0.30  dist=0.00±0.00  upright=0.00±0.00  → FITNESS=0.0183
URDF saved to being.urdf
Connecting to PyBullet, GUI: False
CreatureEnv Inicijalizacija: 12 motora. OBS_dim=40, frame_skip=1
[Fitness run Gen14Creature15] reward=1017.49±0.23  dist=0.03±0.01  upright=1.00±0.00  → FITNESS=0.6112
URDF saved to being.urdf
Connecting to PyBullet, GUI: False
CreatureEnv Inicijalizacija: 12 motora. OBS_dim=40, frame_skip=1
[Fitness run Gen14Creature16] reward=1053.20±0.99  dist=0.04±0.13  upright=1.00±0.00  → FITNESS=0.6146
URDF saved to being.urdf
Connecting to PyBullet, GUI: False
CreatureEnv Inicijalizacija: 12 motora. OBS_dim=40, frame_skip=1
[Fitness run Gen14Creature17] reward=1034.67±0.01  dist=0.02±0.01  upright=1.00±0.00  → FITNESS=0.6125
URDF saved to being.urdf
Connecting to PyBullet, GUI: False
CreatureEnv Inicijalizacija: 12 motora. OBS_dim=40, frame_skip=1
[Fitness run Gen14Creature19] reward=1059.17±0.04  dist=0.17±0.03  upright=1.00±0.00  → FITNESS=0.6171
URDF saved to being.urdf
Connecting to PyBullet, GUI: False
CreatureEnv Inicijalizacija: 12 motora. OBS_dim=40, frame_skip=1
[Fitness run Gen14Creature21] reward=1.80±0.03  dist=0.03±0.02  upright=0.31±0.04  → FITNESS=0.1736
URDF saved to being.urdf
Connecting to PyBullet, GUI: False
CreatureEnv Inicijalizacija: 12 motora. OBS_dim=40, frame_skip=1
[Fitness run Gen14Creature23] reward=1078.15±0.07  dist=0.00±0.00  upright=1.00±0.00  → FITNESS=0.6162
URDF saved to being.urdf
Connecting to PyBullet, GUI: False
CreatureEnv Inicijalizacija: 12 motora. OBS_dim=40, frame_skip=1
[Fitness run Gen14Creature24] reward=921.09±306.53  dist=0.00±0.01  upright=0.90±0.29  → FITNESS=0.5536
URDF saved to being.urdf
Connecting to PyBullet, GUI: False
CreatureEnv Inicijalizacija: 12 motora. OBS_dim=40, frame_skip=1
[Fitness run Gen14Creature25] reward=1047.56±6.02  dist=0.03±0.09  upright=1.00±0.00  → FITNESS=0.6139
URDF saved to being.urdf
Connecting to PyBullet, GUI: False
CreatureEnv Inicijalizacija: 12 motora. OBS_dim=40, frame_skip=1
[Fitness run Gen14Creature26] reward=1.80±0.05  dist=0.00±0.00  upright=0.06±0.17  → FITNESS=0.0474
URDF saved to being.urdf
Connecting to PyBullet, GUI: False
CreatureEnv Inicijalizacija: 12 motora. OBS_dim=40, frame_skip=1
[Fitness run Gen14Creature27] reward=105.09±311.98  dist=0.00±0.00  upright=0.37±0.21  → FITNESS=0.2116
URDF saved to being.urdf
Connecting to PyBullet, GUI: False
CreatureEnv Inicijalizacija: 12 motora. OBS_dim=40, frame_skip=1
[Fitness run Gen14Creature28] reward=1.83±0.01  dist=0.13±0.05  upright=0.97±0.10  → FITNESS=0.5042
URDF saved to being.urdf
Connecting to PyBullet, GUI: False
CreatureEnv Inicijalizacija: 12 motora. OBS_dim=40, frame_skip=1
[Fitness run Gen14Creature29] reward=2.06±0.02  dist=0.00±0.00  upright=1.00±0.00  → FITNESS=0.5184

==================================================
Generacija 14/20  |  Best = 0.6192  |  Mean = 0.4410  |  Std = 0.2335
==================================================
URDF saved to being.urdf
Connecting to PyBullet, GUI: False
CreatureEnv Inicijalizacija: 12 motora. OBS_dim=40, frame_skip=1
[Fitness run Gen14Creature2] reward=1063.33±9.91  dist=0.00±0.00  upright=1.00±0.00  → FITNESS=0.6149
URDF saved to being.urdf
Connecting to PyBullet, GUI: False
CreatureEnv Inicijalizacija: 12 motora. OBS_dim=40, frame_skip=1
[Fitness run Gen14Creature3] reward=925.37±308.02  dist=0.00±0.00  upright=0.91±0.26  → FITNESS=0.5588
URDF saved to being.urdf
Connecting to PyBullet, GUI: False
CreatureEnv Inicijalizacija: 12 motora. OBS_dim=40, frame_skip=1
[Fitness run Gen14Creature4] reward=1032.13±0.14  dist=0.00±0.00  upright=1.00±0.00  → FITNESS=0.6120
URDF saved to being.urdf
Connecting to PyBullet, GUI: False
CreatureEnv Inicijalizacija: 12 motora. OBS_dim=40, frame_skip=1
[Fitness run Gen14Creature5] reward=1040.98±0.29  dist=0.00±0.00  upright=1.00±0.00  → FITNESS=0.6128
URDF saved to being.urdf
Connecting to PyBullet, GUI: False
CreatureEnv Inicijalizacija: 12 motora. OBS_dim=40, frame_skip=1
[Fitness run Gen14Creature6] reward=1059.39±9.12  dist=0.05±0.11  upright=1.00±0.00  → FITNESS=0.6152
URDF saved to being.urdf
Connecting to PyBullet, GUI: False
CreatureEnv Inicijalizacija: 12 motora. OBS_dim=40, frame_skip=1
[Fitness run Gen14Creature8] reward=1.21±0.04  dist=0.00±0.00  upright=0.00±0.00  → FITNESS=0.0183
URDF saved to being.urdf
Connecting to PyBullet, GUI: False
CreatureEnv Inicijalizacija: 12 motora. OBS_dim=40, frame_skip=1
[Fitness run Gen14Creature9] reward=1.85±0.12  dist=0.02±0.05  upright=0.73±0.24  → FITNESS=0.3831
URDF saved to being.urdf
Connecting to PyBullet, GUI: False
CreatureEnv Inicijalizacija: 12 motora. OBS_dim=40, frame_skip=1
[Fitness run Gen14Creature10] reward=1.37±0.03  dist=0.01±0.01  upright=0.05±0.02  → FITNESS=0.0442
URDF saved to being.urdf
Connecting to PyBullet, GUI: False
CreatureEnv Inicijalizacija: 12 motora. OBS_dim=40, frame_skip=1
[Fitness run Gen14Creature11] reward=1.07±0.08  dist=0.00±0.00  upright=0.03±0.01  → FITNESS=0.0328
URDF saved to being.urdf
Connecting to PyBullet, GUI: False
CreatureEnv Inicijalizacija: 12 motora. OBS_dim=40, frame_skip=1
[Fitness run Gen14Creature13] reward=1.52±0.00  dist=0.10±0.03  upright=0.00±0.00  → FITNESS=0.0198
URDF saved to being.urdf
Connecting to PyBullet, GUI: False
CreatureEnv Inicijalizacija: 12 motora. OBS_dim=40, frame_skip=1
[Fitness run Gen14Creature14] reward=1.13±0.30  dist=0.00±0.00  upright=0.00±0.00  → FITNESS=0.0183
URDF saved to being.urdf
Connecting to PyBullet, GUI: False
CreatureEnv Inicijalizacija: 12 motora. OBS_dim=40, frame_skip=1
[Fitness run Gen14Creature15] reward=1017.49±0.23  dist=0.03±0.01  upright=1.00±0.00  → FITNESS=0.6112
URDF saved to being.urdf
Connecting to PyBullet, GUI: False
CreatureEnv Inicijalizacija: 12 motora. OBS_dim=40, frame_skip=1
[Fitness run Gen14Creature16] reward=1053.20±0.99  dist=0.04±0.13  upright=1.00±0.00  → FITNESS=0.6146
URDF saved to being.urdf
Connecting to PyBullet, GUI: False
CreatureEnv Inicijalizacija: 12 motora. OBS_dim=40, frame_skip=1
[Fitness run Gen14Creature17] reward=1034.67±0.01  dist=0.02±0.01  upright=1.00±0.00  → FITNESS=0.6125
URDF saved to being.urdf
Connecting to PyBullet, GUI: False
CreatureEnv Inicijalizacija: 12 motora. OBS_dim=40, frame_skip=1
[Fitness run Gen14Creature19] reward=1059.17±0.04  dist=0.17±0.03  upright=1.00±0.00  → FITNESS=0.6171
URDF saved to being.urdf
Connecting to PyBullet, GUI: False
CreatureEnv Inicijalizacija: 12 motora. OBS_dim=40, frame_skip=1
[Fitness run Gen14Creature21] reward=1.80±0.03  dist=0.03±0.02  upright=0.31±0.04  → FITNESS=0.1736
URDF saved to being.urdf
Connecting to PyBullet, GUI: False
CreatureEnv Inicijalizacija: 12 motora. OBS_dim=40, frame_skip=1
[Fitness run Gen14Creature23] reward=1078.15±0.07  dist=0.00±0.00  upright=1.00±0.00  → FITNESS=0.6162
URDF saved to being.urdf
Connecting to PyBullet, GUI: False
CreatureEnv Inicijalizacija: 12 motora. OBS_dim=40, frame_skip=1
[Fitness run Gen14Creature24] reward=921.09±306.53  dist=0.00±0.01  upright=0.90±0.29  → FITNESS=0.5536
URDF saved to being.urdf
Connecting to PyBullet, GUI: False
CreatureEnv Inicijalizacija: 12 motora. OBS_dim=40, frame_skip=1
[Fitness run Gen14Creature25] reward=1047.56±6.02  dist=0.03±0.09  upright=1.00±0.00  → FITNESS=0.6139
URDF saved to being.urdf
Connecting to PyBullet, GUI: False
CreatureEnv Inicijalizacija: 12 motora. OBS_dim=40, frame_skip=1
[Fitness run Gen14Creature26] reward=1.80±0.05  dist=0.00±0.00  upright=0.06±0.17  → FITNESS=0.0474
URDF saved to being.urdf
Connecting to PyBullet, GUI: False
CreatureEnv Inicijalizacija: 12 motora. OBS_dim=40, frame_skip=1
[Fitness run Gen14Creature27] reward=105.09±311.98  dist=0.00±0.00  upright=0.37±0.21  → FITNESS=0.2116
URDF saved to being.urdf
Connecting to PyBullet, GUI: False
CreatureEnv Inicijalizacija: 12 motora. OBS_dim=40, frame_skip=1
[Fitness run Gen14Creature28] reward=1.83±0.01  dist=0.13±0.05  upright=0.97±0.10  → FITNESS=0.5042
URDF saved to being.urdf
Connecting to PyBullet, GUI: False
CreatureEnv Inicijalizacija: 12 motora. OBS_dim=40, frame_skip=1
[Fitness run Gen14Creature29] reward=2.06±0.02  dist=0.00±0.00  upright=1.00±0.00  → FITNESS=0.5184
Genome saved to results\uprightBased500Steps1Seed\run_5\run_5_best_creature.json
[plot] Saved → ./results\uprightBased500Steps1Seed\run_5\run_5_summary.png
URDF saved to being.urdf
Connecting to PyBullet, GUI: False
CreatureEnv Inicijalizacija: 12 motora. OBS_dim=40, frame_skip=1
[Fitness run Gen15Creature2] reward=1063.33±9.91  dist=0.00±0.00  upright=1.00±0.00  → FITNESS=0.6149
URDF saved to being.urdf
Connecting to PyBullet, GUI: False
CreatureEnv Inicijalizacija: 12 motora. OBS_dim=40, frame_skip=1
[Fitness run Gen15Creature3] reward=925.37±308.02  dist=0.00±0.00  upright=0.91±0.26  → FITNESS=0.5588
URDF saved to being.urdf
Connecting to PyBullet, GUI: False
CreatureEnv Inicijalizacija: 12 motora. OBS_dim=40, frame_skip=1
[Fitness run Gen15Creature4] reward=1032.13±0.14  dist=0.00±0.00  upright=1.00±0.00  → FITNESS=0.6120
URDF saved to being.urdf
Connecting to PyBullet, GUI: False
CreatureEnv Inicijalizacija: 12 motora. OBS_dim=40, frame_skip=1
[Fitness run Gen15Creature5] reward=1040.98±0.29  dist=0.00±0.00  upright=1.00±0.00  → FITNESS=0.6128
URDF saved to being.urdf
Connecting to PyBullet, GUI: False
CreatureEnv Inicijalizacija: 12 motora. OBS_dim=40, frame_skip=1
[Fitness run Gen15Creature6] reward=1059.39±9.12  dist=0.05±0.11  upright=1.00±0.00  → FITNESS=0.6152
URDF saved to being.urdf
Connecting to PyBullet, GUI: False
CreatureEnv Inicijalizacija: 12 motora. OBS_dim=40, frame_skip=1
[Fitness run Gen15Creature8] reward=1.21±0.04  dist=0.00±0.00  upright=0.00±0.00  → FITNESS=0.0183
URDF saved to being.urdf
Connecting to PyBullet, GUI: False
CreatureEnv Inicijalizacija: 12 motora. OBS_dim=40, frame_skip=1
[Fitness run Gen15Creature9] reward=1.85±0.12  dist=0.02±0.05  upright=0.73±0.24  → FITNESS=0.3831
URDF saved to being.urdf
Connecting to PyBullet, GUI: False
CreatureEnv Inicijalizacija: 12 motora. OBS_dim=40, frame_skip=1
[Fitness run Gen15Creature10] reward=1.37±0.03  dist=0.01±0.01  upright=0.05±0.02  → FITNESS=0.0442
URDF saved to being.urdf
Connecting to PyBullet, GUI: False
CreatureEnv Inicijalizacija: 12 motora. OBS_dim=40, frame_skip=1
[Fitness run Gen15Creature11] reward=1.07±0.08  dist=0.00±0.00  upright=0.03±0.01  → FITNESS=0.0328
URDF saved to being.urdf
Connecting to PyBullet, GUI: False
CreatureEnv Inicijalizacija: 12 motora. OBS_dim=40, frame_skip=1
[Fitness run Gen15Creature13] reward=1.52±0.00  dist=0.10±0.03  upright=0.00±0.00  → FITNESS=0.0198
URDF saved to being.urdf
Connecting to PyBullet, GUI: False
CreatureEnv Inicijalizacija: 12 motora. OBS_dim=40, frame_skip=1
[Fitness run Gen15Creature14] reward=1.13±0.30  dist=0.00±0.00  upright=0.00±0.00  → FITNESS=0.0183
URDF saved to being.urdf
Connecting to PyBullet, GUI: False
CreatureEnv Inicijalizacija: 12 motora. OBS_dim=40, frame_skip=1
[Fitness run Gen15Creature15] reward=1017.49±0.23  dist=0.03±0.01  upright=1.00±0.00  → FITNESS=0.6112
URDF saved to being.urdf
Connecting to PyBullet, GUI: False
CreatureEnv Inicijalizacija: 12 motora. OBS_dim=40, frame_skip=1
[Fitness run Gen15Creature16] reward=1053.20±0.99  dist=0.04±0.13  upright=1.00±0.00  → FITNESS=0.6146
URDF saved to being.urdf
Connecting to PyBullet, GUI: False
CreatureEnv Inicijalizacija: 12 motora. OBS_dim=40, frame_skip=1
[Fitness run Gen15Creature17] reward=1034.67±0.01  dist=0.02±0.01  upright=1.00±0.00  → FITNESS=0.6125
URDF saved to being.urdf
Connecting to PyBullet, GUI: False
CreatureEnv Inicijalizacija: 12 motora. OBS_dim=40, frame_skip=1
[Fitness run Gen15Creature19] reward=1059.17±0.04  dist=0.17±0.03  upright=1.00±0.00  → FITNESS=0.6171
URDF saved to being.urdf
Connecting to PyBullet, GUI: False
CreatureEnv Inicijalizacija: 12 motora. OBS_dim=40, frame_skip=1
[Fitness run Gen15Creature21] reward=1.80±0.03  dist=0.03±0.02  upright=0.31±0.04  → FITNESS=0.1736
URDF saved to being.urdf
Connecting to PyBullet, GUI: False
CreatureEnv Inicijalizacija: 12 motora. OBS_dim=40, frame_skip=1
[Fitness run Gen15Creature23] reward=1078.15±0.07  dist=0.00±0.00  upright=1.00±0.00  → FITNESS=0.6162
URDF saved to being.urdf
Connecting to PyBullet, GUI: False
CreatureEnv Inicijalizacija: 12 motora. OBS_dim=40, frame_skip=1
[Fitness run Gen15Creature24] reward=921.09±306.53  dist=0.00±0.01  upright=0.90±0.29  → FITNESS=0.5536
URDF saved to being.urdf
Connecting to PyBullet, GUI: False
CreatureEnv Inicijalizacija: 12 motora. OBS_dim=40, frame_skip=1
[Fitness run Gen15Creature25] reward=1047.56±6.02  dist=0.03±0.09  upright=1.00±0.00  → FITNESS=0.6139
URDF saved to being.urdf
Connecting to PyBullet, GUI: False
CreatureEnv Inicijalizacija: 12 motora. OBS_dim=40, frame_skip=1
[Fitness run Gen15Creature26] reward=1.80±0.05  dist=0.00±0.00  upright=0.06±0.17  → FITNESS=0.0474
URDF saved to being.urdf
Connecting to PyBullet, GUI: False
CreatureEnv Inicijalizacija: 12 motora. OBS_dim=40, frame_skip=1
[Fitness run Gen15Creature27] reward=105.09±311.98  dist=0.00±0.00  upright=0.37±0.21  → FITNESS=0.2116
URDF saved to being.urdf
Connecting to PyBullet, GUI: False
CreatureEnv Inicijalizacija: 12 motora. OBS_dim=40, frame_skip=1
[Fitness run Gen15Creature28] reward=1.83±0.01  dist=0.13±0.05  upright=0.97±0.10  → FITNESS=0.5042
URDF saved to being.urdf
Connecting to PyBullet, GUI: False
CreatureEnv Inicijalizacija: 12 motora. OBS_dim=40, frame_skip=1
[Fitness run Gen15Creature29] reward=2.06±0.02  dist=0.00±0.00  upright=1.00±0.00  → FITNESS=0.5184

==================================================
Generacija 15/20  |  Best = 0.6192  |  Mean = 0.4410  |  Std = 0.2335
==================================================
URDF saved to being.urdf
Connecting to PyBullet, GUI: False
CreatureEnv Inicijalizacija: 12 motora. OBS_dim=40, frame_skip=1
[Fitness run Gen15Creature2] reward=1063.33±9.91  dist=0.00±0.00  upright=1.00±0.00  → FITNESS=0.6149
URDF saved to being.urdf
Connecting to PyBullet, GUI: False
CreatureEnv Inicijalizacija: 12 motora. OBS_dim=40, frame_skip=1
[Fitness run Gen15Creature3] reward=925.37±308.02  dist=0.00±0.00  upright=0.91±0.26  → FITNESS=0.5588
URDF saved to being.urdf
Connecting to PyBullet, GUI: False
CreatureEnv Inicijalizacija: 12 motora. OBS_dim=40, frame_skip=1
[Fitness run Gen15Creature4] reward=1032.13±0.14  dist=0.00±0.00  upright=1.00±0.00  → FITNESS=0.6120
URDF saved to being.urdf
Connecting to PyBullet, GUI: False
CreatureEnv Inicijalizacija: 12 motora. OBS_dim=40, frame_skip=1
[Fitness run Gen15Creature5] reward=1040.98±0.29  dist=0.00±0.00  upright=1.00±0.00  → FITNESS=0.6128
URDF saved to being.urdf
Connecting to PyBullet, GUI: False
CreatureEnv Inicijalizacija: 12 motora. OBS_dim=40, frame_skip=1
[Fitness run Gen15Creature6] reward=1059.39±9.12  dist=0.05±0.11  upright=1.00±0.00  → FITNESS=0.6152
URDF saved to being.urdf
Connecting to PyBullet, GUI: False
CreatureEnv Inicijalizacija: 12 motora. OBS_dim=40, frame_skip=1
[Fitness run Gen15Creature8] reward=1.21±0.04  dist=0.00±0.00  upright=0.00±0.00  → FITNESS=0.0183
URDF saved to being.urdf
Connecting to PyBullet, GUI: False
CreatureEnv Inicijalizacija: 12 motora. OBS_dim=40, frame_skip=1
[Fitness run Gen15Creature9] reward=1.85±0.12  dist=0.02±0.05  upright=0.73±0.24  → FITNESS=0.3831
URDF saved to being.urdf
Connecting to PyBullet, GUI: False
CreatureEnv Inicijalizacija: 12 motora. OBS_dim=40, frame_skip=1
[Fitness run Gen15Creature10] reward=1.37±0.03  dist=0.01±0.01  upright=0.05±0.02  → FITNESS=0.0442
URDF saved to being.urdf
Connecting to PyBullet, GUI: False
CreatureEnv Inicijalizacija: 12 motora. OBS_dim=40, frame_skip=1
[Fitness run Gen15Creature11] reward=1.07±0.08  dist=0.00±0.00  upright=0.03±0.01  → FITNESS=0.0328
URDF saved to being.urdf
Connecting to PyBullet, GUI: False
CreatureEnv Inicijalizacija: 12 motora. OBS_dim=40, frame_skip=1
[Fitness run Gen15Creature13] reward=1.52±0.00  dist=0.10±0.03  upright=0.00±0.00  → FITNESS=0.0198
URDF saved to being.urdf
Connecting to PyBullet, GUI: False
CreatureEnv Inicijalizacija: 12 motora. OBS_dim=40, frame_skip=1
[Fitness run Gen15Creature14] reward=1.13±0.30  dist=0.00±0.00  upright=0.00±0.00  → FITNESS=0.0183
URDF saved to being.urdf
Connecting to PyBullet, GUI: False
CreatureEnv Inicijalizacija: 12 motora. OBS_dim=40, frame_skip=1
[Fitness run Gen15Creature15] reward=1017.49±0.23  dist=0.03±0.01  upright=1.00±0.00  → FITNESS=0.6112
URDF saved to being.urdf
Connecting to PyBullet, GUI: False
CreatureEnv Inicijalizacija: 12 motora. OBS_dim=40, frame_skip=1
[Fitness run Gen15Creature16] reward=1053.20±0.99  dist=0.04±0.13  upright=1.00±0.00  → FITNESS=0.6146
URDF saved to being.urdf
Connecting to PyBullet, GUI: False
CreatureEnv Inicijalizacija: 12 motora. OBS_dim=40, frame_skip=1
[Fitness run Gen15Creature17] reward=1034.67±0.01  dist=0.02±0.01  upright=1.00±0.00  → FITNESS=0.6125
URDF saved to being.urdf
Connecting to PyBullet, GUI: False
CreatureEnv Inicijalizacija: 12 motora. OBS_dim=40, frame_skip=1
[Fitness run Gen15Creature19] reward=1059.17±0.04  dist=0.17±0.03  upright=1.00±0.00  → FITNESS=0.6171
URDF saved to being.urdf
Connecting to PyBullet, GUI: False
CreatureEnv Inicijalizacija: 12 motora. OBS_dim=40, frame_skip=1
[Fitness run Gen15Creature21] reward=1.80±0.03  dist=0.03±0.02  upright=0.31±0.04  → FITNESS=0.1736
URDF saved to being.urdf
Connecting to PyBullet, GUI: False
CreatureEnv Inicijalizacija: 12 motora. OBS_dim=40, frame_skip=1
[Fitness run Gen15Creature23] reward=1078.15±0.07  dist=0.00±0.00  upright=1.00±0.00  → FITNESS=0.6162
URDF saved to being.urdf
Connecting to PyBullet, GUI: False
CreatureEnv Inicijalizacija: 12 motora. OBS_dim=40, frame_skip=1
[Fitness run Gen15Creature24] reward=921.09±306.53  dist=0.00±0.01  upright=0.90±0.29  → FITNESS=0.5536
URDF saved to being.urdf
Connecting to PyBullet, GUI: False
CreatureEnv Inicijalizacija: 12 motora. OBS_dim=40, frame_skip=1
[Fitness run Gen15Creature25] reward=1047.56±6.02  dist=0.03±0.09  upright=1.00±0.00  → FITNESS=0.6139
URDF saved to being.urdf
Connecting to PyBullet, GUI: False
CreatureEnv Inicijalizacija: 12 motora. OBS_dim=40, frame_skip=1
[Fitness run Gen15Creature26] reward=1.80±0.05  dist=0.00±0.00  upright=0.06±0.17  → FITNESS=0.0474
URDF saved to being.urdf
Connecting to PyBullet, GUI: False
CreatureEnv Inicijalizacija: 12 motora. OBS_dim=40, frame_skip=1
[Fitness run Gen15Creature27] reward=105.09±311.98  dist=0.00±0.00  upright=0.37±0.21  → FITNESS=0.2116
URDF saved to being.urdf
Connecting to PyBullet, GUI: False
CreatureEnv Inicijalizacija: 12 motora. OBS_dim=40, frame_skip=1
[Fitness run Gen15Creature28] reward=1.83±0.01  dist=0.13±0.05  upright=0.97±0.10  → FITNESS=0.5042
URDF saved to being.urdf
Connecting to PyBullet, GUI: False
CreatureEnv Inicijalizacija: 12 motora. OBS_dim=40, frame_skip=1
[Fitness run Gen15Creature29] reward=2.06±0.02  dist=0.00±0.00  upright=1.00±0.00  → FITNESS=0.5184
Genome saved to results\uprightBased500Steps1Seed\run_5\run_5_best_creature.json
[plot] Saved → ./results\uprightBased500Steps1Seed\run_5\run_5_summary.png
URDF saved to being.urdf
Connecting to PyBullet, GUI: False
CreatureEnv Inicijalizacija: 12 motora. OBS_dim=40, frame_skip=1
[Fitness run Gen16Creature2] reward=1063.33±9.91  dist=0.00±0.00  upright=1.00±0.00  → FITNESS=0.6149
URDF saved to being.urdf
Connecting to PyBullet, GUI: False
CreatureEnv Inicijalizacija: 12 motora. OBS_dim=40, frame_skip=1
[Fitness run Gen16Creature3] reward=925.37±308.02  dist=0.00±0.00  upright=0.91±0.26  → FITNESS=0.5588
URDF saved to being.urdf
Connecting to PyBullet, GUI: False
CreatureEnv Inicijalizacija: 12 motora. OBS_dim=40, frame_skip=1
[Fitness run Gen16Creature4] reward=1032.13±0.14  dist=0.00±0.00  upright=1.00±0.00  → FITNESS=0.6120
URDF saved to being.urdf
Connecting to PyBullet, GUI: False
CreatureEnv Inicijalizacija: 12 motora. OBS_dim=40, frame_skip=1
[Fitness run Gen16Creature5] reward=1040.98±0.29  dist=0.00±0.00  upright=1.00±0.00  → FITNESS=0.6128
URDF saved to being.urdf
Connecting to PyBullet, GUI: False
CreatureEnv Inicijalizacija: 12 motora. OBS_dim=40, frame_skip=1
[Fitness run Gen16Creature6] reward=1059.39±9.12  dist=0.05±0.11  upright=1.00±0.00  → FITNESS=0.6152
URDF saved to being.urdf
Connecting to PyBullet, GUI: False
CreatureEnv Inicijalizacija: 12 motora. OBS_dim=40, frame_skip=1
[Fitness run Gen16Creature8] reward=1.21±0.04  dist=0.00±0.00  upright=0.00±0.00  → FITNESS=0.0183
URDF saved to being.urdf
Connecting to PyBullet, GUI: False
CreatureEnv Inicijalizacija: 12 motora. OBS_dim=40, frame_skip=1
[Fitness run Gen16Creature9] reward=1.85±0.12  dist=0.02±0.05  upright=0.73±0.24  → FITNESS=0.3831
URDF saved to being.urdf
Connecting to PyBullet, GUI: False
CreatureEnv Inicijalizacija: 12 motora. OBS_dim=40, frame_skip=1
[Fitness run Gen16Creature10] reward=1.37±0.03  dist=0.01±0.01  upright=0.05±0.02  → FITNESS=0.0442
URDF saved to being.urdf
Connecting to PyBullet, GUI: False
CreatureEnv Inicijalizacija: 12 motora. OBS_dim=40, frame_skip=1
[Fitness run Gen16Creature11] reward=1.07±0.08  dist=0.00±0.00  upright=0.03±0.01  → FITNESS=0.0328
URDF saved to being.urdf
Connecting to PyBullet, GUI: False
CreatureEnv Inicijalizacija: 12 motora. OBS_dim=40, frame_skip=1
[Fitness run Gen16Creature13] reward=1.52±0.00  dist=0.10±0.03  upright=0.00±0.00  → FITNESS=0.0198
URDF saved to being.urdf
Connecting to PyBullet, GUI: False
CreatureEnv Inicijalizacija: 12 motora. OBS_dim=40, frame_skip=1
[Fitness run Gen16Creature14] reward=1.13±0.30  dist=0.00±0.00  upright=0.00±0.00  → FITNESS=0.0183
URDF saved to being.urdf
Connecting to PyBullet, GUI: False
CreatureEnv Inicijalizacija: 12 motora. OBS_dim=40, frame_skip=1
[Fitness run Gen16Creature15] reward=1017.49±0.23  dist=0.03±0.01  upright=1.00±0.00  → FITNESS=0.6112
URDF saved to being.urdf
Connecting to PyBullet, GUI: False
CreatureEnv Inicijalizacija: 12 motora. OBS_dim=40, frame_skip=1
[Fitness run Gen16Creature16] reward=1053.20±0.99  dist=0.04±0.13  upright=1.00±0.00  → FITNESS=0.6146
URDF saved to being.urdf
Connecting to PyBullet, GUI: False
CreatureEnv Inicijalizacija: 12 motora. OBS_dim=40, frame_skip=1
[Fitness run Gen16Creature17] reward=1034.67±0.01  dist=0.02±0.01  upright=1.00±0.00  → FITNESS=0.6125
URDF saved to being.urdf
Connecting to PyBullet, GUI: False
CreatureEnv Inicijalizacija: 12 motora. OBS_dim=40, frame_skip=1
[Fitness run Gen16Creature19] reward=1059.17±0.04  dist=0.17±0.03  upright=1.00±0.00  → FITNESS=0.6171
URDF saved to being.urdf
Connecting to PyBullet, GUI: False
CreatureEnv Inicijalizacija: 12 motora. OBS_dim=40, frame_skip=1
[Fitness run Gen16Creature21] reward=1.80±0.03  dist=0.03±0.02  upright=0.31±0.04  → FITNESS=0.1736
URDF saved to being.urdf
Connecting to PyBullet, GUI: False
CreatureEnv Inicijalizacija: 12 motora. OBS_dim=40, frame_skip=1
[Fitness run Gen16Creature23] reward=1078.15±0.07  dist=0.00±0.00  upright=1.00±0.00  → FITNESS=0.6162
URDF saved to being.urdf
Connecting to PyBullet, GUI: False
CreatureEnv Inicijalizacija: 12 motora. OBS_dim=40, frame_skip=1
[Fitness run Gen16Creature24] reward=921.09±306.53  dist=0.00±0.01  upright=0.90±0.29  → FITNESS=0.5536
URDF saved to being.urdf
Connecting to PyBullet, GUI: False
CreatureEnv Inicijalizacija: 12 motora. OBS_dim=40, frame_skip=1
[Fitness run Gen16Creature25] reward=1047.56±6.02  dist=0.03±0.09  upright=1.00±0.00  → FITNESS=0.6139
URDF saved to being.urdf
Connecting to PyBullet, GUI: False
CreatureEnv Inicijalizacija: 12 motora. OBS_dim=40, frame_skip=1
[Fitness run Gen16Creature26] reward=1.80±0.05  dist=0.00±0.00  upright=0.06±0.17  → FITNESS=0.0474
URDF saved to being.urdf
Connecting to PyBullet, GUI: False
CreatureEnv Inicijalizacija: 12 motora. OBS_dim=40, frame_skip=1
[Fitness run Gen16Creature27] reward=105.09±311.98  dist=0.00±0.00  upright=0.37±0.21  → FITNESS=0.2116
URDF saved to being.urdf
Connecting to PyBullet, GUI: False
CreatureEnv Inicijalizacija: 12 motora. OBS_dim=40, frame_skip=1
[Fitness run Gen16Creature28] reward=1.83±0.01  dist=0.13±0.05  upright=0.97±0.10  → FITNESS=0.5042
URDF saved to being.urdf
Connecting to PyBullet, GUI: False
CreatureEnv Inicijalizacija: 12 motora. OBS_dim=40, frame_skip=1
[Fitness run Gen16Creature29] reward=2.06±0.02  dist=0.00±0.00  upright=1.00±0.00  → FITNESS=0.5184

==================================================
Generacija 16/20  |  Best = 0.6192  |  Mean = 0.4410  |  Std = 0.2335
==================================================
URDF saved to being.urdf
Connecting to PyBullet, GUI: False
CreatureEnv Inicijalizacija: 12 motora. OBS_dim=40, frame_skip=1
[Fitness run Gen16Creature2] reward=1063.33±9.91  dist=0.00±0.00  upright=1.00±0.00  → FITNESS=0.6149
URDF saved to being.urdf
Connecting to PyBullet, GUI: False
CreatureEnv Inicijalizacija: 12 motora. OBS_dim=40, frame_skip=1
[Fitness run Gen16Creature3] reward=925.37±308.02  dist=0.00±0.00  upright=0.91±0.26  → FITNESS=0.5588
URDF saved to being.urdf
Connecting to PyBullet, GUI: False
CreatureEnv Inicijalizacija: 12 motora. OBS_dim=40, frame_skip=1
[Fitness run Gen16Creature4] reward=1032.13±0.14  dist=0.00±0.00  upright=1.00±0.00  → FITNESS=0.6120
URDF saved to being.urdf
Connecting to PyBullet, GUI: False
CreatureEnv Inicijalizacija: 12 motora. OBS_dim=40, frame_skip=1
[Fitness run Gen16Creature5] reward=1040.98±0.29  dist=0.00±0.00  upright=1.00±0.00  → FITNESS=0.6128
URDF saved to being.urdf
Connecting to PyBullet, GUI: False
CreatureEnv Inicijalizacija: 12 motora. OBS_dim=40, frame_skip=1
[Fitness run Gen16Creature6] reward=1059.39±9.12  dist=0.05±0.11  upright=1.00±0.00  → FITNESS=0.6152
URDF saved to being.urdf
Connecting to PyBullet, GUI: False
CreatureEnv Inicijalizacija: 12 motora. OBS_dim=40, frame_skip=1
[Fitness run Gen16Creature8] reward=1.21±0.04  dist=0.00±0.00  upright=0.00±0.00  → FITNESS=0.0183
URDF saved to being.urdf
Connecting to PyBullet, GUI: False
CreatureEnv Inicijalizacija: 12 motora. OBS_dim=40, frame_skip=1
[Fitness run Gen16Creature9] reward=1.85±0.12  dist=0.02±0.05  upright=0.73±0.24  → FITNESS=0.3831
URDF saved to being.urdf
Connecting to PyBullet, GUI: False
CreatureEnv Inicijalizacija: 12 motora. OBS_dim=40, frame_skip=1
[Fitness run Gen16Creature10] reward=1.37±0.03  dist=0.01±0.01  upright=0.05±0.02  → FITNESS=0.0442
URDF saved to being.urdf
Connecting to PyBullet, GUI: False
CreatureEnv Inicijalizacija: 12 motora. OBS_dim=40, frame_skip=1
[Fitness run Gen16Creature11] reward=1.07±0.08  dist=0.00±0.00  upright=0.03±0.01  → FITNESS=0.0328
URDF saved to being.urdf
Connecting to PyBullet, GUI: False
CreatureEnv Inicijalizacija: 12 motora. OBS_dim=40, frame_skip=1
[Fitness run Gen16Creature13] reward=1.52±0.00  dist=0.10±0.03  upright=0.00±0.00  → FITNESS=0.0198
URDF saved to being.urdf
Connecting to PyBullet, GUI: False
CreatureEnv Inicijalizacija: 12 motora. OBS_dim=40, frame_skip=1
[Fitness run Gen16Creature14] reward=1.13±0.30  dist=0.00±0.00  upright=0.00±0.00  → FITNESS=0.0183
URDF saved to being.urdf
Connecting to PyBullet, GUI: False
CreatureEnv Inicijalizacija: 12 motora. OBS_dim=40, frame_skip=1
[Fitness run Gen16Creature15] reward=1017.49±0.23  dist=0.03±0.01  upright=1.00±0.00  → FITNESS=0.6112
URDF saved to being.urdf
Connecting to PyBullet, GUI: False
CreatureEnv Inicijalizacija: 12 motora. OBS_dim=40, frame_skip=1
[Fitness run Gen16Creature16] reward=1053.20±0.99  dist=0.04±0.13  upright=1.00±0.00  → FITNESS=0.6146
URDF saved to being.urdf
Connecting to PyBullet, GUI: False
CreatureEnv Inicijalizacija: 12 motora. OBS_dim=40, frame_skip=1
[Fitness run Gen16Creature17] reward=1034.67±0.01  dist=0.02±0.01  upright=1.00±0.00  → FITNESS=0.6125
URDF saved to being.urdf
Connecting to PyBullet, GUI: False
CreatureEnv Inicijalizacija: 12 motora. OBS_dim=40, frame_skip=1
[Fitness run Gen16Creature19] reward=1059.17±0.04  dist=0.17±0.03  upright=1.00±0.00  → FITNESS=0.6171
URDF saved to being.urdf
Connecting to PyBullet, GUI: False
CreatureEnv Inicijalizacija: 12 motora. OBS_dim=40, frame_skip=1
[Fitness run Gen16Creature21] reward=1.80±0.03  dist=0.03±0.02  upright=0.31±0.04  → FITNESS=0.1736
URDF saved to being.urdf
Connecting to PyBullet, GUI: False
CreatureEnv Inicijalizacija: 12 motora. OBS_dim=40, frame_skip=1
[Fitness run Gen16Creature23] reward=1078.15±0.07  dist=0.00±0.00  upright=1.00±0.00  → FITNESS=0.6162
URDF saved to being.urdf
Connecting to PyBullet, GUI: False
CreatureEnv Inicijalizacija: 12 motora. OBS_dim=40, frame_skip=1
[Fitness run Gen16Creature24] reward=921.09±306.53  dist=0.00±0.01  upright=0.90±0.29  → FITNESS=0.5536
URDF saved to being.urdf
Connecting to PyBullet, GUI: False
CreatureEnv Inicijalizacija: 12 motora. OBS_dim=40, frame_skip=1
[Fitness run Gen16Creature25] reward=1047.56±6.02  dist=0.03±0.09  upright=1.00±0.00  → FITNESS=0.6139
URDF saved to being.urdf
Connecting to PyBullet, GUI: False
CreatureEnv Inicijalizacija: 12 motora. OBS_dim=40, frame_skip=1
[Fitness run Gen16Creature26] reward=1.80±0.05  dist=0.00±0.00  upright=0.06±0.17  → FITNESS=0.0474
URDF saved to being.urdf
Connecting to PyBullet, GUI: False
CreatureEnv Inicijalizacija: 12 motora. OBS_dim=40, frame_skip=1
[Fitness run Gen16Creature27] reward=105.09±311.98  dist=0.00±0.00  upright=0.37±0.21  → FITNESS=0.2116
URDF saved to being.urdf
Connecting to PyBullet, GUI: False
CreatureEnv Inicijalizacija: 12 motora. OBS_dim=40, frame_skip=1
[Fitness run Gen16Creature28] reward=1.83±0.01  dist=0.13±0.05  upright=0.97±0.10  → FITNESS=0.5042
URDF saved to being.urdf
Connecting to PyBullet, GUI: False
CreatureEnv Inicijalizacija: 12 motora. OBS_dim=40, frame_skip=1
[Fitness run Gen16Creature29] reward=2.06±0.02  dist=0.00±0.00  upright=1.00±0.00  → FITNESS=0.5184
Genome saved to results\uprightBased500Steps1Seed\run_5\run_5_best_creature.json
[plot] Saved → ./results\uprightBased500Steps1Seed\run_5\run_5_summary.png
URDF saved to being.urdf
Connecting to PyBullet, GUI: False
CreatureEnv Inicijalizacija: 12 motora. OBS_dim=40, frame_skip=1
[Fitness run Gen17Creature2] reward=1063.33±9.91  dist=0.00±0.00  upright=1.00±0.00  → FITNESS=0.6149
URDF saved to being.urdf
Connecting to PyBullet, GUI: False
CreatureEnv Inicijalizacija: 12 motora. OBS_dim=40, frame_skip=1
[Fitness run Gen17Creature3] reward=925.37±308.02  dist=0.00±0.00  upright=0.91±0.26  → FITNESS=0.5588
URDF saved to being.urdf
Connecting to PyBullet, GUI: False
CreatureEnv Inicijalizacija: 12 motora. OBS_dim=40, frame_skip=1
[Fitness run Gen17Creature4] reward=1032.13±0.14  dist=0.00±0.00  upright=1.00±0.00  → FITNESS=0.6120
URDF saved to being.urdf
Connecting to PyBullet, GUI: False
CreatureEnv Inicijalizacija: 12 motora. OBS_dim=40, frame_skip=1
[Fitness run Gen17Creature5] reward=1040.98±0.29  dist=0.00±0.00  upright=1.00±0.00  → FITNESS=0.6128
URDF saved to being.urdf
Connecting to PyBullet, GUI: False
CreatureEnv Inicijalizacija: 12 motora. OBS_dim=40, frame_skip=1
[Fitness run Gen17Creature6] reward=1059.39±9.12  dist=0.05±0.11  upright=1.00±0.00  → FITNESS=0.6152
URDF saved to being.urdf
Connecting to PyBullet, GUI: False
CreatureEnv Inicijalizacija: 12 motora. OBS_dim=40, frame_skip=1
[Fitness run Gen17Creature8] reward=1.21±0.04  dist=0.00±0.00  upright=0.00±0.00  → FITNESS=0.0183
URDF saved to being.urdf
Connecting to PyBullet, GUI: False
CreatureEnv Inicijalizacija: 12 motora. OBS_dim=40, frame_skip=1
[Fitness run Gen17Creature9] reward=1.85±0.12  dist=0.02±0.05  upright=0.73±0.24  → FITNESS=0.3831
URDF saved to being.urdf
Connecting to PyBullet, GUI: False
CreatureEnv Inicijalizacija: 12 motora. OBS_dim=40, frame_skip=1
[Fitness run Gen17Creature10] reward=1.37±0.03  dist=0.01±0.01  upright=0.05±0.02  → FITNESS=0.0442
URDF saved to being.urdf
Connecting to PyBullet, GUI: False
CreatureEnv Inicijalizacija: 12 motora. OBS_dim=40, frame_skip=1
[Fitness run Gen17Creature11] reward=1.07±0.08  dist=0.00±0.00  upright=0.03±0.01  → FITNESS=0.0328
URDF saved to being.urdf
Connecting to PyBullet, GUI: False
CreatureEnv Inicijalizacija: 12 motora. OBS_dim=40, frame_skip=1
[Fitness run Gen17Creature13] reward=1.52±0.00  dist=0.10±0.03  upright=0.00±0.00  → FITNESS=0.0198
URDF saved to being.urdf
Connecting to PyBullet, GUI: False
CreatureEnv Inicijalizacija: 12 motora. OBS_dim=40, frame_skip=1
[Fitness run Gen17Creature14] reward=1.13±0.30  dist=0.00±0.00  upright=0.00±0.00  → FITNESS=0.0183
URDF saved to being.urdf
Connecting to PyBullet, GUI: False
CreatureEnv Inicijalizacija: 12 motora. OBS_dim=40, frame_skip=1
[Fitness run Gen17Creature15] reward=1017.49±0.23  dist=0.03±0.01  upright=1.00±0.00  → FITNESS=0.6112
URDF saved to being.urdf
Connecting to PyBullet, GUI: False
CreatureEnv Inicijalizacija: 12 motora. OBS_dim=40, frame_skip=1
[Fitness run Gen17Creature16] reward=1053.20±0.99  dist=0.04±0.13  upright=1.00±0.00  → FITNESS=0.6146
URDF saved to being.urdf
Connecting to PyBullet, GUI: False
CreatureEnv Inicijalizacija: 12 motora. OBS_dim=40, frame_skip=1
[Fitness run Gen17Creature17] reward=1034.67±0.01  dist=0.02±0.01  upright=1.00±0.00  → FITNESS=0.6125
URDF saved to being.urdf
Connecting to PyBullet, GUI: False
CreatureEnv Inicijalizacija: 12 motora. OBS_dim=40, frame_skip=1
[Fitness run Gen17Creature19] reward=1059.17±0.04  dist=0.17±0.03  upright=1.00±0.00  → FITNESS=0.6171
URDF saved to being.urdf
Connecting to PyBullet, GUI: False
CreatureEnv Inicijalizacija: 12 motora. OBS_dim=40, frame_skip=1
[Fitness run Gen17Creature21] reward=1.80±0.03  dist=0.03±0.02  upright=0.31±0.04  → FITNESS=0.1736
URDF saved to being.urdf
Connecting to PyBullet, GUI: False
CreatureEnv Inicijalizacija: 12 motora. OBS_dim=40, frame_skip=1
[Fitness run Gen17Creature23] reward=1078.15±0.07  dist=0.00±0.00  upright=1.00±0.00  → FITNESS=0.6162
URDF saved to being.urdf
Connecting to PyBullet, GUI: False
CreatureEnv Inicijalizacija: 12 motora. OBS_dim=40, frame_skip=1
[Fitness run Gen17Creature24] reward=921.09±306.53  dist=0.00±0.01  upright=0.90±0.29  → FITNESS=0.5536
URDF saved to being.urdf
Connecting to PyBullet, GUI: False
CreatureEnv Inicijalizacija: 12 motora. OBS_dim=40, frame_skip=1
[Fitness run Gen17Creature25] reward=1047.56±6.02  dist=0.03±0.09  upright=1.00±0.00  → FITNESS=0.6139
URDF saved to being.urdf
Connecting to PyBullet, GUI: False
CreatureEnv Inicijalizacija: 12 motora. OBS_dim=40, frame_skip=1
[Fitness run Gen17Creature26] reward=1.80±0.05  dist=0.00±0.00  upright=0.06±0.17  → FITNESS=0.0474
URDF saved to being.urdf
Connecting to PyBullet, GUI: False
CreatureEnv Inicijalizacija: 12 motora. OBS_dim=40, frame_skip=1
[Fitness run Gen17Creature27] reward=105.09±311.98  dist=0.00±0.00  upright=0.37±0.21  → FITNESS=0.2116
URDF saved to being.urdf
Connecting to PyBullet, GUI: False
CreatureEnv Inicijalizacija: 12 motora. OBS_dim=40, frame_skip=1
[Fitness run Gen17Creature28] reward=1.83±0.01  dist=0.13±0.05  upright=0.97±0.10  → FITNESS=0.5042
URDF saved to being.urdf
Connecting to PyBullet, GUI: False
CreatureEnv Inicijalizacija: 12 motora. OBS_dim=40, frame_skip=1
[Fitness run Gen17Creature29] reward=2.06±0.02  dist=0.00±0.00  upright=1.00±0.00  → FITNESS=0.5184

==================================================
Generacija 17/20  |  Best = 0.6192  |  Mean = 0.4410  |  Std = 0.2335
==================================================
URDF saved to being.urdf
Connecting to PyBullet, GUI: False
CreatureEnv Inicijalizacija: 12 motora. OBS_dim=40, frame_skip=1
[Fitness run Gen17Creature2] reward=1063.33±9.91  dist=0.00±0.00  upright=1.00±0.00  → FITNESS=0.6149
URDF saved to being.urdf
Connecting to PyBullet, GUI: False
CreatureEnv Inicijalizacija: 12 motora. OBS_dim=40, frame_skip=1
[Fitness run Gen17Creature3] reward=925.37±308.02  dist=0.00±0.00  upright=0.91±0.26  → FITNESS=0.5588
URDF saved to being.urdf
Connecting to PyBullet, GUI: False
CreatureEnv Inicijalizacija: 12 motora. OBS_dim=40, frame_skip=1
[Fitness run Gen17Creature4] reward=1032.13±0.14  dist=0.00±0.00  upright=1.00±0.00  → FITNESS=0.6120
URDF saved to being.urdf
Connecting to PyBullet, GUI: False
CreatureEnv Inicijalizacija: 12 motora. OBS_dim=40, frame_skip=1
[Fitness run Gen17Creature5] reward=1040.98±0.29  dist=0.00±0.00  upright=1.00±0.00  → FITNESS=0.6128
URDF saved to being.urdf
Connecting to PyBullet, GUI: False
CreatureEnv Inicijalizacija: 12 motora. OBS_dim=40, frame_skip=1
[Fitness run Gen17Creature6] reward=1059.39±9.12  dist=0.05±0.11  upright=1.00±0.00  → FITNESS=0.6152
URDF saved to being.urdf
Connecting to PyBullet, GUI: False
CreatureEnv Inicijalizacija: 12 motora. OBS_dim=40, frame_skip=1
[Fitness run Gen17Creature8] reward=1.21±0.04  dist=0.00±0.00  upright=0.00±0.00  → FITNESS=0.0183
URDF saved to being.urdf
Connecting to PyBullet, GUI: False
CreatureEnv Inicijalizacija: 12 motora. OBS_dim=40, frame_skip=1
[Fitness run Gen17Creature9] reward=1.85±0.12  dist=0.02±0.05  upright=0.73±0.24  → FITNESS=0.3831
URDF saved to being.urdf
Connecting to PyBullet, GUI: False
CreatureEnv Inicijalizacija: 12 motora. OBS_dim=40, frame_skip=1
[Fitness run Gen17Creature10] reward=1097.17±0.22  dist=0.01±0.01  upright=1.00±0.00  → FITNESS=0.6181
URDF saved to being.urdf
Connecting to PyBullet, GUI: False
CreatureEnv Inicijalizacija: 12 motora. OBS_dim=40, frame_skip=1
[Fitness run Gen17Creature11] reward=1.07±0.08  dist=0.00±0.00  upright=0.03±0.01  → FITNESS=0.0328
URDF saved to being.urdf
Connecting to PyBullet, GUI: False
CreatureEnv Inicijalizacija: 12 motora. OBS_dim=40, frame_skip=1
[Fitness run Gen17Creature13] reward=1.52±0.00  dist=0.10±0.03  upright=0.00±0.00  → FITNESS=0.0198
URDF saved to being.urdf
Connecting to PyBullet, GUI: False
CreatureEnv Inicijalizacija: 12 motora. OBS_dim=40, frame_skip=1
[Fitness run Gen17Creature14] reward=1.13±0.30  dist=0.00±0.00  upright=0.00±0.00  → FITNESS=0.0183
URDF saved to being.urdf
Connecting to PyBullet, GUI: False
CreatureEnv Inicijalizacija: 12 motora. OBS_dim=40, frame_skip=1
[Fitness run Gen17Creature15] reward=1017.49±0.23  dist=0.03±0.01  upright=1.00±0.00  → FITNESS=0.6112
URDF saved to being.urdf
Connecting to PyBullet, GUI: False
CreatureEnv Inicijalizacija: 12 motora. OBS_dim=40, frame_skip=1
[Fitness run Gen17Creature16] reward=1053.20±0.99  dist=0.04±0.13  upright=1.00±0.00  → FITNESS=0.6146
URDF saved to being.urdf
Connecting to PyBullet, GUI: False
CreatureEnv Inicijalizacija: 12 motora. OBS_dim=40, frame_skip=1
[Fitness run Gen17Creature17] reward=1034.67±0.01  dist=0.02±0.01  upright=1.00±0.00  → FITNESS=0.6125
URDF saved to being.urdf
Connecting to PyBullet, GUI: False
CreatureEnv Inicijalizacija: 12 motora. OBS_dim=40, frame_skip=1
[Fitness run Gen17Creature19] reward=1059.17±0.04  dist=0.17±0.03  upright=1.00±0.00  → FITNESS=0.6171
URDF saved to being.urdf
Connecting to PyBullet, GUI: False
CreatureEnv Inicijalizacija: 12 motora. OBS_dim=40, frame_skip=1
[Fitness run Gen17Creature21] reward=1.80±0.03  dist=0.03±0.02  upright=0.31±0.04  → FITNESS=0.1736
URDF saved to being.urdf
Connecting to PyBullet, GUI: False
CreatureEnv Inicijalizacija: 12 motora. OBS_dim=40, frame_skip=1
[Fitness run Gen17Creature23] reward=1078.15±0.07  dist=0.00±0.00  upright=1.00±0.00  → FITNESS=0.6162
URDF saved to being.urdf
Connecting to PyBullet, GUI: False
CreatureEnv Inicijalizacija: 12 motora. OBS_dim=40, frame_skip=1
[Fitness run Gen17Creature24] reward=921.09±306.53  dist=0.00±0.01  upright=0.90±0.29  → FITNESS=0.5536
URDF saved to being.urdf
Connecting to PyBullet, GUI: False
CreatureEnv Inicijalizacija: 12 motora. OBS_dim=40, frame_skip=1
[Fitness run Gen17Creature25] reward=1047.56±6.02  dist=0.03±0.09  upright=1.00±0.00  → FITNESS=0.6139
URDF saved to being.urdf
Connecting to PyBullet, GUI: False
CreatureEnv Inicijalizacija: 12 motora. OBS_dim=40, frame_skip=1
[Fitness run Gen17Creature26] reward=1.80±0.05  dist=0.00±0.00  upright=0.06±0.17  → FITNESS=0.0474
URDF saved to being.urdf
Connecting to PyBullet, GUI: False
CreatureEnv Inicijalizacija: 12 motora. OBS_dim=40, frame_skip=1
[Fitness run Gen17Creature27] reward=105.09±311.98  dist=0.00±0.00  upright=0.37±0.21  → FITNESS=0.2116
URDF saved to being.urdf
Connecting to PyBullet, GUI: False
CreatureEnv Inicijalizacija: 12 motora. OBS_dim=40, frame_skip=1
[Fitness run Gen17Creature28] reward=1.83±0.01  dist=0.13±0.05  upright=0.97±0.10  → FITNESS=0.5042
URDF saved to being.urdf
Connecting to PyBullet, GUI: False
CreatureEnv Inicijalizacija: 12 motora. OBS_dim=40, frame_skip=1
[Fitness run Gen17Creature29] reward=2.06±0.02  dist=0.00±0.00  upright=1.00±0.00  → FITNESS=0.5184
Genome saved to results\uprightBased500Steps1Seed\run_5\run_5_best_creature.json
[plot] Saved → ./results\uprightBased500Steps1Seed\run_5\run_5_summary.png
URDF saved to being.urdf
Connecting to PyBullet, GUI: False
CreatureEnv Inicijalizacija: 12 motora. OBS_dim=40, frame_skip=1
[Fitness run Gen18Creature2] reward=1063.33±9.91  dist=0.00±0.00  upright=1.00±0.00  → FITNESS=0.6149
URDF saved to being.urdf
Connecting to PyBullet, GUI: False
CreatureEnv Inicijalizacija: 12 motora. OBS_dim=40, frame_skip=1
[Fitness run Gen18Creature3] reward=925.37±308.02  dist=0.00±0.00  upright=0.91±0.26  → FITNESS=0.5588
URDF saved to being.urdf
Connecting to PyBullet, GUI: False
CreatureEnv Inicijalizacija: 12 motora. OBS_dim=40, frame_skip=1
[Fitness run Gen18Creature4] reward=1032.13±0.14  dist=0.00±0.00  upright=1.00±0.00  → FITNESS=0.6120
URDF saved to being.urdf
Connecting to PyBullet, GUI: False
CreatureEnv Inicijalizacija: 12 motora. OBS_dim=40, frame_skip=1
[Fitness run Gen18Creature5] reward=1040.98±0.29  dist=0.00±0.00  upright=1.00±0.00  → FITNESS=0.6128
URDF saved to being.urdf
Connecting to PyBullet, GUI: False
CreatureEnv Inicijalizacija: 12 motora. OBS_dim=40, frame_skip=1
[Fitness run Gen18Creature6] reward=1059.39±9.12  dist=0.05±0.11  upright=1.00±0.00  → FITNESS=0.6152
URDF saved to being.urdf
Connecting to PyBullet, GUI: False
CreatureEnv Inicijalizacija: 12 motora. OBS_dim=40, frame_skip=1
[Fitness run Gen18Creature8] reward=1.21±0.04  dist=0.00±0.00  upright=0.00±0.00  → FITNESS=0.0183
URDF saved to being.urdf
Connecting to PyBullet, GUI: False
CreatureEnv Inicijalizacija: 12 motora. OBS_dim=40, frame_skip=1
[Fitness run Gen18Creature9] reward=1.85±0.12  dist=0.02±0.05  upright=0.73±0.24  → FITNESS=0.3831
URDF saved to being.urdf
Connecting to PyBullet, GUI: False
CreatureEnv Inicijalizacija: 12 motora. OBS_dim=40, frame_skip=1
[Fitness run Gen18Creature10] reward=1.37±0.03  dist=0.01±0.01  upright=0.05±0.02  → FITNESS=0.0442
URDF saved to being.urdf
Connecting to PyBullet, GUI: False
CreatureEnv Inicijalizacija: 12 motora. OBS_dim=40, frame_skip=1
[Fitness run Gen18Creature11] reward=1.07±0.08  dist=0.00±0.00  upright=0.03±0.01  → FITNESS=0.0328
URDF saved to being.urdf
Connecting to PyBullet, GUI: False
CreatureEnv Inicijalizacija: 12 motora. OBS_dim=40, frame_skip=1
[Fitness run Gen18Creature13] reward=1.52±0.00  dist=0.10±0.03  upright=0.00±0.00  → FITNESS=0.0198
URDF saved to being.urdf
Connecting to PyBullet, GUI: False
CreatureEnv Inicijalizacija: 12 motora. OBS_dim=40, frame_skip=1
[Fitness run Gen18Creature14] reward=1.13±0.30  dist=0.00±0.00  upright=0.00±0.00  → FITNESS=0.0183
URDF saved to being.urdf
Connecting to PyBullet, GUI: False
CreatureEnv Inicijalizacija: 12 motora. OBS_dim=40, frame_skip=1
[Fitness run Gen18Creature15] reward=1017.49±0.23  dist=0.03±0.01  upright=1.00±0.00  → FITNESS=0.6112
URDF saved to being.urdf
Connecting to PyBullet, GUI: False
CreatureEnv Inicijalizacija: 12 motora. OBS_dim=40, frame_skip=1
[Fitness run Gen18Creature16] reward=1053.20±0.99  dist=0.04±0.13  upright=1.00±0.00  → FITNESS=0.6146
URDF saved to being.urdf
Connecting to PyBullet, GUI: False
CreatureEnv Inicijalizacija: 12 motora. OBS_dim=40, frame_skip=1
[Fitness run Gen18Creature17] reward=1034.67±0.01  dist=0.02±0.01  upright=1.00±0.00  → FITNESS=0.6125
URDF saved to being.urdf
Connecting to PyBullet, GUI: False
CreatureEnv Inicijalizacija: 12 motora. OBS_dim=40, frame_skip=1
[Fitness run Gen18Creature19] reward=1059.17±0.04  dist=0.17±0.03  upright=1.00±0.00  → FITNESS=0.6171
URDF saved to being.urdf
Connecting to PyBullet, GUI: False
CreatureEnv Inicijalizacija: 12 motora. OBS_dim=40, frame_skip=1
[Fitness run Gen18Creature21] reward=1.80±0.03  dist=0.03±0.02  upright=0.31±0.04  → FITNESS=0.1736
URDF saved to being.urdf
Connecting to PyBullet, GUI: False
CreatureEnv Inicijalizacija: 12 motora. OBS_dim=40, frame_skip=1
[Fitness run Gen18Creature23] reward=1078.15±0.07  dist=0.00±0.00  upright=1.00±0.00  → FITNESS=0.6162
URDF saved to being.urdf
Connecting to PyBullet, GUI: False
CreatureEnv Inicijalizacija: 12 motora. OBS_dim=40, frame_skip=1
[Fitness run Gen18Creature24] reward=921.09±306.53  dist=0.00±0.01  upright=0.90±0.29  → FITNESS=0.5536
URDF saved to being.urdf
Connecting to PyBullet, GUI: False
CreatureEnv Inicijalizacija: 12 motora. OBS_dim=40, frame_skip=1
[Fitness run Gen18Creature25] reward=1047.56±6.02  dist=0.03±0.09  upright=1.00±0.00  → FITNESS=0.6139
URDF saved to being.urdf
Connecting to PyBullet, GUI: False
CreatureEnv Inicijalizacija: 12 motora. OBS_dim=40, frame_skip=1
[Fitness run Gen18Creature26] reward=1.80±0.05  dist=0.00±0.00  upright=0.06±0.17  → FITNESS=0.0474
URDF saved to being.urdf
Connecting to PyBullet, GUI: False
CreatureEnv Inicijalizacija: 12 motora. OBS_dim=40, frame_skip=1
[Fitness run Gen18Creature27] reward=105.09±311.98  dist=0.00±0.00  upright=0.37±0.21  → FITNESS=0.2116
URDF saved to being.urdf
Connecting to PyBullet, GUI: False
CreatureEnv Inicijalizacija: 12 motora. OBS_dim=40, frame_skip=1
[Fitness run Gen18Creature28] reward=1.83±0.01  dist=0.13±0.05  upright=0.97±0.10  → FITNESS=0.5042
URDF saved to being.urdf
Connecting to PyBullet, GUI: False
CreatureEnv Inicijalizacija: 12 motora. OBS_dim=40, frame_skip=1
[Fitness run Gen18Creature29] reward=2.06±0.02  dist=0.00±0.00  upright=1.00±0.00  → FITNESS=0.5184

==================================================
Generacija 18/20  |  Best = 0.6192  |  Mean = 0.4410  |  Std = 0.2335
==================================================
URDF saved to being.urdf
Connecting to PyBullet, GUI: False
CreatureEnv Inicijalizacija: 12 motora. OBS_dim=40, frame_skip=1
[Fitness run Gen18Creature2] reward=1063.33±9.91  dist=0.00±0.00  upright=1.00±0.00  → FITNESS=0.6149
URDF saved to being.urdf
Connecting to PyBullet, GUI: False
CreatureEnv Inicijalizacija: 12 motora. OBS_dim=40, frame_skip=1
[Fitness run Gen18Creature3] reward=925.37±308.02  dist=0.00±0.00  upright=0.91±0.26  → FITNESS=0.5588
URDF saved to being.urdf
Connecting to PyBullet, GUI: False
CreatureEnv Inicijalizacija: 12 motora. OBS_dim=40, frame_skip=1
[Fitness run Gen18Creature4] reward=1032.13±0.14  dist=0.00±0.00  upright=1.00±0.00  → FITNESS=0.6120
URDF saved to being.urdf
Connecting to PyBullet, GUI: False
CreatureEnv Inicijalizacija: 12 motora. OBS_dim=40, frame_skip=1
[Fitness run Gen18Creature5] reward=1040.98±0.29  dist=0.00±0.00  upright=1.00±0.00  → FITNESS=0.6128
URDF saved to being.urdf
Connecting to PyBullet, GUI: False
CreatureEnv Inicijalizacija: 12 motora. OBS_dim=40, frame_skip=1
[Fitness run Gen18Creature6] reward=1059.39±9.12  dist=0.05±0.11  upright=1.00±0.00  → FITNESS=0.6152
URDF saved to being.urdf
Connecting to PyBullet, GUI: False
CreatureEnv Inicijalizacija: 12 motora. OBS_dim=40, frame_skip=1
[Fitness run Gen18Creature8] reward=1.21±0.04  dist=0.00±0.00  upright=0.00±0.00  → FITNESS=0.0183
URDF saved to being.urdf
Connecting to PyBullet, GUI: False
CreatureEnv Inicijalizacija: 12 motora. OBS_dim=40, frame_skip=1
[Fitness run Gen18Creature9] reward=1.85±0.12  dist=0.02±0.05  upright=0.73±0.24  → FITNESS=0.3831
URDF saved to being.urdf
Connecting to PyBullet, GUI: False
CreatureEnv Inicijalizacija: 12 motora. OBS_dim=40, frame_skip=1
[Fitness run Gen18Creature10] reward=1.37±0.03  dist=0.01±0.01  upright=0.05±0.02  → FITNESS=0.0442
URDF saved to being.urdf
Connecting to PyBullet, GUI: False
CreatureEnv Inicijalizacija: 12 motora. OBS_dim=40, frame_skip=1
[Fitness run Gen18Creature11] reward=1.07±0.08  dist=0.00±0.00  upright=0.03±0.01  → FITNESS=0.0328
URDF saved to being.urdf
Connecting to PyBullet, GUI: False
CreatureEnv Inicijalizacija: 12 motora. OBS_dim=40, frame_skip=1
[Fitness run Gen18Creature13] reward=1.52±0.00  dist=0.10±0.03  upright=0.00±0.00  → FITNESS=0.0198
URDF saved to being.urdf
Connecting to PyBullet, GUI: False
CreatureEnv Inicijalizacija: 12 motora. OBS_dim=40, frame_skip=1
[Fitness run Gen18Creature14] reward=1.13±0.30  dist=0.00±0.00  upright=0.00±0.00  → FITNESS=0.0183
URDF saved to being.urdf
Connecting to PyBullet, GUI: False
CreatureEnv Inicijalizacija: 12 motora. OBS_dim=40, frame_skip=1
[Fitness run Gen18Creature15] reward=1017.49±0.23  dist=0.03±0.01  upright=1.00±0.00  → FITNESS=0.6112
URDF saved to being.urdf
Connecting to PyBullet, GUI: False
CreatureEnv Inicijalizacija: 12 motora. OBS_dim=40, frame_skip=1
[Fitness run Gen18Creature16] reward=1053.20±0.99  dist=0.04±0.13  upright=1.00±0.00  → FITNESS=0.6146
URDF saved to being.urdf
Connecting to PyBullet, GUI: False
CreatureEnv Inicijalizacija: 12 motora. OBS_dim=40, frame_skip=1
[Fitness run Gen18Creature17] reward=1034.67±0.01  dist=0.02±0.01  upright=1.00±0.00  → FITNESS=0.6125
URDF saved to being.urdf
Connecting to PyBullet, GUI: False
CreatureEnv Inicijalizacija: 12 motora. OBS_dim=40, frame_skip=1
[Fitness run Gen18Creature19] reward=1059.17±0.04  dist=0.17±0.03  upright=1.00±0.00  → FITNESS=0.6171
URDF saved to being.urdf
Connecting to PyBullet, GUI: False
CreatureEnv Inicijalizacija: 12 motora. OBS_dim=40, frame_skip=1
[Fitness run Gen18Creature21] reward=1.80±0.03  dist=0.03±0.02  upright=0.31±0.04  → FITNESS=0.1736
URDF saved to being.urdf
Connecting to PyBullet, GUI: False
CreatureEnv Inicijalizacija: 12 motora. OBS_dim=40, frame_skip=1
[Fitness run Gen18Creature23] reward=1078.15±0.07  dist=0.00±0.00  upright=1.00±0.00  → FITNESS=0.6162
URDF saved to being.urdf
Connecting to PyBullet, GUI: False
CreatureEnv Inicijalizacija: 12 motora. OBS_dim=40, frame_skip=1
[Fitness run Gen18Creature24] reward=921.09±306.53  dist=0.00±0.01  upright=0.90±0.29  → FITNESS=0.5536
URDF saved to being.urdf
Connecting to PyBullet, GUI: False
CreatureEnv Inicijalizacija: 12 motora. OBS_dim=40, frame_skip=1
[Fitness run Gen18Creature25] reward=1047.56±6.02  dist=0.03±0.09  upright=1.00±0.00  → FITNESS=0.6139
URDF saved to being.urdf
Connecting to PyBullet, GUI: False
CreatureEnv Inicijalizacija: 12 motora. OBS_dim=40, frame_skip=1
[Fitness run Gen18Creature26] reward=1.80±0.05  dist=0.00±0.00  upright=0.06±0.17  → FITNESS=0.0474
URDF saved to being.urdf
Connecting to PyBullet, GUI: False
CreatureEnv Inicijalizacija: 12 motora. OBS_dim=40, frame_skip=1
[Fitness run Gen18Creature27] reward=105.09±311.98  dist=0.00±0.00  upright=0.37±0.21  → FITNESS=0.2116
URDF saved to being.urdf
Connecting to PyBullet, GUI: False
CreatureEnv Inicijalizacija: 12 motora. OBS_dim=40, frame_skip=1
[Fitness run Gen18Creature28] reward=1.83±0.01  dist=0.13±0.05  upright=0.97±0.10  → FITNESS=0.5042
URDF saved to being.urdf
Connecting to PyBullet, GUI: False
CreatureEnv Inicijalizacija: 12 motora. OBS_dim=40, frame_skip=1
[Fitness run Gen18Creature29] reward=2.06±0.02  dist=0.00±0.00  upright=1.00±0.00  → FITNESS=0.5184
Genome saved to results\uprightBased500Steps1Seed\run_5\run_5_best_creature.json
[plot] Saved → ./results\uprightBased500Steps1Seed\run_5\run_5_summary.png
URDF saved to being.urdf
Connecting to PyBullet, GUI: False
CreatureEnv Inicijalizacija: 12 motora. OBS_dim=40, frame_skip=1
[Fitness run Gen19Creature2] reward=1063.33±9.91  dist=0.00±0.00  upright=1.00±0.00  → FITNESS=0.6149
URDF saved to being.urdf
Connecting to PyBullet, GUI: False
CreatureEnv Inicijalizacija: 12 motora. OBS_dim=40, frame_skip=1
[Fitness run Gen19Creature3] reward=925.37±308.02  dist=0.00±0.00  upright=0.91±0.26  → FITNESS=0.5588
URDF saved to being.urdf
Connecting to PyBullet, GUI: False
CreatureEnv Inicijalizacija: 12 motora. OBS_dim=40, frame_skip=1
[Fitness run Gen19Creature4] reward=1032.13±0.14  dist=0.00±0.00  upright=1.00±0.00  → FITNESS=0.6120
URDF saved to being.urdf
Connecting to PyBullet, GUI: False
CreatureEnv Inicijalizacija: 12 motora. OBS_dim=40, frame_skip=1
[Fitness run Gen19Creature5] reward=1040.98±0.29  dist=0.00±0.00  upright=1.00±0.00  → FITNESS=0.6128
URDF saved to being.urdf
Connecting to PyBullet, GUI: False
CreatureEnv Inicijalizacija: 12 motora. OBS_dim=40, frame_skip=1
[Fitness run Gen19Creature6] reward=1059.39±9.12  dist=0.05±0.11  upright=1.00±0.00  → FITNESS=0.6152
URDF saved to being.urdf
Connecting to PyBullet, GUI: False
CreatureEnv Inicijalizacija: 12 motora. OBS_dim=40, frame_skip=1
[Fitness run Gen19Creature8] reward=1.21±0.04  dist=0.00±0.00  upright=0.00±0.00  → FITNESS=0.0183
URDF saved to being.urdf
Connecting to PyBullet, GUI: False
CreatureEnv Inicijalizacija: 12 motora. OBS_dim=40, frame_skip=1
[Fitness run Gen19Creature9] reward=1.85±0.12  dist=0.02±0.05  upright=0.73±0.24  → FITNESS=0.3831
URDF saved to being.urdf
Connecting to PyBullet, GUI: False
CreatureEnv Inicijalizacija: 12 motora. OBS_dim=40, frame_skip=1
[Fitness run Gen19Creature10] reward=1.37±0.03  dist=0.01±0.01  upright=0.05±0.02  → FITNESS=0.0442
URDF saved to being.urdf
Connecting to PyBullet, GUI: False
CreatureEnv Inicijalizacija: 12 motora. OBS_dim=40, frame_skip=1
[Fitness run Gen19Creature11] reward=1.07±0.08  dist=0.00±0.00  upright=0.03±0.01  → FITNESS=0.0328
URDF saved to being.urdf
Connecting to PyBullet, GUI: False
CreatureEnv Inicijalizacija: 12 motora. OBS_dim=40, frame_skip=1
[Fitness run Gen19Creature13] reward=1.52±0.00  dist=0.10±0.03  upright=0.00±0.00  → FITNESS=0.0198
URDF saved to being.urdf
Connecting to PyBullet, GUI: False
CreatureEnv Inicijalizacija: 12 motora. OBS_dim=40, frame_skip=1
[Fitness run Gen19Creature14] reward=1.13±0.30  dist=0.00±0.00  upright=0.00±0.00  → FITNESS=0.0183
URDF saved to being.urdf
Connecting to PyBullet, GUI: False
CreatureEnv Inicijalizacija: 12 motora. OBS_dim=40, frame_skip=1
[Fitness run Gen19Creature15] reward=1017.49±0.23  dist=0.03±0.01  upright=1.00±0.00  → FITNESS=0.6112
URDF saved to being.urdf
Connecting to PyBullet, GUI: False
CreatureEnv Inicijalizacija: 12 motora. OBS_dim=40, frame_skip=1
[Fitness run Gen19Creature16] reward=1053.20±0.99  dist=0.04±0.13  upright=1.00±0.00  → FITNESS=0.6146
URDF saved to being.urdf
Connecting to PyBullet, GUI: False
CreatureEnv Inicijalizacija: 12 motora. OBS_dim=40, frame_skip=1
[Fitness run Gen19Creature17] reward=1034.67±0.01  dist=0.02±0.01  upright=1.00±0.00  → FITNESS=0.6125
URDF saved to being.urdf
Connecting to PyBullet, GUI: False
CreatureEnv Inicijalizacija: 12 motora. OBS_dim=40, frame_skip=1
[Fitness run Gen19Creature19] reward=1059.17±0.04  dist=0.17±0.03  upright=1.00±0.00  → FITNESS=0.6171
URDF saved to being.urdf
Connecting to PyBullet, GUI: False
CreatureEnv Inicijalizacija: 12 motora. OBS_dim=40, frame_skip=1
[Fitness run Gen19Creature21] reward=1.80±0.03  dist=0.03±0.02  upright=0.31±0.04  → FITNESS=0.1736
URDF saved to being.urdf
Connecting to PyBullet, GUI: False
CreatureEnv Inicijalizacija: 12 motora. OBS_dim=40, frame_skip=1
[Fitness run Gen19Creature23] reward=1078.15±0.07  dist=0.00±0.00  upright=1.00±0.00  → FITNESS=0.6162
URDF saved to being.urdf
Connecting to PyBullet, GUI: False
CreatureEnv Inicijalizacija: 12 motora. OBS_dim=40, frame_skip=1
[Fitness run Gen19Creature24] reward=921.09±306.53  dist=0.00±0.01  upright=0.90±0.29  → FITNESS=0.5536
URDF saved to being.urdf
Connecting to PyBullet, GUI: False
CreatureEnv Inicijalizacija: 12 motora. OBS_dim=40, frame_skip=1
[Fitness run Gen19Creature25] reward=1047.56±6.02  dist=0.03±0.09  upright=1.00±0.00  → FITNESS=0.6139
URDF saved to being.urdf
Connecting to PyBullet, GUI: False
CreatureEnv Inicijalizacija: 12 motora. OBS_dim=40, frame_skip=1
[Fitness run Gen19Creature26] reward=1.80±0.05  dist=0.00±0.00  upright=0.06±0.17  → FITNESS=0.0474
URDF saved to being.urdf
Connecting to PyBullet, GUI: False
CreatureEnv Inicijalizacija: 12 motora. OBS_dim=40, frame_skip=1
[Fitness run Gen19Creature27] reward=105.09±311.98  dist=0.00±0.00  upright=0.37±0.21  → FITNESS=0.2116
URDF saved to being.urdf
Connecting to PyBullet, GUI: False
CreatureEnv Inicijalizacija: 12 motora. OBS_dim=40, frame_skip=1
[Fitness run Gen19Creature28] reward=1.83±0.01  dist=0.13±0.05  upright=0.97±0.10  → FITNESS=0.5042
URDF saved to being.urdf
Connecting to PyBullet, GUI: False
CreatureEnv Inicijalizacija: 12 motora. OBS_dim=40, frame_skip=1
[Fitness run Gen19Creature29] reward=2.06±0.02  dist=0.00±0.00  upright=1.00±0.00  → FITNESS=0.5184

==================================================
Generacija 19/20  |  Best = 0.6192  |  Mean = 0.4410  |  Std = 0.2335
==================================================
URDF saved to being.urdf
Connecting to PyBullet, GUI: False
CreatureEnv Inicijalizacija: 12 motora. OBS_dim=40, frame_skip=1
[Fitness run Gen19Creature2] reward=1063.33±9.91  dist=0.00±0.00  upright=1.00±0.00  → FITNESS=0.6149
URDF saved to being.urdf
Connecting to PyBullet, GUI: False
CreatureEnv Inicijalizacija: 12 motora. OBS_dim=40, frame_skip=1
[Fitness run Gen19Creature3] reward=925.37±308.02  dist=0.00±0.00  upright=0.91±0.26  → FITNESS=0.5588
URDF saved to being.urdf
Connecting to PyBullet, GUI: False
CreatureEnv Inicijalizacija: 12 motora. OBS_dim=40, frame_skip=1
[Fitness run Gen19Creature4] reward=1032.13±0.14  dist=0.00±0.00  upright=1.00±0.00  → FITNESS=0.6120
URDF saved to being.urdf
Connecting to PyBullet, GUI: False
CreatureEnv Inicijalizacija: 12 motora. OBS_dim=40, frame_skip=1
[Fitness run Gen19Creature5] reward=1040.98±0.29  dist=0.00±0.00  upright=1.00±0.00  → FITNESS=0.6128
URDF saved to being.urdf
Connecting to PyBullet, GUI: False
CreatureEnv Inicijalizacija: 12 motora. OBS_dim=40, frame_skip=1
[Fitness run Gen19Creature6] reward=1059.39±9.12  dist=0.05±0.11  upright=1.00±0.00  → FITNESS=0.6152
URDF saved to being.urdf
Connecting to PyBullet, GUI: False
CreatureEnv Inicijalizacija: 12 motora. OBS_dim=40, frame_skip=1
[Fitness run Gen19Creature8] reward=1.21±0.04  dist=0.00±0.00  upright=0.00±0.00  → FITNESS=0.0183
URDF saved to being.urdf
Connecting to PyBullet, GUI: False
CreatureEnv Inicijalizacija: 12 motora. OBS_dim=40, frame_skip=1
[Fitness run Gen19Creature9] reward=1.85±0.12  dist=0.02±0.05  upright=0.73±0.24  → FITNESS=0.3831
URDF saved to being.urdf
Connecting to PyBullet, GUI: False
CreatureEnv Inicijalizacija: 12 motora. OBS_dim=40, frame_skip=1
[Fitness run Gen19Creature10] reward=1.37±0.03  dist=0.01±0.01  upright=0.05±0.02  → FITNESS=0.0442
URDF saved to being.urdf
Connecting to PyBullet, GUI: False
CreatureEnv Inicijalizacija: 12 motora. OBS_dim=40, frame_skip=1
[Fitness run Gen19Creature11] reward=1.07±0.08  dist=0.00±0.00  upright=0.03±0.01  → FITNESS=0.0328
URDF saved to being.urdf
Connecting to PyBullet, GUI: False
CreatureEnv Inicijalizacija: 12 motora. OBS_dim=40, frame_skip=1
[Fitness run Gen19Creature13] reward=1.52±0.00  dist=0.10±0.03  upright=0.00±0.00  → FITNESS=0.0198
URDF saved to being.urdf
Connecting to PyBullet, GUI: False
CreatureEnv Inicijalizacija: 12 motora. OBS_dim=40, frame_skip=1
[Fitness run Gen19Creature14] reward=1.13±0.30  dist=0.00±0.00  upright=0.00±0.00  → FITNESS=0.0183
URDF saved to being.urdf
Connecting to PyBullet, GUI: False
CreatureEnv Inicijalizacija: 12 motora. OBS_dim=40, frame_skip=1
[Fitness run Gen19Creature15] reward=1017.49±0.23  dist=0.03±0.01  upright=1.00±0.00  → FITNESS=0.6112
URDF saved to being.urdf
Connecting to PyBullet, GUI: False
CreatureEnv Inicijalizacija: 12 motora. OBS_dim=40, frame_skip=1
[Fitness run Gen19Creature16] reward=1053.20±0.99  dist=0.04±0.13  upright=1.00±0.00  → FITNESS=0.6146
URDF saved to being.urdf
Connecting to PyBullet, GUI: False
CreatureEnv Inicijalizacija: 12 motora. OBS_dim=40, frame_skip=1
[Fitness run Gen19Creature17] reward=1034.67±0.01  dist=0.02±0.01  upright=1.00±0.00  → FITNESS=0.6125
URDF saved to being.urdf
Connecting to PyBullet, GUI: False
CreatureEnv Inicijalizacija: 12 motora. OBS_dim=40, frame_skip=1
[Fitness run Gen19Creature19] reward=1059.17±0.04  dist=0.17±0.03  upright=1.00±0.00  → FITNESS=0.6171
URDF saved to being.urdf
Connecting to PyBullet, GUI: False
CreatureEnv Inicijalizacija: 12 motora. OBS_dim=40, frame_skip=1
[Fitness run Gen19Creature21] reward=1.80±0.03  dist=0.03±0.02  upright=0.31±0.04  → FITNESS=0.1736
URDF saved to being.urdf
Connecting to PyBullet, GUI: False
CreatureEnv Inicijalizacija: 12 motora. OBS_dim=40, frame_skip=1
[Fitness run Gen19Creature23] reward=1078.15±0.07  dist=0.00±0.00  upright=1.00±0.00  → FITNESS=0.6162
URDF saved to being.urdf
Connecting to PyBullet, GUI: False
CreatureEnv Inicijalizacija: 12 motora. OBS_dim=40, frame_skip=1
[Fitness run Gen19Creature24] reward=921.09±306.53  dist=0.00±0.01  upright=0.90±0.29  → FITNESS=0.5536
URDF saved to being.urdf
Connecting to PyBullet, GUI: False
CreatureEnv Inicijalizacija: 12 motora. OBS_dim=40, frame_skip=1
[Fitness run Gen19Creature25] reward=1047.56±6.02  dist=0.03±0.09  upright=1.00±0.00  → FITNESS=0.6139
URDF saved to being.urdf
Connecting to PyBullet, GUI: False
CreatureEnv Inicijalizacija: 12 motora. OBS_dim=40, frame_skip=1
[Fitness run Gen19Creature26] reward=1.80±0.05  dist=0.00±0.00  upright=0.06±0.17  → FITNESS=0.0474
URDF saved to being.urdf
Connecting to PyBullet, GUI: False
CreatureEnv Inicijalizacija: 12 motora. OBS_dim=40, frame_skip=1
[Fitness run Gen19Creature27] reward=105.09±311.98  dist=0.00±0.00  upright=0.37±0.21  → FITNESS=0.2116
URDF saved to being.urdf
Connecting to PyBullet, GUI: False
CreatureEnv Inicijalizacija: 12 motora. OBS_dim=40, frame_skip=1
[Fitness run Gen19Creature28] reward=1.83±0.01  dist=0.13±0.05  upright=0.97±0.10  → FITNESS=0.5042
URDF saved to being.urdf
Connecting to PyBullet, GUI: False
CreatureEnv Inicijalizacija: 12 motora. OBS_dim=40, frame_skip=1
[Fitness run Gen19Creature29] reward=2.06±0.02  dist=0.00±0.00  upright=1.00±0.00  → FITNESS=0.5184
Genome saved to results\uprightBased500Steps1Seed\run_5\run_5_best_creature.json
[plot] Saved → ./results\uprightBased500Steps1Seed\run_5\run_5_summary.png
URDF saved to being.urdf
Connecting to PyBullet, GUI: False
CreatureEnv Inicijalizacija: 12 motora. OBS_dim=40, frame_skip=1
[Fitness run Gen20Creature2] reward=1063.33±9.91  dist=0.00±0.00  upright=1.00±0.00  → FITNESS=0.6149
URDF saved to being.urdf
Connecting to PyBullet, GUI: False
CreatureEnv Inicijalizacija: 12 motora. OBS_dim=40, frame_skip=1
[Fitness run Gen20Creature3] reward=925.37±308.02  dist=0.00±0.00  upright=0.91±0.26  → FITNESS=0.5588
URDF saved to being.urdf
Connecting to PyBullet, GUI: False
CreatureEnv Inicijalizacija: 12 motora. OBS_dim=40, frame_skip=1
[Fitness run Gen20Creature4] reward=1032.13±0.14  dist=0.00±0.00  upright=1.00±0.00  → FITNESS=0.6120
URDF saved to being.urdf
Connecting to PyBullet, GUI: False
CreatureEnv Inicijalizacija: 12 motora. OBS_dim=40, frame_skip=1
[Fitness run Gen20Creature5] reward=1040.98±0.29  dist=0.00±0.00  upright=1.00±0.00  → FITNESS=0.6128
URDF saved to being.urdf
Connecting to PyBullet, GUI: False
CreatureEnv Inicijalizacija: 12 motora. OBS_dim=40, frame_skip=1
[Fitness run Gen20Creature6] reward=1059.39±9.12  dist=0.05±0.11  upright=1.00±0.00  → FITNESS=0.6152
URDF saved to being.urdf
Connecting to PyBullet, GUI: False
CreatureEnv Inicijalizacija: 12 motora. OBS_dim=40, frame_skip=1
[Fitness run Gen20Creature8] reward=1.21±0.04  dist=0.00±0.00  upright=0.00±0.00  → FITNESS=0.0183
URDF saved to being.urdf
Connecting to PyBullet, GUI: False
CreatureEnv Inicijalizacija: 12 motora. OBS_dim=40, frame_skip=1
[Fitness run Gen20Creature9] reward=1.85±0.12  dist=0.02±0.05  upright=0.73±0.24  → FITNESS=0.3831
URDF saved to being.urdf
Connecting to PyBullet, GUI: False
CreatureEnv Inicijalizacija: 12 motora. OBS_dim=40, frame_skip=1
[Fitness run Gen20Creature10] reward=1.37±0.03  dist=0.01±0.01  upright=0.05±0.02  → FITNESS=0.0442
URDF saved to being.urdf
Connecting to PyBullet, GUI: False
CreatureEnv Inicijalizacija: 12 motora. OBS_dim=40, frame_skip=1
[Fitness run Gen20Creature11] reward=1.07±0.08  dist=0.00±0.00  upright=0.03±0.01  → FITNESS=0.0328
URDF saved to being.urdf
Connecting to PyBullet, GUI: False
CreatureEnv Inicijalizacija: 12 motora. OBS_dim=40, frame_skip=1
[Fitness run Gen20Creature13] reward=1.52±0.00  dist=0.10±0.03  upright=0.00±0.00  → FITNESS=0.0198
URDF saved to being.urdf
Connecting to PyBullet, GUI: False
CreatureEnv Inicijalizacija: 12 motora. OBS_dim=40, frame_skip=1
[Fitness run Gen20Creature14] reward=1.13±0.30  dist=0.00±0.00  upright=0.00±0.00  → FITNESS=0.0183
URDF saved to being.urdf
Connecting to PyBullet, GUI: False
CreatureEnv Inicijalizacija: 12 motora. OBS_dim=40, frame_skip=1
[Fitness run Gen20Creature15] reward=1017.49±0.23  dist=0.03±0.01  upright=1.00±0.00  → FITNESS=0.6112
URDF saved to being.urdf
Connecting to PyBullet, GUI: False
CreatureEnv Inicijalizacija: 12 motora. OBS_dim=40, frame_skip=1
[Fitness run Gen20Creature16] reward=1053.20±0.99  dist=0.04±0.13  upright=1.00±0.00  → FITNESS=0.6146
URDF saved to being.urdf
Connecting to PyBullet, GUI: False
CreatureEnv Inicijalizacija: 12 motora. OBS_dim=40, frame_skip=1
[Fitness run Gen20Creature17] reward=1034.67±0.01  dist=0.02±0.01  upright=1.00±0.00  → FITNESS=0.6125
URDF saved to being.urdf
Connecting to PyBullet, GUI: False
CreatureEnv Inicijalizacija: 12 motora. OBS_dim=40, frame_skip=1
[Fitness run Gen20Creature19] reward=1059.17±0.04  dist=0.17±0.03  upright=1.00±0.00  → FITNESS=0.6171
URDF saved to being.urdf
Connecting to PyBullet, GUI: False
CreatureEnv Inicijalizacija: 12 motora. OBS_dim=40, frame_skip=1
[Fitness run Gen20Creature21] reward=1.80±0.03  dist=0.03±0.02  upright=0.31±0.04  → FITNESS=0.1736
URDF saved to being.urdf
Connecting to PyBullet, GUI: False
CreatureEnv Inicijalizacija: 12 motora. OBS_dim=40, frame_skip=1
[Fitness run Gen20Creature23] reward=1078.15±0.07  dist=0.00±0.00  upright=1.00±0.00  → FITNESS=0.6162
URDF saved to being.urdf
Connecting to PyBullet, GUI: False
CreatureEnv Inicijalizacija: 12 motora. OBS_dim=40, frame_skip=1
[Fitness run Gen20Creature24] reward=921.09±306.53  dist=0.00±0.01  upright=0.90±0.29  → FITNESS=0.5536
URDF saved to being.urdf
Connecting to PyBullet, GUI: False
CreatureEnv Inicijalizacija: 12 motora. OBS_dim=40, frame_skip=1
[Fitness run Gen20Creature25] reward=1047.56±6.02  dist=0.03±0.09  upright=1.00±0.00  → FITNESS=0.6139
URDF saved to being.urdf
Connecting to PyBullet, GUI: False
CreatureEnv Inicijalizacija: 12 motora. OBS_dim=40, frame_skip=1
[Fitness run Gen20Creature26] reward=1.80±0.05  dist=0.00±0.00  upright=0.06±0.17  → FITNESS=0.0474
URDF saved to being.urdf
Connecting to PyBullet, GUI: False
CreatureEnv Inicijalizacija: 12 motora. OBS_dim=40, frame_skip=1
[Fitness run Gen20Creature27] reward=105.09±311.98  dist=0.00±0.00  upright=0.37±0.21  → FITNESS=0.2116
URDF saved to being.urdf
Connecting to PyBullet, GUI: False
CreatureEnv Inicijalizacija: 12 motora. OBS_dim=40, frame_skip=1
[Fitness run Gen20Creature28] reward=1.83±0.01  dist=0.13±0.05  upright=0.97±0.10  → FITNESS=0.5042
URDF saved to being.urdf
Connecting to PyBullet, GUI: False
CreatureEnv Inicijalizacija: 12 motora. OBS_dim=40, frame_skip=1
[Fitness run Gen20Creature29] reward=2.06±0.02  dist=0.00±0.00  upright=1.00±0.00  → FITNESS=0.5184

==================================================
Generacija 20/20  |  Best = 0.6192  |  Mean = 0.4410  |  Std = 0.2335
==================================================
URDF saved to being.urdf
Connecting to PyBullet, GUI: False
CreatureEnv Inicijalizacija: 12 motora. OBS_dim=40, frame_skip=1
[Fitness run Gen20Creature2] reward=1063.33±9.91  dist=0.00±0.00  upright=1.00±0.00  → FITNESS=0.6149
URDF saved to being.urdf
Connecting to PyBullet, GUI: False
CreatureEnv Inicijalizacija: 12 motora. OBS_dim=40, frame_skip=1
[Fitness run Gen20Creature3] reward=925.37±308.02  dist=0.00±0.00  upright=0.91±0.26  → FITNESS=0.5588
URDF saved to being.urdf
Connecting to PyBullet, GUI: False
CreatureEnv Inicijalizacija: 12 motora. OBS_dim=40, frame_skip=1
[Fitness run Gen20Creature4] reward=1032.13±0.14  dist=0.00±0.00  upright=1.00±0.00  → FITNESS=0.6120
URDF saved to being.urdf
Connecting to PyBullet, GUI: False
CreatureEnv Inicijalizacija: 12 motora. OBS_dim=40, frame_skip=1
[Fitness run Gen20Creature5] reward=1040.98±0.29  dist=0.00±0.00  upright=1.00±0.00  → FITNESS=0.6128
URDF saved to being.urdf
Connecting to PyBullet, GUI: False
CreatureEnv Inicijalizacija: 12 motora. OBS_dim=40, frame_skip=1
[Fitness run Gen20Creature6] reward=1059.39±9.12  dist=0.05±0.11  upright=1.00±0.00  → FITNESS=0.6152
URDF saved to being.urdf
Connecting to PyBullet, GUI: False
CreatureEnv Inicijalizacija: 12 motora. OBS_dim=40, frame_skip=1
[Fitness run Gen20Creature8] reward=1.21±0.04  dist=0.00±0.00  upright=0.00±0.00  → FITNESS=0.0183
URDF saved to being.urdf
Connecting to PyBullet, GUI: False
CreatureEnv Inicijalizacija: 12 motora. OBS_dim=40, frame_skip=1
[Fitness run Gen20Creature9] reward=1.85±0.12  dist=0.02±0.05  upright=0.73±0.24  → FITNESS=0.3831
URDF saved to being.urdf
Connecting to PyBullet, GUI: False
CreatureEnv Inicijalizacija: 12 motora. OBS_dim=40, frame_skip=1
[Fitness run Gen20Creature10] reward=1.37±0.03  dist=0.01±0.01  upright=0.05±0.02  → FITNESS=0.0442
URDF saved to being.urdf
Connecting to PyBullet, GUI: False
CreatureEnv Inicijalizacija: 12 motora. OBS_dim=40, frame_skip=1
[Fitness run Gen20Creature11] reward=1.07±0.08  dist=0.00±0.00  upright=0.03±0.01  → FITNESS=0.0328
URDF saved to being.urdf
Connecting to PyBullet, GUI: False
CreatureEnv Inicijalizacija: 12 motora. OBS_dim=40, frame_skip=1
[Fitness run Gen20Creature13] reward=1.52±0.00  dist=0.10±0.03  upright=0.00±0.00  → FITNESS=0.0198
URDF saved to being.urdf
Connecting to PyBullet, GUI: False
CreatureEnv Inicijalizacija: 12 motora. OBS_dim=40, frame_skip=1
[Fitness run Gen20Creature14] reward=1.13±0.30  dist=0.00±0.00  upright=0.00±0.00  → FITNESS=0.0183
URDF saved to being.urdf
Connecting to PyBullet, GUI: False
CreatureEnv Inicijalizacija: 12 motora. OBS_dim=40, frame_skip=1
[Fitness run Gen20Creature15] reward=1017.49±0.23  dist=0.03±0.01  upright=1.00±0.00  → FITNESS=0.6112
URDF saved to being.urdf
Connecting to PyBullet, GUI: False
CreatureEnv Inicijalizacija: 12 motora. OBS_dim=40, frame_skip=1
[Fitness run Gen20Creature16] reward=1053.20±0.99  dist=0.04±0.13  upright=1.00±0.00  → FITNESS=0.6146
URDF saved to being.urdf
Connecting to PyBullet, GUI: False
CreatureEnv Inicijalizacija: 12 motora. OBS_dim=40, frame_skip=1
[Fitness run Gen20Creature17] reward=1034.67±0.01  dist=0.02±0.01  upright=1.00±0.00  → FITNESS=0.6125
URDF saved to being.urdf
Connecting to PyBullet, GUI: False
CreatureEnv Inicijalizacija: 12 motora. OBS_dim=40, frame_skip=1
[Fitness run Gen20Creature19] reward=1059.17±0.04  dist=0.17±0.03  upright=1.00±0.00  → FITNESS=0.6171
URDF saved to being.urdf
Connecting to PyBullet, GUI: False
CreatureEnv Inicijalizacija: 12 motora. OBS_dim=40, frame_skip=1
[Fitness run Gen20Creature21] reward=1.80±0.03  dist=0.03±0.02  upright=0.31±0.04  → FITNESS=0.1736
URDF saved to being.urdf
Connecting to PyBullet, GUI: False
CreatureEnv Inicijalizacija: 12 motora. OBS_dim=40, frame_skip=1
[Fitness run Gen20Creature23] reward=1078.15±0.07  dist=0.00±0.00  upright=1.00±0.00  → FITNESS=0.6162
URDF saved to being.urdf
Connecting to PyBullet, GUI: False
CreatureEnv Inicijalizacija: 12 motora. OBS_dim=40, frame_skip=1
[Fitness run Gen20Creature24] reward=921.09±306.53  dist=0.00±0.01  upright=0.90±0.29  → FITNESS=0.5536
URDF saved to being.urdf
Connecting to PyBullet, GUI: False
CreatureEnv Inicijalizacija: 12 motora. OBS_dim=40, frame_skip=1
[Fitness run Gen20Creature25] reward=1047.56±6.02  dist=0.03±0.09  upright=1.00±0.00  → FITNESS=0.6139
URDF saved to being.urdf
Connecting to PyBullet, GUI: False
CreatureEnv Inicijalizacija: 12 motora. OBS_dim=40, frame_skip=1
[Fitness run Gen20Creature26] reward=1.80±0.05  dist=0.00±0.00  upright=0.06±0.17  → FITNESS=0.0474
URDF saved to being.urdf
Connecting to PyBullet, GUI: False
CreatureEnv Inicijalizacija: 12 motora. OBS_dim=40, frame_skip=1
[Fitness run Gen20Creature27] reward=105.09±311.98  dist=0.00±0.00  upright=0.37±0.21  → FITNESS=0.2116
URDF saved to being.urdf
Connecting to PyBullet, GUI: False
CreatureEnv Inicijalizacija: 12 motora. OBS_dim=40, frame_skip=1
[Fitness run Gen20Creature28] reward=1.83±0.01  dist=0.13±0.05  upright=0.97±0.10  → FITNESS=0.5042
URDF saved to being.urdf
Connecting to PyBullet, GUI: False
CreatureEnv Inicijalizacija: 12 motora. OBS_dim=40, frame_skip=1
[Fitness run Gen20Creature29] reward=2.06±0.02  dist=0.00±0.00  upright=1.00±0.00  → FITNESS=0.5184
Genome saved to results\uprightBased500Steps1Seed\run_5\run_5_best_creature.json
[plot] Saved → ./results\uprightBased500Steps1Seed\run_5\run_5_summary.png
[log] Experiment finalised → ./results\uprightBased500Steps1Seed\run_5\run_5.json
URDF saved to being.urdf
Connecting to PyBullet, GUI: False
CreatureEnv Inicijalizacija: 12 motora. OBS_dim=40, frame_skip=1
[Fitness run Gen20Creature2] reward=1063.33±9.91  dist=0.00±0.00  upright=1.00±0.00  → FITNESS=0.6149
URDF saved to being.urdf
Connecting to PyBullet, GUI: False
CreatureEnv Inicijalizacija: 12 motora. OBS_dim=40, frame_skip=1
[Fitness run Gen20Creature3] reward=925.37±308.02  dist=0.00±0.00  upright=0.91±0.26  → FITNESS=0.5588
URDF saved to being.urdf
Connecting to PyBullet, GUI: False
CreatureEnv Inicijalizacija: 12 motora. OBS_dim=40, frame_skip=1
[Fitness run Gen20Creature4] reward=1032.13±0.14  dist=0.00±0.00  upright=1.00±0.00  → FITNESS=0.6120
URDF saved to being.urdf
Connecting to PyBullet, GUI: False
CreatureEnv Inicijalizacija: 12 motora. OBS_dim=40, frame_skip=1
[Fitness run Gen20Creature5] reward=1040.98±0.29  dist=0.00±0.00  upright=1.00±0.00  → FITNESS=0.6128
URDF saved to being.urdf
Connecting to PyBullet, GUI: False
CreatureEnv Inicijalizacija: 12 motora. OBS_dim=40, frame_skip=1
[Fitness run Gen20Creature6] reward=1059.39±9.12  dist=0.05±0.11  upright=1.00±0.00  → FITNESS=0.6152
URDF saved to being.urdf
Connecting to PyBullet, GUI: False
CreatureEnv Inicijalizacija: 12 motora. OBS_dim=40, frame_skip=1
[Fitness run Gen20Creature8] reward=1.21±0.04  dist=0.00±0.00  upright=0.00±0.00  → FITNESS=0.0183
URDF saved to being.urdf
Connecting to PyBullet, GUI: False
CreatureEnv Inicijalizacija: 12 motora. OBS_dim=40, frame_skip=1
[Fitness run Gen20Creature9] reward=1.85±0.12  dist=0.02±0.05  upright=0.73±0.24  → FITNESS=0.3831
URDF saved to being.urdf
Connecting to PyBullet, GUI: False
CreatureEnv Inicijalizacija: 12 motora. OBS_dim=40, frame_skip=1
[Fitness run Gen20Creature10] reward=1.37±0.03  dist=0.01±0.01  upright=0.05±0.02  → FITNESS=0.0442
URDF saved to being.urdf
Connecting to PyBullet, GUI: False
CreatureEnv Inicijalizacija: 12 motora. OBS_dim=40, frame_skip=1
[Fitness run Gen20Creature11] reward=1.07±0.08  dist=0.00±0.00  upright=0.03±0.01  → FITNESS=0.0328
URDF saved to being.urdf
Connecting to PyBullet, GUI: False
CreatureEnv Inicijalizacija: 12 motora. OBS_dim=40, frame_skip=1
[Fitness run Gen20Creature13] reward=1.52±0.00  dist=0.10±0.03  upright=0.00±0.00  → FITNESS=0.0198
URDF saved to being.urdf
Connecting to PyBullet, GUI: False
CreatureEnv Inicijalizacija: 12 motora. OBS_dim=40, frame_skip=1
[Fitness run Gen20Creature14] reward=1.13±0.30  dist=0.00±0.00  upright=0.00±0.00  → FITNESS=0.0183
URDF saved to being.urdf
Connecting to PyBullet, GUI: False
CreatureEnv Inicijalizacija: 12 motora. OBS_dim=40, frame_skip=1
[Fitness run Gen20Creature15] reward=1017.49±0.23  dist=0.03±0.01  upright=1.00±0.00  → FITNESS=0.6112
URDF saved to being.urdf
Connecting to PyBullet, GUI: False
CreatureEnv Inicijalizacija: 12 motora. OBS_dim=40, frame_skip=1
[Fitness run Gen20Creature16] reward=1053.20±0.99  dist=0.04±0.13  upright=1.00±0.00  → FITNESS=0.6146
URDF saved to being.urdf
Connecting to PyBullet, GUI: False
CreatureEnv Inicijalizacija: 12 motora. OBS_dim=40, frame_skip=1
[Fitness run Gen20Creature17] reward=1034.67±0.01  dist=0.02±0.01  upright=1.00±0.00  → FITNESS=0.6125
URDF saved to being.urdf
Connecting to PyBullet, GUI: False
CreatureEnv Inicijalizacija: 12 motora. OBS_dim=40, frame_skip=1
[Fitness run Gen20Creature19] reward=1059.17±0.04  dist=0.17±0.03  upright=1.00±0.00  → FITNESS=0.6171
URDF saved to being.urdf
Connecting to PyBullet, GUI: False
CreatureEnv Inicijalizacija: 12 motora. OBS_dim=40, frame_skip=1
[Fitness run Gen20Creature21] reward=1.80±0.03  dist=0.03±0.02  upright=0.31±0.04  → FITNESS=0.1736
URDF saved to being.urdf
Connecting to PyBullet, GUI: False
CreatureEnv Inicijalizacija: 12 motora. OBS_dim=40, frame_skip=1
[Fitness run Gen20Creature23] reward=1078.15±0.07  dist=0.00±0.00  upright=1.00±0.00  → FITNESS=0.6162
URDF saved to being.urdf
Connecting to PyBullet, GUI: False
CreatureEnv Inicijalizacija: 12 motora. OBS_dim=40, frame_skip=1
[Fitness run Gen20Creature24] reward=921.09±306.53  dist=0.00±0.01  upright=0.90±0.29  → FITNESS=0.5536
URDF saved to being.urdf
Connecting to PyBullet, GUI: False
CreatureEnv Inicijalizacija: 12 motora. OBS_dim=40, frame_skip=1
[Fitness run Gen20Creature25] reward=1047.56±6.02  dist=0.03±0.09  upright=1.00±0.00  → FITNESS=0.6139
URDF saved to being.urdf
Connecting to PyBullet, GUI: False
CreatureEnv Inicijalizacija: 12 motora. OBS_dim=40, frame_skip=1
[Fitness run Gen20Creature26] reward=1.80±0.05  dist=0.00±0.00  upright=0.06±0.17  → FITNESS=0.0474
URDF saved to being.urdf
Connecting to PyBullet, GUI: False
CreatureEnv Inicijalizacija: 12 motora. OBS_dim=40, frame_skip=1
[Fitness run Gen20Creature27] reward=105.09±311.98  dist=0.00±0.00  upright=0.37±0.21  → FITNESS=0.2116
URDF saved to being.urdf
Connecting to PyBullet, GUI: False
CreatureEnv Inicijalizacija: 12 motora. OBS_dim=40, frame_skip=1
[Fitness run Gen20Creature28] reward=1.83±0.01  dist=0.13±0.05  upright=0.97±0.10  → FITNESS=0.5042
URDF saved to being.urdf
Connecting to PyBullet, GUI: False
CreatureEnv Inicijalizacija: 12 motora. OBS_dim=40, frame_skip=1
[Fitness run Gen20Creature29] reward=2.06±0.02  dist=0.00±0.00  upright=1.00±0.00  → FITNESS=0.5184

BEST FITNESS: 0.6192
Genome saved to results\uprightBased500Steps1Seed\run_5\run_5_best_creature.json
[0m