pybullet build time: Dec  5 2025 14:05:30
[power] Windows sleep/throttle prevention active
[distanceBased500Steps5DifferentSeeds/run_3] starting  seed=2
NUM_GENES: 48  (BODY=4 + 4 noge x 11 = 48)
Pop: 30  |  Gen: 20  |  Train koraci: 500

[log] Experiment log created → ./results\distanceBased500Steps5DifferentSeeds\run_3\run_3.json
URDF saved to temp_urdf\being_9552.urdf
Connecting to PyBullet, GUI: False
CreatureEnv Inicijalizacija: 12 motora. OBS_dim=40, frame_skip=1
[Fitness run Gen0Creature0] reward=1.82±0.00  dist=0.11±0.04  upright=0.00±0.00  → FITNESS=0.0211
URDF saved to temp_urdf\being_9552.urdf
Connecting to PyBullet, GUI: False
CreatureEnv Inicijalizacija: 12 motora. OBS_dim=40, frame_skip=1
[Fitness run Gen0Creature1] reward=1.46±0.12  dist=0.05±0.08  upright=0.01±0.03  → FITNESS=0.0224
URDF saved to temp_urdf\being_9552.urdf
Connecting to PyBullet, GUI: False
CreatureEnv Inicijalizacija: 12 motora. OBS_dim=40, frame_skip=1
[Fitness run Gen0Creature2] reward=0.22±0.97  dist=0.00±0.00  upright=0.00±0.00  → FITNESS=0.0182
URDF saved to temp_urdf\being_9552.urdf
Connecting to PyBullet, GUI: False
CreatureEnv Inicijalizacija: 12 motora. OBS_dim=40, frame_skip=1
[Fitness run Gen0Creature3] reward=1.53±0.16  dist=0.10±0.04  upright=0.11±0.14  → FITNESS=0.0537
URDF saved to temp_urdf\being_9552.urdf
Connecting to PyBullet, GUI: False
CreatureEnv Inicijalizacija: 12 motora. OBS_dim=40, frame_skip=1
[Fitness run Gen0Creature4] reward=1.82±0.32  dist=0.00±0.00  upright=0.21±0.12  → FITNESS=0.0813
URDF saved to temp_urdf\being_9552.urdf
Connecting to PyBullet, GUI: False
CreatureEnv Inicijalizacija: 12 motora. OBS_dim=40, frame_skip=1
[Fitness run Gen0Creature5] reward=1.66±0.01  dist=0.00±0.00  upright=0.01±0.04  → FITNESS=0.0222
URDF saved to temp_urdf\being_9552.urdf
Connecting to PyBullet, GUI: False
CreatureEnv Inicijalizacija: 12 motora. OBS_dim=40, frame_skip=1
[Fitness run Gen0Creature6] reward=1.90±0.07  dist=0.20±0.03  upright=0.00±0.00  → FITNESS=0.0232
URDF saved to temp_urdf\being_9552.urdf
Connecting to PyBullet, GUI: False
CreatureEnv Inicijalizacija: 12 motora. OBS_dim=40, frame_skip=1
[Fitness run Gen0Creature7] reward=1.49±0.04  dist=0.01±0.04  upright=0.00±0.00  → FITNESS=0.0186
URDF saved to temp_urdf\being_9552.urdf
Connecting to PyBullet, GUI: False
CreatureEnv Inicijalizacija: 12 motora. OBS_dim=40, frame_skip=1
[Fitness run Gen0Creature8] reward=1.62±0.20  dist=0.00±0.01  upright=0.10±0.05  → FITNESS=0.0475
URDF saved to temp_urdf\being_9552.urdf
Connecting to PyBullet, GUI: False
CreatureEnv Inicijalizacija: 12 motora. OBS_dim=40, frame_skip=1
[Fitness run Gen0Creature9] reward=2.06±0.19  dist=0.03±0.02  upright=0.03±0.01  → FITNESS=0.0288
URDF saved to temp_urdf\being_9552.urdf
Connecting to PyBullet, GUI: False
CreatureEnv Inicijalizacija: 12 motora. OBS_dim=40, frame_skip=1
[Fitness run Gen0Creature10] reward=1.59±0.01  dist=0.01±0.04  upright=0.00±0.00  → FITNESS=0.0186
URDF saved to temp_urdf\being_9552.urdf
Connecting to PyBullet, GUI: False
CreatureEnv Inicijalizacija: 12 motora. OBS_dim=40, frame_skip=1
[Fitness run Gen0Creature11] reward=1.73±0.04  dist=0.02±0.05  upright=0.04±0.11  → FITNESS=0.0303
URDF saved to temp_urdf\being_9552.urdf
Connecting to PyBullet, GUI: False
CreatureEnv Inicijalizacija: 12 motora. OBS_dim=40, frame_skip=1
[Fitness run Gen0Creature12] reward=1.70±0.00  dist=0.06±0.02  upright=0.00±0.00  → FITNESS=0.0198
URDF saved to temp_urdf\being_9552.urdf
Connecting to PyBullet, GUI: False
CreatureEnv Inicijalizacija: 12 motora. OBS_dim=40, frame_skip=1
[Fitness run Gen0Creature13] reward=1.80±0.19  dist=0.04±0.06  upright=0.75±0.15  → FITNESS=0.2429
URDF saved to temp_urdf\being_9552.urdf
Connecting to PyBullet, GUI: False
CreatureEnv Inicijalizacija: 12 motora. OBS_dim=40, frame_skip=1
[Fitness run Gen0Creature14] reward=1.59±0.11  dist=0.38±0.13  upright=0.10±0.30  → FITNESS=0.0579
URDF saved to temp_urdf\being_9552.urdf
Connecting to PyBullet, GUI: False
CreatureEnv Inicijalizacija: 12 motora. OBS_dim=40, frame_skip=1
[Fitness run Gen0Creature15] reward=1.39±0.28  dist=0.58±0.04  upright=0.00±0.00  → FITNESS=0.0328
URDF saved to temp_urdf\being_9552.urdf
Connecting to PyBullet, GUI: False
CreatureEnv Inicijalizacija: 12 motora. OBS_dim=40, frame_skip=1
[Fitness run Gen0Creature16] reward=1.52±0.00  dist=0.04±0.13  upright=0.01±0.04  → FITNESS=0.0233
URDF saved to temp_urdf\being_9552.urdf
Connecting to PyBullet, GUI: False
CreatureEnv Inicijalizacija: 12 motora. OBS_dim=40, frame_skip=1
[Fitness run Gen0Creature17] reward=1.51±0.00  dist=0.00±0.01  upright=0.01±0.03  → FITNESS=0.0213
URDF saved to temp_urdf\being_9552.urdf
Connecting to PyBullet, GUI: False
CreatureEnv Inicijalizacija: 12 motora. OBS_dim=40, frame_skip=1
[Fitness run Gen0Creature18] reward=1.20±0.51  dist=0.07±0.05  upright=0.41±0.14  → FITNESS=0.1439
URDF saved to temp_urdf\being_9552.urdf
Connecting to PyBullet, GUI: False
CreatureEnv Inicijalizacija: 12 motora. OBS_dim=40, frame_skip=1
[Fitness run Gen0Creature19] reward=1.40±0.39  dist=0.22±0.16  upright=0.56±0.21  → FITNESS=0.1921
URDF saved to temp_urdf\being_9552.urdf
Connecting to PyBullet, GUI: False
CreatureEnv Inicijalizacija: 12 motora. OBS_dim=40, frame_skip=1
[Fitness run Gen0Creature20] reward=1.59±0.27  dist=0.00±0.00  upright=0.63±0.20  → FITNESS=0.2080
URDF saved to temp_urdf\being_9552.urdf
Connecting to PyBullet, GUI: False
CreatureEnv Inicijalizacija: 12 motora. OBS_dim=40, frame_skip=1
[Fitness run Gen0Creature21] reward=1.58±0.13  dist=0.00±0.00  upright=0.00±0.00  → FITNESS=0.0183
URDF saved to temp_urdf\being_9552.urdf
Connecting to PyBullet, GUI: False
CreatureEnv Inicijalizacija: 12 motora. OBS_dim=40, frame_skip=1
[Fitness run Gen0Creature22] reward=1.58±0.00  dist=0.00±0.00  upright=0.11±0.08  → FITNESS=0.0522
URDF saved to temp_urdf\being_9552.urdf
Connecting to PyBullet, GUI: False
CreatureEnv Inicijalizacija: 12 motora. OBS_dim=40, frame_skip=1
[Fitness run Gen0Creature23] reward=1.81±0.00  dist=0.05±0.04  upright=0.11±0.04  → FITNESS=0.0525
URDF saved to temp_urdf\being_9552.urdf
Connecting to PyBullet, GUI: False
CreatureEnv Inicijalizacija: 12 motora. OBS_dim=40, frame_skip=1
[Fitness run Gen0Creature24] reward=1.67±0.05  dist=0.00±0.00  upright=0.00±0.00  → FITNESS=0.0183
URDF saved to temp_urdf\being_9552.urdf
Connecting to PyBullet, GUI: False
CreatureEnv Inicijalizacija: 12 motora. OBS_dim=40, frame_skip=1
[Fitness run Gen0Creature25] reward=1.75±0.00  dist=0.01±0.02  upright=0.01±0.02  → FITNESS=0.0205
URDF saved to temp_urdf\being_9552.urdf
Connecting to PyBullet, GUI: False
CreatureEnv Inicijalizacija: 12 motora. OBS_dim=40, frame_skip=1
[Fitness run Gen0Creature26] reward=1.67±0.05  dist=0.14±0.13  upright=0.03±0.01  → FITNESS=0.0306
URDF saved to temp_urdf\being_9552.urdf
Connecting to PyBullet, GUI: False
CreatureEnv Inicijalizacija: 12 motora. OBS_dim=40, frame_skip=1
[Fitness run Gen0Creature27] reward=1.77±0.08  dist=0.00±0.01  upright=0.07±0.22  → FITNESS=0.0407
URDF saved to temp_urdf\being_9552.urdf
Connecting to PyBullet, GUI: False
CreatureEnv Inicijalizacija: 12 motora. OBS_dim=40, frame_skip=1
[Fitness run Gen0Creature28] reward=1.46±0.14  dist=0.00±0.01  upright=0.04±0.13  → FITNESS=0.0310
URDF saved to temp_urdf\being_9552.urdf
Connecting to PyBullet, GUI: False
CreatureEnv Inicijalizacija: 12 motora. OBS_dim=40, frame_skip=1
[Fitness run Gen0Creature29] reward=1.21±0.44  dist=0.44±0.11  upright=0.17±0.04  → FITNESS=0.0796
URDF saved to temp_urdf\being_9552.urdf
Connecting to PyBullet, GUI: False
CreatureEnv Inicijalizacija: 12 motora. OBS_dim=40, frame_skip=1
[Fitness run Gen1Creature2] reward=1.55±0.04  dist=0.13±0.04  upright=0.00±0.00  → FITNESS=0.0216
URDF saved to temp_urdf\being_9552.urdf
Connecting to PyBullet, GUI: False
CreatureEnv Inicijalizacija: 12 motora. OBS_dim=40, frame_skip=1
[Fitness run Gen1Creature3] reward=1.48±0.04  dist=0.11±0.04  upright=0.00±0.00  → FITNESS=0.0211
URDF saved to temp_urdf\being_9552.urdf
Connecting to PyBullet, GUI: False
CreatureEnv Inicijalizacija: 12 motora. OBS_dim=40, frame_skip=1
[Fitness run Gen1Creature4] reward=968.13±322.16  dist=0.00±0.01  upright=0.90±0.30  → FITNESS=0.3763
URDF saved to temp_urdf\being_9552.urdf
Connecting to PyBullet, GUI: False
CreatureEnv Inicijalizacija: 12 motora. OBS_dim=40, frame_skip=1
[Fitness run Gen1Creature5] reward=1.20±0.11  dist=0.12±0.06  upright=0.06±0.00  → FITNESS=0.0407
URDF saved to temp_urdf\being_9552.urdf
Connecting to PyBullet, GUI: False
CreatureEnv Inicijalizacija: 12 motora. OBS_dim=40, frame_skip=1
[Fitness run Gen1Creature6] reward=1.21±0.03  dist=0.04±0.12  upright=0.09±0.08  → FITNESS=0.0464
URDF saved to temp_urdf\being_9552.urdf
Connecting to PyBullet, GUI: False
CreatureEnv Inicijalizacija: 12 motora. OBS_dim=40, frame_skip=1
[Fitness run Gen1Creature7] reward=1.34±0.04  dist=0.09±0.15  upright=0.01±0.04  → FITNESS=0.0243
URDF saved to temp_urdf\being_9552.urdf
Connecting to PyBullet, GUI: False
CreatureEnv Inicijalizacija: 12 motora. OBS_dim=40, frame_skip=1
[Fitness run Gen1Creature8] reward=1.86±0.14  dist=0.02±0.05  upright=0.91±0.28  → FITNESS=0.2908
URDF saved to temp_urdf\being_9552.urdf
Connecting to PyBullet, GUI: False
CreatureEnv Inicijalizacija: 12 motora. OBS_dim=40, frame_skip=1
[Fitness run Gen1Creature9] reward=1.68±0.03  dist=0.03±0.09  upright=0.34±0.06  → FITNESS=0.1197
URDF saved to temp_urdf\being_9552.urdf
Connecting to PyBullet, GUI: False
CreatureEnv Inicijalizacija: 12 motora. OBS_dim=40, frame_skip=1
[Fitness run Gen1Creature10] reward=0.92±0.28  dist=0.03±0.05  upright=0.55±0.19  → FITNESS=0.1835
URDF saved to temp_urdf\being_9552.urdf
Connecting to PyBullet, GUI: False
CreatureEnv Inicijalizacija: 12 motora. OBS_dim=40, frame_skip=1
[Fitness run Gen1Creature11] reward=1.65±0.07  dist=0.00±0.01  upright=0.15±0.28  → FITNESS=0.0649
URDF saved to temp_urdf\being_9552.urdf
Connecting to PyBullet, GUI: False
CreatureEnv Inicijalizacija: 12 motora. OBS_dim=40, frame_skip=1
[Fitness run Gen1Creature12] reward=1.43±0.27  dist=0.00±0.00  upright=0.00±0.00  → FITNESS=0.0183
URDF saved to temp_urdf\being_9552.urdf
Connecting to PyBullet, GUI: False
CreatureEnv Inicijalizacija: 12 motora. OBS_dim=40, frame_skip=1
[Fitness run Gen1Creature13] reward=1.68±0.03  dist=0.00±0.00  upright=1.00±0.00  → FITNESS=0.3183
URDF saved to temp_urdf\being_9552.urdf
Connecting to PyBullet, GUI: False
CreatureEnv Inicijalizacija: 12 motora. OBS_dim=40, frame_skip=1
[Fitness run Gen1Creature14] reward=1.56±0.02  dist=0.13±0.13  upright=0.06±0.18  → FITNESS=0.0399
URDF saved to temp_urdf\being_9552.urdf
Connecting to PyBullet, GUI: False
CreatureEnv Inicijalizacija: 12 motora. OBS_dim=40, frame_skip=1
[Fitness run Gen1Creature15] reward=1.30±0.04  dist=0.32±0.06  upright=0.09±0.03  → FITNESS=0.0525
URDF saved to temp_urdf\being_9552.urdf
Connecting to PyBullet, GUI: False
CreatureEnv Inicijalizacija: 12 motora. OBS_dim=40, frame_skip=1
[Fitness run Gen1Creature16] reward=1.62±0.06  dist=0.00±0.00  upright=0.37±0.12  → FITNESS=0.1287
URDF saved to temp_urdf\being_9552.urdf
Connecting to PyBullet, GUI: False
CreatureEnv Inicijalizacija: 12 motora. OBS_dim=40, frame_skip=1
[Fitness run Gen1Creature17] reward=1.43±0.21  dist=0.32±0.07  upright=0.34±0.24  → FITNESS=0.1280
URDF saved to temp_urdf\being_9552.urdf
Connecting to PyBullet, GUI: False
CreatureEnv Inicijalizacija: 12 motora. OBS_dim=40, frame_skip=1
[Fitness run Gen1Creature18] reward=1.78±0.00  dist=0.04±0.01  upright=0.10±0.02  → FITNESS=0.0503
URDF saved to temp_urdf\being_9552.urdf
Connecting to PyBullet, GUI: False
CreatureEnv Inicijalizacija: 12 motora. OBS_dim=40, frame_skip=1
[Fitness run Gen1Creature19] reward=1.75±0.01  dist=0.12±0.04  upright=0.02±0.07  → FITNESS=0.0282
URDF saved to temp_urdf\being_9552.urdf
Connecting to PyBullet, GUI: False
CreatureEnv Inicijalizacija: 12 motora. OBS_dim=40, frame_skip=1
[Fitness run Gen1Creature20] reward=1.46±0.02  dist=0.23±0.08  upright=0.16±0.05  → FITNESS=0.0715
URDF saved to temp_urdf\being_9552.urdf
Connecting to PyBullet, GUI: False
CreatureEnv Inicijalizacija: 12 motora. OBS_dim=40, frame_skip=1
[Fitness run Gen1Creature21] reward=1.58±0.13  dist=0.06±0.17  upright=0.21±0.08  → FITNESS=0.0836
URDF saved to temp_urdf\being_9552.urdf
Connecting to PyBullet, GUI: False
CreatureEnv Inicijalizacija: 12 motora. OBS_dim=40, frame_skip=1
[Fitness run Gen1Creature22] reward=1.57±0.06  dist=0.15±0.02  upright=0.00±0.00  → FITNESS=0.0222
URDF saved to temp_urdf\being_9552.urdf
Connecting to PyBullet, GUI: False
CreatureEnv Inicijalizacija: 12 motora. OBS_dim=40, frame_skip=1
[Fitness run Gen1Creature23] reward=-0.38±0.10  dist=0.35±0.04  upright=0.00±0.00  → FITNESS=0.0269
URDF saved to temp_urdf\being_9552.urdf
Connecting to PyBullet, GUI: False
CreatureEnv Inicijalizacija: 12 motora. OBS_dim=40, frame_skip=1
[Fitness run Gen1Creature24] reward=1.13±0.11  dist=0.40±0.15  upright=0.06±0.19  → FITNESS=0.0476
URDF saved to temp_urdf\being_9552.urdf
Connecting to PyBullet, GUI: False
CreatureEnv Inicijalizacija: 12 motora. OBS_dim=40, frame_skip=1
[Fitness run Gen1Creature25] reward=1.40±0.18  dist=0.46±0.13  upright=0.28±0.24  → FITNESS=0.1130
URDF saved to temp_urdf\being_9552.urdf
Connecting to PyBullet, GUI: False
CreatureEnv Inicijalizacija: 12 motora. OBS_dim=40, frame_skip=1
[Fitness run Gen1Creature26] reward=0.80±0.23  dist=0.08±0.07  upright=0.02±0.05  → FITNESS=0.0251
URDF saved to temp_urdf\being_9552.urdf
Connecting to PyBullet, GUI: False
CreatureEnv Inicijalizacija: 12 motora. OBS_dim=40, frame_skip=1
[Fitness run Gen1Creature27] reward=0.86±0.41  dist=0.01±0.01  upright=0.14±0.07  → FITNESS=0.0591
URDF saved to temp_urdf\being_9552.urdf
Connecting to PyBullet, GUI: False
CreatureEnv Inicijalizacija: 12 motora. OBS_dim=40, frame_skip=1
[Fitness run Gen1Creature28] reward=1.72±0.00  dist=0.07±0.03  upright=1.00±0.00  → FITNESS=0.3202
URDF saved to temp_urdf\being_9552.urdf
Connecting to PyBullet, GUI: False
CreatureEnv Inicijalizacija: 12 motora. OBS_dim=40, frame_skip=1
[Fitness run Gen1Creature29] reward=1.76±0.01  dist=0.05±0.16  upright=0.02±0.05  → FITNESS=0.0245

==================================================
Generacija 1/20  |  Best = 0.3763  |  Mean = 0.1066  |  Std = 0.1037
==================================================
URDF saved to temp_urdf\being_9552.urdf
Connecting to PyBullet, GUI: False
CreatureEnv Inicijalizacija: 12 motora. OBS_dim=40, frame_skip=1
[Fitness run Gen1Creature2] reward=1.55±0.04  dist=0.13±0.04  upright=0.00±0.00  → FITNESS=0.0216
URDF saved to temp_urdf\being_9552.urdf
Connecting to PyBullet, GUI: False
CreatureEnv Inicijalizacija: 12 motora. OBS_dim=40, frame_skip=1
[Fitness run Gen1Creature3] reward=1.48±0.04  dist=0.11±0.04  upright=0.00±0.00  → FITNESS=0.0211
URDF saved to temp_urdf\being_9552.urdf
Connecting to PyBullet, GUI: False
CreatureEnv Inicijalizacija: 12 motora. OBS_dim=40, frame_skip=1
[Fitness run Gen1Creature4] reward=968.13±322.16  dist=0.00±0.01  upright=0.90±0.30  → FITNESS=0.3763
URDF saved to temp_urdf\being_9552.urdf
Connecting to PyBullet, GUI: False
CreatureEnv Inicijalizacija: 12 motora. OBS_dim=40, frame_skip=1
[Fitness run Gen1Creature5] reward=1.20±0.11  dist=0.12±0.06  upright=0.06±0.00  → FITNESS=0.0407
URDF saved to temp_urdf\being_9552.urdf
Connecting to PyBullet, GUI: False
CreatureEnv Inicijalizacija: 12 motora. OBS_dim=40, frame_skip=1
[Fitness run Gen1Creature6] reward=1.21±0.03  dist=0.04±0.12  upright=0.09±0.08  → FITNESS=0.0464
URDF saved to temp_urdf\being_9552.urdf
Connecting to PyBullet, GUI: False
CreatureEnv Inicijalizacija: 12 motora. OBS_dim=40, frame_skip=1
[Fitness run Gen1Creature7] reward=1.34±0.04  dist=0.09±0.15  upright=0.01±0.04  → FITNESS=0.0243
URDF saved to temp_urdf\being_9552.urdf
Connecting to PyBullet, GUI: False
CreatureEnv Inicijalizacija: 12 motora. OBS_dim=40, frame_skip=1
[Fitness run Gen1Creature8] reward=1.86±0.14  dist=0.02±0.05  upright=0.91±0.28  → FITNESS=0.2908
URDF saved to temp_urdf\being_9552.urdf
Connecting to PyBullet, GUI: False
CreatureEnv Inicijalizacija: 12 motora. OBS_dim=40, frame_skip=1
[Fitness run Gen1Creature9] reward=1.68±0.03  dist=0.03±0.09  upright=0.34±0.06  → FITNESS=0.1197
URDF saved to temp_urdf\being_9552.urdf
Connecting to PyBullet, GUI: False
CreatureEnv Inicijalizacija: 12 motora. OBS_dim=40, frame_skip=1
[Fitness run Gen1Creature10] reward=0.92±0.28  dist=0.03±0.05  upright=0.55±0.19  → FITNESS=0.1835
URDF saved to temp_urdf\being_9552.urdf
Connecting to PyBullet, GUI: False
CreatureEnv Inicijalizacija: 12 motora. OBS_dim=40, frame_skip=1
[Fitness run Gen1Creature11] reward=1.65±0.07  dist=0.00±0.01  upright=0.15±0.28  → FITNESS=0.0649
URDF saved to temp_urdf\being_9552.urdf
Connecting to PyBullet, GUI: False
CreatureEnv Inicijalizacija: 12 motora. OBS_dim=40, frame_skip=1
[Fitness run Gen1Creature12] reward=1.43±0.27  dist=0.00±0.00  upright=0.00±0.00  → FITNESS=0.0183
URDF saved to temp_urdf\being_9552.urdf
Connecting to PyBullet, GUI: False
CreatureEnv Inicijalizacija: 12 motora. OBS_dim=40, frame_skip=1
[Fitness run Gen1Creature13] reward=1.68±0.03  dist=0.00±0.00  upright=1.00±0.00  → FITNESS=0.3183
URDF saved to temp_urdf\being_9552.urdf
Connecting to PyBullet, GUI: False
CreatureEnv Inicijalizacija: 12 motora. OBS_dim=40, frame_skip=1
[Fitness run Gen1Creature14] reward=1.56±0.02  dist=0.13±0.13  upright=0.06±0.18  → FITNESS=0.0399
URDF saved to temp_urdf\being_9552.urdf
Connecting to PyBullet, GUI: False
CreatureEnv Inicijalizacija: 12 motora. OBS_dim=40, frame_skip=1
[Fitness run Gen1Creature15] reward=1.30±0.04  dist=0.32±0.06  upright=0.09±0.03  → FITNESS=0.0525
URDF saved to temp_urdf\being_9552.urdf
Connecting to PyBullet, GUI: False
CreatureEnv Inicijalizacija: 12 motora. OBS_dim=40, frame_skip=1
[Fitness run Gen1Creature16] reward=1.62±0.06  dist=0.00±0.00  upright=0.37±0.12  → FITNESS=0.1287
URDF saved to temp_urdf\being_9552.urdf
Connecting to PyBullet, GUI: False
CreatureEnv Inicijalizacija: 12 motora. OBS_dim=40, frame_skip=1
[Fitness run Gen1Creature17] reward=1.43±0.21  dist=0.32±0.07  upright=0.34±0.24  → FITNESS=0.1280
URDF saved to temp_urdf\being_9552.urdf
Connecting to PyBullet, GUI: False
CreatureEnv Inicijalizacija: 12 motora. OBS_dim=40, frame_skip=1
[Fitness run Gen1Creature18] reward=1.78±0.00  dist=0.04±0.01  upright=0.10±0.02  → FITNESS=0.0503
URDF saved to temp_urdf\being_9552.urdf
Connecting to PyBullet, GUI: False
CreatureEnv Inicijalizacija: 12 motora. OBS_dim=40, frame_skip=1
[Fitness run Gen1Creature19] reward=1.75±0.01  dist=0.12±0.04  upright=0.02±0.07  → FITNESS=0.0282
URDF saved to temp_urdf\being_9552.urdf
Connecting to PyBullet, GUI: False
CreatureEnv Inicijalizacija: 12 motora. OBS_dim=40, frame_skip=1
[Fitness run Gen1Creature20] reward=1.46±0.02  dist=0.23±0.08  upright=0.16±0.05  → FITNESS=0.0715
URDF saved to temp_urdf\being_9552.urdf
Connecting to PyBullet, GUI: False
CreatureEnv Inicijalizacija: 12 motora. OBS_dim=40, frame_skip=1
[Fitness run Gen1Creature21] reward=1.58±0.13  dist=0.06±0.17  upright=0.21±0.08  → FITNESS=0.0836
URDF saved to temp_urdf\being_9552.urdf
Connecting to PyBullet, GUI: False
CreatureEnv Inicijalizacija: 12 motora. OBS_dim=40, frame_skip=1
[Fitness run Gen1Creature22] reward=1.57±0.06  dist=0.15±0.02  upright=0.00±0.00  → FITNESS=0.0222
URDF saved to temp_urdf\being_9552.urdf
Connecting to PyBullet, GUI: False
CreatureEnv Inicijalizacija: 12 motora. OBS_dim=40, frame_skip=1
[Fitness run Gen1Creature23] reward=-0.38±0.10  dist=0.35±0.04  upright=0.00±0.00  → FITNESS=0.0269
URDF saved to temp_urdf\being_9552.urdf
Connecting to PyBullet, GUI: False
CreatureEnv Inicijalizacija: 12 motora. OBS_dim=40, frame_skip=1
[Fitness run Gen1Creature24] reward=1.13±0.11  dist=0.40±0.15  upright=0.06±0.19  → FITNESS=0.0476
URDF saved to temp_urdf\being_9552.urdf
Connecting to PyBullet, GUI: False
CreatureEnv Inicijalizacija: 12 motora. OBS_dim=40, frame_skip=1
[Fitness run Gen1Creature25] reward=1.40±0.18  dist=0.46±0.13  upright=0.28±0.24  → FITNESS=0.1130
URDF saved to temp_urdf\being_9552.urdf
Connecting to PyBullet, GUI: False
CreatureEnv Inicijalizacija: 12 motora. OBS_dim=40, frame_skip=1
[Fitness run Gen1Creature26] reward=0.80±0.23  dist=0.08±0.07  upright=0.02±0.05  → FITNESS=0.0251
URDF saved to temp_urdf\being_9552.urdf
Connecting to PyBullet, GUI: False
CreatureEnv Inicijalizacija: 12 motora. OBS_dim=40, frame_skip=1
[Fitness run Gen1Creature27] reward=0.86±0.41  dist=0.01±0.01  upright=0.14±0.07  → FITNESS=0.0591
URDF saved to temp_urdf\being_9552.urdf
Connecting to PyBullet, GUI: False
CreatureEnv Inicijalizacija: 12 motora. OBS_dim=40, frame_skip=1
[Fitness run Gen1Creature28] reward=1.72±0.00  dist=0.07±0.03  upright=1.00±0.00  → FITNESS=0.3202
URDF saved to temp_urdf\being_9552.urdf
Connecting to PyBullet, GUI: False
CreatureEnv Inicijalizacija: 12 motora. OBS_dim=40, frame_skip=1
[Fitness run Gen1Creature29] reward=1.76±0.01  dist=0.05±0.16  upright=0.02±0.05  → FITNESS=0.0245
Genome saved to results\distanceBased500Steps5DifferentSeeds\run_3\run_3_best_creature.json
[plot] Summary saved → results\distanceBased500Steps5DifferentSeeds\run_3\run_3_summary.png
URDF saved to temp_urdf\being_9552.urdf
Connecting to PyBullet, GUI: False
CreatureEnv Inicijalizacija: 12 motora. OBS_dim=40, frame_skip=1
[Fitness run Gen2Creature2] reward=1.80±0.12  dist=0.00±0.00  upright=0.90±0.30  → FITNESS=0.2883
URDF saved to temp_urdf\being_9552.urdf
Connecting to PyBullet, GUI: False
CreatureEnv Inicijalizacija: 12 motora. OBS_dim=40, frame_skip=1
[Fitness run Gen2Creature3] reward=1.52±0.00  dist=0.03±0.02  upright=0.00±0.00  → FITNESS=0.0191
URDF saved to temp_urdf\being_9552.urdf
Connecting to PyBullet, GUI: False
CreatureEnv Inicijalizacija: 12 motora. OBS_dim=40, frame_skip=1
[Fitness run Gen2Creature4] reward=1.03±0.45  dist=0.08±0.04  upright=0.27±0.28  → FITNESS=0.1017
URDF saved to temp_urdf\being_9552.urdf
Connecting to PyBullet, GUI: False
CreatureEnv Inicijalizacija: 12 motora. OBS_dim=40, frame_skip=1
[Fitness run Gen2Creature5] reward=1.18±0.40  dist=0.18±0.15  upright=0.15±0.08  → FITNESS=0.0691
URDF saved to temp_urdf\being_9552.urdf
Connecting to PyBullet, GUI: False
CreatureEnv Inicijalizacija: 12 motora. OBS_dim=40, frame_skip=1
[Fitness run Gen2Creature6] reward=1.77±0.01  dist=0.02±0.01  upright=0.78±0.08  → FITNESS=0.2540
URDF saved to temp_urdf\being_9552.urdf
Connecting to PyBullet, GUI: False
CreatureEnv Inicijalizacija: 12 motora. OBS_dim=40, frame_skip=1
[Fitness run Gen2Creature7] reward=1.59±0.00  dist=0.17±0.06  upright=0.09±0.03  → FITNESS=0.0488
URDF saved to temp_urdf\being_9552.urdf
Connecting to PyBullet, GUI: False
CreatureEnv Inicijalizacija: 12 motora. OBS_dim=40, frame_skip=1
[Fitness run Gen2Creature8] reward=1.71±0.06  dist=0.04±0.06  upright=0.85±0.20  → FITNESS=0.2749
URDF saved to temp_urdf\being_9552.urdf
Connecting to PyBullet, GUI: False
CreatureEnv Inicijalizacija: 12 motora. OBS_dim=40, frame_skip=1
[Fitness run Gen2Creature9] reward=0.78±0.51  dist=0.01±0.02  upright=0.02±0.07  → FITNESS=0.0252
URDF saved to temp_urdf\being_9552.urdf
Connecting to PyBullet, GUI: False
CreatureEnv Inicijalizacija: 12 motora. OBS_dim=40, frame_skip=1
[Fitness run Gen2Creature10] reward=1.78±0.18  dist=0.00±0.00  upright=0.18±0.16  → FITNESS=0.0735
URDF saved to temp_urdf\being_9552.urdf
Connecting to PyBullet, GUI: False
CreatureEnv Inicijalizacija: 12 motora. OBS_dim=40, frame_skip=1
[Fitness run Gen2Creature11] reward=1.86±0.07  dist=0.00±0.00  upright=0.00±0.00  → FITNESS=0.0184
URDF saved to temp_urdf\being_9552.urdf
Connecting to PyBullet, GUI: False
CreatureEnv Inicijalizacija: 12 motora. OBS_dim=40, frame_skip=1
[Fitness run Gen2Creature12] reward=860.13±286.20  dist=0.00±0.00  upright=0.90±0.30  → FITNESS=0.3664
URDF saved to temp_urdf\being_9552.urdf
Connecting to PyBullet, GUI: False
CreatureEnv Inicijalizacija: 12 motora. OBS_dim=40, frame_skip=1
[Fitness run Gen2Creature13] reward=962.35±320.20  dist=1.67±0.56  upright=0.90±0.30  → FITNESS=0.4174
URDF saved to temp_urdf\being_9552.urdf
Connecting to PyBullet, GUI: False
CreatureEnv Inicijalizacija: 12 motora. OBS_dim=40, frame_skip=1
[Fitness run Gen2Creature14] reward=1.27±0.31  dist=0.00±0.00  upright=0.33±0.23  → FITNESS=0.1160
URDF saved to temp_urdf\being_9552.urdf
Connecting to PyBullet, GUI: False
CreatureEnv Inicijalizacija: 12 motora. OBS_dim=40, frame_skip=1
[Fitness run Gen2Creature15] reward=1.28±0.08  dist=0.05±0.14  upright=0.20±0.07  → FITNESS=0.0785
URDF saved to temp_urdf\being_9552.urdf
Connecting to PyBullet, GUI: False
CreatureEnv Inicijalizacija: 12 motora. OBS_dim=40, frame_skip=1
[Fitness run Gen2Creature16] reward=1.67±0.00  dist=0.01±0.00  upright=1.00±0.00  → FITNESS=0.3186
URDF saved to temp_urdf\being_9552.urdf
Connecting to PyBullet, GUI: False
CreatureEnv Inicijalizacija: 12 motora. OBS_dim=40, frame_skip=1
[Fitness run Gen2Creature17] reward=1.54±0.00  dist=0.11±0.04  upright=0.24±0.08  → FITNESS=0.0937
URDF saved to temp_urdf\being_9552.urdf
Connecting to PyBullet, GUI: False
CreatureEnv Inicijalizacija: 12 motora. OBS_dim=40, frame_skip=1
[Fitness run Gen2Creature18] reward=1.11±0.74  dist=0.03±0.05  upright=0.30±0.30  → FITNESS=0.1099
URDF saved to temp_urdf\being_9552.urdf
Connecting to PyBullet, GUI: False
CreatureEnv Inicijalizacija: 12 motora. OBS_dim=40, frame_skip=1
[Fitness run Gen2Creature19] reward=1.29±0.00  dist=0.10±0.00  upright=0.12±0.15  → FITNESS=0.0557
URDF saved to temp_urdf\being_9552.urdf
Connecting to PyBullet, GUI: False
CreatureEnv Inicijalizacija: 12 motora. OBS_dim=40, frame_skip=1
[Fitness run Gen2Creature20] reward=1.54±0.07  dist=0.14±0.05  upright=0.16±0.01  → FITNESS=0.0711
URDF saved to temp_urdf\being_9552.urdf
Connecting to PyBullet, GUI: False
CreatureEnv Inicijalizacija: 12 motora. OBS_dim=40, frame_skip=1
[Fitness run Gen2Creature21] reward=1.53±0.04  dist=0.02±0.06  upright=0.01±0.04  → FITNESS=0.0227
URDF saved to temp_urdf\being_9552.urdf
Connecting to PyBullet, GUI: False
CreatureEnv Inicijalizacija: 12 motora. OBS_dim=40, frame_skip=1
[Fitness run Gen2Creature22] reward=1.19±0.54  dist=0.00±0.00  upright=0.26±0.14  → FITNESS=0.0967
URDF saved to temp_urdf\being_9552.urdf
Connecting to PyBullet, GUI: False
CreatureEnv Inicijalizacija: 12 motora. OBS_dim=40, frame_skip=1
[Fitness run Gen2Creature23] reward=1.06±0.43  dist=0.01±0.04  upright=0.37±0.10  → FITNESS=0.1299
URDF saved to temp_urdf\being_9552.urdf
Connecting to PyBullet, GUI: False
CreatureEnv Inicijalizacija: 12 motora. OBS_dim=40, frame_skip=1
[Fitness run Gen2Creature24] reward=1.42±0.02  dist=0.06±0.02  upright=0.03±0.10  → FITNESS=0.0294
URDF saved to temp_urdf\being_9552.urdf
Connecting to PyBullet, GUI: False
CreatureEnv Inicijalizacija: 12 motora. OBS_dim=40, frame_skip=1
[Fitness run Gen2Creature25] reward=1.26±0.29  dist=0.23±0.08  upright=0.43±0.20  → FITNESS=0.1537
URDF saved to temp_urdf\being_9552.urdf
Connecting to PyBullet, GUI: False
CreatureEnv Inicijalizacija: 12 motora. OBS_dim=40, frame_skip=1
[Fitness run Gen2Creature26] reward=1.78±0.06  dist=0.00±0.01  upright=0.90±0.30  → FITNESS=0.2884
URDF saved to temp_urdf\being_9552.urdf
Connecting to PyBullet, GUI: False
CreatureEnv Inicijalizacija: 12 motora. OBS_dim=40, frame_skip=1
[Fitness run Gen2Creature27] reward=210.32±416.95  dist=0.10±0.07  upright=0.49±0.28  → FITNESS=0.1869
URDF saved to temp_urdf\being_9552.urdf
Connecting to PyBullet, GUI: False
CreatureEnv Inicijalizacija: 12 motora. OBS_dim=40, frame_skip=1
[Fitness run Gen2Creature28] reward=1.39±0.05  dist=0.00±0.00  upright=0.65±0.05  → FITNESS=0.2148
URDF saved to temp_urdf\being_9552.urdf
Connecting to PyBullet, GUI: False
CreatureEnv Inicijalizacija: 12 motora. OBS_dim=40, frame_skip=1
[Fitness run Gen2Creature29] reward=1.21±0.15  dist=0.00±0.00  upright=0.22±0.24  → FITNESS=0.0831

==================================================
Generacija 2/20  |  Best = 0.4174  |  Mean = 0.1567  |  Std = 0.1205
==================================================
URDF saved to temp_urdf\being_9552.urdf
Connecting to PyBullet, GUI: False
CreatureEnv Inicijalizacija: 12 motora. OBS_dim=40, frame_skip=1
[Fitness run Gen2Creature2] reward=1.80±0.12  dist=0.00±0.00  upright=0.90±0.30  → FITNESS=0.2883
URDF saved to temp_urdf\being_9552.urdf
Connecting to PyBullet, GUI: False
CreatureEnv Inicijalizacija: 12 motora. OBS_dim=40, frame_skip=1
[Fitness run Gen2Creature3] reward=1.52±0.00  dist=0.03±0.02  upright=0.00±0.00  → FITNESS=0.0191
URDF saved to temp_urdf\being_9552.urdf
Connecting to PyBullet, GUI: False
CreatureEnv Inicijalizacija: 12 motora. OBS_dim=40, frame_skip=1
[Fitness run Gen2Creature4] reward=1.03±0.45  dist=0.08±0.04  upright=0.27±0.28  → FITNESS=0.1017
URDF saved to temp_urdf\being_9552.urdf
Connecting to PyBullet, GUI: False
CreatureEnv Inicijalizacija: 12 motora. OBS_dim=40, frame_skip=1
[Fitness run Gen2Creature5] reward=1.18±0.40  dist=0.18±0.15  upright=0.15±0.08  → FITNESS=0.0691
URDF saved to temp_urdf\being_9552.urdf
Connecting to PyBullet, GUI: False
CreatureEnv Inicijalizacija: 12 motora. OBS_dim=40, frame_skip=1
[Fitness run Gen2Creature6] reward=1.77±0.01  dist=0.02±0.01  upright=0.78±0.08  → FITNESS=0.2540
URDF saved to temp_urdf\being_9552.urdf
Connecting to PyBullet, GUI: False
CreatureEnv Inicijalizacija: 12 motora. OBS_dim=40, frame_skip=1
[Fitness run Gen2Creature7] reward=1.59±0.00  dist=0.17±0.06  upright=0.09±0.03  → FITNESS=0.0488
URDF saved to temp_urdf\being_9552.urdf
Connecting to PyBullet, GUI: False
CreatureEnv Inicijalizacija: 12 motora. OBS_dim=40, frame_skip=1
[Fitness run Gen2Creature8] reward=1.71±0.06  dist=0.04±0.06  upright=0.85±0.20  → FITNESS=0.2749
URDF saved to temp_urdf\being_9552.urdf
Connecting to PyBullet, GUI: False
CreatureEnv Inicijalizacija: 12 motora. OBS_dim=40, frame_skip=1
[Fitness run Gen2Creature9] reward=0.78±0.51  dist=0.01±0.02  upright=0.02±0.07  → FITNESS=0.0252
URDF saved to temp_urdf\being_9552.urdf
Connecting to PyBullet, GUI: False
CreatureEnv Inicijalizacija: 12 motora. OBS_dim=40, frame_skip=1
[Fitness run Gen2Creature10] reward=1.78±0.18  dist=0.00±0.00  upright=0.18±0.16  → FITNESS=0.0735
URDF saved to temp_urdf\being_9552.urdf
Connecting to PyBullet, GUI: False
CreatureEnv Inicijalizacija: 12 motora. OBS_dim=40, frame_skip=1
[Fitness run Gen2Creature11] reward=1.86±0.07  dist=0.00±0.00  upright=0.00±0.00  → FITNESS=0.0184
URDF saved to temp_urdf\being_9552.urdf
Connecting to PyBullet, GUI: False
CreatureEnv Inicijalizacija: 12 motora. OBS_dim=40, frame_skip=1
[Fitness run Gen2Creature12] reward=860.13±286.20  dist=0.00±0.00  upright=0.90±0.30  → FITNESS=0.3664
URDF saved to temp_urdf\being_9552.urdf
Connecting to PyBullet, GUI: False
CreatureEnv Inicijalizacija: 12 motora. OBS_dim=40, frame_skip=1
[Fitness run Gen2Creature13] reward=962.35±320.20  dist=1.67±0.56  upright=0.90±0.30  → FITNESS=0.4174
URDF saved to temp_urdf\being_9552.urdf
Connecting to PyBullet, GUI: False
CreatureEnv Inicijalizacija: 12 motora. OBS_dim=40, frame_skip=1
[Fitness run Gen2Creature14] reward=1.27±0.31  dist=0.00±0.00  upright=0.33±0.23  → FITNESS=0.1160
URDF saved to temp_urdf\being_9552.urdf
Connecting to PyBullet, GUI: False
CreatureEnv Inicijalizacija: 12 motora. OBS_dim=40, frame_skip=1
[Fitness run Gen2Creature15] reward=1.28±0.08  dist=0.05±0.14  upright=0.20±0.07  → FITNESS=0.0785
URDF saved to temp_urdf\being_9552.urdf
Connecting to PyBullet, GUI: False
CreatureEnv Inicijalizacija: 12 motora. OBS_dim=40, frame_skip=1
[Fitness run Gen2Creature16] reward=1.67±0.00  dist=0.01±0.00  upright=1.00±0.00  → FITNESS=0.3186
URDF saved to temp_urdf\being_9552.urdf
Connecting to PyBullet, GUI: False
CreatureEnv Inicijalizacija: 12 motora. OBS_dim=40, frame_skip=1
[Fitness run Gen2Creature17] reward=1.54±0.00  dist=0.11±0.04  upright=0.24±0.08  → FITNESS=0.0937
URDF saved to temp_urdf\being_9552.urdf
Connecting to PyBullet, GUI: False
CreatureEnv Inicijalizacija: 12 motora. OBS_dim=40, frame_skip=1
[Fitness run Gen2Creature18] reward=1.11±0.74  dist=0.03±0.05  upright=0.30±0.30  → FITNESS=0.1099
URDF saved to temp_urdf\being_9552.urdf
Connecting to PyBullet, GUI: False
CreatureEnv Inicijalizacija: 12 motora. OBS_dim=40, frame_skip=1
[Fitness run Gen2Creature19] reward=1.29±0.00  dist=0.10±0.00  upright=0.12±0.15  → FITNESS=0.0557
URDF saved to temp_urdf\being_9552.urdf
Connecting to PyBullet, GUI: False
CreatureEnv Inicijalizacija: 12 motora. OBS_dim=40, frame_skip=1
[Fitness run Gen2Creature20] reward=1.54±0.07  dist=0.14±0.05  upright=0.16±0.01  → FITNESS=0.0711
URDF saved to temp_urdf\being_9552.urdf
Connecting to PyBullet, GUI: False
CreatureEnv Inicijalizacija: 12 motora. OBS_dim=40, frame_skip=1
[Fitness run Gen2Creature21] reward=1.53±0.04  dist=0.02±0.06  upright=0.01±0.04  → FITNESS=0.0227
URDF saved to temp_urdf\being_9552.urdf
Connecting to PyBullet, GUI: False
CreatureEnv Inicijalizacija: 12 motora. OBS_dim=40, frame_skip=1
[Fitness run Gen2Creature22] reward=1.19±0.54  dist=0.00±0.00  upright=0.26±0.14  → FITNESS=0.0967
URDF saved to temp_urdf\being_9552.urdf
Connecting to PyBullet, GUI: False
CreatureEnv Inicijalizacija: 12 motora. OBS_dim=40, frame_skip=1
[Fitness run Gen2Creature23] reward=1.06±0.43  dist=0.01±0.04  upright=0.37±0.10  → FITNESS=0.1299
URDF saved to temp_urdf\being_9552.urdf
Connecting to PyBullet, GUI: False
CreatureEnv Inicijalizacija: 12 motora. OBS_dim=40, frame_skip=1
[Fitness run Gen2Creature24] reward=1.42±0.02  dist=0.06±0.02  upright=0.03±0.10  → FITNESS=0.0294
URDF saved to temp_urdf\being_9552.urdf
Connecting to PyBullet, GUI: False
CreatureEnv Inicijalizacija: 12 motora. OBS_dim=40, frame_skip=1
[Fitness run Gen2Creature25] reward=1.26±0.29  dist=0.23±0.08  upright=0.43±0.20  → FITNESS=0.1537
URDF saved to temp_urdf\being_9552.urdf
Connecting to PyBullet, GUI: False
CreatureEnv Inicijalizacija: 12 motora. OBS_dim=40, frame_skip=1
[Fitness run Gen2Creature26] reward=1.78±0.06  dist=0.00±0.01  upright=0.90±0.30  → FITNESS=0.2884
URDF saved to temp_urdf\being_9552.urdf
Connecting to PyBullet, GUI: False
CreatureEnv Inicijalizacija: 12 motora. OBS_dim=40, frame_skip=1
[Fitness run Gen2Creature27] reward=210.32±416.95  dist=0.10±0.07  upright=0.49±0.28  → FITNESS=0.1869
URDF saved to temp_urdf\being_9552.urdf
Connecting to PyBullet, GUI: False
CreatureEnv Inicijalizacija: 12 motora. OBS_dim=40, frame_skip=1
[Fitness run Gen2Creature28] reward=1.39±0.05  dist=0.00±0.00  upright=0.65±0.05  → FITNESS=0.2148
URDF saved to temp_urdf\being_9552.urdf
Connecting to PyBullet, GUI: False
CreatureEnv Inicijalizacija: 12 motora. OBS_dim=40, frame_skip=1
[Fitness run Gen2Creature29] reward=1.21±0.15  dist=0.00±0.00  upright=0.22±0.24  → FITNESS=0.0831
Genome saved to results\distanceBased500Steps5DifferentSeeds\run_3\run_3_best_creature.json
[plot] Summary saved → results\distanceBased500Steps5DifferentSeeds\run_3\run_3_summary.png
URDF saved to temp_urdf\being_9552.urdf
Connecting to PyBullet, GUI: False
CreatureEnv Inicijalizacija: 12 motora. OBS_dim=40, frame_skip=1
[Fitness run Gen3Creature2] reward=1.64±0.03  dist=0.00±0.00  upright=0.07±0.01  → FITNESS=0.0387
URDF saved to temp_urdf\being_9552.urdf
Connecting to PyBullet, GUI: False
CreatureEnv Inicijalizacija: 12 motora. OBS_dim=40, frame_skip=1
[Fitness run Gen3Creature3] reward=1.68±0.01  dist=0.38±0.13  upright=0.27±0.24  → FITNESS=0.1102
URDF saved to temp_urdf\being_9552.urdf
Connecting to PyBullet, GUI: False
CreatureEnv Inicijalizacija: 12 motora. OBS_dim=40, frame_skip=1
[Fitness run Gen3Creature4] reward=1.58±0.32  dist=0.00±0.00  upright=0.19±0.13  → FITNESS=0.0755
URDF saved to temp_urdf\being_9552.urdf
Connecting to PyBullet, GUI: False
CreatureEnv Inicijalizacija: 12 motora. OBS_dim=40, frame_skip=1
[Fitness run Gen3Creature5] reward=1.71±0.19  dist=0.21±0.04  upright=0.01±0.02  → FITNESS=0.0255
URDF saved to temp_urdf\being_9552.urdf
Connecting to PyBullet, GUI: False
CreatureEnv Inicijalizacija: 12 motora. OBS_dim=40, frame_skip=1
[Fitness run Gen3Creature6] reward=1.65±0.62  dist=0.05±0.16  upright=0.90±0.30  → FITNESS=0.2897
URDF saved to temp_urdf\being_9552.urdf
Connecting to PyBullet, GUI: False
CreatureEnv Inicijalizacija: 12 motora. OBS_dim=40, frame_skip=1
[Fitness run Gen3Creature7] reward=988.70±329.03  dist=0.00±0.01  upright=0.90±0.29  → FITNESS=0.3791
URDF saved to temp_urdf\being_9552.urdf
Connecting to PyBullet, GUI: False
CreatureEnv Inicijalizacija: 12 motora. OBS_dim=40, frame_skip=1
[Fitness run Gen3Creature8] reward=922.24±306.83  dist=0.00±0.00  upright=0.90±0.30  → FITNESS=0.3720
URDF saved to temp_urdf\being_9552.urdf
Connecting to PyBullet, GUI: False
CreatureEnv Inicijalizacija: 12 motora. OBS_dim=40, frame_skip=1
[Fitness run Gen3Creature9] reward=1.67±0.03  dist=0.00±0.00  upright=0.00±0.00  → FITNESS=0.0183
URDF saved to temp_urdf\being_9552.urdf
Connecting to PyBullet, GUI: False
CreatureEnv Inicijalizacija: 12 motora. OBS_dim=40, frame_skip=1
[Fitness run Gen3Creature10] reward=1.60±0.39  dist=0.21±0.18  upright=0.00±0.00  → FITNESS=0.0235
URDF saved to temp_urdf\being_9552.urdf
Connecting to PyBullet, GUI: False
CreatureEnv Inicijalizacija: 12 motora. OBS_dim=40, frame_skip=1
[Fitness run Gen3Creature11] reward=1.55±0.25  dist=0.05±0.03  upright=0.25±0.29  → FITNESS=0.0930
URDF saved to temp_urdf\being_9552.urdf
Connecting to PyBullet, GUI: False
CreatureEnv Inicijalizacija: 12 motora. OBS_dim=40, frame_skip=1
[Fitness run Gen3Creature12] reward=1.53±0.10  dist=0.01±0.00  upright=0.13±0.29  → FITNESS=0.0572
URDF saved to temp_urdf\being_9552.urdf
Connecting to PyBullet, GUI: False
CreatureEnv Inicijalizacija: 12 motora. OBS_dim=40, frame_skip=1
[Fitness run Gen3Creature13] reward=1.72±0.01  dist=0.00±0.00  upright=0.01±0.02  → FITNESS=0.0203
URDF saved to temp_urdf\being_9552.urdf
Connecting to PyBullet, GUI: False
CreatureEnv Inicijalizacija: 12 motora. OBS_dim=40, frame_skip=1
[Fitness run Gen3Creature14] reward=1.15±0.07  dist=0.02±0.06  upright=0.25±0.04  → FITNESS=0.0943
URDF saved to temp_urdf\being_9552.urdf
Connecting to PyBullet, GUI: False
CreatureEnv Inicijalizacija: 12 motora. OBS_dim=40, frame_skip=1
[Fitness run Gen3Creature15] reward=1.76±0.24  dist=0.05±0.15  upright=0.06±0.00  → FITNESS=0.0389
URDF saved to temp_urdf\being_9552.urdf
Connecting to PyBullet, GUI: False
CreatureEnv Inicijalizacija: 12 motora. OBS_dim=40, frame_skip=1
[Fitness run Gen3Creature16] reward=1.77±0.07  dist=0.00±0.01  upright=0.90±0.30  → FITNESS=0.2884
URDF saved to temp_urdf\being_9552.urdf
Connecting to PyBullet, GUI: False
CreatureEnv Inicijalizacija: 12 motora. OBS_dim=40, frame_skip=1
[Fitness run Gen3Creature17] reward=985.15±0.07  dist=0.03±0.01  upright=1.00±0.00  → FITNESS=0.4084
URDF saved to temp_urdf\being_9552.urdf
Connecting to PyBullet, GUI: False
CreatureEnv Inicijalizacija: 12 motora. OBS_dim=40, frame_skip=1
[Fitness run Gen3Creature18] reward=938.98±312.43  dist=0.00±0.00  upright=0.90±0.30  → FITNESS=0.3735
URDF saved to temp_urdf\being_9552.urdf
Connecting to PyBullet, GUI: False
CreatureEnv Inicijalizacija: 12 motora. OBS_dim=40, frame_skip=1
[Fitness run Gen3Creature19] reward=2.73±3.22  dist=0.02±0.06  upright=0.37±0.20  → FITNESS=0.1314
URDF saved to temp_urdf\being_9552.urdf
Connecting to PyBullet, GUI: False
CreatureEnv Inicijalizacija: 12 motora. OBS_dim=40, frame_skip=1
[Fitness run Gen3Creature20] reward=1.90±0.00  dist=0.00±0.00  upright=1.00±0.00  → FITNESS=0.3185
URDF saved to temp_urdf\being_9552.urdf
Connecting to PyBullet, GUI: False
CreatureEnv Inicijalizacija: 12 motora. OBS_dim=40, frame_skip=1
[Fitness run Gen3Creature21] reward=1.76±0.03  dist=0.02±0.05  upright=0.07±0.21  → FITNESS=0.0401
URDF saved to temp_urdf\being_9552.urdf
Connecting to PyBullet, GUI: False
CreatureEnv Inicijalizacija: 12 motora. OBS_dim=40, frame_skip=1
[Fitness run Gen3Creature22] reward=1.34±0.07  dist=0.00±0.00  upright=0.26±0.09  → FITNESS=0.0957
URDF saved to temp_urdf\being_9552.urdf
Connecting to PyBullet, GUI: False
CreatureEnv Inicijalizacija: 12 motora. OBS_dim=40, frame_skip=1
[Fitness run Gen3Creature23] reward=1.19±0.19  dist=0.00±0.00  upright=0.27±0.09  → FITNESS=0.0996
URDF saved to temp_urdf\being_9552.urdf
Connecting to PyBullet, GUI: False
CreatureEnv Inicijalizacija: 12 motora. OBS_dim=40, frame_skip=1
[Fitness run Gen3Creature24] reward=1.44±0.10  dist=0.27±0.04  upright=0.40±0.20  → FITNESS=0.1440
URDF saved to temp_urdf\being_9552.urdf
Connecting to PyBullet, GUI: False
CreatureEnv Inicijalizacija: 12 motora. OBS_dim=40, frame_skip=1
[Fitness run Gen3Creature25] reward=1.44±0.13  dist=0.30±0.14  upright=0.22±0.02  → FITNESS=0.0907
URDF saved to temp_urdf\being_9552.urdf
Connecting to PyBullet, GUI: False
CreatureEnv Inicijalizacija: 12 motora. OBS_dim=40, frame_skip=1
[Fitness run Gen3Creature26] reward=1.83±0.03  dist=0.00±0.00  upright=1.00±0.00  → FITNESS=0.3183
URDF saved to temp_urdf\being_9552.urdf
Connecting to PyBullet, GUI: False
CreatureEnv Inicijalizacija: 12 motora. OBS_dim=40, frame_skip=1
[Fitness run Gen3Creature27] reward=1.94±0.03  dist=0.01±0.04  upright=0.06±0.13  → FITNESS=0.0361
URDF saved to temp_urdf\being_9552.urdf
Connecting to PyBullet, GUI: False
CreatureEnv Inicijalizacija: 12 motora. OBS_dim=40, frame_skip=1
[Fitness run Gen3Creature28] reward=1.72±0.02  dist=0.11±0.05  upright=0.18±0.04  → FITNESS=0.0754
URDF saved to temp_urdf\being_9552.urdf
Connecting to PyBullet, GUI: False
CreatureEnv Inicijalizacija: 12 motora. OBS_dim=40, frame_skip=1
[Fitness run Gen3Creature29] reward=1.84±0.23  dist=0.01±0.03  upright=0.50±0.18  → FITNESS=0.1696

==================================================
Generacija 3/20  |  Best = 0.4174  |  Mean = 0.1673  |  Std = 0.1391
==================================================
URDF saved to temp_urdf\being_9552.urdf
Connecting to PyBullet, GUI: False
CreatureEnv Inicijalizacija: 12 motora. OBS_dim=40, frame_skip=1
[Fitness run Gen3Creature2] reward=1.64±0.03  dist=0.00±0.00  upright=0.07±0.01  → FITNESS=0.0387
URDF saved to temp_urdf\being_9552.urdf
Connecting to PyBullet, GUI: False
CreatureEnv Inicijalizacija: 12 motora. OBS_dim=40, frame_skip=1
[Fitness run Gen3Creature3] reward=1.68±0.01  dist=0.38±0.13  upright=0.27±0.24  → FITNESS=0.1102
URDF saved to temp_urdf\being_9552.urdf
Connecting to PyBullet, GUI: False
CreatureEnv Inicijalizacija: 12 motora. OBS_dim=40, frame_skip=1
[Fitness run Gen3Creature4] reward=1.58±0.32  dist=0.00±0.00  upright=0.19±0.13  → FITNESS=0.0755
URDF saved to temp_urdf\being_9552.urdf
Connecting to PyBullet, GUI: False
CreatureEnv Inicijalizacija: 12 motora. OBS_dim=40, frame_skip=1
[Fitness run Gen3Creature5] reward=1.71±0.19  dist=0.21±0.04  upright=0.01±0.02  → FITNESS=0.0255
URDF saved to temp_urdf\being_9552.urdf
Connecting to PyBullet, GUI: False
CreatureEnv Inicijalizacija: 12 motora. OBS_dim=40, frame_skip=1
[Fitness run Gen3Creature6] reward=1.65±0.62  dist=0.05±0.16  upright=0.90±0.30  → FITNESS=0.2897
URDF saved to temp_urdf\being_9552.urdf
Connecting to PyBullet, GUI: False
CreatureEnv Inicijalizacija: 12 motora. OBS_dim=40, frame_skip=1
[Fitness run Gen3Creature7] reward=988.70±329.03  dist=0.00±0.01  upright=0.90±0.29  → FITNESS=0.3791
URDF saved to temp_urdf\being_9552.urdf
Connecting to PyBullet, GUI: False
CreatureEnv Inicijalizacija: 12 motora. OBS_dim=40, frame_skip=1
[Fitness run Gen3Creature8] reward=922.24±306.83  dist=0.00±0.00  upright=0.90±0.30  → FITNESS=0.3720
URDF saved to temp_urdf\being_9552.urdf
Connecting to PyBullet, GUI: False
CreatureEnv Inicijalizacija: 12 motora. OBS_dim=40, frame_skip=1
[Fitness run Gen3Creature9] reward=1.67±0.03  dist=0.00±0.00  upright=0.00±0.00  → FITNESS=0.0183
URDF saved to temp_urdf\being_9552.urdf
Connecting to PyBullet, GUI: False
CreatureEnv Inicijalizacija: 12 motora. OBS_dim=40, frame_skip=1
[Fitness run Gen3Creature10] reward=1.60±0.39  dist=0.21±0.18  upright=0.00±0.00  → FITNESS=0.0235
URDF saved to temp_urdf\being_9552.urdf
Connecting to PyBullet, GUI: False
CreatureEnv Inicijalizacija: 12 motora. OBS_dim=40, frame_skip=1
[Fitness run Gen3Creature11] reward=1.55±0.25  dist=0.05±0.03  upright=0.25±0.29  → FITNESS=0.0930
URDF saved to temp_urdf\being_9552.urdf
Connecting to PyBullet, GUI: False
CreatureEnv Inicijalizacija: 12 motora. OBS_dim=40, frame_skip=1
[Fitness run Gen3Creature12] reward=1.53±0.10  dist=0.01±0.00  upright=0.13±0.29  → FITNESS=0.0572
URDF saved to temp_urdf\being_9552.urdf
Connecting to PyBullet, GUI: False
CreatureEnv Inicijalizacija: 12 motora. OBS_dim=40, frame_skip=1
[Fitness run Gen3Creature13] reward=1.72±0.01  dist=0.00±0.00  upright=0.01±0.02  → FITNESS=0.0203
URDF saved to temp_urdf\being_9552.urdf
Connecting to PyBullet, GUI: False
CreatureEnv Inicijalizacija: 12 motora. OBS_dim=40, frame_skip=1
[Fitness run Gen3Creature14] reward=1.15±0.07  dist=0.02±0.06  upright=0.25±0.04  → FITNESS=0.0943
URDF saved to temp_urdf\being_9552.urdf
Connecting to PyBullet, GUI: False
CreatureEnv Inicijalizacija: 12 motora. OBS_dim=40, frame_skip=1
[Fitness run Gen3Creature15] reward=1.76±0.24  dist=0.05±0.15  upright=0.06±0.00  → FITNESS=0.0389
URDF saved to temp_urdf\being_9552.urdf
Connecting to PyBullet, GUI: False
CreatureEnv Inicijalizacija: 12 motora. OBS_dim=40, frame_skip=1
[Fitness run Gen3Creature16] reward=1.77±0.07  dist=0.00±0.01  upright=0.90±0.30  → FITNESS=0.2884
URDF saved to temp_urdf\being_9552.urdf
Connecting to PyBullet, GUI: False
CreatureEnv Inicijalizacija: 12 motora. OBS_dim=40, frame_skip=1
[Fitness run Gen3Creature17] reward=985.15±0.07  dist=0.03±0.01  upright=1.00±0.00  → FITNESS=0.4084
URDF saved to temp_urdf\being_9552.urdf
Connecting to PyBullet, GUI: False
CreatureEnv Inicijalizacija: 12 motora. OBS_dim=40, frame_skip=1
[Fitness run Gen3Creature18] reward=938.98±312.43  dist=0.00±0.00  upright=0.90±0.30  → FITNESS=0.3735
URDF saved to temp_urdf\being_9552.urdf
Connecting to PyBullet, GUI: False
CreatureEnv Inicijalizacija: 12 motora. OBS_dim=40, frame_skip=1
[Fitness run Gen3Creature19] reward=2.73±3.22  dist=0.02±0.06  upright=0.37±0.20  → FITNESS=0.1314
URDF saved to temp_urdf\being_9552.urdf
Connecting to PyBullet, GUI: False
CreatureEnv Inicijalizacija: 12 motora. OBS_dim=40, frame_skip=1
[Fitness run Gen3Creature20] reward=1.90±0.00  dist=0.00±0.00  upright=1.00±0.00  → FITNESS=0.3185
URDF saved to temp_urdf\being_9552.urdf
Connecting to PyBullet, GUI: False
CreatureEnv Inicijalizacija: 12 motora. OBS_dim=40, frame_skip=1
[Fitness run Gen3Creature21] reward=1.76±0.03  dist=0.02±0.05  upright=0.07±0.21  → FITNESS=0.0401
URDF saved to temp_urdf\being_9552.urdf
Connecting to PyBullet, GUI: False
CreatureEnv Inicijalizacija: 12 motora. OBS_dim=40, frame_skip=1
[Fitness run Gen3Creature22] reward=1.34±0.07  dist=0.00±0.00  upright=0.26±0.09  → FITNESS=0.0957
URDF saved to temp_urdf\being_9552.urdf
Connecting to PyBullet, GUI: False
CreatureEnv Inicijalizacija: 12 motora. OBS_dim=40, frame_skip=1
[Fitness run Gen3Creature23] reward=1.19±0.19  dist=0.00±0.00  upright=0.27±0.09  → FITNESS=0.0996
URDF saved to temp_urdf\being_9552.urdf
Connecting to PyBullet, GUI: False
CreatureEnv Inicijalizacija: 12 motora. OBS_dim=40, frame_skip=1
[Fitness run Gen3Creature24] reward=1.44±0.10  dist=0.27±0.04  upright=0.40±0.20  → FITNESS=0.1440
URDF saved to temp_urdf\being_9552.urdf
Connecting to PyBullet, GUI: False
CreatureEnv Inicijalizacija: 12 motora. OBS_dim=40, frame_skip=1
[Fitness run Gen3Creature25] reward=1.44±0.13  dist=0.30±0.14  upright=0.22±0.02  → FITNESS=0.0907
URDF saved to temp_urdf\being_9552.urdf
Connecting to PyBullet, GUI: False
CreatureEnv Inicijalizacija: 12 motora. OBS_dim=40, frame_skip=1
[Fitness run Gen3Creature26] reward=1.83±0.03  dist=0.00±0.00  upright=1.00±0.00  → FITNESS=0.3183
URDF saved to temp_urdf\being_9552.urdf
Connecting to PyBullet, GUI: False
CreatureEnv Inicijalizacija: 12 motora. OBS_dim=40, frame_skip=1
[Fitness run Gen3Creature27] reward=1.94±0.03  dist=0.01±0.04  upright=0.06±0.13  → FITNESS=0.0361
URDF saved to temp_urdf\being_9552.urdf
Connecting to PyBullet, GUI: False
CreatureEnv Inicijalizacija: 12 motora. OBS_dim=40, frame_skip=1
[Fitness run Gen3Creature28] reward=1.72±0.02  dist=0.11±0.05  upright=0.18±0.04  → FITNESS=0.0754
URDF saved to temp_urdf\being_9552.urdf
Connecting to PyBullet, GUI: False
CreatureEnv Inicijalizacija: 12 motora. OBS_dim=40, frame_skip=1
[Fitness run Gen3Creature29] reward=1.84±0.23  dist=0.01±0.03  upright=0.50±0.18  → FITNESS=0.1696
Genome saved to results\distanceBased500Steps5DifferentSeeds\run_3\run_3_best_creature.json
[plot] Summary saved → results\distanceBased500Steps5DifferentSeeds\run_3\run_3_summary.png
URDF saved to temp_urdf\being_9552.urdf
Connecting to PyBullet, GUI: False
CreatureEnv Inicijalizacija: 12 motora. OBS_dim=40, frame_skip=1
[Fitness run Gen4Creature2] reward=1.63±0.00  dist=0.00±0.00  upright=0.02±0.04  → FITNESS=0.0232
URDF saved to temp_urdf\being_9552.urdf
Connecting to PyBullet, GUI: False
CreatureEnv Inicijalizacija: 12 motora. OBS_dim=40, frame_skip=1
[Fitness run Gen4Creature3] reward=1.37±0.08  dist=0.00±0.00  upright=0.03±0.09  → FITNESS=0.0270
URDF saved to temp_urdf\being_9552.urdf
Connecting to PyBullet, GUI: False
CreatureEnv Inicijalizacija: 12 motora. OBS_dim=40, frame_skip=1
[Fitness run Gen4Creature4] reward=1.50±0.07  dist=0.00±0.00  upright=0.07±0.10  → FITNESS=0.0386
URDF saved to temp_urdf\being_9552.urdf
Connecting to PyBullet, GUI: False
CreatureEnv Inicijalizacija: 12 motora. OBS_dim=40, frame_skip=1
[Fitness run Gen4Creature5] reward=1.62±0.04  dist=0.00±0.01  upright=0.27±0.02  → FITNESS=0.0988
URDF saved to temp_urdf\being_9552.urdf
Connecting to PyBullet, GUI: False
CreatureEnv Inicijalizacija: 12 motora. OBS_dim=40, frame_skip=1
[Fitness run Gen4Creature6] reward=1.71±0.00  dist=0.00±0.00  upright=0.00±0.00  → FITNESS=0.0184
URDF saved to temp_urdf\being_9552.urdf
Connecting to PyBullet, GUI: False
CreatureEnv Inicijalizacija: 12 motora. OBS_dim=40, frame_skip=1
[Fitness run Gen4Creature7] reward=8.24±19.01  dist=0.04±0.04  upright=0.73±0.28  → FITNESS=0.2400
URDF saved to temp_urdf\being_9552.urdf
Connecting to PyBullet, GUI: False
CreatureEnv Inicijalizacija: 12 motora. OBS_dim=40, frame_skip=1
[Fitness run Gen4Creature8] reward=1.66±0.02  dist=0.00±0.00  upright=0.18±0.06  → FITNESS=0.0716
URDF saved to temp_urdf\being_9552.urdf
Connecting to PyBullet, GUI: False
CreatureEnv Inicijalizacija: 12 motora. OBS_dim=40, frame_skip=1
[Fitness run Gen4Creature9] reward=0.97±1.04  dist=1.38±1.15  upright=0.02±0.05  → FITNESS=0.0577
URDF saved to temp_urdf\being_9552.urdf
Connecting to PyBullet, GUI: False
CreatureEnv Inicijalizacija: 12 motora. OBS_dim=40, frame_skip=1
[Fitness run Gen4Creature10] reward=2.01±0.00  dist=0.05±0.02  upright=0.11±0.02  → FITNESS=0.0515
URDF saved to temp_urdf\being_9552.urdf
Connecting to PyBullet, GUI: False
CreatureEnv Inicijalizacija: 12 motora. OBS_dim=40, frame_skip=1
[Fitness run Gen4Creature11] reward=2.14±0.36  dist=0.08±0.05  upright=0.40±0.14  → FITNESS=0.1403
URDF saved to temp_urdf\being_9552.urdf
Connecting to PyBullet, GUI: False
CreatureEnv Inicijalizacija: 12 motora. OBS_dim=40, frame_skip=1
[Fitness run Gen4Creature12] reward=1.81±0.06  dist=0.00±0.00  upright=0.10±0.11  → FITNESS=0.0484
URDF saved to temp_urdf\being_9552.urdf
Connecting to PyBullet, GUI: False
CreatureEnv Inicijalizacija: 12 motora. OBS_dim=40, frame_skip=1
[Fitness run Gen4Creature13] reward=1.73±0.01  dist=0.00±0.00  upright=0.05±0.15  → FITNESS=0.0338
URDF saved to temp_urdf\being_9552.urdf
Connecting to PyBullet, GUI: False
CreatureEnv Inicijalizacija: 12 motora. OBS_dim=40, frame_skip=1
[Fitness run Gen4Creature14] reward=1.93±0.40  dist=0.00±0.00  upright=0.05±0.15  → FITNESS=0.0338
URDF saved to temp_urdf\being_9552.urdf
Connecting to PyBullet, GUI: False
CreatureEnv Inicijalizacija: 12 motora. OBS_dim=40, frame_skip=1
[Fitness run Gen4Creature15] reward=1.90±0.10  dist=0.03±0.10  upright=0.34±0.05  → FITNESS=0.1198
URDF saved to temp_urdf\being_9552.urdf
Connecting to PyBullet, GUI: False
CreatureEnv Inicijalizacija: 12 motora. OBS_dim=40, frame_skip=1
[Fitness run Gen4Creature16] reward=1.62±0.50  dist=0.05±0.06  upright=0.72±0.25  → FITNESS=0.2355
URDF saved to temp_urdf\being_9552.urdf
Connecting to PyBullet, GUI: False
CreatureEnv Inicijalizacija: 12 motora. OBS_dim=40, frame_skip=1
[Fitness run Gen4Creature17] reward=2.01±0.00  dist=0.01±0.00  upright=0.99±0.02  → FITNESS=0.3166
URDF saved to temp_urdf\being_9552.urdf
Connecting to PyBullet, GUI: False
CreatureEnv Inicijalizacija: 12 motora. OBS_dim=40, frame_skip=1
[Fitness run Gen4Creature18] reward=1.94±0.15  dist=0.00±0.00  upright=0.44±0.09  → FITNESS=0.1500
URDF saved to temp_urdf\being_9552.urdf
Connecting to PyBullet, GUI: False
CreatureEnv Inicijalizacija: 12 motora. OBS_dim=40, frame_skip=1
[Fitness run Gen4Creature19] reward=1.70±0.01  dist=0.00±0.00  upright=0.15±0.05  → FITNESS=0.0619
URDF saved to temp_urdf\being_9552.urdf
Connecting to PyBullet, GUI: False
CreatureEnv Inicijalizacija: 12 motora. OBS_dim=40, frame_skip=1
[Fitness run Gen4Creature20] reward=98.65±290.36  dist=0.00±0.00  upright=0.21±0.26  → FITNESS=0.0910
URDF saved to temp_urdf\being_9552.urdf
Connecting to PyBullet, GUI: False
CreatureEnv Inicijalizacija: 12 motora. OBS_dim=40, frame_skip=1
[Fitness run Gen4Creature21] reward=1.43±0.17  dist=0.00±0.00  upright=0.09±0.01  → FITNESS=0.0464
URDF saved to temp_urdf\being_9552.urdf
Connecting to PyBullet, GUI: False
CreatureEnv Inicijalizacija: 12 motora. OBS_dim=40, frame_skip=1
[Fitness run Gen4Creature22] reward=1.59±0.33  dist=0.01±0.03  upright=0.03±0.10  → FITNESS=0.0283
URDF saved to temp_urdf\being_9552.urdf
Connecting to PyBullet, GUI: False
CreatureEnv Inicijalizacija: 12 motora. OBS_dim=40, frame_skip=1
[Fitness run Gen4Creature23] reward=1035.77±22.16  dist=0.00±0.01  upright=1.00±0.00  → FITNESS=0.4124
URDF saved to temp_urdf\being_9552.urdf
Connecting to PyBullet, GUI: False
CreatureEnv Inicijalizacija: 12 motora. OBS_dim=40, frame_skip=1
[Fitness run Gen4Creature24] reward=1.59±0.33  dist=0.23±0.12  upright=0.21±0.26  → FITNESS=0.0879
URDF saved to temp_urdf\being_9552.urdf
Connecting to PyBullet, GUI: False
CreatureEnv Inicijalizacija: 12 motora. OBS_dim=40, frame_skip=1
[Fitness run Gen4Creature25] reward=1.56±0.21  dist=0.00±0.00  upright=0.29±0.20  → FITNESS=0.1054
URDF saved to temp_urdf\being_9552.urdf
Connecting to PyBullet, GUI: False
CreatureEnv Inicijalizacija: 12 motora. OBS_dim=40, frame_skip=1
[Fitness run Gen4Creature26] reward=1.77±0.01  dist=0.02±0.05  upright=0.00±0.00  → FITNESS=0.0187
URDF saved to temp_urdf\being_9552.urdf
Connecting to PyBullet, GUI: False
CreatureEnv Inicijalizacija: 12 motora. OBS_dim=40, frame_skip=1
[Fitness run Gen4Creature27] reward=1.62±0.05  dist=0.00±0.00  upright=0.12±0.07  → FITNESS=0.0541
URDF saved to temp_urdf\being_9552.urdf
Connecting to PyBullet, GUI: False
CreatureEnv Inicijalizacija: 12 motora. OBS_dim=40, frame_skip=1
[Fitness run Gen4Creature28] reward=1.35±0.20  dist=0.00±0.01  upright=0.54±0.19  → FITNESS=0.1800
URDF saved to temp_urdf\being_9552.urdf
Connecting to PyBullet, GUI: False
CreatureEnv Inicijalizacija: 12 motora. OBS_dim=40, frame_skip=1
[Fitness run Gen4Creature29] reward=1.69±0.02  dist=0.11±0.04  upright=0.12±0.03  → FITNESS=0.0570

==================================================
Generacija 4/20  |  Best = 0.4174  |  Mean = 0.1225  |  Std = 0.1200
==================================================
URDF saved to temp_urdf\being_9552.urdf
Connecting to PyBullet, GUI: False
CreatureEnv Inicijalizacija: 12 motora. OBS_dim=40, frame_skip=1
[Fitness run Gen4Creature2] reward=1.63±0.00  dist=0.00±0.00  upright=0.02±0.04  → FITNESS=0.0232
URDF saved to temp_urdf\being_9552.urdf
Connecting to PyBullet, GUI: False
CreatureEnv Inicijalizacija: 12 motora. OBS_dim=40, frame_skip=1
[Fitness run Gen4Creature3] reward=1.37±0.08  dist=0.00±0.00  upright=0.03±0.09  → FITNESS=0.0270
URDF saved to temp_urdf\being_9552.urdf
Connecting to PyBullet, GUI: False
CreatureEnv Inicijalizacija: 12 motora. OBS_dim=40, frame_skip=1
[Fitness run Gen4Creature4] reward=1.50±0.07  dist=0.00±0.00  upright=0.07±0.10  → FITNESS=0.0386
URDF saved to temp_urdf\being_9552.urdf
Connecting to PyBullet, GUI: False
CreatureEnv Inicijalizacija: 12 motora. OBS_dim=40, frame_skip=1
[Fitness run Gen4Creature5] reward=1.62±0.04  dist=0.00±0.01  upright=0.27±0.02  → FITNESS=0.0988
URDF saved to temp_urdf\being_9552.urdf
Connecting to PyBullet, GUI: False
CreatureEnv Inicijalizacija: 12 motora. OBS_dim=40, frame_skip=1
[Fitness run Gen4Creature6] reward=1.71±0.00  dist=0.00±0.00  upright=0.00±0.00  → FITNESS=0.0184
URDF saved to temp_urdf\being_9552.urdf
Connecting to PyBullet, GUI: False
CreatureEnv Inicijalizacija: 12 motora. OBS_dim=40, frame_skip=1
[Fitness run Gen4Creature7] reward=8.24±19.01  dist=0.04±0.04  upright=0.73±0.28  → FITNESS=0.2400
URDF saved to temp_urdf\being_9552.urdf
Connecting to PyBullet, GUI: False
CreatureEnv Inicijalizacija: 12 motora. OBS_dim=40, frame_skip=1
[Fitness run Gen4Creature8] reward=1.66±0.02  dist=0.00±0.00  upright=0.18±0.06  → FITNESS=0.0716
URDF saved to temp_urdf\being_9552.urdf
Connecting to PyBullet, GUI: False
CreatureEnv Inicijalizacija: 12 motora. OBS_dim=40, frame_skip=1
[Fitness run Gen4Creature9] reward=0.97±1.04  dist=1.38±1.15  upright=0.02±0.05  → FITNESS=0.0577
URDF saved to temp_urdf\being_9552.urdf
Connecting to PyBullet, GUI: False
CreatureEnv Inicijalizacija: 12 motora. OBS_dim=40, frame_skip=1
[Fitness run Gen4Creature10] reward=2.01±0.00  dist=0.05±0.02  upright=0.11±0.02  → FITNESS=0.0515
URDF saved to temp_urdf\being_9552.urdf
Connecting to PyBullet, GUI: False
CreatureEnv Inicijalizacija: 12 motora. OBS_dim=40, frame_skip=1
[Fitness run Gen4Creature11] reward=2.14±0.36  dist=0.08±0.05  upright=0.40±0.14  → FITNESS=0.1403
URDF saved to temp_urdf\being_9552.urdf
Connecting to PyBullet, GUI: False
CreatureEnv Inicijalizacija: 12 motora. OBS_dim=40, frame_skip=1
[Fitness run Gen4Creature12] reward=1.81±0.06  dist=0.00±0.00  upright=0.10±0.11  → FITNESS=0.0484
URDF saved to temp_urdf\being_9552.urdf
Connecting to PyBullet, GUI: False
CreatureEnv Inicijalizacija: 12 motora. OBS_dim=40, frame_skip=1
[Fitness run Gen4Creature13] reward=1.73±0.01  dist=0.00±0.00  upright=0.05±0.15  → FITNESS=0.0338
URDF saved to temp_urdf\being_9552.urdf
Connecting to PyBullet, GUI: False
CreatureEnv Inicijalizacija: 12 motora. OBS_dim=40, frame_skip=1
[Fitness run Gen4Creature14] reward=1.93±0.40  dist=0.00±0.00  upright=0.05±0.15  → FITNESS=0.0338
URDF saved to temp_urdf\being_9552.urdf
Connecting to PyBullet, GUI: False
CreatureEnv Inicijalizacija: 12 motora. OBS_dim=40, frame_skip=1
[Fitness run Gen4Creature15] reward=1.90±0.10  dist=0.03±0.10  upright=0.34±0.05  → FITNESS=0.1198
URDF saved to temp_urdf\being_9552.urdf
Connecting to PyBullet, GUI: False
CreatureEnv Inicijalizacija: 12 motora. OBS_dim=40, frame_skip=1
[Fitness run Gen4Creature16] reward=1.62±0.50  dist=0.05±0.06  upright=0.72±0.25  → FITNESS=0.2355
URDF saved to temp_urdf\being_9552.urdf
Connecting to PyBullet, GUI: False
CreatureEnv Inicijalizacija: 12 motora. OBS_dim=40, frame_skip=1
[Fitness run Gen4Creature17] reward=2.01±0.00  dist=0.01±0.00  upright=0.99±0.02  → FITNESS=0.3166
URDF saved to temp_urdf\being_9552.urdf
Connecting to PyBullet, GUI: False
CreatureEnv Inicijalizacija: 12 motora. OBS_dim=40, frame_skip=1
[Fitness run Gen4Creature18] reward=1.94±0.15  dist=0.00±0.00  upright=0.44±0.09  → FITNESS=0.1500
URDF saved to temp_urdf\being_9552.urdf
Connecting to PyBullet, GUI: False
CreatureEnv Inicijalizacija: 12 motora. OBS_dim=40, frame_skip=1
[Fitness run Gen4Creature19] reward=1.70±0.01  dist=0.00±0.00  upright=0.15±0.05  → FITNESS=0.0619
URDF saved to temp_urdf\being_9552.urdf
Connecting to PyBullet, GUI: False
CreatureEnv Inicijalizacija: 12 motora. OBS_dim=40, frame_skip=1
[Fitness run Gen4Creature20] reward=98.65±290.36  dist=0.00±0.00  upright=0.21±0.26  → FITNESS=0.0910
URDF saved to temp_urdf\being_9552.urdf
Connecting to PyBullet, GUI: False
CreatureEnv Inicijalizacija: 12 motora. OBS_dim=40, frame_skip=1
[Fitness run Gen4Creature21] reward=1.43±0.17  dist=0.00±0.00  upright=0.09±0.01  → FITNESS=0.0464
URDF saved to temp_urdf\being_9552.urdf
Connecting to PyBullet, GUI: False
CreatureEnv Inicijalizacija: 12 motora. OBS_dim=40, frame_skip=1
[Fitness run Gen4Creature22] reward=1.59±0.33  dist=0.01±0.03  upright=0.03±0.10  → FITNESS=0.0283
URDF saved to temp_urdf\being_9552.urdf
Connecting to PyBullet, GUI: False
CreatureEnv Inicijalizacija: 12 motora. OBS_dim=40, frame_skip=1
[Fitness run Gen4Creature23] reward=1035.77±22.16  dist=0.00±0.01  upright=1.00±0.00  → FITNESS=0.4124
URDF saved to temp_urdf\being_9552.urdf
Connecting to PyBullet, GUI: False
CreatureEnv Inicijalizacija: 12 motora. OBS_dim=40, frame_skip=1
[Fitness run Gen4Creature24] reward=1.59±0.33  dist=0.23±0.12  upright=0.21±0.26  → FITNESS=0.0879
URDF saved to temp_urdf\being_9552.urdf
Connecting to PyBullet, GUI: False
CreatureEnv Inicijalizacija: 12 motora. OBS_dim=40, frame_skip=1
[Fitness run Gen4Creature25] reward=1.56±0.21  dist=0.00±0.00  upright=0.29±0.20  → FITNESS=0.1054
URDF saved to temp_urdf\being_9552.urdf
Connecting to PyBullet, GUI: False
CreatureEnv Inicijalizacija: 12 motora. OBS_dim=40, frame_skip=1
[Fitness run Gen4Creature26] reward=1.77±0.01  dist=0.02±0.05  upright=0.00±0.00  → FITNESS=0.0187
URDF saved to temp_urdf\being_9552.urdf
Connecting to PyBullet, GUI: False
CreatureEnv Inicijalizacija: 12 motora. OBS_dim=40, frame_skip=1
[Fitness run Gen4Creature27] reward=1.62±0.05  dist=0.00±0.00  upright=0.12±0.07  → FITNESS=0.0541
URDF saved to temp_urdf\being_9552.urdf
Connecting to PyBullet, GUI: False
CreatureEnv Inicijalizacija: 12 motora. OBS_dim=40, frame_skip=1
[Fitness run Gen4Creature28] reward=1.35±0.20  dist=0.00±0.01  upright=0.54±0.19  → FITNESS=0.1800
URDF saved to temp_urdf\being_9552.urdf
Connecting to PyBullet, GUI: False
CreatureEnv Inicijalizacija: 12 motora. OBS_dim=40, frame_skip=1
[Fitness run Gen4Creature29] reward=1.69±0.02  dist=0.11±0.04  upright=0.12±0.03  → FITNESS=0.0570
Genome saved to results\distanceBased500Steps5DifferentSeeds\run_3\run_3_best_creature.json
[plot] Summary saved → results\distanceBased500Steps5DifferentSeeds\run_3\run_3_summary.png
URDF saved to temp_urdf\being_9552.urdf
Connecting to PyBullet, GUI: False
CreatureEnv Inicijalizacija: 12 motora. OBS_dim=40, frame_skip=1
[Fitness run Gen5Creature2] reward=1.72±0.04  dist=0.07±0.03  upright=0.26±0.01  → FITNESS=0.0984
URDF saved to temp_urdf\being_9552.urdf
Connecting to PyBullet, GUI: False
CreatureEnv Inicijalizacija: 12 motora. OBS_dim=40, frame_skip=1
[Fitness run Gen5Creature3] reward=0.77±0.30  dist=0.00±0.00  upright=0.23±0.01  → FITNESS=0.0879
URDF saved to temp_urdf\being_9552.urdf
Connecting to PyBullet, GUI: False
CreatureEnv Inicijalizacija: 12 motora. OBS_dim=40, frame_skip=1
[Fitness run Gen5Creature4] reward=1.10±0.43  dist=0.09±0.26  upright=0.01±0.01  → FITNESS=0.0224
URDF saved to temp_urdf\being_9552.urdf
Connecting to PyBullet, GUI: False
CreatureEnv Inicijalizacija: 12 motora. OBS_dim=40, frame_skip=1
[Fitness run Gen5Creature5] reward=1.83±0.22  dist=0.01±0.02  upright=0.15±0.09  → FITNESS=0.0622
URDF saved to temp_urdf\being_9552.urdf
Connecting to PyBullet, GUI: False
CreatureEnv Inicijalizacija: 12 motora. OBS_dim=40, frame_skip=1
[Fitness run Gen5Creature6] reward=1.68±0.05  dist=0.00±0.00  upright=0.09±0.03  → FITNESS=0.0445
URDF saved to temp_urdf\being_9552.urdf
Connecting to PyBullet, GUI: False
CreatureEnv Inicijalizacija: 12 motora. OBS_dim=40, frame_skip=1
[Fitness run Gen5Creature7] reward=1.40±0.10  dist=0.09±0.04  upright=0.40±0.03  → FITNESS=0.1397
URDF saved to temp_urdf\being_9552.urdf
Connecting to PyBullet, GUI: False
CreatureEnv Inicijalizacija: 12 motora. OBS_dim=40, frame_skip=1
[Fitness run Gen5Creature8] reward=110.22±323.27  dist=0.00±0.00  upright=0.84±0.10  → FITNESS=0.2809
URDF saved to temp_urdf\being_9552.urdf
Connecting to PyBullet, GUI: False
CreatureEnv Inicijalizacija: 12 motora. OBS_dim=40, frame_skip=1
[Fitness run Gen5Creature9] reward=1.66±0.01  dist=0.00±0.00  upright=0.01±0.02  → FITNESS=0.0203
URDF saved to temp_urdf\being_9552.urdf
Connecting to PyBullet, GUI: False
CreatureEnv Inicijalizacija: 12 motora. OBS_dim=40, frame_skip=1
[Fitness run Gen5Creature10] reward=1.98±0.00  dist=0.03±0.01  upright=0.02±0.05  → FITNESS=0.0239
URDF saved to temp_urdf\being_9552.urdf
Connecting to PyBullet, GUI: False
CreatureEnv Inicijalizacija: 12 motora. OBS_dim=40, frame_skip=1
[Fitness run Gen5Creature11] reward=1.97±0.11  dist=0.00±0.00  upright=0.90±0.30  → FITNESS=0.2884
URDF saved to temp_urdf\being_9552.urdf
Connecting to PyBullet, GUI: False
CreatureEnv Inicijalizacija: 12 motora. OBS_dim=40, frame_skip=1
[Fitness run Gen5Creature12] reward=1.69±0.10  dist=0.00±0.00  upright=0.37±0.21  → FITNESS=0.1287
URDF saved to temp_urdf\being_9552.urdf
Connecting to PyBullet, GUI: False
CreatureEnv Inicijalizacija: 12 motora. OBS_dim=40, frame_skip=1
[Fitness run Gen5Creature13] reward=1.71±0.18  dist=0.00±0.00  upright=0.45±0.12  → FITNESS=0.1529
URDF saved to temp_urdf\being_9552.urdf
Connecting to PyBullet, GUI: False
CreatureEnv Inicijalizacija: 12 motora. OBS_dim=40, frame_skip=1
[Fitness run Gen5Creature14] reward=0.29±0.63  dist=0.94±0.33  upright=0.01±0.02  → FITNESS=0.0437
URDF saved to temp_urdf\being_9552.urdf
Connecting to PyBullet, GUI: False
CreatureEnv Inicijalizacija: 12 motora. OBS_dim=40, frame_skip=1
[Fitness run Gen5Creature15] reward=2.84±3.41  dist=0.06±0.10  upright=0.20±0.21  → FITNESS=0.0808
URDF saved to temp_urdf\being_9552.urdf
Connecting to PyBullet, GUI: False
CreatureEnv Inicijalizacija: 12 motora. OBS_dim=40, frame_skip=1
[Fitness run Gen5Creature16] reward=0.91±0.37  dist=0.44±0.12  upright=0.35±0.10  → FITNESS=0.1339
URDF saved to temp_urdf\being_9552.urdf
Connecting to PyBullet, GUI: False
CreatureEnv Inicijalizacija: 12 motora. OBS_dim=40, frame_skip=1
[Fitness run Gen5Creature17] reward=1.48±0.53  dist=0.10±0.31  upright=0.25±0.07  → FITNESS=0.0954
URDF saved to temp_urdf\being_9552.urdf
Connecting to PyBullet, GUI: False
CreatureEnv Inicijalizacija: 12 motora. OBS_dim=40, frame_skip=1
[Fitness run Gen5Creature18] reward=1.03±0.15  dist=0.26±0.09  upright=0.56±0.04  → FITNESS=0.1921
URDF saved to temp_urdf\being_9552.urdf
Connecting to PyBullet, GUI: False
CreatureEnv Inicijalizacija: 12 motora. OBS_dim=40, frame_skip=1
[Fitness run Gen5Creature19] reward=1.10±0.14  dist=0.12±0.04  upright=0.52±0.12  → FITNESS=0.1781
URDF saved to temp_urdf\being_9552.urdf
Connecting to PyBullet, GUI: False
CreatureEnv Inicijalizacija: 12 motora. OBS_dim=40, frame_skip=1
[Fitness run Gen5Creature20] reward=2.06±0.00  dist=0.00±0.00  upright=0.01±0.04  → FITNESS=0.0222
URDF saved to temp_urdf\being_9552.urdf
Connecting to PyBullet, GUI: False
CreatureEnv Inicijalizacija: 12 motora. OBS_dim=40, frame_skip=1
[Fitness run Gen5Creature21] reward=1.30±0.41  dist=0.13±0.09  upright=0.39±0.20  → FITNESS=0.1386
URDF saved to temp_urdf\being_9552.urdf
Connecting to PyBullet, GUI: False
CreatureEnv Inicijalizacija: 12 motora. OBS_dim=40, frame_skip=1
[Fitness run Gen5Creature22] reward=1.77±0.28  dist=0.10±0.27  upright=0.18±0.05  → FITNESS=0.0740
URDF saved to temp_urdf\being_9552.urdf
Connecting to PyBullet, GUI: False
CreatureEnv Inicijalizacija: 12 motora. OBS_dim=40, frame_skip=1
[Fitness run Gen5Creature23] reward=1.49±0.02  dist=0.00±0.00  upright=0.02±0.05  → FITNESS=0.0232
URDF saved to temp_urdf\being_9552.urdf
Connecting to PyBullet, GUI: False
CreatureEnv Inicijalizacija: 12 motora. OBS_dim=40, frame_skip=1
[Fitness run Gen5Creature24] reward=1.69±0.37  dist=0.03±0.05  upright=0.01±0.02  → FITNESS=0.0221
URDF saved to temp_urdf\being_9552.urdf
Connecting to PyBullet, GUI: False
CreatureEnv Inicijalizacija: 12 motora. OBS_dim=40, frame_skip=1
[Fitness run Gen5Creature25] reward=1.59±0.08  dist=0.14±0.15  upright=0.23±0.07  → FITNESS=0.0895
URDF saved to temp_urdf\being_9552.urdf
Connecting to PyBullet, GUI: False
CreatureEnv Inicijalizacija: 12 motora. OBS_dim=40, frame_skip=1
[Fitness run Gen5Creature26] reward=1.72±0.00  dist=0.00±0.00  upright=0.00±0.00  → FITNESS=0.0183
URDF saved to temp_urdf\being_9552.urdf
Connecting to PyBullet, GUI: False
CreatureEnv Inicijalizacija: 12 motora. OBS_dim=40, frame_skip=1
[Fitness run Gen5Creature27] reward=1.64±0.03  dist=0.18±0.11  upright=0.05±0.05  → FITNESS=0.0375
URDF saved to temp_urdf\being_9552.urdf
Connecting to PyBullet, GUI: False
CreatureEnv Inicijalizacija: 12 motora. OBS_dim=40, frame_skip=1
[Fitness run Gen5Creature28] reward=104.95±309.76  dist=0.05±0.02  upright=0.16±0.28  → FITNESS=0.0763
URDF saved to temp_urdf\being_9552.urdf
Connecting to PyBullet, GUI: False
CreatureEnv Inicijalizacija: 12 motora. OBS_dim=40, frame_skip=1
[Fitness run Gen5Creature29] reward=1.37±0.06  dist=0.38±0.10  upright=0.38±0.11  → FITNESS=0.1429

==================================================
Generacija 5/20  |  Best = 0.4174  |  Mean = 0.1183  |  Std = 0.1060
==================================================
URDF saved to temp_urdf\being_9552.urdf
Connecting to PyBullet, GUI: False
CreatureEnv Inicijalizacija: 12 motora. OBS_dim=40, frame_skip=1
[Fitness run Gen5Creature2] reward=1.72±0.04  dist=0.07±0.03  upright=0.26±0.01  → FITNESS=0.0984
URDF saved to temp_urdf\being_9552.urdf
Connecting to PyBullet, GUI: False
CreatureEnv Inicijalizacija: 12 motora. OBS_dim=40, frame_skip=1
[Fitness run Gen5Creature3] reward=0.77±0.30  dist=0.00±0.00  upright=0.23±0.01  → FITNESS=0.0879
URDF saved to temp_urdf\being_9552.urdf
Connecting to PyBullet, GUI: False
CreatureEnv Inicijalizacija: 12 motora. OBS_dim=40, frame_skip=1
[Fitness run Gen5Creature4] reward=1.10±0.43  dist=0.09±0.26  upright=0.01±0.01  → FITNESS=0.0224
URDF saved to temp_urdf\being_9552.urdf
Connecting to PyBullet, GUI: False
CreatureEnv Inicijalizacija: 12 motora. OBS_dim=40, frame_skip=1
[Fitness run Gen5Creature5] reward=1.83±0.22  dist=0.01±0.02  upright=0.15±0.09  → FITNESS=0.0622
URDF saved to temp_urdf\being_9552.urdf
Connecting to PyBullet, GUI: False
CreatureEnv Inicijalizacija: 12 motora. OBS_dim=40, frame_skip=1
[Fitness run Gen5Creature6] reward=1.68±0.05  dist=0.00±0.00  upright=0.09±0.03  → FITNESS=0.0445
URDF saved to temp_urdf\being_9552.urdf
Connecting to PyBullet, GUI: False
CreatureEnv Inicijalizacija: 12 motora. OBS_dim=40, frame_skip=1
[Fitness run Gen5Creature7] reward=1.40±0.10  dist=0.09±0.04  upright=0.40±0.03  → FITNESS=0.1397
URDF saved to temp_urdf\being_9552.urdf
Connecting to PyBullet, GUI: False
CreatureEnv Inicijalizacija: 12 motora. OBS_dim=40, frame_skip=1
[Fitness run Gen5Creature8] reward=110.22±323.27  dist=0.00±0.00  upright=0.84±0.10  → FITNESS=0.2809
URDF saved to temp_urdf\being_9552.urdf
Connecting to PyBullet, GUI: False
CreatureEnv Inicijalizacija: 12 motora. OBS_dim=40, frame_skip=1
[Fitness run Gen5Creature9] reward=1.66±0.01  dist=0.00±0.00  upright=0.01±0.02  → FITNESS=0.0203
URDF saved to temp_urdf\being_9552.urdf
Connecting to PyBullet, GUI: False
CreatureEnv Inicijalizacija: 12 motora. OBS_dim=40, frame_skip=1
[Fitness run Gen5Creature10] reward=1.98±0.00  dist=0.03±0.01  upright=0.02±0.05  → FITNESS=0.0239
URDF saved to temp_urdf\being_9552.urdf
Connecting to PyBullet, GUI: False
CreatureEnv Inicijalizacija: 12 motora. OBS_dim=40, frame_skip=1
[Fitness run Gen5Creature11] reward=1.97±0.11  dist=0.00±0.00  upright=0.90±0.30  → FITNESS=0.2884
URDF saved to temp_urdf\being_9552.urdf
Connecting to PyBullet, GUI: False
CreatureEnv Inicijalizacija: 12 motora. OBS_dim=40, frame_skip=1
[Fitness run Gen5Creature12] reward=1.69±0.10  dist=0.00±0.00  upright=0.37±0.21  → FITNESS=0.1287
URDF saved to temp_urdf\being_9552.urdf
Connecting to PyBullet, GUI: False
CreatureEnv Inicijalizacija: 12 motora. OBS_dim=40, frame_skip=1
[Fitness run Gen5Creature13] reward=1.71±0.18  dist=0.00±0.00  upright=0.45±0.12  → FITNESS=0.1529
URDF saved to temp_urdf\being_9552.urdf
Connecting to PyBullet, GUI: False
CreatureEnv Inicijalizacija: 12 motora. OBS_dim=40, frame_skip=1
[Fitness run Gen5Creature14] reward=0.29±0.63  dist=0.94±0.33  upright=0.01±0.02  → FITNESS=0.0437
URDF saved to temp_urdf\being_9552.urdf
Connecting to PyBullet, GUI: False
CreatureEnv Inicijalizacija: 12 motora. OBS_dim=40, frame_skip=1
[Fitness run Gen5Creature15] reward=2.84±3.41  dist=0.06±0.10  upright=0.20±0.21  → FITNESS=0.0808
URDF saved to temp_urdf\being_9552.urdf
Connecting to PyBullet, GUI: False
CreatureEnv Inicijalizacija: 12 motora. OBS_dim=40, frame_skip=1
[Fitness run Gen5Creature16] reward=0.91±0.37  dist=0.44±0.12  upright=0.35±0.10  → FITNESS=0.1339
URDF saved to temp_urdf\being_9552.urdf
Connecting to PyBullet, GUI: False
CreatureEnv Inicijalizacija: 12 motora. OBS_dim=40, frame_skip=1
[Fitness run Gen5Creature17] reward=1.48±0.53  dist=0.10±0.31  upright=0.25±0.07  → FITNESS=0.0954
URDF saved to temp_urdf\being_9552.urdf
Connecting to PyBullet, GUI: False
CreatureEnv Inicijalizacija: 12 motora. OBS_dim=40, frame_skip=1
[Fitness run Gen5Creature18] reward=1.03±0.15  dist=0.26±0.09  upright=0.56±0.04  → FITNESS=0.1921
URDF saved to temp_urdf\being_9552.urdf
Connecting to PyBullet, GUI: False
CreatureEnv Inicijalizacija: 12 motora. OBS_dim=40, frame_skip=1
[Fitness run Gen5Creature19] reward=1.10±0.14  dist=0.12±0.04  upright=0.52±0.12  → FITNESS=0.1781
URDF saved to temp_urdf\being_9552.urdf
Connecting to PyBullet, GUI: False
CreatureEnv Inicijalizacija: 12 motora. OBS_dim=40, frame_skip=1
[Fitness run Gen5Creature20] reward=2.06±0.00  dist=0.00±0.00  upright=0.01±0.04  → FITNESS=0.0222
URDF saved to temp_urdf\being_9552.urdf
Connecting to PyBullet, GUI: False
CreatureEnv Inicijalizacija: 12 motora. OBS_dim=40, frame_skip=1
[Fitness run Gen5Creature21] reward=1.30±0.41  dist=0.13±0.09  upright=0.39±0.20  → FITNESS=0.1386
URDF saved to temp_urdf\being_9552.urdf
Connecting to PyBullet, GUI: False
CreatureEnv Inicijalizacija: 12 motora. OBS_dim=40, frame_skip=1
[Fitness run Gen5Creature22] reward=1.77±0.28  dist=0.10±0.27  upright=0.18±0.05  → FITNESS=0.0740
URDF saved to temp_urdf\being_9552.urdf
Connecting to PyBullet, GUI: False
CreatureEnv Inicijalizacija: 12 motora. OBS_dim=40, frame_skip=1
[Fitness run Gen5Creature23] reward=1.49±0.02  dist=0.00±0.00  upright=0.02±0.05  → FITNESS=0.0232
URDF saved to temp_urdf\being_9552.urdf
Connecting to PyBullet, GUI: False
CreatureEnv Inicijalizacija: 12 motora. OBS_dim=40, frame_skip=1
[Fitness run Gen5Creature24] reward=1.69±0.37  dist=0.03±0.05  upright=0.01±0.02  → FITNESS=0.0221
URDF saved to temp_urdf\being_9552.urdf
Connecting to PyBullet, GUI: False
CreatureEnv Inicijalizacija: 12 motora. OBS_dim=40, frame_skip=1
[Fitness run Gen5Creature25] reward=1.59±0.08  dist=0.14±0.15  upright=0.23±0.07  → FITNESS=0.0895
URDF saved to temp_urdf\being_9552.urdf
Connecting to PyBullet, GUI: False
CreatureEnv Inicijalizacija: 12 motora. OBS_dim=40, frame_skip=1
[Fitness run Gen5Creature26] reward=1.72±0.00  dist=0.00±0.00  upright=0.00±0.00  → FITNESS=0.0183
URDF saved to temp_urdf\being_9552.urdf
Connecting to PyBullet, GUI: False
CreatureEnv Inicijalizacija: 12 motora. OBS_dim=40, frame_skip=1
[Fitness run Gen5Creature27] reward=1.64±0.03  dist=0.18±0.11  upright=0.05±0.05  → FITNESS=0.0375
URDF saved to temp_urdf\being_9552.urdf
Connecting to PyBullet, GUI: False
CreatureEnv Inicijalizacija: 12 motora. OBS_dim=40, frame_skip=1
[Fitness run Gen5Creature28] reward=104.95±309.76  dist=0.05±0.02  upright=0.16±0.28  → FITNESS=0.0763
URDF saved to temp_urdf\being_9552.urdf
Connecting to PyBullet, GUI: False
CreatureEnv Inicijalizacija: 12 motora. OBS_dim=40, frame_skip=1
[Fitness run Gen5Creature29] reward=1.37±0.06  dist=0.38±0.10  upright=0.38±0.11  → FITNESS=0.1429
Genome saved to results\distanceBased500Steps5DifferentSeeds\run_3\run_3_best_creature.json
[plot] Summary saved → results\distanceBased500Steps5DifferentSeeds\run_3\run_3_summary.png
URDF saved to temp_urdf\being_9552.urdf
Connecting to PyBullet, GUI: False
CreatureEnv Inicijalizacija: 12 motora. OBS_dim=40, frame_skip=1
[Fitness run Gen6Creature2] reward=202.08±400.90  dist=0.00±0.00  upright=0.44±0.31  → FITNESS=0.1682
URDF saved to temp_urdf\being_9552.urdf
Connecting to PyBullet, GUI: False
CreatureEnv Inicijalizacija: 12 motora. OBS_dim=40, frame_skip=1
[Fitness run Gen6Creature3] reward=1.55±0.47  dist=0.05±0.15  upright=0.01±0.03  → FITNESS=0.0225
URDF saved to temp_urdf\being_9552.urdf
Connecting to PyBullet, GUI: False
CreatureEnv Inicijalizacija: 12 motora. OBS_dim=40, frame_skip=1
[Fitness run Gen6Creature4] reward=1047.00±6.30  dist=0.21±0.19  upright=1.00±0.00  → FITNESS=0.4186
URDF saved to temp_urdf\being_9552.urdf
Connecting to PyBullet, GUI: False
CreatureEnv Inicijalizacija: 12 motora. OBS_dim=40, frame_skip=1
[Fitness run Gen6Creature5] reward=1.44±0.02  dist=0.00±0.00  upright=0.02±0.06  → FITNESS=0.0241
URDF saved to temp_urdf\being_9552.urdf
Connecting to PyBullet, GUI: False
CreatureEnv Inicijalizacija: 12 motora. OBS_dim=40, frame_skip=1
[Fitness run Gen6Creature6] reward=1.19±0.10  dist=0.01±0.02  upright=0.00±0.00  → FITNESS=0.0185
URDF saved to temp_urdf\being_9552.urdf
Connecting to PyBullet, GUI: False
CreatureEnv Inicijalizacija: 12 motora. OBS_dim=40, frame_skip=1
[Fitness run Gen6Creature7] reward=1.53±0.31  dist=0.18±0.07  upright=0.13±0.11  → FITNESS=0.0625
URDF saved to temp_urdf\being_9552.urdf
Connecting to PyBullet, GUI: False
CreatureEnv Inicijalizacija: 12 motora. OBS_dim=40, frame_skip=1
[Fitness run Gen6Creature8] reward=1.33±0.03  dist=0.00±0.00  upright=0.32±0.03  → FITNESS=0.1131
URDF saved to temp_urdf\being_9552.urdf
Connecting to PyBullet, GUI: False
CreatureEnv Inicijalizacija: 12 motora. OBS_dim=40, frame_skip=1
[Fitness run Gen6Creature9] reward=1.62±0.01  dist=0.06±0.02  upright=0.05±0.16  → FITNESS=0.0364
URDF saved to temp_urdf\being_9552.urdf
Connecting to PyBullet, GUI: False
CreatureEnv Inicijalizacija: 12 motora. OBS_dim=40, frame_skip=1
[Fitness run Gen6Creature10] reward=1.58±0.03  dist=0.00±0.00  upright=0.01±0.03  → FITNESS=0.0212
URDF saved to temp_urdf\being_9552.urdf
Connecting to PyBullet, GUI: False
CreatureEnv Inicijalizacija: 12 motora. OBS_dim=40, frame_skip=1
[Fitness run Gen6Creature11] reward=1.70±0.10  dist=0.41±0.19  upright=0.09±0.02  → FITNESS=0.0547
URDF saved to temp_urdf\being_9552.urdf
Connecting to PyBullet, GUI: False
CreatureEnv Inicijalizacija: 12 motora. OBS_dim=40, frame_skip=1
[Fitness run Gen6Creature12] reward=1.75±0.21  dist=0.10±0.10  upright=0.29±0.22  → FITNESS=0.1090
URDF saved to temp_urdf\being_9552.urdf
Connecting to PyBullet, GUI: False
CreatureEnv Inicijalizacija: 12 motora. OBS_dim=40, frame_skip=1
[Fitness run Gen6Creature13] reward=1.72±0.17  dist=0.04±0.09  upright=0.30±0.20  → FITNESS=0.1103
URDF saved to temp_urdf\being_9552.urdf
Connecting to PyBullet, GUI: False
CreatureEnv Inicijalizacija: 12 motora. OBS_dim=40, frame_skip=1
[Fitness run Gen6Creature14] reward=1.34±0.14  dist=0.00±0.00  upright=0.03±0.10  → FITNESS=0.0280
URDF saved to temp_urdf\being_9552.urdf
Connecting to PyBullet, GUI: False
CreatureEnv Inicijalizacija: 12 motora. OBS_dim=40, frame_skip=1
[Fitness run Gen6Creature15] reward=95.87±283.35  dist=0.32±0.11  upright=0.33±0.22  → FITNESS=0.1347
URDF saved to temp_urdf\being_9552.urdf
Connecting to PyBullet, GUI: False
CreatureEnv Inicijalizacija: 12 motora. OBS_dim=40, frame_skip=1
[Fitness run Gen6Creature16] reward=1.46±0.06  dist=0.03±0.02  upright=0.03±0.10  → FITNESS=0.0288
URDF saved to temp_urdf\being_9552.urdf
Connecting to PyBullet, GUI: False
CreatureEnv Inicijalizacija: 12 motora. OBS_dim=40, frame_skip=1
[Fitness run Gen6Creature17] reward=1.71±0.00  dist=0.12±0.02  upright=0.04±0.03  → FITNESS=0.0339
URDF saved to temp_urdf\being_9552.urdf
Connecting to PyBullet, GUI: False
CreatureEnv Inicijalizacija: 12 motora. OBS_dim=40, frame_skip=1
[Fitness run Gen6Creature18] reward=1.59±0.03  dist=0.00±0.00  upright=0.32±0.01  → FITNESS=0.1151
URDF saved to temp_urdf\being_9552.urdf
Connecting to PyBullet, GUI: False
CreatureEnv Inicijalizacija: 12 motora. OBS_dim=40, frame_skip=1
[Fitness run Gen6Creature19] reward=1.84±0.11  dist=0.00±0.00  upright=0.16±0.03  → FITNESS=0.0658
URDF saved to temp_urdf\being_9552.urdf
Connecting to PyBullet, GUI: False
CreatureEnv Inicijalizacija: 12 motora. OBS_dim=40, frame_skip=1
[Fitness run Gen6Creature20] reward=1.43±0.21  dist=0.00±0.00  upright=0.11±0.06  → FITNESS=0.0522
URDF saved to temp_urdf\being_9552.urdf
Connecting to PyBullet, GUI: False
CreatureEnv Inicijalizacija: 12 motora. OBS_dim=40, frame_skip=1
[Fitness run Gen6Creature21] reward=1.76±0.09  dist=0.00±0.00  upright=0.10±0.30  → FITNESS=0.0483
URDF saved to temp_urdf\being_9552.urdf
Connecting to PyBullet, GUI: False
CreatureEnv Inicijalizacija: 12 motora. OBS_dim=40, frame_skip=1
[Fitness run Gen6Creature22] reward=1.40±0.28  dist=0.15±0.07  upright=0.15±0.24  → FITNESS=0.0684
URDF saved to temp_urdf\being_9552.urdf
Connecting to PyBullet, GUI: False
CreatureEnv Inicijalizacija: 12 motora. OBS_dim=40, frame_skip=1
[Fitness run Gen6Creature23] reward=1.55±0.06  dist=0.00±0.00  upright=0.01±0.03  → FITNESS=0.0212
URDF saved to temp_urdf\being_9552.urdf
Connecting to PyBullet, GUI: False
CreatureEnv Inicijalizacija: 12 motora. OBS_dim=40, frame_skip=1
[Fitness run Gen6Creature24] reward=1026.45±0.21  dist=0.00±0.00  upright=1.00±0.00  → FITNESS=0.4113
URDF saved to temp_urdf\being_9552.urdf
Connecting to PyBullet, GUI: False
CreatureEnv Inicijalizacija: 12 motora. OBS_dim=40, frame_skip=1
[Fitness run Gen6Creature25] reward=1.41±0.06  dist=0.13±0.04  upright=0.28±0.06  → FITNESS=0.1048
URDF saved to temp_urdf\being_9552.urdf
Connecting to PyBullet, GUI: False
CreatureEnv Inicijalizacija: 12 motora. OBS_dim=40, frame_skip=1
[Fitness run Gen6Creature26] reward=1.66±0.05  dist=0.14±0.06  upright=0.02±0.07  → FITNESS=0.0286
URDF saved to temp_urdf\being_9552.urdf
Connecting to PyBullet, GUI: False
CreatureEnv Inicijalizacija: 12 motora. OBS_dim=40, frame_skip=1
[Fitness run Gen6Creature27] reward=1.69±0.07  dist=0.21±0.01  upright=0.76±0.24  → FITNESS=0.2510
URDF saved to temp_urdf\being_9552.urdf
Connecting to PyBullet, GUI: False
CreatureEnv Inicijalizacija: 12 motora. OBS_dim=40, frame_skip=1
[Fitness run Gen6Creature28] reward=1.45±0.21  dist=0.23±0.09  upright=0.28±0.24  → FITNESS=0.1072
URDF saved to temp_urdf\being_9552.urdf
Connecting to PyBullet, GUI: False
CreatureEnv Inicijalizacija: 12 motora. OBS_dim=40, frame_skip=1
[Fitness run Gen6Creature29] reward=1.51±0.19  dist=0.00±0.00  upright=0.04±0.02  → FITNESS=0.0309

==================================================
Generacija 6/20  |  Best = 0.4186  |  Mean = 0.1173  |  Std = 0.1274
==================================================
URDF saved to temp_urdf\being_9552.urdf
Connecting to PyBullet, GUI: False
CreatureEnv Inicijalizacija: 12 motora. OBS_dim=40, frame_skip=1
[Fitness run Gen6Creature2] reward=202.08±400.90  dist=0.00±0.00  upright=0.44±0.31  → FITNESS=0.1682
URDF saved to temp_urdf\being_9552.urdf
Connecting to PyBullet, GUI: False
CreatureEnv Inicijalizacija: 12 motora. OBS_dim=40, frame_skip=1
[Fitness run Gen6Creature3] reward=1.55±0.47  dist=0.05±0.15  upright=0.01±0.03  → FITNESS=0.0225
URDF saved to temp_urdf\being_9552.urdf
Connecting to PyBullet, GUI: False
CreatureEnv Inicijalizacija: 12 motora. OBS_dim=40, frame_skip=1
[Fitness run Gen6Creature4] reward=1047.00±6.30  dist=0.21±0.19  upright=1.00±0.00  → FITNESS=0.4186
URDF saved to temp_urdf\being_9552.urdf
Connecting to PyBullet, GUI: False
CreatureEnv Inicijalizacija: 12 motora. OBS_dim=40, frame_skip=1
[Fitness run Gen6Creature5] reward=1.44±0.02  dist=0.00±0.00  upright=0.02±0.06  → FITNESS=0.0241
URDF saved to temp_urdf\being_9552.urdf
Connecting to PyBullet, GUI: False
CreatureEnv Inicijalizacija: 12 motora. OBS_dim=40, frame_skip=1
[Fitness run Gen6Creature6] reward=1.19±0.10  dist=0.01±0.02  upright=0.00±0.00  → FITNESS=0.0185
URDF saved to temp_urdf\being_9552.urdf
Connecting to PyBullet, GUI: False
CreatureEnv Inicijalizacija: 12 motora. OBS_dim=40, frame_skip=1
[Fitness run Gen6Creature7] reward=1.53±0.31  dist=0.18±0.07  upright=0.13±0.11  → FITNESS=0.0625
URDF saved to temp_urdf\being_9552.urdf
Connecting to PyBullet, GUI: False
CreatureEnv Inicijalizacija: 12 motora. OBS_dim=40, frame_skip=1
[Fitness run Gen6Creature8] reward=1.33±0.03  dist=0.00±0.00  upright=0.32±0.03  → FITNESS=0.1131
URDF saved to temp_urdf\being_9552.urdf
Connecting to PyBullet, GUI: False
CreatureEnv Inicijalizacija: 12 motora. OBS_dim=40, frame_skip=1
[Fitness run Gen6Creature9] reward=1.62±0.01  dist=0.06±0.02  upright=0.05±0.16  → FITNESS=0.0364
URDF saved to temp_urdf\being_9552.urdf
Connecting to PyBullet, GUI: False
CreatureEnv Inicijalizacija: 12 motora. OBS_dim=40, frame_skip=1
[Fitness run Gen6Creature10] reward=1.58±0.03  dist=0.00±0.00  upright=0.01±0.03  → FITNESS=0.0212
URDF saved to temp_urdf\being_9552.urdf
Connecting to PyBullet, GUI: False
CreatureEnv Inicijalizacija: 12 motora. OBS_dim=40, frame_skip=1
[Fitness run Gen6Creature11] reward=1.70±0.10  dist=0.41±0.19  upright=0.09±0.02  → FITNESS=0.0547
URDF saved to temp_urdf\being_9552.urdf
Connecting to PyBullet, GUI: False
CreatureEnv Inicijalizacija: 12 motora. OBS_dim=40, frame_skip=1
[Fitness run Gen6Creature12] reward=1.75±0.21  dist=0.10±0.10  upright=0.29±0.22  → FITNESS=0.1090
URDF saved to temp_urdf\being_9552.urdf
Connecting to PyBullet, GUI: False
CreatureEnv Inicijalizacija: 12 motora. OBS_dim=40, frame_skip=1
[Fitness run Gen6Creature13] reward=1.72±0.17  dist=0.04±0.09  upright=0.30±0.20  → FITNESS=0.1103
URDF saved to temp_urdf\being_9552.urdf
Connecting to PyBullet, GUI: False
CreatureEnv Inicijalizacija: 12 motora. OBS_dim=40, frame_skip=1
[Fitness run Gen6Creature14] reward=1.34±0.14  dist=0.00±0.00  upright=0.03±0.10  → FITNESS=0.0280
URDF saved to temp_urdf\being_9552.urdf
Connecting to PyBullet, GUI: False
CreatureEnv Inicijalizacija: 12 motora. OBS_dim=40, frame_skip=1
[Fitness run Gen6Creature15] reward=95.87±283.35  dist=0.32±0.11  upright=0.33±0.22  → FITNESS=0.1347
URDF saved to temp_urdf\being_9552.urdf
Connecting to PyBullet, GUI: False
CreatureEnv Inicijalizacija: 12 motora. OBS_dim=40, frame_skip=1
[Fitness run Gen6Creature16] reward=1.46±0.06  dist=0.03±0.02  upright=0.03±0.10  → FITNESS=0.0288
URDF saved to temp_urdf\being_9552.urdf
Connecting to PyBullet, GUI: False
CreatureEnv Inicijalizacija: 12 motora. OBS_dim=40, frame_skip=1
[Fitness run Gen6Creature17] reward=1.71±0.00  dist=0.12±0.02  upright=0.04±0.03  → FITNESS=0.0339
URDF saved to temp_urdf\being_9552.urdf
Connecting to PyBullet, GUI: False
CreatureEnv Inicijalizacija: 12 motora. OBS_dim=40, frame_skip=1
[Fitness run Gen6Creature18] reward=1.59±0.03  dist=0.00±0.00  upright=0.32±0.01  → FITNESS=0.1151
URDF saved to temp_urdf\being_9552.urdf
Connecting to PyBullet, GUI: False
CreatureEnv Inicijalizacija: 12 motora. OBS_dim=40, frame_skip=1
[Fitness run Gen6Creature19] reward=1.84±0.11  dist=0.00±0.00  upright=0.16±0.03  → FITNESS=0.0658
URDF saved to temp_urdf\being_9552.urdf
Connecting to PyBullet, GUI: False
CreatureEnv Inicijalizacija: 12 motora. OBS_dim=40, frame_skip=1
[Fitness run Gen6Creature20] reward=1.43±0.21  dist=0.00±0.00  upright=0.11±0.06  → FITNESS=0.0522
URDF saved to temp_urdf\being_9552.urdf
Connecting to PyBullet, GUI: False
CreatureEnv Inicijalizacija: 12 motora. OBS_dim=40, frame_skip=1
[Fitness run Gen6Creature21] reward=1.76±0.09  dist=0.00±0.00  upright=0.10±0.30  → FITNESS=0.0483
URDF saved to temp_urdf\being_9552.urdf
Connecting to PyBullet, GUI: False
CreatureEnv Inicijalizacija: 12 motora. OBS_dim=40, frame_skip=1
[Fitness run Gen6Creature22] reward=1.40±0.28  dist=0.15±0.07  upright=0.15±0.24  → FITNESS=0.0684
URDF saved to temp_urdf\being_9552.urdf
Connecting to PyBullet, GUI: False
CreatureEnv Inicijalizacija: 12 motora. OBS_dim=40, frame_skip=1
[Fitness run Gen6Creature23] reward=1.55±0.06  dist=0.00±0.00  upright=0.01±0.03  → FITNESS=0.0212
URDF saved to temp_urdf\being_9552.urdf
Connecting to PyBullet, GUI: False
CreatureEnv Inicijalizacija: 12 motora. OBS_dim=40, frame_skip=1
[Fitness run Gen6Creature24] reward=1026.45±0.21  dist=0.00±0.00  upright=1.00±0.00  → FITNESS=0.4113
URDF saved to temp_urdf\being_9552.urdf
Connecting to PyBullet, GUI: False
CreatureEnv Inicijalizacija: 12 motora. OBS_dim=40, frame_skip=1
[Fitness run Gen6Creature25] reward=1.41±0.06  dist=0.13±0.04  upright=0.28±0.06  → FITNESS=0.1048
URDF saved to temp_urdf\being_9552.urdf
Connecting to PyBullet, GUI: False
CreatureEnv Inicijalizacija: 12 motora. OBS_dim=40, frame_skip=1
[Fitness run Gen6Creature26] reward=1.66±0.05  dist=0.14±0.06  upright=0.02±0.07  → FITNESS=0.0286
URDF saved to temp_urdf\being_9552.urdf
Connecting to PyBullet, GUI: False
CreatureEnv Inicijalizacija: 12 motora. OBS_dim=40, frame_skip=1
[Fitness run Gen6Creature27] reward=1.69±0.07  dist=0.21±0.01  upright=0.76±0.24  → FITNESS=0.2510
URDF saved to temp_urdf\being_9552.urdf
Connecting to PyBullet, GUI: False
CreatureEnv Inicijalizacija: 12 motora. OBS_dim=40, frame_skip=1
[Fitness run Gen6Creature28] reward=1.45±0.21  dist=0.23±0.09  upright=0.28±0.24  → FITNESS=0.1072
URDF saved to temp_urdf\being_9552.urdf
Connecting to PyBullet, GUI: False
CreatureEnv Inicijalizacija: 12 motora. OBS_dim=40, frame_skip=1
[Fitness run Gen6Creature29] reward=1.51±0.19  dist=0.00±0.00  upright=0.04±0.02  → FITNESS=0.0309
Genome saved to results\distanceBased500Steps5DifferentSeeds\run_3\run_3_best_creature.json
[plot] Summary saved → results\distanceBased500Steps5DifferentSeeds\run_3\run_3_summary.png
URDF saved to temp_urdf\being_9552.urdf
Connecting to PyBullet, GUI: False
CreatureEnv Inicijalizacija: 12 motora. OBS_dim=40, frame_skip=1
[Fitness run Gen7Creature2] reward=1.58±0.01  dist=0.00±0.00  upright=0.12±0.03  → FITNESS=0.0532
URDF saved to temp_urdf\being_9552.urdf
Connecting to PyBullet, GUI: False
CreatureEnv Inicijalizacija: 12 motora. OBS_dim=40, frame_skip=1
[Fitness run Gen7Creature3] reward=1.68±0.11  dist=0.02±0.02  upright=0.02±0.05  → FITNESS=0.0236
URDF saved to temp_urdf\being_9552.urdf
Connecting to PyBullet, GUI: False
CreatureEnv Inicijalizacija: 12 motora. OBS_dim=40, frame_skip=1
[Fitness run Gen7Creature4] reward=1.54±0.02  dist=0.01±0.04  upright=0.38±0.11  → FITNESS=0.1338
URDF saved to temp_urdf\being_9552.urdf
Connecting to PyBullet, GUI: False
CreatureEnv Inicijalizacija: 12 motora. OBS_dim=40, frame_skip=1
[Fitness run Gen7Creature5] reward=1.50±0.01  dist=0.43±0.15  upright=0.29±0.08  → FITNESS=0.1171
URDF saved to temp_urdf\being_9552.urdf
Connecting to PyBullet, GUI: False
CreatureEnv Inicijalizacija: 12 motora. OBS_dim=40, frame_skip=1
[Fitness run Gen7Creature6] reward=1.49±0.02  dist=0.00±0.00  upright=0.00±0.01  → FITNESS=0.0193
URDF saved to temp_urdf\being_9552.urdf
Connecting to PyBullet, GUI: False
CreatureEnv Inicijalizacija: 12 motora. OBS_dim=40, frame_skip=1
[Fitness run Gen7Creature7] reward=1.62±0.62  dist=0.36±0.13  upright=0.40±0.13  → FITNESS=0.1464
URDF saved to temp_urdf\being_9552.urdf
Connecting to PyBullet, GUI: False
CreatureEnv Inicijalizacija: 12 motora. OBS_dim=40, frame_skip=1
[Fitness run Gen7Creature8] reward=1.68±0.10  dist=0.02±0.05  upright=0.20±0.04  → FITNESS=0.0797
URDF saved to temp_urdf\being_9552.urdf
Connecting to PyBullet, GUI: False
CreatureEnv Inicijalizacija: 12 motora. OBS_dim=40, frame_skip=1
[Fitness run Gen7Creature9] reward=1.44±0.38  dist=1.10±0.37  upright=0.05±0.02  → FITNESS=0.0622
URDF saved to temp_urdf\being_9552.urdf
Connecting to PyBullet, GUI: False
CreatureEnv Inicijalizacija: 12 motora. OBS_dim=40, frame_skip=1
[Fitness run Gen7Creature10] reward=1.60±0.01  dist=0.00±0.00  upright=0.01±0.02  → FITNESS=0.0203
URDF saved to temp_urdf\being_9552.urdf
Connecting to PyBullet, GUI: False
CreatureEnv Inicijalizacija: 12 motora. OBS_dim=40, frame_skip=1
[Fitness run Gen7Creature11] reward=886.84±295.07  dist=0.12±0.05  upright=0.90±0.29  → FITNESS=0.3726
URDF saved to temp_urdf\being_9552.urdf
Connecting to PyBullet, GUI: False
CreatureEnv Inicijalizacija: 12 motora. OBS_dim=40, frame_skip=1
[Fitness run Gen7Creature12] reward=1.40±0.40  dist=0.02±0.02  upright=0.14±0.03  → FITNESS=0.0604
URDF saved to temp_urdf\being_9552.urdf
Connecting to PyBullet, GUI: False
CreatureEnv Inicijalizacija: 12 motora. OBS_dim=40, frame_skip=1
[Fitness run Gen7Creature13] reward=1.67±0.04  dist=0.00±0.00  upright=0.10±0.11  → FITNESS=0.0474
URDF saved to temp_urdf\being_9552.urdf
Connecting to PyBullet, GUI: False
CreatureEnv Inicijalizacija: 12 motora. OBS_dim=40, frame_skip=1
[Fitness run Gen7Creature14] reward=1.14±0.19  dist=0.00±0.00  upright=0.58±0.20  → FITNESS=0.1925
URDF saved to temp_urdf\being_9552.urdf
Connecting to PyBullet, GUI: False
CreatureEnv Inicijalizacija: 12 motora. OBS_dim=40, frame_skip=1
[Fitness run Gen7Creature15] reward=1.61±0.27  dist=0.56±0.29  upright=0.28±0.04  → FITNESS=0.1166
URDF saved to temp_urdf\being_9552.urdf
Connecting to PyBullet, GUI: False
CreatureEnv Inicijalizacija: 12 motora. OBS_dim=40, frame_skip=1
[Fitness run Gen7Creature16] reward=1.55±0.03  dist=0.38±0.14  upright=0.22±0.03  → FITNESS=0.0927
URDF saved to temp_urdf\being_9552.urdf
Connecting to PyBullet, GUI: False
CreatureEnv Inicijalizacija: 12 motora. OBS_dim=40, frame_skip=1
[Fitness run Gen7Creature17] reward=103.28±305.67  dist=0.28±0.10  upright=0.36±0.21  → FITNESS=0.1431
URDF saved to temp_urdf\being_9552.urdf
Connecting to PyBullet, GUI: False
CreatureEnv Inicijalizacija: 12 motora. OBS_dim=40, frame_skip=1
[Fitness run Gen7Creature18] reward=1.39±0.85  dist=0.00±0.00  upright=0.21±0.05  → FITNESS=0.0812
URDF saved to temp_urdf\being_9552.urdf
Connecting to PyBullet, GUI: False
CreatureEnv Inicijalizacija: 12 motora. OBS_dim=40, frame_skip=1
[Fitness run Gen7Creature19] reward=1.69±0.02  dist=0.07±0.04  upright=0.30±0.04  → FITNESS=0.1110
URDF saved to temp_urdf\being_9552.urdf
Connecting to PyBullet, GUI: False
CreatureEnv Inicijalizacija: 12 motora. OBS_dim=40, frame_skip=1
[Fitness run Gen7Creature20] reward=959.51±319.34  dist=0.01±0.00  upright=0.91±0.28  → FITNESS=0.3776
URDF saved to temp_urdf\being_9552.urdf
Connecting to PyBullet, GUI: False
CreatureEnv Inicijalizacija: 12 motora. OBS_dim=40, frame_skip=1
[Fitness run Gen7Creature21] reward=955.30±318.10  dist=0.00±0.00  upright=0.90±0.30  → FITNESS=0.3750
URDF saved to temp_urdf\being_9552.urdf
Connecting to PyBullet, GUI: False
CreatureEnv Inicijalizacija: 12 motora. OBS_dim=40, frame_skip=1
[Fitness run Gen7Creature22] reward=1.43±0.03  dist=0.46±0.15  upright=0.12±0.03  → FITNESS=0.0656
URDF saved to temp_urdf\being_9552.urdf
Connecting to PyBullet, GUI: False
CreatureEnv Inicijalizacija: 12 motora. OBS_dim=40, frame_skip=1
[Fitness run Gen7Creature23] reward=1.34±0.07  dist=0.26±0.09  upright=0.35±0.12  → FITNESS=0.1304
URDF saved to temp_urdf\being_9552.urdf
Connecting to PyBullet, GUI: False
CreatureEnv Inicijalizacija: 12 motora. OBS_dim=40, frame_skip=1
[Fitness run Gen7Creature24] reward=1.44±0.05  dist=0.00±0.00  upright=0.03±0.10  → FITNESS=0.0280
URDF saved to temp_urdf\being_9552.urdf
Connecting to PyBullet, GUI: False
CreatureEnv Inicijalizacija: 12 motora. OBS_dim=40, frame_skip=1
[Fitness run Gen7Creature25] reward=1.35±0.05  dist=0.32±0.11  upright=0.41±0.05  → FITNESS=0.1502
URDF saved to temp_urdf\being_9552.urdf
Connecting to PyBullet, GUI: False
CreatureEnv Inicijalizacija: 12 motora. OBS_dim=40, frame_skip=1
[Fitness run Gen7Creature26] reward=1.87±0.22  dist=0.03±0.06  upright=0.30±0.24  → FITNESS=0.1101
URDF saved to temp_urdf\being_9552.urdf
Connecting to PyBullet, GUI: False
CreatureEnv Inicijalizacija: 12 motora. OBS_dim=40, frame_skip=1
[Fitness run Gen7Creature27] reward=1.57±0.03  dist=0.32±0.05  upright=0.27±0.07  → FITNESS=0.1065
URDF saved to temp_urdf\being_9552.urdf
Connecting to PyBullet, GUI: False
CreatureEnv Inicijalizacija: 12 motora. OBS_dim=40, frame_skip=1
[Fitness run Gen7Creature28] reward=1.59±0.25  dist=0.00±0.00  upright=0.18±0.13  → FITNESS=0.0725
URDF saved to temp_urdf\being_9552.urdf
Connecting to PyBullet, GUI: False
CreatureEnv Inicijalizacija: 12 motora. OBS_dim=40, frame_skip=1
[Fitness run Gen7Creature29] reward=1.64±0.39  dist=0.07±0.04  upright=0.38±0.04  → FITNESS=0.1353

==================================================
Generacija 7/20  |  Best = 0.4186  |  Mean = 0.1420  |  Std = 0.1197
==================================================
URDF saved to temp_urdf\being_9552.urdf
Connecting to PyBullet, GUI: False
CreatureEnv Inicijalizacija: 12 motora. OBS_dim=40, frame_skip=1
[Fitness run Gen7Creature2] reward=1.58±0.01  dist=0.00±0.00  upright=0.12±0.03  → FITNESS=0.0532
URDF saved to temp_urdf\being_9552.urdf
Connecting to PyBullet, GUI: False
CreatureEnv Inicijalizacija: 12 motora. OBS_dim=40, frame_skip=1
[Fitness run Gen7Creature3] reward=1.68±0.11  dist=0.02±0.02  upright=0.02±0.05  → FITNESS=0.0236
URDF saved to temp_urdf\being_9552.urdf
Connecting to PyBullet, GUI: False
CreatureEnv Inicijalizacija: 12 motora. OBS_dim=40, frame_skip=1
[Fitness run Gen7Creature4] reward=1.54±0.02  dist=0.01±0.04  upright=0.38±0.11  → FITNESS=0.1338
URDF saved to temp_urdf\being_9552.urdf
Connecting to PyBullet, GUI: False
CreatureEnv Inicijalizacija: 12 motora. OBS_dim=40, frame_skip=1
[Fitness run Gen7Creature5] reward=1.50±0.01  dist=0.43±0.15  upright=0.29±0.08  → FITNESS=0.1171
URDF saved to temp_urdf\being_9552.urdf
Connecting to PyBullet, GUI: False
CreatureEnv Inicijalizacija: 12 motora. OBS_dim=40, frame_skip=1
[Fitness run Gen7Creature6] reward=1.49±0.02  dist=0.00±0.00  upright=0.00±0.01  → FITNESS=0.0193
URDF saved to temp_urdf\being_9552.urdf
Connecting to PyBullet, GUI: False
CreatureEnv Inicijalizacija: 12 motora. OBS_dim=40, frame_skip=1
[Fitness run Gen7Creature7] reward=1.62±0.62  dist=0.36±0.13  upright=0.40±0.13  → FITNESS=0.1464
URDF saved to temp_urdf\being_9552.urdf
Connecting to PyBullet, GUI: False
CreatureEnv Inicijalizacija: 12 motora. OBS_dim=40, frame_skip=1
[Fitness run Gen7Creature8] reward=1.68±0.10  dist=0.02±0.05  upright=0.20±0.04  → FITNESS=0.0797
URDF saved to temp_urdf\being_9552.urdf
Connecting to PyBullet, GUI: False
CreatureEnv Inicijalizacija: 12 motora. OBS_dim=40, frame_skip=1
[Fitness run Gen7Creature9] reward=1.44±0.38  dist=1.10±0.37  upright=0.05±0.02  → FITNESS=0.0622
URDF saved to temp_urdf\being_9552.urdf
Connecting to PyBullet, GUI: False
CreatureEnv Inicijalizacija: 12 motora. OBS_dim=40, frame_skip=1
[Fitness run Gen7Creature10] reward=1.60±0.01  dist=0.00±0.00  upright=0.01±0.02  → FITNESS=0.0203
URDF saved to temp_urdf\being_9552.urdf
Connecting to PyBullet, GUI: False
CreatureEnv Inicijalizacija: 12 motora. OBS_dim=40, frame_skip=1
[Fitness run Gen7Creature11] reward=886.84±295.07  dist=0.12±0.05  upright=0.90±0.29  → FITNESS=0.3726
URDF saved to temp_urdf\being_9552.urdf
Connecting to PyBullet, GUI: False
CreatureEnv Inicijalizacija: 12 motora. OBS_dim=40, frame_skip=1
[Fitness run Gen7Creature12] reward=1.40±0.40  dist=0.02±0.02  upright=0.14±0.03  → FITNESS=0.0604
URDF saved to temp_urdf\being_9552.urdf
Connecting to PyBullet, GUI: False
CreatureEnv Inicijalizacija: 12 motora. OBS_dim=40, frame_skip=1
[Fitness run Gen7Creature13] reward=1.67±0.04  dist=0.00±0.00  upright=0.10±0.11  → FITNESS=0.0474
URDF saved to temp_urdf\being_9552.urdf
Connecting to PyBullet, GUI: False
CreatureEnv Inicijalizacija: 12 motora. OBS_dim=40, frame_skip=1
[Fitness run Gen7Creature14] reward=1.14±0.19  dist=0.00±0.00  upright=0.58±0.20  → FITNESS=0.1925
URDF saved to temp_urdf\being_9552.urdf
Connecting to PyBullet, GUI: False
CreatureEnv Inicijalizacija: 12 motora. OBS_dim=40, frame_skip=1
[Fitness run Gen7Creature15] reward=1.61±0.27  dist=0.56±0.29  upright=0.28±0.04  → FITNESS=0.1166
URDF saved to temp_urdf\being_9552.urdf
Connecting to PyBullet, GUI: False
CreatureEnv Inicijalizacija: 12 motora. OBS_dim=40, frame_skip=1
[Fitness run Gen7Creature16] reward=1.55±0.03  dist=0.38±0.14  upright=0.22±0.03  → FITNESS=0.0927
URDF saved to temp_urdf\being_9552.urdf
Connecting to PyBullet, GUI: False
CreatureEnv Inicijalizacija: 12 motora. OBS_dim=40, frame_skip=1
[Fitness run Gen7Creature17] reward=103.28±305.67  dist=0.28±0.10  upright=0.36±0.21  → FITNESS=0.1431
URDF saved to temp_urdf\being_9552.urdf
Connecting to PyBullet, GUI: False
CreatureEnv Inicijalizacija: 12 motora. OBS_dim=40, frame_skip=1
[Fitness run Gen7Creature18] reward=1.39±0.85  dist=0.00±0.00  upright=0.21±0.05  → FITNESS=0.0812
URDF saved to temp_urdf\being_9552.urdf
Connecting to PyBullet, GUI: False
CreatureEnv Inicijalizacija: 12 motora. OBS_dim=40, frame_skip=1
[Fitness run Gen7Creature19] reward=1.69±0.02  dist=0.07±0.04  upright=0.30±0.04  → FITNESS=0.1110
URDF saved to temp_urdf\being_9552.urdf
Connecting to PyBullet, GUI: False
CreatureEnv Inicijalizacija: 12 motora. OBS_dim=40, frame_skip=1
[Fitness run Gen7Creature20] reward=959.51±319.34  dist=0.01±0.00  upright=0.91±0.28  → FITNESS=0.3776
URDF saved to temp_urdf\being_9552.urdf
Connecting to PyBullet, GUI: False
CreatureEnv Inicijalizacija: 12 motora. OBS_dim=40, frame_skip=1
[Fitness run Gen7Creature21] reward=955.30±318.10  dist=0.00±0.00  upright=0.90±0.30  → FITNESS=0.3750
URDF saved to temp_urdf\being_9552.urdf
Connecting to PyBullet, GUI: False
CreatureEnv Inicijalizacija: 12 motora. OBS_dim=40, frame_skip=1
[Fitness run Gen7Creature22] reward=1.43±0.03  dist=0.46±0.15  upright=0.12±0.03  → FITNESS=0.0656
URDF saved to temp_urdf\being_9552.urdf
Connecting to PyBullet, GUI: False
CreatureEnv Inicijalizacija: 12 motora. OBS_dim=40, frame_skip=1
[Fitness run Gen7Creature23] reward=1.34±0.07  dist=0.26±0.09  upright=0.35±0.12  → FITNESS=0.1304
URDF saved to temp_urdf\being_9552.urdf
Connecting to PyBullet, GUI: False
CreatureEnv Inicijalizacija: 12 motora. OBS_dim=40, frame_skip=1
[Fitness run Gen7Creature24] reward=1.44±0.05  dist=0.00±0.00  upright=0.03±0.10  → FITNESS=0.0280
URDF saved to temp_urdf\being_9552.urdf
Connecting to PyBullet, GUI: False
CreatureEnv Inicijalizacija: 12 motora. OBS_dim=40, frame_skip=1
[Fitness run Gen7Creature25] reward=1.35±0.05  dist=0.32±0.11  upright=0.41±0.05  → FITNESS=0.1502
URDF saved to temp_urdf\being_9552.urdf
Connecting to PyBullet, GUI: False
CreatureEnv Inicijalizacija: 12 motora. OBS_dim=40, frame_skip=1
[Fitness run Gen7Creature26] reward=1.87±0.22  dist=0.03±0.06  upright=0.30±0.24  → FITNESS=0.1101
URDF saved to temp_urdf\being_9552.urdf
Connecting to PyBullet, GUI: False
CreatureEnv Inicijalizacija: 12 motora. OBS_dim=40, frame_skip=1
[Fitness run Gen7Creature27] reward=1.57±0.03  dist=0.32±0.05  upright=0.27±0.07  → FITNESS=0.1065
URDF saved to temp_urdf\being_9552.urdf
Connecting to PyBullet, GUI: False
CreatureEnv Inicijalizacija: 12 motora. OBS_dim=40, frame_skip=1
[Fitness run Gen7Creature28] reward=1.59±0.25  dist=0.00±0.00  upright=0.18±0.13  → FITNESS=0.0725
URDF saved to temp_urdf\being_9552.urdf
Connecting to PyBullet, GUI: False
CreatureEnv Inicijalizacija: 12 motora. OBS_dim=40, frame_skip=1
[Fitness run Gen7Creature29] reward=1.64±0.39  dist=0.07±0.04  upright=0.38±0.04  → FITNESS=0.1353
Genome saved to results\distanceBased500Steps5DifferentSeeds\run_3\run_3_best_creature.json
[plot] Summary saved → results\distanceBased500Steps5DifferentSeeds\run_3\run_3_summary.png
URDF saved to temp_urdf\being_9552.urdf
Connecting to PyBullet, GUI: False
CreatureEnv Inicijalizacija: 12 motora. OBS_dim=40, frame_skip=1
[Fitness run Gen8Creature2] reward=103.56±305.30  dist=0.00±0.00  upright=0.15±0.28  → FITNESS=0.0715
URDF saved to temp_urdf\being_9552.urdf
Connecting to PyBullet, GUI: False
CreatureEnv Inicijalizacija: 12 motora. OBS_dim=40, frame_skip=1
[Fitness run Gen8Creature3] reward=1044.37±1.43  dist=0.00±0.00  upright=1.00±0.00  → FITNESS=0.4131
URDF saved to temp_urdf\being_9552.urdf
Connecting to PyBullet, GUI: False
CreatureEnv Inicijalizacija: 12 motora. OBS_dim=40, frame_skip=1
[Fitness run Gen8Creature4] reward=1.29±0.04  dist=0.00±0.00  upright=0.15±0.05  → FITNESS=0.0618
URDF saved to temp_urdf\being_9552.urdf
Connecting to PyBullet, GUI: False
CreatureEnv Inicijalizacija: 12 motora. OBS_dim=40, frame_skip=1
[Fitness run Gen8Creature5] reward=1.29±0.03  dist=0.51±0.17  upright=0.25±0.07  → FITNESS=0.1056
URDF saved to temp_urdf\being_9552.urdf
Connecting to PyBullet, GUI: False
CreatureEnv Inicijalizacija: 12 motora. OBS_dim=40, frame_skip=1
[Fitness run Gen8Creature6] reward=1.66±0.41  dist=0.01±0.02  upright=0.42±0.23  → FITNESS=0.1434
URDF saved to temp_urdf\being_9552.urdf
Connecting to PyBullet, GUI: False
CreatureEnv Inicijalizacija: 12 motora. OBS_dim=40, frame_skip=1
[Fitness run Gen8Creature7] reward=1.69±0.01  dist=0.01±0.02  upright=0.24±0.06  → FITNESS=0.0901
URDF saved to temp_urdf\being_9552.urdf
Connecting to PyBullet, GUI: False
CreatureEnv Inicijalizacija: 12 motora. OBS_dim=40, frame_skip=1
[Fitness run Gen8Creature8] reward=1.49±0.14  dist=0.15±0.05  upright=0.30±0.23  → FITNESS=0.1130
URDF saved to temp_urdf\being_9552.urdf
Connecting to PyBullet, GUI: False
CreatureEnv Inicijalizacija: 12 motora. OBS_dim=40, frame_skip=1
[Fitness run Gen8Creature9] reward=1.65±0.02  dist=0.00±0.00  upright=0.04±0.13  → FITNESS=0.0309
URDF saved to temp_urdf\being_9552.urdf
Connecting to PyBullet, GUI: False
CreatureEnv Inicijalizacija: 12 motora. OBS_dim=40, frame_skip=1
[Fitness run Gen8Creature10] reward=1.69±0.11  dist=0.00±0.00  upright=0.08±0.13  → FITNESS=0.0425
URDF saved to temp_urdf\being_9552.urdf
Connecting to PyBullet, GUI: False
CreatureEnv Inicijalizacija: 12 motora. OBS_dim=40, frame_skip=1
[Fitness run Gen8Creature11] reward=811.31±404.76  dist=0.02±0.03  upright=0.87±0.30  → FITNESS=0.3546
URDF saved to temp_urdf\being_9552.urdf
Connecting to PyBullet, GUI: False
CreatureEnv Inicijalizacija: 12 motora. OBS_dim=40, frame_skip=1
[Fitness run Gen8Creature12] reward=1.50±0.19  dist=0.01±0.03  upright=0.21±0.08  → FITNESS=0.0825
URDF saved to temp_urdf\being_9552.urdf
Connecting to PyBullet, GUI: False
CreatureEnv Inicijalizacija: 12 motora. OBS_dim=40, frame_skip=1
[Fitness run Gen8Creature13] reward=1.70±0.08  dist=0.00±0.00  upright=0.45±0.15  → FITNESS=0.1519
URDF saved to temp_urdf\being_9552.urdf
Connecting to PyBullet, GUI: False
CreatureEnv Inicijalizacija: 12 motora. OBS_dim=40, frame_skip=1
[Fitness run Gen8Creature14] reward=107.93±320.04  dist=0.00±0.00  upright=0.65±0.24  → FITNESS=0.2215
URDF saved to temp_urdf\being_9552.urdf
Connecting to PyBullet, GUI: False
CreatureEnv Inicijalizacija: 12 motora. OBS_dim=40, frame_skip=1
[Fitness run Gen8Creature15] reward=862.33±286.95  dist=0.00±0.00  upright=0.90±0.30  → FITNESS=0.3666
URDF saved to temp_urdf\being_9552.urdf
Connecting to PyBullet, GUI: False
CreatureEnv Inicijalizacija: 12 motora. OBS_dim=40, frame_skip=1
[Fitness run Gen8Creature16] reward=2.06±0.14  dist=0.07±0.02  upright=0.90±0.30  → FITNESS=0.2900
URDF saved to temp_urdf\being_9552.urdf
Connecting to PyBullet, GUI: False
CreatureEnv Inicijalizacija: 12 motora. OBS_dim=40, frame_skip=1
[Fitness run Gen8Creature17] reward=1.74±0.13  dist=0.03±0.02  upright=0.03±0.09  → FITNESS=0.0278
URDF saved to temp_urdf\being_9552.urdf
Connecting to PyBullet, GUI: False
CreatureEnv Inicijalizacija: 12 motora. OBS_dim=40, frame_skip=1
[Fitness run Gen8Creature18] reward=1.53±0.03  dist=0.12±0.04  upright=0.21±0.04  → FITNESS=0.0853
URDF saved to temp_urdf\being_9552.urdf
Connecting to PyBullet, GUI: False
CreatureEnv Inicijalizacija: 12 motora. OBS_dim=40, frame_skip=1
[Fitness run Gen8Creature19] reward=1.30±0.09  dist=0.09±0.04  upright=0.39±0.09  → FITNESS=0.1385
URDF saved to temp_urdf\being_9552.urdf
Connecting to PyBullet, GUI: False
CreatureEnv Inicijalizacija: 12 motora. OBS_dim=40, frame_skip=1
[Fitness run Gen8Creature20] reward=982.92±327.13  dist=0.14±0.05  upright=0.90±0.29  → FITNESS=0.3819
URDF saved to temp_urdf\being_9552.urdf
Connecting to PyBullet, GUI: False
CreatureEnv Inicijalizacija: 12 motora. OBS_dim=40, frame_skip=1
[Fitness run Gen8Creature21] reward=1.71±0.12  dist=0.00±0.00  upright=0.20±0.04  → FITNESS=0.0793
URDF saved to temp_urdf\being_9552.urdf
Connecting to PyBullet, GUI: False
CreatureEnv Inicijalizacija: 12 motora. OBS_dim=40, frame_skip=1
[Fitness run Gen8Creature22] reward=1.66±0.12  dist=0.00±0.00  upright=0.16±0.28  → FITNESS=0.0658
URDF saved to temp_urdf\being_9552.urdf
Connecting to PyBullet, GUI: False
CreatureEnv Inicijalizacija: 12 motora. OBS_dim=40, frame_skip=1
[Fitness run Gen8Creature23] reward=108.65±320.80  dist=0.27±0.08  upright=0.16±0.28  → FITNESS=0.0823
URDF saved to temp_urdf\being_9552.urdf
Connecting to PyBullet, GUI: False
CreatureEnv Inicijalizacija: 12 motora. OBS_dim=40, frame_skip=1
[Fitness run Gen8Creature24] reward=1.31±0.07  dist=0.00±0.00  upright=0.03±0.10  → FITNESS=0.0281
URDF saved to temp_urdf\being_9552.urdf
Connecting to PyBullet, GUI: False
CreatureEnv Inicijalizacija: 12 motora. OBS_dim=40, frame_skip=1
[Fitness run Gen8Creature25] reward=1.41±0.06  dist=0.13±0.04  upright=0.28±0.06  → FITNESS=0.1048
URDF saved to temp_urdf\being_9552.urdf
Connecting to PyBullet, GUI: False
CreatureEnv Inicijalizacija: 12 motora. OBS_dim=40, frame_skip=1
[Fitness run Gen8Creature26] reward=1.50±0.22  dist=0.01±0.02  upright=0.76±0.30  → FITNESS=0.2459
URDF saved to temp_urdf\being_9552.urdf
Connecting to PyBullet, GUI: False
CreatureEnv Inicijalizacija: 12 motora. OBS_dim=40, frame_skip=1
[Fitness run Gen8Creature27] reward=1.73±0.00  dist=0.00±0.00  upright=0.04±0.02  → FITNESS=0.0309
URDF saved to temp_urdf\being_9552.urdf
Connecting to PyBullet, GUI: False
CreatureEnv Inicijalizacija: 12 motora. OBS_dim=40, frame_skip=1
[Fitness run Gen8Creature28] reward=1.36±0.21  dist=0.36±0.12  upright=0.30±0.23  → FITNESS=0.1182
URDF saved to temp_urdf\being_9552.urdf
Connecting to PyBullet, GUI: False
CreatureEnv Inicijalizacija: 12 motora. OBS_dim=40, frame_skip=1
[Fitness run Gen8Creature29] reward=1.20±0.23  dist=0.32±0.17  upright=0.49±0.15  → FITNESS=0.1724

==================================================
Generacija 8/20  |  Best = 0.4186  |  Mean = 0.1645  |  Std = 0.1294
==================================================
URDF saved to temp_urdf\being_9552.urdf
Connecting to PyBullet, GUI: False
CreatureEnv Inicijalizacija: 12 motora. OBS_dim=40, frame_skip=1
[Fitness run Gen8Creature2] reward=103.56±305.30  dist=0.00±0.00  upright=0.15±0.28  → FITNESS=0.0715
URDF saved to temp_urdf\being_9552.urdf
Connecting to PyBullet, GUI: False
CreatureEnv Inicijalizacija: 12 motora. OBS_dim=40, frame_skip=1
[Fitness run Gen8Creature3] reward=1044.37±1.43  dist=0.00±0.00  upright=1.00±0.00  → FITNESS=0.4131
URDF saved to temp_urdf\being_9552.urdf
Connecting to PyBullet, GUI: False
CreatureEnv Inicijalizacija: 12 motora. OBS_dim=40, frame_skip=1
[Fitness run Gen8Creature4] reward=1.29±0.04  dist=0.00±0.00  upright=0.15±0.05  → FITNESS=0.0618
URDF saved to temp_urdf\being_9552.urdf
Connecting to PyBullet, GUI: False
CreatureEnv Inicijalizacija: 12 motora. OBS_dim=40, frame_skip=1
[Fitness run Gen8Creature5] reward=1.29±0.03  dist=0.51±0.17  upright=0.25±0.07  → FITNESS=0.1056
URDF saved to temp_urdf\being_9552.urdf
Connecting to PyBullet, GUI: False
CreatureEnv Inicijalizacija: 12 motora. OBS_dim=40, frame_skip=1
[Fitness run Gen8Creature6] reward=1.66±0.41  dist=0.01±0.02  upright=0.42±0.23  → FITNESS=0.1434
URDF saved to temp_urdf\being_9552.urdf
Connecting to PyBullet, GUI: False
CreatureEnv Inicijalizacija: 12 motora. OBS_dim=40, frame_skip=1
[Fitness run Gen8Creature7] reward=1.69±0.01  dist=0.01±0.02  upright=0.24±0.06  → FITNESS=0.0901
URDF saved to temp_urdf\being_9552.urdf
Connecting to PyBullet, GUI: False
CreatureEnv Inicijalizacija: 12 motora. OBS_dim=40, frame_skip=1
[Fitness run Gen8Creature8] reward=1.49±0.14  dist=0.15±0.05  upright=0.30±0.23  → FITNESS=0.1130
URDF saved to temp_urdf\being_9552.urdf
Connecting to PyBullet, GUI: False
CreatureEnv Inicijalizacija: 12 motora. OBS_dim=40, frame_skip=1
[Fitness run Gen8Creature9] reward=1.65±0.02  dist=0.00±0.00  upright=0.04±0.13  → FITNESS=0.0309
URDF saved to temp_urdf\being_9552.urdf
Connecting to PyBullet, GUI: False
CreatureEnv Inicijalizacija: 12 motora. OBS_dim=40, frame_skip=1
[Fitness run Gen8Creature10] reward=1.69±0.11  dist=0.00±0.00  upright=0.08±0.13  → FITNESS=0.0425
URDF saved to temp_urdf\being_9552.urdf
Connecting to PyBullet, GUI: False
CreatureEnv Inicijalizacija: 12 motora. OBS_dim=40, frame_skip=1
[Fitness run Gen8Creature11] reward=811.31±404.76  dist=0.02±0.03  upright=0.87±0.30  → FITNESS=0.3546
URDF saved to temp_urdf\being_9552.urdf
Connecting to PyBullet, GUI: False
CreatureEnv Inicijalizacija: 12 motora. OBS_dim=40, frame_skip=1
[Fitness run Gen8Creature12] reward=1.50±0.19  dist=0.01±0.03  upright=0.21±0.08  → FITNESS=0.0825
URDF saved to temp_urdf\being_9552.urdf
Connecting to PyBullet, GUI: False
CreatureEnv Inicijalizacija: 12 motora. OBS_dim=40, frame_skip=1
[Fitness run Gen8Creature13] reward=1.70±0.08  dist=0.00±0.00  upright=0.45±0.15  → FITNESS=0.1519
URDF saved to temp_urdf\being_9552.urdf
Connecting to PyBullet, GUI: False
CreatureEnv Inicijalizacija: 12 motora. OBS_dim=40, frame_skip=1
[Fitness run Gen8Creature14] reward=107.93±320.04  dist=0.00±0.00  upright=0.65±0.24  → FITNESS=0.2215
URDF saved to temp_urdf\being_9552.urdf
Connecting to PyBullet, GUI: False
CreatureEnv Inicijalizacija: 12 motora. OBS_dim=40, frame_skip=1
[Fitness run Gen8Creature15] reward=862.33±286.95  dist=0.00±0.00  upright=0.90±0.30  → FITNESS=0.3666
URDF saved to temp_urdf\being_9552.urdf
Connecting to PyBullet, GUI: False
CreatureEnv Inicijalizacija: 12 motora. OBS_dim=40, frame_skip=1
[Fitness run Gen8Creature16] reward=2.06±0.14  dist=0.07±0.02  upright=0.90±0.30  → FITNESS=0.2900
URDF saved to temp_urdf\being_9552.urdf
Connecting to PyBullet, GUI: False
CreatureEnv Inicijalizacija: 12 motora. OBS_dim=40, frame_skip=1
[Fitness run Gen8Creature17] reward=1.74±0.13  dist=0.03±0.02  upright=0.03±0.09  → FITNESS=0.0278
URDF saved to temp_urdf\being_9552.urdf
Connecting to PyBullet, GUI: False
CreatureEnv Inicijalizacija: 12 motora. OBS_dim=40, frame_skip=1
[Fitness run Gen8Creature18] reward=1.53±0.03  dist=0.12±0.04  upright=0.21±0.04  → FITNESS=0.0853
URDF saved to temp_urdf\being_9552.urdf
Connecting to PyBullet, GUI: False
CreatureEnv Inicijalizacija: 12 motora. OBS_dim=40, frame_skip=1
[Fitness run Gen8Creature19] reward=1.30±0.09  dist=0.09±0.04  upright=0.39±0.09  → FITNESS=0.1385
URDF saved to temp_urdf\being_9552.urdf
Connecting to PyBullet, GUI: False
CreatureEnv Inicijalizacija: 12 motora. OBS_dim=40, frame_skip=1
[Fitness run Gen8Creature20] reward=982.92±327.13  dist=0.14±0.05  upright=0.90±0.29  → FITNESS=0.3819
URDF saved to temp_urdf\being_9552.urdf
Connecting to PyBullet, GUI: False
CreatureEnv Inicijalizacija: 12 motora. OBS_dim=40, frame_skip=1
[Fitness run Gen8Creature21] reward=1.71±0.12  dist=0.00±0.00  upright=0.20±0.04  → FITNESS=0.0793
URDF saved to temp_urdf\being_9552.urdf
Connecting to PyBullet, GUI: False
CreatureEnv Inicijalizacija: 12 motora. OBS_dim=40, frame_skip=1
[Fitness run Gen8Creature22] reward=1.66±0.12  dist=0.00±0.00  upright=0.16±0.28  → FITNESS=0.0658
URDF saved to temp_urdf\being_9552.urdf
Connecting to PyBullet, GUI: False
CreatureEnv Inicijalizacija: 12 motora. OBS_dim=40, frame_skip=1
[Fitness run Gen8Creature23] reward=108.65±320.80  dist=0.27±0.08  upright=0.16±0.28  → FITNESS=0.0823
URDF saved to temp_urdf\being_9552.urdf
Connecting to PyBullet, GUI: False
CreatureEnv Inicijalizacija: 12 motora. OBS_dim=40, frame_skip=1
[Fitness run Gen8Creature24] reward=1.31±0.07  dist=0.00±0.00  upright=0.03±0.10  → FITNESS=0.0281
URDF saved to temp_urdf\being_9552.urdf
Connecting to PyBullet, GUI: False
CreatureEnv Inicijalizacija: 12 motora. OBS_dim=40, frame_skip=1
[Fitness run Gen8Creature25] reward=1.41±0.06  dist=0.13±0.04  upright=0.28±0.06  → FITNESS=0.1048
URDF saved to temp_urdf\being_9552.urdf
Connecting to PyBullet, GUI: False
CreatureEnv Inicijalizacija: 12 motora. OBS_dim=40, frame_skip=1
[Fitness run Gen8Creature26] reward=1.50±0.22  dist=0.01±0.02  upright=0.76±0.30  → FITNESS=0.2459
URDF saved to temp_urdf\being_9552.urdf
Connecting to PyBullet, GUI: False
CreatureEnv Inicijalizacija: 12 motora. OBS_dim=40, frame_skip=1
[Fitness run Gen8Creature27] reward=1.73±0.00  dist=0.00±0.00  upright=0.04±0.02  → FITNESS=0.0309
URDF saved to temp_urdf\being_9552.urdf
Connecting to PyBullet, GUI: False
CreatureEnv Inicijalizacija: 12 motora. OBS_dim=40, frame_skip=1
[Fitness run Gen8Creature28] reward=1.36±0.21  dist=0.36±0.12  upright=0.30±0.23  → FITNESS=0.1182
URDF saved to temp_urdf\being_9552.urdf
Connecting to PyBullet, GUI: False
CreatureEnv Inicijalizacija: 12 motora. OBS_dim=40, frame_skip=1
[Fitness run Gen8Creature29] reward=1.20±0.23  dist=0.32±0.17  upright=0.49±0.15  → FITNESS=0.1724
Genome saved to results\distanceBased500Steps5DifferentSeeds\run_3\run_3_best_creature.json
[plot] Summary saved → results\distanceBased500Steps5DifferentSeeds\run_3\run_3_summary.png
URDF saved to temp_urdf\being_9552.urdf
Connecting to PyBullet, GUI: False
CreatureEnv Inicijalizacija: 12 motora. OBS_dim=40, frame_skip=1
[Fitness run Gen9Creature2] reward=968.13±322.20  dist=0.19±0.07  upright=0.90±0.30  → FITNESS=0.3810
URDF saved to temp_urdf\being_9552.urdf
Connecting to PyBullet, GUI: False
CreatureEnv Inicijalizacija: 12 motora. OBS_dim=40, frame_skip=1
[Fitness run Gen9Creature3] reward=596.76±486.05  dist=0.74±0.70  upright=0.81±0.30  → FITNESS=0.3329
URDF saved to temp_urdf\being_9552.urdf
Connecting to PyBullet, GUI: False
CreatureEnv Inicijalizacija: 12 motora. OBS_dim=40, frame_skip=1
[Fitness run Gen9Creature4] reward=1.28±0.15  dist=0.00±0.00  upright=0.05±0.14  → FITNESS=0.0318
URDF saved to temp_urdf\being_9552.urdf
Connecting to PyBullet, GUI: False
CreatureEnv Inicijalizacija: 12 motora. OBS_dim=40, frame_skip=1
[Fitness run Gen9Creature5] reward=1.49±0.19  dist=0.08±0.05  upright=0.54±0.16  → FITNESS=0.1820
URDF saved to temp_urdf\being_9552.urdf
Connecting to PyBullet, GUI: False
CreatureEnv Inicijalizacija: 12 motora. OBS_dim=40, frame_skip=1
[Fitness run Gen9Creature6] reward=1.63±0.18  dist=0.09±0.04  upright=0.65±0.23  → FITNESS=0.2171
URDF saved to temp_urdf\being_9552.urdf
Connecting to PyBullet, GUI: False
CreatureEnv Inicijalizacija: 12 motora. OBS_dim=40, frame_skip=1
[Fitness run Gen9Creature7] reward=1.72±0.05  dist=0.00±0.00  upright=0.39±0.09  → FITNESS=0.1354
URDF saved to temp_urdf\being_9552.urdf
Connecting to PyBullet, GUI: False
CreatureEnv Inicijalizacija: 12 motora. OBS_dim=40, frame_skip=1
[Fitness run Gen9Creature8] reward=1.73±0.01  dist=0.00±0.00  upright=0.27±0.09  → FITNESS=0.0987
URDF saved to temp_urdf\being_9552.urdf
Connecting to PyBullet, GUI: False
CreatureEnv Inicijalizacija: 12 motora. OBS_dim=40, frame_skip=1
[Fitness run Gen9Creature9] reward=1.56±0.33  dist=0.00±0.00  upright=0.61±0.22  → FITNESS=0.2003
URDF saved to temp_urdf\being_9552.urdf
Connecting to PyBullet, GUI: False
CreatureEnv Inicijalizacija: 12 motora. OBS_dim=40, frame_skip=1
[Fitness run Gen9Creature10] reward=106.63±317.70  dist=0.00±0.00  upright=0.41±0.19  → FITNESS=0.1504
URDF saved to temp_urdf\being_9552.urdf
Connecting to PyBullet, GUI: False
CreatureEnv Inicijalizacija: 12 motora. OBS_dim=40, frame_skip=1
[Fitness run Gen9Creature11] reward=1.60±0.02  dist=0.04±0.12  upright=0.20±0.07  → FITNESS=0.0803
URDF saved to temp_urdf\being_9552.urdf
Connecting to PyBullet, GUI: False
CreatureEnv Inicijalizacija: 12 motora. OBS_dim=40, frame_skip=1
[Fitness run Gen9Creature12] reward=910.20±302.91  dist=0.02±0.04  upright=0.90±0.30  → FITNESS=0.3715
URDF saved to temp_urdf\being_9552.urdf
Connecting to PyBullet, GUI: False
CreatureEnv Inicijalizacija: 12 motora. OBS_dim=40, frame_skip=1
[Fitness run Gen9Creature13] reward=1.71±0.03  dist=0.39±0.13  upright=0.23±0.08  → FITNESS=0.0978
URDF saved to temp_urdf\being_9552.urdf
Connecting to PyBullet, GUI: False
CreatureEnv Inicijalizacija: 12 motora. OBS_dim=40, frame_skip=1
[Fitness run Gen9Creature14] reward=952.17±316.92  dist=0.01±0.00  upright=0.90±0.30  → FITNESS=0.3749
URDF saved to temp_urdf\being_9552.urdf
Connecting to PyBullet, GUI: False
CreatureEnv Inicijalizacija: 12 motora. OBS_dim=40, frame_skip=1
[Fitness run Gen9Creature15] reward=843.50±280.83  dist=0.04±0.03  upright=0.92±0.24  → FITNESS=0.3716
URDF saved to temp_urdf\being_9552.urdf
Connecting to PyBullet, GUI: False
CreatureEnv Inicijalizacija: 12 motora. OBS_dim=40, frame_skip=1
[Fitness run Gen9Creature16] reward=1.77±0.28  dist=0.32±0.13  upright=0.89±0.10  → FITNESS=0.2924
URDF saved to temp_urdf\being_9552.urdf
Connecting to PyBullet, GUI: False
CreatureEnv Inicijalizacija: 12 motora. OBS_dim=40, frame_skip=1
[Fitness run Gen9Creature17] reward=930.83±309.77  dist=0.03±0.01  upright=0.90±0.30  → FITNESS=0.3735
URDF saved to temp_urdf\being_9552.urdf
Connecting to PyBullet, GUI: False
CreatureEnv Inicijalizacija: 12 motora. OBS_dim=40, frame_skip=1
[Fitness run Gen9Creature18] reward=946.35±314.88  dist=0.02±0.02  upright=0.90±0.30  → FITNESS=0.3746
URDF saved to temp_urdf\being_9552.urdf
Connecting to PyBullet, GUI: False
CreatureEnv Inicijalizacija: 12 motora. OBS_dim=40, frame_skip=1
[Fitness run Gen9Creature19] reward=501.53±500.00  dist=0.05±0.07  upright=0.73±0.32  → FITNESS=0.2829
URDF saved to temp_urdf\being_9552.urdf
Connecting to PyBullet, GUI: False
CreatureEnv Inicijalizacija: 12 motora. OBS_dim=40, frame_skip=1
[Fitness run Gen9Creature20] reward=935.19±311.22  dist=0.00±0.00  upright=0.90±0.30  → FITNESS=0.3732
URDF saved to temp_urdf\being_9552.urdf
Connecting to PyBullet, GUI: False
CreatureEnv Inicijalizacija: 12 motora. OBS_dim=40, frame_skip=1
[Fitness run Gen9Creature21] reward=1.69±0.00  dist=0.01±0.02  upright=0.01±0.02  → FITNESS=0.0205
URDF saved to temp_urdf\being_9552.urdf
Connecting to PyBullet, GUI: False
CreatureEnv Inicijalizacija: 12 motora. OBS_dim=40, frame_skip=1
[Fitness run Gen9Creature22] reward=1099.69±0.71  dist=0.04±0.02  upright=1.00±0.00  → FITNESS=0.4193
URDF saved to temp_urdf\being_9552.urdf
Connecting to PyBullet, GUI: False
CreatureEnv Inicijalizacija: 12 motora. OBS_dim=40, frame_skip=1
[Fitness run Gen9Creature23] reward=1.93±0.18  dist=0.00±0.00  upright=0.57±0.20  → FITNESS=0.1887
URDF saved to temp_urdf\being_9552.urdf
Connecting to PyBullet, GUI: False
CreatureEnv Inicijalizacija: 12 motora. OBS_dim=40, frame_skip=1
[Fitness run Gen9Creature24] reward=1.39±0.01  dist=0.00±0.00  upright=0.03±0.08  → FITNESS=0.0261
URDF saved to temp_urdf\being_9552.urdf
Connecting to PyBullet, GUI: False
CreatureEnv Inicijalizacija: 12 motora. OBS_dim=40, frame_skip=1
[Fitness run Gen9Creature25] reward=1.46±0.01  dist=0.16±0.08  upright=0.31±0.03  → FITNESS=0.1152
URDF saved to temp_urdf\being_9552.urdf
Connecting to PyBullet, GUI: False
CreatureEnv Inicijalizacija: 12 motora. OBS_dim=40, frame_skip=1
[Fitness run Gen9Creature27] reward=1.69±0.27  dist=0.00±0.00  upright=0.53±0.11  → FITNESS=0.1780
URDF saved to temp_urdf\being_9552.urdf
Connecting to PyBullet, GUI: False
CreatureEnv Inicijalizacija: 12 motora. OBS_dim=40, frame_skip=1
[Fitness run Gen9Creature28] reward=1.70±0.03  dist=0.01±0.02  upright=0.37±0.13  → FITNESS=0.1308
URDF saved to temp_urdf\being_9552.urdf
Connecting to PyBullet, GUI: False
CreatureEnv Inicijalizacija: 12 motora. OBS_dim=40, frame_skip=1
[Fitness run Gen9Creature29] reward=1.70±0.19  dist=0.00±0.01  upright=0.46±0.22  → FITNESS=0.1568

==================================================
Generacija 9/20  |  Best = 0.4193  |  Mean = 0.2347  |  Std = 0.1294
==================================================
URDF saved to temp_urdf\being_9552.urdf
Connecting to PyBullet, GUI: False
CreatureEnv Inicijalizacija: 12 motora. OBS_dim=40, frame_skip=1
[Fitness run Gen9Creature2] reward=968.13±322.20  dist=0.19±0.07  upright=0.90±0.30  → FITNESS=0.3810
URDF saved to temp_urdf\being_9552.urdf
Connecting to PyBullet, GUI: False
CreatureEnv Inicijalizacija: 12 motora. OBS_dim=40, frame_skip=1
[Fitness run Gen9Creature3] reward=596.76±486.05  dist=0.74±0.70  upright=0.81±0.30  → FITNESS=0.3329
URDF saved to temp_urdf\being_9552.urdf
Connecting to PyBullet, GUI: False
CreatureEnv Inicijalizacija: 12 motora. OBS_dim=40, frame_skip=1
[Fitness run Gen9Creature4] reward=1.28±0.15  dist=0.00±0.00  upright=0.05±0.14  → FITNESS=0.0318
URDF saved to temp_urdf\being_9552.urdf
Connecting to PyBullet, GUI: False
CreatureEnv Inicijalizacija: 12 motora. OBS_dim=40, frame_skip=1
[Fitness run Gen9Creature5] reward=1.49±0.19  dist=0.08±0.05  upright=0.54±0.16  → FITNESS=0.1820
URDF saved to temp_urdf\being_9552.urdf
Connecting to PyBullet, GUI: False
CreatureEnv Inicijalizacija: 12 motora. OBS_dim=40, frame_skip=1
[Fitness run Gen9Creature6] reward=1.63±0.18  dist=0.09±0.04  upright=0.65±0.23  → FITNESS=0.2171
URDF saved to temp_urdf\being_9552.urdf
Connecting to PyBullet, GUI: False
CreatureEnv Inicijalizacija: 12 motora. OBS_dim=40, frame_skip=1
[Fitness run Gen9Creature7] reward=1.72±0.05  dist=0.00±0.00  upright=0.39±0.09  → FITNESS=0.1354
URDF saved to temp_urdf\being_9552.urdf
Connecting to PyBullet, GUI: False
CreatureEnv Inicijalizacija: 12 motora. OBS_dim=40, frame_skip=1
[Fitness run Gen9Creature8] reward=1.73±0.01  dist=0.00±0.00  upright=0.27±0.09  → FITNESS=0.0987
URDF saved to temp_urdf\being_9552.urdf
Connecting to PyBullet, GUI: False
CreatureEnv Inicijalizacija: 12 motora. OBS_dim=40, frame_skip=1
[Fitness run Gen9Creature9] reward=1.56±0.33  dist=0.00±0.00  upright=0.61±0.22  → FITNESS=0.2003
URDF saved to temp_urdf\being_9552.urdf
Connecting to PyBullet, GUI: False
CreatureEnv Inicijalizacija: 12 motora. OBS_dim=40, frame_skip=1
[Fitness run Gen9Creature10] reward=106.63±317.70  dist=0.00±0.00  upright=0.41±0.19  → FITNESS=0.1504
URDF saved to temp_urdf\being_9552.urdf
Connecting to PyBullet, GUI: False
CreatureEnv Inicijalizacija: 12 motora. OBS_dim=40, frame_skip=1
[Fitness run Gen9Creature11] reward=1.60±0.02  dist=0.04±0.12  upright=0.20±0.07  → FITNESS=0.0803
URDF saved to temp_urdf\being_9552.urdf
Connecting to PyBullet, GUI: False
CreatureEnv Inicijalizacija: 12 motora. OBS_dim=40, frame_skip=1
[Fitness run Gen9Creature12] reward=910.20±302.91  dist=0.02±0.04  upright=0.90±0.30  → FITNESS=0.3715
URDF saved to temp_urdf\being_9552.urdf
Connecting to PyBullet, GUI: False
CreatureEnv Inicijalizacija: 12 motora. OBS_dim=40, frame_skip=1
[Fitness run Gen9Creature13] reward=1.71±0.03  dist=0.39±0.13  upright=0.23±0.08  → FITNESS=0.0978
URDF saved to temp_urdf\being_9552.urdf
Connecting to PyBullet, GUI: False
CreatureEnv Inicijalizacija: 12 motora. OBS_dim=40, frame_skip=1
[Fitness run Gen9Creature14] reward=952.17±316.92  dist=0.01±0.00  upright=0.90±0.30  → FITNESS=0.3749
URDF saved to temp_urdf\being_9552.urdf
Connecting to PyBullet, GUI: False
CreatureEnv Inicijalizacija: 12 motora. OBS_dim=40, frame_skip=1
[Fitness run Gen9Creature15] reward=843.50±280.83  dist=0.04±0.03  upright=0.92±0.24  → FITNESS=0.3716
URDF saved to temp_urdf\being_9552.urdf
Connecting to PyBullet, GUI: False
CreatureEnv Inicijalizacija: 12 motora. OBS_dim=40, frame_skip=1
[Fitness run Gen9Creature16] reward=1.77±0.28  dist=0.32±0.13  upright=0.89±0.10  → FITNESS=0.2924
URDF saved to temp_urdf\being_9552.urdf
Connecting to PyBullet, GUI: False
CreatureEnv Inicijalizacija: 12 motora. OBS_dim=40, frame_skip=1
[Fitness run Gen9Creature17] reward=930.83±309.77  dist=0.03±0.01  upright=0.90±0.30  → FITNESS=0.3735
URDF saved to temp_urdf\being_9552.urdf
Connecting to PyBullet, GUI: False
CreatureEnv Inicijalizacija: 12 motora. OBS_dim=40, frame_skip=1
[Fitness run Gen9Creature18] reward=946.35±314.88  dist=0.02±0.02  upright=0.90±0.30  → FITNESS=0.3746
URDF saved to temp_urdf\being_9552.urdf
Connecting to PyBullet, GUI: False
CreatureEnv Inicijalizacija: 12 motora. OBS_dim=40, frame_skip=1
[Fitness run Gen9Creature19] reward=501.53±500.00  dist=0.05±0.07  upright=0.73±0.32  → FITNESS=0.2829
URDF saved to temp_urdf\being_9552.urdf
Connecting to PyBullet, GUI: False
CreatureEnv Inicijalizacija: 12 motora. OBS_dim=40, frame_skip=1
[Fitness run Gen9Creature20] reward=935.19±311.22  dist=0.00±0.00  upright=0.90±0.30  → FITNESS=0.3732
URDF saved to temp_urdf\being_9552.urdf
Connecting to PyBullet, GUI: False
CreatureEnv Inicijalizacija: 12 motora. OBS_dim=40, frame_skip=1
[Fitness run Gen9Creature21] reward=1.69±0.00  dist=0.01±0.02  upright=0.01±0.02  → FITNESS=0.0205
URDF saved to temp_urdf\being_9552.urdf
Connecting to PyBullet, GUI: False
CreatureEnv Inicijalizacija: 12 motora. OBS_dim=40, frame_skip=1
[Fitness run Gen9Creature22] reward=1099.69±0.71  dist=0.04±0.02  upright=1.00±0.00  → FITNESS=0.4193
URDF saved to temp_urdf\being_9552.urdf
Connecting to PyBullet, GUI: False
CreatureEnv Inicijalizacija: 12 motora. OBS_dim=40, frame_skip=1
[Fitness run Gen9Creature23] reward=1.93±0.18  dist=0.00±0.00  upright=0.57±0.20  → FITNESS=0.1887
URDF saved to temp_urdf\being_9552.urdf
Connecting to PyBullet, GUI: False
CreatureEnv Inicijalizacija: 12 motora. OBS_dim=40, frame_skip=1
[Fitness run Gen9Creature24] reward=1.39±0.01  dist=0.00±0.00  upright=0.03±0.08  → FITNESS=0.0261
URDF saved to temp_urdf\being_9552.urdf
Connecting to PyBullet, GUI: False
CreatureEnv Inicijalizacija: 12 motora. OBS_dim=40, frame_skip=1
[Fitness run Gen9Creature25] reward=1.46±0.01  dist=0.16±0.08  upright=0.31±0.03  → FITNESS=0.1152
URDF saved to temp_urdf\being_9552.urdf
Connecting to PyBullet, GUI: False
CreatureEnv Inicijalizacija: 12 motora. OBS_dim=40, frame_skip=1
[Fitness run Gen9Creature27] reward=1.69±0.27  dist=0.00±0.00  upright=0.53±0.11  → FITNESS=0.1780
URDF saved to temp_urdf\being_9552.urdf
Connecting to PyBullet, GUI: False
CreatureEnv Inicijalizacija: 12 motora. OBS_dim=40, frame_skip=1
[Fitness run Gen9Creature28] reward=1.70±0.03  dist=0.01±0.02  upright=0.37±0.13  → FITNESS=0.1308
URDF saved to temp_urdf\being_9552.urdf
Connecting to PyBullet, GUI: False
CreatureEnv Inicijalizacija: 12 motora. OBS_dim=40, frame_skip=1
[Fitness run Gen9Creature29] reward=1.70±0.19  dist=0.00±0.01  upright=0.46±0.22  → FITNESS=0.1568
Genome saved to results\distanceBased500Steps5DifferentSeeds\run_3\run_3_best_creature.json
[plot] Summary saved → results\distanceBased500Steps5DifferentSeeds\run_3\run_3_summary.png
URDF saved to temp_urdf\being_9552.urdf
Connecting to PyBullet, GUI: False
CreatureEnv Inicijalizacija: 12 motora. OBS_dim=40, frame_skip=1
[Fitness run Gen10Creature2] reward=1.66±0.00  dist=0.05±0.03  upright=0.17±0.06  → FITNESS=0.0718
URDF saved to temp_urdf\being_9552.urdf
Connecting to PyBullet, GUI: False
CreatureEnv Inicijalizacija: 12 motora. OBS_dim=40, frame_skip=1
[Fitness run Gen10Creature3] reward=841.70±280.08  dist=0.02±0.02  upright=0.90±0.30  → FITNESS=0.3652
URDF saved to temp_urdf\being_9552.urdf
Connecting to PyBullet, GUI: False
CreatureEnv Inicijalizacija: 12 motora. OBS_dim=40, frame_skip=1
[Fitness run Gen10Creature4] reward=1.33±0.35  dist=0.01±0.02  upright=0.24±0.26  → FITNESS=0.0891
URDF saved to temp_urdf\being_9552.urdf
Connecting to PyBullet, GUI: False
CreatureEnv Inicijalizacija: 12 motora. OBS_dim=40, frame_skip=1
[Fitness run Gen10Creature5] reward=1.73±0.01  dist=0.02±0.05  upright=0.12±0.03  → FITNESS=0.0546
URDF saved to temp_urdf\being_9552.urdf
Connecting to PyBullet, GUI: False
CreatureEnv Inicijalizacija: 12 motora. OBS_dim=40, frame_skip=1
[Fitness run Gen10Creature6] reward=1.63±0.18  dist=0.09±0.04  upright=0.65±0.23  → FITNESS=0.2171
URDF saved to temp_urdf\being_9552.urdf
Connecting to PyBullet, GUI: False
CreatureEnv Inicijalizacija: 12 motora. OBS_dim=40, frame_skip=1
[Fitness run Gen10Creature7] reward=924.88±307.72  dist=0.04±0.01  upright=0.90±0.30  → FITNESS=0.3734
URDF saved to temp_urdf\being_9552.urdf
Connecting to PyBullet, GUI: False
CreatureEnv Inicijalizacija: 12 motora. OBS_dim=40, frame_skip=1
[Fitness run Gen10Creature8] reward=1.67±0.11  dist=0.00±0.00  upright=0.01±0.04  → FITNESS=0.0222
URDF saved to temp_urdf\being_9552.urdf
Connecting to PyBullet, GUI: False
CreatureEnv Inicijalizacija: 12 motora. OBS_dim=40, frame_skip=1
[Fitness run Gen10Creature9] reward=825.01±411.69  dist=0.00±0.01  upright=0.82±0.36  → FITNESS=0.3390
URDF saved to temp_urdf\being_9552.urdf
Connecting to PyBullet, GUI: False
CreatureEnv Inicijalizacija: 12 motora. OBS_dim=40, frame_skip=1
[Fitness run Gen10Creature10] reward=108.94±324.76  dist=0.00±0.00  upright=0.23±0.26  → FITNESS=0.0958
URDF saved to temp_urdf\being_9552.urdf
Connecting to PyBullet, GUI: False
CreatureEnv Inicijalizacija: 12 motora. OBS_dim=40, frame_skip=1
[Fitness run Gen10Creature11] reward=922.52±306.98  dist=0.00±0.00  upright=0.90±0.30  → FITNESS=0.3720
URDF saved to temp_urdf\being_9552.urdf
Connecting to PyBullet, GUI: False
CreatureEnv Inicijalizacija: 12 motora. OBS_dim=40, frame_skip=1
[Fitness run Gen10Creature12] reward=940.19±313.42  dist=0.01±0.01  upright=0.90±0.30  → FITNESS=0.3738
URDF saved to temp_urdf\being_9552.urdf
Connecting to PyBullet, GUI: False
CreatureEnv Inicijalizacija: 12 motora. OBS_dim=40, frame_skip=1
[Fitness run Gen10Creature13] reward=1.72±0.01  dist=0.17±0.06  upright=0.14±0.01  → FITNESS=0.0632
URDF saved to temp_urdf\being_9552.urdf
Connecting to PyBullet, GUI: False
CreatureEnv Inicijalizacija: 12 motora. OBS_dim=40, frame_skip=1
[Fitness run Gen10Creature14] reward=3.43±5.84  dist=0.02±0.01  upright=0.06±0.09  → FITNESS=0.0375
URDF saved to temp_urdf\being_9552.urdf
Connecting to PyBullet, GUI: False
CreatureEnv Inicijalizacija: 12 motora. OBS_dim=40, frame_skip=1
[Fitness run Gen10Creature15] reward=1.65±0.02  dist=0.07±0.03  upright=0.03±0.01  → FITNESS=0.0279
URDF saved to temp_urdf\being_9552.urdf
Connecting to PyBullet, GUI: False
CreatureEnv Inicijalizacija: 12 motora. OBS_dim=40, frame_skip=1
[Fitness run Gen10Creature16] reward=1.77±0.28  dist=0.32±0.13  upright=0.89±0.10  → FITNESS=0.2924
URDF saved to temp_urdf\being_9552.urdf
Connecting to PyBullet, GUI: False
CreatureEnv Inicijalizacija: 12 motora. OBS_dim=40, frame_skip=1
[Fitness run Gen10Creature17] reward=1048.95±5.50  dist=0.06±0.02  upright=1.00±0.00  → FITNESS=0.4150
URDF saved to temp_urdf\being_9552.urdf
Connecting to PyBullet, GUI: False
CreatureEnv Inicijalizacija: 12 motora. OBS_dim=40, frame_skip=1
[Fitness run Gen10Creature18] reward=1.68±0.00  dist=0.02±0.01  upright=0.20±0.07  → FITNESS=0.0788
URDF saved to temp_urdf\being_9552.urdf
Connecting to PyBullet, GUI: False
CreatureEnv Inicijalizacija: 12 motora. OBS_dim=40, frame_skip=1
[Fitness run Gen10Creature19] reward=1.74±0.00  dist=0.06±0.02  upright=0.20±0.07  → FITNESS=0.0808
URDF saved to temp_urdf\being_9552.urdf
Connecting to PyBullet, GUI: False
CreatureEnv Inicijalizacija: 12 motora. OBS_dim=40, frame_skip=1
[Fitness run Gen10Creature20] reward=1040.05±14.51  dist=0.15±0.06  upright=1.00±0.00  → FITNESS=0.4165
URDF saved to temp_urdf\being_9552.urdf
Connecting to PyBullet, GUI: False
CreatureEnv Inicijalizacija: 12 motora. OBS_dim=40, frame_skip=1
[Fitness run Gen10Creature21] reward=1.65±0.04  dist=0.04±0.02  upright=0.30±0.10  → FITNESS=0.1082
URDF saved to temp_urdf\being_9552.urdf
Connecting to PyBullet, GUI: False
CreatureEnv Inicijalizacija: 12 motora. OBS_dim=40, frame_skip=1
[Fitness run Gen10Creature23] reward=294.54±447.42  dist=0.00±0.00  upright=0.75±0.17  → FITNESS=0.2694
URDF saved to temp_urdf\being_9552.urdf
Connecting to PyBullet, GUI: False
CreatureEnv Inicijalizacija: 12 motora. OBS_dim=40, frame_skip=1
[Fitness run Gen10Creature24] reward=1.70±0.08  dist=0.03±0.02  upright=0.86±0.13  → FITNESS=0.2774
URDF saved to temp_urdf\being_9552.urdf
Connecting to PyBullet, GUI: False
CreatureEnv Inicijalizacija: 12 motora. OBS_dim=40, frame_skip=1
[Fitness run Gen10Creature25] reward=1.74±0.00  dist=0.00±0.00  upright=0.15±0.07  → FITNESS=0.0629
URDF saved to temp_urdf\being_9552.urdf
Connecting to PyBullet, GUI: False
CreatureEnv Inicijalizacija: 12 motora. OBS_dim=40, frame_skip=1
[Fitness run Gen10Creature26] reward=1.99±0.08  dist=0.11±0.04  upright=0.90±0.30  → FITNESS=0.2912
URDF saved to temp_urdf\being_9552.urdf
Connecting to PyBullet, GUI: False
CreatureEnv Inicijalizacija: 12 motora. OBS_dim=40, frame_skip=1
[Fitness run Gen10Creature27] reward=1.70±0.01  dist=0.00±0.00  upright=0.00±0.00  → FITNESS=0.0183
URDF saved to temp_urdf\being_9552.urdf
Connecting to PyBullet, GUI: False
CreatureEnv Inicijalizacija: 12 motora. OBS_dim=40, frame_skip=1
[Fitness run Gen10Creature28] reward=889.78±296.03  dist=0.07±0.05  upright=0.90±0.30  → FITNESS=0.3709
URDF saved to temp_urdf\being_9552.urdf
Connecting to PyBullet, GUI: False
CreatureEnv Inicijalizacija: 12 motora. OBS_dim=40, frame_skip=1
[Fitness run Gen10Creature29] reward=986.57±328.28  dist=0.03±0.07  upright=0.90±0.29  → FITNESS=0.3795

==================================================
Generacija 10/20  |  Best = 0.4193  |  Mean = 0.2274  |  Std = 0.1524
==================================================
URDF saved to temp_urdf\being_9552.urdf
Connecting to PyBullet, GUI: False
CreatureEnv Inicijalizacija: 12 motora. OBS_dim=40, frame_skip=1
[Fitness run Gen10Creature2] reward=1.66±0.00  dist=0.05±0.03  upright=0.17±0.06  → FITNESS=0.0718
URDF saved to temp_urdf\being_9552.urdf
Connecting to PyBullet, GUI: False
CreatureEnv Inicijalizacija: 12 motora. OBS_dim=40, frame_skip=1
[Fitness run Gen10Creature3] reward=841.70±280.08  dist=0.02±0.02  upright=0.90±0.30  → FITNESS=0.3652
URDF saved to temp_urdf\being_9552.urdf
Connecting to PyBullet, GUI: False
CreatureEnv Inicijalizacija: 12 motora. OBS_dim=40, frame_skip=1
[Fitness run Gen10Creature4] reward=1.33±0.35  dist=0.01±0.02  upright=0.24±0.26  → FITNESS=0.0891
URDF saved to temp_urdf\being_9552.urdf
Connecting to PyBullet, GUI: False
CreatureEnv Inicijalizacija: 12 motora. OBS_dim=40, frame_skip=1
[Fitness run Gen10Creature5] reward=1.73±0.01  dist=0.02±0.05  upright=0.12±0.03  → FITNESS=0.0546
URDF saved to temp_urdf\being_9552.urdf
Connecting to PyBullet, GUI: False
CreatureEnv Inicijalizacija: 12 motora. OBS_dim=40, frame_skip=1
[Fitness run Gen10Creature6] reward=1.63±0.18  dist=0.09±0.04  upright=0.65±0.23  → FITNESS=0.2171
URDF saved to temp_urdf\being_9552.urdf
Connecting to PyBullet, GUI: False
CreatureEnv Inicijalizacija: 12 motora. OBS_dim=40, frame_skip=1
[Fitness run Gen10Creature7] reward=924.88±307.72  dist=0.04±0.01  upright=0.90±0.30  → FITNESS=0.3734
URDF saved to temp_urdf\being_9552.urdf
Connecting to PyBullet, GUI: False
CreatureEnv Inicijalizacija: 12 motora. OBS_dim=40, frame_skip=1
[Fitness run Gen10Creature8] reward=1.67±0.11  dist=0.00±0.00  upright=0.01±0.04  → FITNESS=0.0222
URDF saved to temp_urdf\being_9552.urdf
Connecting to PyBullet, GUI: False
CreatureEnv Inicijalizacija: 12 motora. OBS_dim=40, frame_skip=1
[Fitness run Gen10Creature9] reward=825.01±411.69  dist=0.00±0.01  upright=0.82±0.36  → FITNESS=0.3390
URDF saved to temp_urdf\being_9552.urdf
Connecting to PyBullet, GUI: False
CreatureEnv Inicijalizacija: 12 motora. OBS_dim=40, frame_skip=1
[Fitness run Gen10Creature10] reward=108.94±324.76  dist=0.00±0.00  upright=0.23±0.26  → FITNESS=0.0958
URDF saved to temp_urdf\being_9552.urdf
Connecting to PyBullet, GUI: False
CreatureEnv Inicijalizacija: 12 motora. OBS_dim=40, frame_skip=1
[Fitness run Gen10Creature11] reward=922.52±306.98  dist=0.00±0.00  upright=0.90±0.30  → FITNESS=0.3720
URDF saved to temp_urdf\being_9552.urdf
Connecting to PyBullet, GUI: False
CreatureEnv Inicijalizacija: 12 motora. OBS_dim=40, frame_skip=1
[Fitness run Gen10Creature12] reward=940.19±313.42  dist=0.01±0.01  upright=0.90±0.30  → FITNESS=0.3738
URDF saved to temp_urdf\being_9552.urdf
Connecting to PyBullet, GUI: False
CreatureEnv Inicijalizacija: 12 motora. OBS_dim=40, frame_skip=1
[Fitness run Gen10Creature13] reward=1.72±0.01  dist=0.17±0.06  upright=0.14±0.01  → FITNESS=0.0632
URDF saved to temp_urdf\being_9552.urdf
Connecting to PyBullet, GUI: False
CreatureEnv Inicijalizacija: 12 motora. OBS_dim=40, frame_skip=1
[Fitness run Gen10Creature14] reward=3.43±5.84  dist=0.02±0.01  upright=0.06±0.09  → FITNESS=0.0375
URDF saved to temp_urdf\being_9552.urdf
Connecting to PyBullet, GUI: False
CreatureEnv Inicijalizacija: 12 motora. OBS_dim=40, frame_skip=1
[Fitness run Gen10Creature15] reward=1.65±0.02  dist=0.07±0.03  upright=0.03±0.01  → FITNESS=0.0279
URDF saved to temp_urdf\being_9552.urdf
Connecting to PyBullet, GUI: False
CreatureEnv Inicijalizacija: 12 motora. OBS_dim=40, frame_skip=1
[Fitness run Gen10Creature16] reward=1.77±0.28  dist=0.32±0.13  upright=0.89±0.10  → FITNESS=0.2924
URDF saved to temp_urdf\being_9552.urdf
Connecting to PyBullet, GUI: False
CreatureEnv Inicijalizacija: 12 motora. OBS_dim=40, frame_skip=1
[Fitness run Gen10Creature17] reward=1048.95±5.50  dist=0.06±0.02  upright=1.00±0.00  → FITNESS=0.4150
URDF saved to temp_urdf\being_9552.urdf
Connecting to PyBullet, GUI: False
CreatureEnv Inicijalizacija: 12 motora. OBS_dim=40, frame_skip=1
[Fitness run Gen10Creature18] reward=1.68±0.00  dist=0.02±0.01  upright=0.20±0.07  → FITNESS=0.0788
URDF saved to temp_urdf\being_9552.urdf
Connecting to PyBullet, GUI: False
CreatureEnv Inicijalizacija: 12 motora. OBS_dim=40, frame_skip=1
[Fitness run Gen10Creature19] reward=1.74±0.00  dist=0.06±0.02  upright=0.20±0.07  → FITNESS=0.0808
URDF saved to temp_urdf\being_9552.urdf
Connecting to PyBullet, GUI: False
CreatureEnv Inicijalizacija: 12 motora. OBS_dim=40, frame_skip=1
[Fitness run Gen10Creature20] reward=1040.05±14.51  dist=0.15±0.06  upright=1.00±0.00  → FITNESS=0.4165
URDF saved to temp_urdf\being_9552.urdf
Connecting to PyBullet, GUI: False
CreatureEnv Inicijalizacija: 12 motora. OBS_dim=40, frame_skip=1
[Fitness run Gen10Creature21] reward=1.65±0.04  dist=0.04±0.02  upright=0.30±0.10  → FITNESS=0.1082
URDF saved to temp_urdf\being_9552.urdf
Connecting to PyBullet, GUI: False
CreatureEnv Inicijalizacija: 12 motora. OBS_dim=40, frame_skip=1
[Fitness run Gen10Creature23] reward=294.54±447.42  dist=0.00±0.00  upright=0.75±0.17  → FITNESS=0.2694
URDF saved to temp_urdf\being_9552.urdf
Connecting to PyBullet, GUI: False
CreatureEnv Inicijalizacija: 12 motora. OBS_dim=40, frame_skip=1
[Fitness run Gen10Creature24] reward=1.70±0.08  dist=0.03±0.02  upright=0.86±0.13  → FITNESS=0.2774
URDF saved to temp_urdf\being_9552.urdf
Connecting to PyBullet, GUI: False
CreatureEnv Inicijalizacija: 12 motora. OBS_dim=40, frame_skip=1
[Fitness run Gen10Creature25] reward=1.74±0.00  dist=0.00±0.00  upright=0.15±0.07  → FITNESS=0.0629
URDF saved to temp_urdf\being_9552.urdf
Connecting to PyBullet, GUI: False
CreatureEnv Inicijalizacija: 12 motora. OBS_dim=40, frame_skip=1
[Fitness run Gen10Creature26] reward=1.99±0.08  dist=0.11±0.04  upright=0.90±0.30  → FITNESS=0.2912
URDF saved to temp_urdf\being_9552.urdf
Connecting to PyBullet, GUI: False
CreatureEnv Inicijalizacija: 12 motora. OBS_dim=40, frame_skip=1
[Fitness run Gen10Creature27] reward=1.70±0.01  dist=0.00±0.00  upright=0.00±0.00  → FITNESS=0.0183
URDF saved to temp_urdf\being_9552.urdf
Connecting to PyBullet, GUI: False
CreatureEnv Inicijalizacija: 12 motora. OBS_dim=40, frame_skip=1
[Fitness run Gen10Creature28] reward=889.78±296.03  dist=0.07±0.05  upright=0.90±0.30  → FITNESS=0.3709
URDF saved to temp_urdf\being_9552.urdf
Connecting to PyBullet, GUI: False
CreatureEnv Inicijalizacija: 12 motora. OBS_dim=40, frame_skip=1
[Fitness run Gen10Creature29] reward=986.57±328.28  dist=0.03±0.07  upright=0.90±0.29  → FITNESS=0.3795
Genome saved to results\distanceBased500Steps5DifferentSeeds\run_3\run_3_best_creature.json
[plot] Summary saved → results\distanceBased500Steps5DifferentSeeds\run_3\run_3_summary.png
URDF saved to temp_urdf\being_9552.urdf
Connecting to PyBullet, GUI: False
CreatureEnv Inicijalizacija: 12 motora. OBS_dim=40, frame_skip=1
[Fitness run Gen11Creature2] reward=1.40±0.21  dist=0.12±0.04  upright=0.03±0.09  → FITNESS=0.0300
URDF saved to temp_urdf\being_9552.urdf
Connecting to PyBullet, GUI: False
CreatureEnv Inicijalizacija: 12 motora. OBS_dim=40, frame_skip=1
[Fitness run Gen11Creature3] reward=974.33±324.27  dist=0.09±0.03  upright=0.90±0.30  → FITNESS=0.3790
URDF saved to temp_urdf\being_9552.urdf
Connecting to PyBullet, GUI: False
CreatureEnv Inicijalizacija: 12 motora. OBS_dim=40, frame_skip=1
[Fitness run Gen11Creature4] reward=1.62±0.21  dist=0.00±0.00  upright=0.11±0.03  → FITNESS=0.0522
URDF saved to temp_urdf\being_9552.urdf
Connecting to PyBullet, GUI: False
CreatureEnv Inicijalizacija: 12 motora. OBS_dim=40, frame_skip=1
[Fitness run Gen11Creature5] reward=977.31±325.20  dist=0.00±0.00  upright=0.91±0.28  → FITNESS=0.3790
URDF saved to temp_urdf\being_9552.urdf
Connecting to PyBullet, GUI: False
CreatureEnv Inicijalizacija: 12 motora. OBS_dim=40, frame_skip=1
[Fitness run Gen11Creature6] reward=913.86±304.05  dist=0.00±0.00  upright=0.90±0.30  → FITNESS=0.3713
URDF saved to temp_urdf\being_9552.urdf
Connecting to PyBullet, GUI: False
CreatureEnv Inicijalizacija: 12 motora. OBS_dim=40, frame_skip=1
[Fitness run Gen11Creature7] reward=1.67±0.04  dist=0.07±0.05  upright=0.19±0.07  → FITNESS=0.0782
URDF saved to temp_urdf\being_9552.urdf
Connecting to PyBullet, GUI: False
CreatureEnv Inicijalizacija: 12 motora. OBS_dim=40, frame_skip=1
[Fitness run Gen11Creature8] reward=91.65±270.74  dist=0.21±0.08  upright=0.42±0.19  → FITNESS=0.1585
URDF saved to temp_urdf\being_9552.urdf
Connecting to PyBullet, GUI: False
CreatureEnv Inicijalizacija: 12 motora. OBS_dim=40, frame_skip=1
[Fitness run Gen11Creature9] reward=1.65±0.01  dist=0.00±0.00  upright=0.00±0.00  → FITNESS=0.0183
URDF saved to temp_urdf\being_9552.urdf
Connecting to PyBullet, GUI: False
CreatureEnv Inicijalizacija: 12 motora. OBS_dim=40, frame_skip=1
[Fitness run Gen11Creature10] reward=110.77±328.71  dist=0.32±0.60  upright=0.35±0.22  → FITNESS=0.1408
URDF saved to temp_urdf\being_9552.urdf
Connecting to PyBullet, GUI: False
CreatureEnv Inicijalizacija: 12 motora. OBS_dim=40, frame_skip=1
[Fitness run Gen11Creature11] reward=1.61±0.01  dist=0.01±0.03  upright=0.10±0.30  → FITNESS=0.0486
URDF saved to temp_urdf\being_9552.urdf
Connecting to PyBullet, GUI: False
CreatureEnv Inicijalizacija: 12 motora. OBS_dim=40, frame_skip=1
[Fitness run Gen11Creature12] reward=1.47±0.16  dist=0.02±0.03  upright=0.85±0.08  → FITNESS=0.2725
URDF saved to temp_urdf\being_9552.urdf
Connecting to PyBullet, GUI: False
CreatureEnv Inicijalizacija: 12 motora. OBS_dim=40, frame_skip=1
[Fitness run Gen11Creature13] reward=1.72±0.01  dist=0.38±0.13  upright=0.17±0.02  → FITNESS=0.0783
URDF saved to temp_urdf\being_9552.urdf
Connecting to PyBullet, GUI: False
CreatureEnv Inicijalizacija: 12 motora. OBS_dim=40, frame_skip=1
[Fitness run Gen11Creature14] reward=1.66±0.02  dist=0.11±0.06  upright=0.31±0.10  → FITNESS=0.1149
URDF saved to temp_urdf\being_9552.urdf
Connecting to PyBullet, GUI: False
CreatureEnv Inicijalizacija: 12 motora. OBS_dim=40, frame_skip=1
[Fitness run Gen11Creature15] reward=1.68±0.01  dist=0.00±0.00  upright=0.00±0.01  → FITNESS=0.0193
URDF saved to temp_urdf\being_9552.urdf
Connecting to PyBullet, GUI: False
CreatureEnv Inicijalizacija: 12 motora. OBS_dim=40, frame_skip=1
[Fitness run Gen11Creature16] reward=1.62±0.02  dist=0.02±0.02  upright=0.31±0.11  → FITNESS=0.1116
URDF saved to temp_urdf\being_9552.urdf
Connecting to PyBullet, GUI: False
CreatureEnv Inicijalizacija: 12 motora. OBS_dim=40, frame_skip=1
[Fitness run Gen11Creature17] reward=965.98±321.48  dist=0.00±0.00  upright=0.90±0.30  → FITNESS=0.3760
URDF saved to temp_urdf\being_9552.urdf
Connecting to PyBullet, GUI: False
CreatureEnv Inicijalizacija: 12 motora. OBS_dim=40, frame_skip=1
[Fitness run Gen11Creature18] reward=1.60±0.01  dist=0.02±0.01  upright=0.30±0.08  → FITNESS=0.1077
URDF saved to temp_urdf\being_9552.urdf
Connecting to PyBullet, GUI: False
CreatureEnv Inicijalizacija: 12 motora. OBS_dim=40, frame_skip=1
[Fitness run Gen11Creature19] reward=1.38±0.09  dist=0.07±0.03  upright=0.43±0.03  → FITNESS=0.1478
URDF saved to temp_urdf\being_9552.urdf
Connecting to PyBullet, GUI: False
CreatureEnv Inicijalizacija: 12 motora. OBS_dim=40, frame_skip=1
[Fitness run Gen11Creature20] reward=98.13±290.08  dist=0.27±0.10  upright=0.49±0.22  → FITNESS=0.1819
URDF saved to temp_urdf\being_9552.urdf
Connecting to PyBullet, GUI: False
CreatureEnv Inicijalizacija: 12 motora. OBS_dim=40, frame_skip=1
[Fitness run Gen11Creature21] reward=1.68±0.21  dist=0.06±0.04  upright=0.29±0.27  → FITNESS=0.1059
URDF saved to temp_urdf\being_9552.urdf
Connecting to PyBullet, GUI: False
CreatureEnv Inicijalizacija: 12 motora. OBS_dim=40, frame_skip=1
[Fitness run Gen11Creature23] reward=1.36±0.24  dist=0.05±0.04  upright=0.29±0.18  → FITNESS=0.1057
URDF saved to temp_urdf\being_9552.urdf
Connecting to PyBullet, GUI: False
CreatureEnv Inicijalizacija: 12 motora. OBS_dim=40, frame_skip=1
[Fitness run Gen11Creature24] reward=1.98±0.10  dist=0.07±0.04  upright=0.00±0.00  → FITNESS=0.0202
URDF saved to temp_urdf\being_9552.urdf
Connecting to PyBullet, GUI: False
CreatureEnv Inicijalizacija: 12 motora. OBS_dim=40, frame_skip=1
[Fitness run Gen11Creature25] reward=977.81±325.42  dist=0.46±0.29  upright=0.94±0.18  → FITNESS=0.4001
URDF saved to temp_urdf\being_9552.urdf
Connecting to PyBullet, GUI: False
CreatureEnv Inicijalizacija: 12 motora. OBS_dim=40, frame_skip=1
[Fitness run Gen11Creature26] reward=1.75±0.00  dist=0.00±0.00  upright=0.26±0.09  → FITNESS=0.0967
URDF saved to temp_urdf\being_9552.urdf
Connecting to PyBullet, GUI: False
CreatureEnv Inicijalizacija: 12 motora. OBS_dim=40, frame_skip=1
[Fitness run Gen11Creature27] reward=1.70±0.02  dist=0.08±0.03  upright=0.21±0.05  → FITNESS=0.0831
URDF saved to temp_urdf\being_9552.urdf
Connecting to PyBullet, GUI: False
CreatureEnv Inicijalizacija: 12 motora. OBS_dim=40, frame_skip=1
[Fitness run Gen11Creature28] reward=1.40±0.06  dist=0.00±0.00  upright=0.27±0.12  → FITNESS=0.0996
URDF saved to temp_urdf\being_9552.urdf
Connecting to PyBullet, GUI: False
CreatureEnv Inicijalizacija: 12 motora. OBS_dim=40, frame_skip=1
[Fitness run Gen11Creature29] reward=1.37±0.08  dist=0.23±0.08  upright=0.32±0.03  → FITNESS=0.1209

==================================================
Generacija 11/20  |  Best = 0.4193  |  Mean = 0.1785  |  Std = 0.1404
==================================================
URDF saved to temp_urdf\being_9552.urdf
Connecting to PyBullet, GUI: False
CreatureEnv Inicijalizacija: 12 motora. OBS_dim=40, frame_skip=1
[Fitness run Gen11Creature2] reward=1.40±0.21  dist=0.12±0.04  upright=0.03±0.09  → FITNESS=0.0300
URDF saved to temp_urdf\being_9552.urdf
Connecting to PyBullet, GUI: False
CreatureEnv Inicijalizacija: 12 motora. OBS_dim=40, frame_skip=1
[Fitness run Gen11Creature3] reward=974.33±324.27  dist=0.09±0.03  upright=0.90±0.30  → FITNESS=0.3790
URDF saved to temp_urdf\being_9552.urdf
Connecting to PyBullet, GUI: False
CreatureEnv Inicijalizacija: 12 motora. OBS_dim=40, frame_skip=1
[Fitness run Gen11Creature4] reward=1.62±0.21  dist=0.00±0.00  upright=0.11±0.03  → FITNESS=0.0522
URDF saved to temp_urdf\being_9552.urdf
Connecting to PyBullet, GUI: False
CreatureEnv Inicijalizacija: 12 motora. OBS_dim=40, frame_skip=1
[Fitness run Gen11Creature5] reward=977.31±325.20  dist=0.00±0.00  upright=0.91±0.28  → FITNESS=0.3790
URDF saved to temp_urdf\being_9552.urdf
Connecting to PyBullet, GUI: False
CreatureEnv Inicijalizacija: 12 motora. OBS_dim=40, frame_skip=1
[Fitness run Gen11Creature6] reward=913.86±304.05  dist=0.00±0.00  upright=0.90±0.30  → FITNESS=0.3713
URDF saved to temp_urdf\being_9552.urdf
Connecting to PyBullet, GUI: False
CreatureEnv Inicijalizacija: 12 motora. OBS_dim=40, frame_skip=1
[Fitness run Gen11Creature7] reward=1.67±0.04  dist=0.07±0.05  upright=0.19±0.07  → FITNESS=0.0782
URDF saved to temp_urdf\being_9552.urdf
Connecting to PyBullet, GUI: False
CreatureEnv Inicijalizacija: 12 motora. OBS_dim=40, frame_skip=1
[Fitness run Gen11Creature8] reward=91.65±270.74  dist=0.21±0.08  upright=0.42±0.19  → FITNESS=0.1585
URDF saved to temp_urdf\being_9552.urdf
Connecting to PyBullet, GUI: False
CreatureEnv Inicijalizacija: 12 motora. OBS_dim=40, frame_skip=1
[Fitness run Gen11Creature9] reward=1.65±0.01  dist=0.00±0.00  upright=0.00±0.00  → FITNESS=0.0183
URDF saved to temp_urdf\being_9552.urdf
Connecting to PyBullet, GUI: False
CreatureEnv Inicijalizacija: 12 motora. OBS_dim=40, frame_skip=1
[Fitness run Gen11Creature10] reward=110.77±328.71  dist=0.32±0.60  upright=0.35±0.22  → FITNESS=0.1408
URDF saved to temp_urdf\being_9552.urdf
Connecting to PyBullet, GUI: False
CreatureEnv Inicijalizacija: 12 motora. OBS_dim=40, frame_skip=1
[Fitness run Gen11Creature11] reward=1.61±0.01  dist=0.01±0.03  upright=0.10±0.30  → FITNESS=0.0486
URDF saved to temp_urdf\being_9552.urdf
Connecting to PyBullet, GUI: False
CreatureEnv Inicijalizacija: 12 motora. OBS_dim=40, frame_skip=1
[Fitness run Gen11Creature12] reward=1.47±0.16  dist=0.02±0.03  upright=0.85±0.08  → FITNESS=0.2725
URDF saved to temp_urdf\being_9552.urdf
Connecting to PyBullet, GUI: False
CreatureEnv Inicijalizacija: 12 motora. OBS_dim=40, frame_skip=1
[Fitness run Gen11Creature13] reward=1.72±0.01  dist=0.38±0.13  upright=0.17±0.02  → FITNESS=0.0783
URDF saved to temp_urdf\being_9552.urdf
Connecting to PyBullet, GUI: False
CreatureEnv Inicijalizacija: 12 motora. OBS_dim=40, frame_skip=1
[Fitness run Gen11Creature14] reward=1.66±0.02  dist=0.11±0.06  upright=0.31±0.10  → FITNESS=0.1149
URDF saved to temp_urdf\being_9552.urdf
Connecting to PyBullet, GUI: False
CreatureEnv Inicijalizacija: 12 motora. OBS_dim=40, frame_skip=1
[Fitness run Gen11Creature15] reward=1.68±0.01  dist=0.00±0.00  upright=0.00±0.01  → FITNESS=0.0193
URDF saved to temp_urdf\being_9552.urdf
Connecting to PyBullet, GUI: False
CreatureEnv Inicijalizacija: 12 motora. OBS_dim=40, frame_skip=1
[Fitness run Gen11Creature16] reward=1.62±0.02  dist=0.02±0.02  upright=0.31±0.11  → FITNESS=0.1116
URDF saved to temp_urdf\being_9552.urdf
Connecting to PyBullet, GUI: False
CreatureEnv Inicijalizacija: 12 motora. OBS_dim=40, frame_skip=1
[Fitness run Gen11Creature17] reward=965.98±321.48  dist=0.00±0.00  upright=0.90±0.30  → FITNESS=0.3760
URDF saved to temp_urdf\being_9552.urdf
Connecting to PyBullet, GUI: False
CreatureEnv Inicijalizacija: 12 motora. OBS_dim=40, frame_skip=1
[Fitness run Gen11Creature18] reward=1.60±0.01  dist=0.02±0.01  upright=0.30±0.08  → FITNESS=0.1077
URDF saved to temp_urdf\being_9552.urdf
Connecting to PyBullet, GUI: False
CreatureEnv Inicijalizacija: 12 motora. OBS_dim=40, frame_skip=1
[Fitness run Gen11Creature19] reward=1.38±0.09  dist=0.07±0.03  upright=0.43±0.03  → FITNESS=0.1478
URDF saved to temp_urdf\being_9552.urdf
Connecting to PyBullet, GUI: False
CreatureEnv Inicijalizacija: 12 motora. OBS_dim=40, frame_skip=1
[Fitness run Gen11Creature20] reward=98.13±290.08  dist=0.27±0.10  upright=0.49±0.22  → FITNESS=0.1819
URDF saved to temp_urdf\being_9552.urdf
Connecting to PyBullet, GUI: False
CreatureEnv Inicijalizacija: 12 motora. OBS_dim=40, frame_skip=1
[Fitness run Gen11Creature21] reward=1.68±0.21  dist=0.06±0.04  upright=0.29±0.27  → FITNESS=0.1059
URDF saved to temp_urdf\being_9552.urdf
Connecting to PyBullet, GUI: False
CreatureEnv Inicijalizacija: 12 motora. OBS_dim=40, frame_skip=1
[Fitness run Gen11Creature23] reward=1.36±0.24  dist=0.05±0.04  upright=0.29±0.18  → FITNESS=0.1057
URDF saved to temp_urdf\being_9552.urdf
Connecting to PyBullet, GUI: False
CreatureEnv Inicijalizacija: 12 motora. OBS_dim=40, frame_skip=1
[Fitness run Gen11Creature24] reward=1.98±0.10  dist=0.07±0.04  upright=0.00±0.00  → FITNESS=0.0202
URDF saved to temp_urdf\being_9552.urdf
Connecting to PyBullet, GUI: False
CreatureEnv Inicijalizacija: 12 motora. OBS_dim=40, frame_skip=1
[Fitness run Gen11Creature25] reward=977.81±325.42  dist=0.46±0.29  upright=0.94±0.18  → FITNESS=0.4001
URDF saved to temp_urdf\being_9552.urdf
Connecting to PyBullet, GUI: False
CreatureEnv Inicijalizacija: 12 motora. OBS_dim=40, frame_skip=1
[Fitness run Gen11Creature26] reward=1.75±0.00  dist=0.00±0.00  upright=0.26±0.09  → FITNESS=0.0967
URDF saved to temp_urdf\being_9552.urdf
Connecting to PyBullet, GUI: False
CreatureEnv Inicijalizacija: 12 motora. OBS_dim=40, frame_skip=1
[Fitness run Gen11Creature27] reward=1.70±0.02  dist=0.08±0.03  upright=0.21±0.05  → FITNESS=0.0831
URDF saved to temp_urdf\being_9552.urdf
Connecting to PyBullet, GUI: False
CreatureEnv Inicijalizacija: 12 motora. OBS_dim=40, frame_skip=1
[Fitness run Gen11Creature28] reward=1.40±0.06  dist=0.00±0.00  upright=0.27±0.12  → FITNESS=0.0996
URDF saved to temp_urdf\being_9552.urdf
Connecting to PyBullet, GUI: False
CreatureEnv Inicijalizacija: 12 motora. OBS_dim=40, frame_skip=1
[Fitness run Gen11Creature29] reward=1.37±0.08  dist=0.23±0.08  upright=0.32±0.03  → FITNESS=0.1209
Genome saved to results\distanceBased500Steps5DifferentSeeds\run_3\run_3_best_creature.json
[plot] Summary saved → results\distanceBased500Steps5DifferentSeeds\run_3\run_3_summary.png
URDF saved to temp_urdf\being_9552.urdf
Connecting to PyBullet, GUI: False
CreatureEnv Inicijalizacija: 12 motora. OBS_dim=40, frame_skip=1
[Fitness run Gen12Creature2] reward=1.74±0.01  dist=0.05±0.02  upright=0.26±0.09  → FITNESS=0.0979
URDF saved to temp_urdf\being_9552.urdf
Connecting to PyBullet, GUI: False
CreatureEnv Inicijalizacija: 12 motora. OBS_dim=40, frame_skip=1
[Fitness run Gen12Creature3] reward=894.60±297.73  dist=0.51±0.17  upright=0.90±0.30  → FITNESS=0.3823
URDF saved to temp_urdf\being_9552.urdf
Connecting to PyBullet, GUI: False
CreatureEnv Inicijalizacija: 12 motora. OBS_dim=40, frame_skip=1
[Fitness run Gen12Creature4] reward=1.50±0.10  dist=0.02±0.05  upright=0.13±0.01  → FITNESS=0.0564
URDF saved to temp_urdf\being_9552.urdf
Connecting to PyBullet, GUI: False
CreatureEnv Inicijalizacija: 12 motora. OBS_dim=40, frame_skip=1
[Fitness run Gen12Creature5] reward=852.52±425.40  dist=0.00±0.00  upright=0.82±0.37  → FITNESS=0.3405
URDF saved to temp_urdf\being_9552.urdf
Connecting to PyBullet, GUI: False
CreatureEnv Inicijalizacija: 12 motora. OBS_dim=40, frame_skip=1
[Fitness run Gen12Creature6] reward=1.50±0.00  dist=0.23±0.08  upright=0.00±0.00  → FITNESS=0.0240
URDF saved to temp_urdf\being_9552.urdf
Connecting to PyBullet, GUI: False
CreatureEnv Inicijalizacija: 12 motora. OBS_dim=40, frame_skip=1
[Fitness run Gen12Creature7] reward=981.64±326.65  dist=0.23±0.08  upright=0.93±0.20  → FITNESS=0.3930
URDF saved to temp_urdf\being_9552.urdf
Connecting to PyBullet, GUI: False
CreatureEnv Inicijalizacija: 12 motora. OBS_dim=40, frame_skip=1
[Fitness run Gen12Creature8] reward=1.32±0.12  dist=0.06±0.02  upright=0.51±0.03  → FITNESS=0.1736
URDF saved to temp_urdf\being_9552.urdf
Connecting to PyBullet, GUI: False
CreatureEnv Inicijalizacija: 12 motora. OBS_dim=40, frame_skip=1
[Fitness run Gen12Creature9] reward=1.67±0.00  dist=0.01±0.01  upright=0.00±0.00  → FITNESS=0.0187
URDF saved to temp_urdf\being_9552.urdf
Connecting to PyBullet, GUI: False
CreatureEnv Inicijalizacija: 12 motora. OBS_dim=40, frame_skip=1
[Fitness run Gen12Creature10] reward=207.76±413.22  dist=0.17±0.15  upright=0.46±0.28  → FITNESS=0.1797
URDF saved to temp_urdf\being_9552.urdf
Connecting to PyBullet, GUI: False
CreatureEnv Inicijalizacija: 12 motora. OBS_dim=40, frame_skip=1
[Fitness run Gen12Creature11] reward=1.62±0.00  dist=0.00±0.00  upright=0.01±0.02  → FITNESS=0.0203
URDF saved to temp_urdf\being_9552.urdf
Connecting to PyBullet, GUI: False
CreatureEnv Inicijalizacija: 12 motora. OBS_dim=40, frame_skip=1
[Fitness run Gen12Creature12] reward=505.83±504.57  dist=0.12±0.12  upright=0.74±0.31  → FITNESS=0.2897
URDF saved to temp_urdf\being_9552.urdf
Connecting to PyBullet, GUI: False
CreatureEnv Inicijalizacija: 12 motora. OBS_dim=40, frame_skip=1
[Fitness run Gen12Creature13] reward=1.71±0.03  dist=0.30±0.10  upright=0.26±0.00  → FITNESS=0.1032
URDF saved to temp_urdf\being_9552.urdf
Connecting to PyBullet, GUI: False
CreatureEnv Inicijalizacija: 12 motora. OBS_dim=40, frame_skip=1
[Fitness run Gen12Creature14] reward=1.87±0.17  dist=0.00±0.00  upright=0.40±0.11  → FITNESS=0.1374
URDF saved to temp_urdf\being_9552.urdf
Connecting to PyBullet, GUI: False
CreatureEnv Inicijalizacija: 12 motora. OBS_dim=40, frame_skip=1
[Fitness run Gen12Creature15] reward=1.68±0.02  dist=0.00±0.00  upright=0.00±0.01  → FITNESS=0.0193
URDF saved to temp_urdf\being_9552.urdf
Connecting to PyBullet, GUI: False
CreatureEnv Inicijalizacija: 12 motora. OBS_dim=40, frame_skip=1
[Fitness run Gen12Creature16] reward=1.65±0.00  dist=0.05±0.05  upright=0.00±0.00  → FITNESS=0.0197
URDF saved to temp_urdf\being_9552.urdf
Connecting to PyBullet, GUI: False
CreatureEnv Inicijalizacija: 12 motora. OBS_dim=40, frame_skip=1
[Fitness run Gen12Creature17] reward=988.53±329.01  dist=0.82±0.27  upright=0.90±0.30  → FITNESS=0.3984
URDF saved to temp_urdf\being_9552.urdf
Connecting to PyBullet, GUI: False
CreatureEnv Inicijalizacija: 12 motora. OBS_dim=40, frame_skip=1
[Fitness run Gen12Creature18] reward=1.63±0.09  dist=0.00±0.00  upright=0.44±0.11  → FITNESS=0.1490
URDF saved to temp_urdf\being_9552.urdf
Connecting to PyBullet, GUI: False
CreatureEnv Inicijalizacija: 12 motora. OBS_dim=40, frame_skip=1
[Fitness run Gen12Creature20] reward=1046.04±5.24  dist=0.16±0.05  upright=1.00±0.00  → FITNESS=0.4172
URDF saved to temp_urdf\being_9552.urdf
Connecting to PyBullet, GUI: False
CreatureEnv Inicijalizacija: 12 motora. OBS_dim=40, frame_skip=1
[Fitness run Gen12Creature21] reward=1.95±0.20  dist=0.00±0.00  upright=0.10±0.07  → FITNESS=0.0484
URDF saved to temp_urdf\being_9552.urdf
Connecting to PyBullet, GUI: False
CreatureEnv Inicijalizacija: 12 motora. OBS_dim=40, frame_skip=1
[Fitness run Gen12Creature23] reward=104.58±309.48  dist=0.00±0.00  upright=0.34±0.22  → FITNESS=0.1293
URDF saved to temp_urdf\being_9552.urdf
Connecting to PyBullet, GUI: False
CreatureEnv Inicijalizacija: 12 motora. OBS_dim=40, frame_skip=1
[Fitness run Gen12Creature24] reward=1.70±0.01  dist=0.04±0.10  upright=0.02±0.05  → FITNESS=0.0241
URDF saved to temp_urdf\being_9552.urdf
Connecting to PyBullet, GUI: False
CreatureEnv Inicijalizacija: 12 motora. OBS_dim=40, frame_skip=1
[Fitness run Gen12Creature25] reward=963.55±320.64  dist=0.06±0.16  upright=0.90±0.29  → FITNESS=0.3782
URDF saved to temp_urdf\being_9552.urdf
Connecting to PyBullet, GUI: False
CreatureEnv Inicijalizacija: 12 motora. OBS_dim=40, frame_skip=1
[Fitness run Gen12Creature26] reward=1.78±0.00  dist=0.28±0.02  upright=0.01±0.02  → FITNESS=0.0273
URDF saved to temp_urdf\being_9552.urdf
Connecting to PyBullet, GUI: False
CreatureEnv Inicijalizacija: 12 motora. OBS_dim=40, frame_skip=1
[Fitness run Gen12Creature27] reward=2.69±3.45  dist=0.11±0.08  upright=0.54±0.17  → FITNESS=0.1828
URDF saved to temp_urdf\being_9552.urdf
Connecting to PyBullet, GUI: False
CreatureEnv Inicijalizacija: 12 motora. OBS_dim=40, frame_skip=1
[Fitness run Gen12Creature28] reward=1.44±0.00  dist=0.09±0.03  upright=0.16±0.01  → FITNESS=0.0699
URDF saved to temp_urdf\being_9552.urdf
Connecting to PyBullet, GUI: False
CreatureEnv Inicijalizacija: 12 motora. OBS_dim=40, frame_skip=1
[Fitness run Gen12Creature29] reward=1.43±0.01  dist=0.07±0.04  upright=0.43±0.08  → FITNESS=0.1489

==================================================
Generacija 12/20  |  Best = 0.4193  |  Mean = 0.1878  |  Std = 0.1502
==================================================
URDF saved to temp_urdf\being_9552.urdf
Connecting to PyBullet, GUI: False
CreatureEnv Inicijalizacija: 12 motora. OBS_dim=40, frame_skip=1
[Fitness run Gen12Creature2] reward=1.74±0.01  dist=0.05±0.02  upright=0.26±0.09  → FITNESS=0.0979
URDF saved to temp_urdf\being_9552.urdf
Connecting to PyBullet, GUI: False
CreatureEnv Inicijalizacija: 12 motora. OBS_dim=40, frame_skip=1
[Fitness run Gen12Creature3] reward=894.60±297.73  dist=0.51±0.17  upright=0.90±0.30  → FITNESS=0.3823
URDF saved to temp_urdf\being_9552.urdf
Connecting to PyBullet, GUI: False
CreatureEnv Inicijalizacija: 12 motora. OBS_dim=40, frame_skip=1
[Fitness run Gen12Creature4] reward=1.50±0.10  dist=0.02±0.05  upright=0.13±0.01  → FITNESS=0.0564
URDF saved to temp_urdf\being_9552.urdf
Connecting to PyBullet, GUI: False
CreatureEnv Inicijalizacija: 12 motora. OBS_dim=40, frame_skip=1
[Fitness run Gen12Creature5] reward=852.52±425.40  dist=0.00±0.00  upright=0.82±0.37  → FITNESS=0.3405
URDF saved to temp_urdf\being_9552.urdf
Connecting to PyBullet, GUI: False
CreatureEnv Inicijalizacija: 12 motora. OBS_dim=40, frame_skip=1
[Fitness run Gen12Creature6] reward=1.50±0.00  dist=0.23±0.08  upright=0.00±0.00  → FITNESS=0.0240
URDF saved to temp_urdf\being_9552.urdf
Connecting to PyBullet, GUI: False
CreatureEnv Inicijalizacija: 12 motora. OBS_dim=40, frame_skip=1
[Fitness run Gen12Creature7] reward=981.64±326.65  dist=0.23±0.08  upright=0.93±0.20  → FITNESS=0.3930
URDF saved to temp_urdf\being_9552.urdf
Connecting to PyBullet, GUI: False
CreatureEnv Inicijalizacija: 12 motora. OBS_dim=40, frame_skip=1
[Fitness run Gen12Creature8] reward=1.32±0.12  dist=0.06±0.02  upright=0.51±0.03  → FITNESS=0.1736
URDF saved to temp_urdf\being_9552.urdf
Connecting to PyBullet, GUI: False
CreatureEnv Inicijalizacija: 12 motora. OBS_dim=40, frame_skip=1
[Fitness run Gen12Creature9] reward=1.67±0.00  dist=0.01±0.01  upright=0.00±0.00  → FITNESS=0.0187
URDF saved to temp_urdf\being_9552.urdf
Connecting to PyBullet, GUI: False
CreatureEnv Inicijalizacija: 12 motora. OBS_dim=40, frame_skip=1
[Fitness run Gen12Creature10] reward=207.76±413.22  dist=0.17±0.15  upright=0.46±0.28  → FITNESS=0.1797
URDF saved to temp_urdf\being_9552.urdf
Connecting to PyBullet, GUI: False
CreatureEnv Inicijalizacija: 12 motora. OBS_dim=40, frame_skip=1
[Fitness run Gen12Creature11] reward=1.62±0.00  dist=0.00±0.00  upright=0.01±0.02  → FITNESS=0.0203
URDF saved to temp_urdf\being_9552.urdf
Connecting to PyBullet, GUI: False
CreatureEnv Inicijalizacija: 12 motora. OBS_dim=40, frame_skip=1
[Fitness run Gen12Creature12] reward=505.83±504.57  dist=0.12±0.12  upright=0.74±0.31  → FITNESS=0.2897
URDF saved to temp_urdf\being_9552.urdf
Connecting to PyBullet, GUI: False
CreatureEnv Inicijalizacija: 12 motora. OBS_dim=40, frame_skip=1
[Fitness run Gen12Creature13] reward=1.71±0.03  dist=0.30±0.10  upright=0.26±0.00  → FITNESS=0.1032
URDF saved to temp_urdf\being_9552.urdf
Connecting to PyBullet, GUI: False
CreatureEnv Inicijalizacija: 12 motora. OBS_dim=40, frame_skip=1
[Fitness run Gen12Creature14] reward=1.87±0.17  dist=0.00±0.00  upright=0.40±0.11  → FITNESS=0.1374
URDF saved to temp_urdf\being_9552.urdf
Connecting to PyBullet, GUI: False
CreatureEnv Inicijalizacija: 12 motora. OBS_dim=40, frame_skip=1
[Fitness run Gen12Creature15] reward=1.68±0.02  dist=0.00±0.00  upright=0.00±0.01  → FITNESS=0.0193
URDF saved to temp_urdf\being_9552.urdf
Connecting to PyBullet, GUI: False
CreatureEnv Inicijalizacija: 12 motora. OBS_dim=40, frame_skip=1
[Fitness run Gen12Creature16] reward=1.65±0.00  dist=0.05±0.05  upright=0.00±0.00  → FITNESS=0.0197
URDF saved to temp_urdf\being_9552.urdf
Connecting to PyBullet, GUI: False
CreatureEnv Inicijalizacija: 12 motora. OBS_dim=40, frame_skip=1
[Fitness run Gen12Creature17] reward=988.53±329.01  dist=0.82±0.27  upright=0.90±0.30  → FITNESS=0.3984
URDF saved to temp_urdf\being_9552.urdf
Connecting to PyBullet, GUI: False
CreatureEnv Inicijalizacija: 12 motora. OBS_dim=40, frame_skip=1
[Fitness run Gen12Creature18] reward=1.63±0.09  dist=0.00±0.00  upright=0.44±0.11  → FITNESS=0.1490
URDF saved to temp_urdf\being_9552.urdf
Connecting to PyBullet, GUI: False
CreatureEnv Inicijalizacija: 12 motora. OBS_dim=40, frame_skip=1
[Fitness run Gen12Creature20] reward=1046.04±5.24  dist=0.16±0.05  upright=1.00±0.00  → FITNESS=0.4172
URDF saved to temp_urdf\being_9552.urdf
Connecting to PyBullet, GUI: False
CreatureEnv Inicijalizacija: 12 motora. OBS_dim=40, frame_skip=1
[Fitness run Gen12Creature21] reward=1.95±0.20  dist=0.00±0.00  upright=0.10±0.07  → FITNESS=0.0484
URDF saved to temp_urdf\being_9552.urdf
Connecting to PyBullet, GUI: False
CreatureEnv Inicijalizacija: 12 motora. OBS_dim=40, frame_skip=1
[Fitness run Gen12Creature23] reward=104.58±309.48  dist=0.00±0.00  upright=0.34±0.22  → FITNESS=0.1293
URDF saved to temp_urdf\being_9552.urdf
Connecting to PyBullet, GUI: False
CreatureEnv Inicijalizacija: 12 motora. OBS_dim=40, frame_skip=1
[Fitness run Gen12Creature24] reward=1.70±0.01  dist=0.04±0.10  upright=0.02±0.05  → FITNESS=0.0241
URDF saved to temp_urdf\being_9552.urdf
Connecting to PyBullet, GUI: False
CreatureEnv Inicijalizacija: 12 motora. OBS_dim=40, frame_skip=1
[Fitness run Gen12Creature25] reward=963.55±320.64  dist=0.06±0.16  upright=0.90±0.29  → FITNESS=0.3782
URDF saved to temp_urdf\being_9552.urdf
Connecting to PyBullet, GUI: False
CreatureEnv Inicijalizacija: 12 motora. OBS_dim=40, frame_skip=1
[Fitness run Gen12Creature26] reward=1.78±0.00  dist=0.28±0.02  upright=0.01±0.02  → FITNESS=0.0273
URDF saved to temp_urdf\being_9552.urdf
Connecting to PyBullet, GUI: False
CreatureEnv Inicijalizacija: 12 motora. OBS_dim=40, frame_skip=1
[Fitness run Gen12Creature27] reward=2.69±3.45  dist=0.11±0.08  upright=0.54±0.17  → FITNESS=0.1828
URDF saved to temp_urdf\being_9552.urdf
Connecting to PyBullet, GUI: False
CreatureEnv Inicijalizacija: 12 motora. OBS_dim=40, frame_skip=1
[Fitness run Gen12Creature28] reward=1.44±0.00  dist=0.09±0.03  upright=0.16±0.01  → FITNESS=0.0699
URDF saved to temp_urdf\being_9552.urdf
Connecting to PyBullet, GUI: False
CreatureEnv Inicijalizacija: 12 motora. OBS_dim=40, frame_skip=1
[Fitness run Gen12Creature29] reward=1.43±0.01  dist=0.07±0.04  upright=0.43±0.08  → FITNESS=0.1489
Genome saved to results\distanceBased500Steps5DifferentSeeds\run_3\run_3_best_creature.json
[plot] Summary saved → results\distanceBased500Steps5DifferentSeeds\run_3\run_3_summary.png
URDF saved to temp_urdf\being_9552.urdf
Connecting to PyBullet, GUI: False
CreatureEnv Inicijalizacija: 12 motora. OBS_dim=40, frame_skip=1
[Fitness run Gen13Creature2] reward=1.66±0.00  dist=0.00±0.00  upright=0.20±0.07  → FITNESS=0.0793
URDF saved to temp_urdf\being_9552.urdf
Connecting to PyBullet, GUI: False
CreatureEnv Inicijalizacija: 12 motora. OBS_dim=40, frame_skip=1
[Fitness run Gen13Creature3] reward=939.32±312.61  dist=0.12±0.04  upright=0.92±0.25  → FITNESS=0.3815
URDF saved to temp_urdf\being_9552.urdf
Connecting to PyBullet, GUI: False
CreatureEnv Inicijalizacija: 12 motora. OBS_dim=40, frame_skip=1
[Fitness run Gen13Creature4] reward=1.81±0.03  dist=0.02±0.06  upright=0.30±0.06  → FITNESS=0.1088
URDF saved to temp_urdf\being_9552.urdf
Connecting to PyBullet, GUI: False
CreatureEnv Inicijalizacija: 12 motora. OBS_dim=40, frame_skip=1
[Fitness run Gen13Creature5] reward=18.91±8.63  dist=0.00±0.00  upright=0.92±0.18  → FITNESS=0.2947
URDF saved to temp_urdf\being_9552.urdf
Connecting to PyBullet, GUI: False
CreatureEnv Inicijalizacija: 12 motora. OBS_dim=40, frame_skip=1
[Fitness run Gen13Creature6] reward=1.90±0.15  dist=0.04±0.12  upright=0.00±0.01  → FITNESS=0.0203
URDF saved to temp_urdf\being_9552.urdf
Connecting to PyBullet, GUI: False
CreatureEnv Inicijalizacija: 12 motora. OBS_dim=40, frame_skip=1
[Fitness run Gen13Creature7] reward=974.28±324.26  dist=0.00±0.00  upright=0.90±0.30  → FITNESS=0.3769
URDF saved to temp_urdf\being_9552.urdf
Connecting to PyBullet, GUI: False
CreatureEnv Inicijalizacija: 12 motora. OBS_dim=40, frame_skip=1
[Fitness run Gen13Creature9] reward=1.67±0.00  dist=0.01±0.01  upright=0.00±0.00  → FITNESS=0.0187
URDF saved to temp_urdf\being_9552.urdf
Connecting to PyBullet, GUI: False
CreatureEnv Inicijalizacija: 12 motora. OBS_dim=40, frame_skip=1
[Fitness run Gen13Creature11] reward=1.66±0.05  dist=0.00±0.00  upright=0.22±0.07  → FITNESS=0.0841
URDF saved to temp_urdf\being_9552.urdf
Connecting to PyBullet, GUI: False
CreatureEnv Inicijalizacija: 12 motora. OBS_dim=40, frame_skip=1
[Fitness run Gen13Creature12] reward=1.86±0.03  dist=0.10±0.04  upright=0.02±0.07  → FITNESS=0.0276
URDF saved to temp_urdf\being_9552.urdf
Connecting to PyBullet, GUI: False
CreatureEnv Inicijalizacija: 12 motora. OBS_dim=40, frame_skip=1
[Fitness run Gen13Creature13] reward=1.69±0.15  dist=0.24±0.10  upright=0.31±0.11  → FITNESS=0.1183
URDF saved to temp_urdf\being_9552.urdf
Connecting to PyBullet, GUI: False
CreatureEnv Inicijalizacija: 12 motora. OBS_dim=40, frame_skip=1
[Fitness run Gen13Creature14] reward=1.26±0.24  dist=0.03±0.05  upright=0.25±0.06  → FITNESS=0.0955
URDF saved to temp_urdf\being_9552.urdf
Connecting to PyBullet, GUI: False
CreatureEnv Inicijalizacija: 12 motora. OBS_dim=40, frame_skip=1
[Fitness run Gen13Creature15] reward=1.67±0.08  dist=0.00±0.00  upright=0.05±0.16  → FITNESS=0.0348
URDF saved to temp_urdf\being_9552.urdf
Connecting to PyBullet, GUI: False
CreatureEnv Inicijalizacija: 12 motora. OBS_dim=40, frame_skip=1
[Fitness run Gen13Creature16] reward=1.57±0.06  dist=0.41±0.15  upright=0.30±0.12  → FITNESS=0.1176
URDF saved to temp_urdf\being_9552.urdf
Connecting to PyBullet, GUI: False
CreatureEnv Inicijalizacija: 12 motora. OBS_dim=40, frame_skip=1
[Fitness run Gen13Creature17] reward=1.46±0.02  dist=0.18±0.06  upright=0.45±0.12  → FITNESS=0.1563
URDF saved to temp_urdf\being_9552.urdf
Connecting to PyBullet, GUI: False
CreatureEnv Inicijalizacija: 12 motora. OBS_dim=40, frame_skip=1
[Fitness run Gen13Creature20] reward=1046.04±5.24  dist=0.16±0.05  upright=1.00±0.00  → FITNESS=0.4172
URDF saved to temp_urdf\being_9552.urdf
Connecting to PyBullet, GUI: False
CreatureEnv Inicijalizacija: 12 motora. OBS_dim=40, frame_skip=1
[Fitness run Gen13Creature21] reward=989.93±329.46  dist=0.10±0.04  upright=0.90±0.30  → FITNESS=0.3807
URDF saved to temp_urdf\being_9552.urdf
Connecting to PyBullet, GUI: False
CreatureEnv Inicijalizacija: 12 motora. OBS_dim=40, frame_skip=1
[Fitness run Gen13Creature23] reward=1.50±0.27  dist=0.00±0.01  upright=0.33±0.13  → FITNESS=0.1171
URDF saved to temp_urdf\being_9552.urdf
Connecting to PyBullet, GUI: False
CreatureEnv Inicijalizacija: 12 motora. OBS_dim=40, frame_skip=1
[Fitness run Gen13Creature24] reward=1.58±0.24  dist=0.01±0.02  upright=0.02±0.06  → FITNESS=0.0243
URDF saved to temp_urdf\being_9552.urdf
Connecting to PyBullet, GUI: False
CreatureEnv Inicijalizacija: 12 motora. OBS_dim=40, frame_skip=1
[Fitness run Gen13Creature25] reward=271.20±279.07  dist=0.03±0.02  upright=0.94±0.16  → FITNESS=0.3251
URDF saved to temp_urdf\being_9552.urdf
Connecting to PyBullet, GUI: False
CreatureEnv Inicijalizacija: 12 motora. OBS_dim=40, frame_skip=1
[Fitness run Gen13Creature26] reward=1.82±0.17  dist=0.14±0.08  upright=0.46±0.19  → FITNESS=0.1612
URDF saved to temp_urdf\being_9552.urdf
Connecting to PyBullet, GUI: False
CreatureEnv Inicijalizacija: 12 motora. OBS_dim=40, frame_skip=1
[Fitness run Gen13Creature27] reward=2.03±0.21  dist=0.05±0.14  upright=0.10±0.03  → FITNESS=0.0505
URDF saved to temp_urdf\being_9552.urdf
Connecting to PyBullet, GUI: False
CreatureEnv Inicijalizacija: 12 motora. OBS_dim=40, frame_skip=1
[Fitness run Gen13Creature29] reward=1.43±0.01  dist=0.07±0.04  upright=0.43±0.08  → FITNESS=0.1489

==================================================
Generacija 13/20  |  Best = 0.4193  |  Mean = 0.1839  |  Std = 0.1387
==================================================
URDF saved to temp_urdf\being_9552.urdf
Connecting to PyBullet, GUI: False
CreatureEnv Inicijalizacija: 12 motora. OBS_dim=40, frame_skip=1
[Fitness run Gen13Creature2] reward=1.66±0.00  dist=0.00±0.00  upright=0.20±0.07  → FITNESS=0.0793
URDF saved to temp_urdf\being_9552.urdf
Connecting to PyBullet, GUI: False
CreatureEnv Inicijalizacija: 12 motora. OBS_dim=40, frame_skip=1
[Fitness run Gen13Creature3] reward=939.32±312.61  dist=0.12±0.04  upright=0.92±0.25  → FITNESS=0.3815
URDF saved to temp_urdf\being_9552.urdf
Connecting to PyBullet, GUI: False
CreatureEnv Inicijalizacija: 12 motora. OBS_dim=40, frame_skip=1
[Fitness run Gen13Creature4] reward=1.81±0.03  dist=0.02±0.06  upright=0.30±0.06  → FITNESS=0.1088
URDF saved to temp_urdf\being_9552.urdf
Connecting to PyBullet, GUI: False
CreatureEnv Inicijalizacija: 12 motora. OBS_dim=40, frame_skip=1
[Fitness run Gen13Creature5] reward=18.91±8.63  dist=0.00±0.00  upright=0.92±0.18  → FITNESS=0.2947
URDF saved to temp_urdf\being_9552.urdf
Connecting to PyBullet, GUI: False
CreatureEnv Inicijalizacija: 12 motora. OBS_dim=40, frame_skip=1
[Fitness run Gen13Creature6] reward=1.90±0.15  dist=0.04±0.12  upright=0.00±0.01  → FITNESS=0.0203
URDF saved to temp_urdf\being_9552.urdf
Connecting to PyBullet, GUI: False
CreatureEnv Inicijalizacija: 12 motora. OBS_dim=40, frame_skip=1
[Fitness run Gen13Creature7] reward=974.28±324.26  dist=0.00±0.00  upright=0.90±0.30  → FITNESS=0.3769
URDF saved to temp_urdf\being_9552.urdf
Connecting to PyBullet, GUI: False
CreatureEnv Inicijalizacija: 12 motora. OBS_dim=40, frame_skip=1
[Fitness run Gen13Creature9] reward=1.67±0.00  dist=0.01±0.01  upright=0.00±0.00  → FITNESS=0.0187
URDF saved to temp_urdf\being_9552.urdf
Connecting to PyBullet, GUI: False
CreatureEnv Inicijalizacija: 12 motora. OBS_dim=40, frame_skip=1
[Fitness run Gen13Creature11] reward=1.66±0.05  dist=0.00±0.00  upright=0.22±0.07  → FITNESS=0.0841
URDF saved to temp_urdf\being_9552.urdf
Connecting to PyBullet, GUI: False
CreatureEnv Inicijalizacija: 12 motora. OBS_dim=40, frame_skip=1
[Fitness run Gen13Creature12] reward=1.86±0.03  dist=0.10±0.04  upright=0.02±0.07  → FITNESS=0.0276
URDF saved to temp_urdf\being_9552.urdf
Connecting to PyBullet, GUI: False
CreatureEnv Inicijalizacija: 12 motora. OBS_dim=40, frame_skip=1
[Fitness run Gen13Creature13] reward=1.69±0.15  dist=0.24±0.10  upright=0.31±0.11  → FITNESS=0.1183
URDF saved to temp_urdf\being_9552.urdf
Connecting to PyBullet, GUI: False
CreatureEnv Inicijalizacija: 12 motora. OBS_dim=40, frame_skip=1
[Fitness run Gen13Creature14] reward=1.26±0.24  dist=0.03±0.05  upright=0.25±0.06  → FITNESS=0.0955
URDF saved to temp_urdf\being_9552.urdf
Connecting to PyBullet, GUI: False
CreatureEnv Inicijalizacija: 12 motora. OBS_dim=40, frame_skip=1
[Fitness run Gen13Creature15] reward=1.67±0.08  dist=0.00±0.00  upright=0.05±0.16  → FITNESS=0.0348
URDF saved to temp_urdf\being_9552.urdf
Connecting to PyBullet, GUI: False
CreatureEnv Inicijalizacija: 12 motora. OBS_dim=40, frame_skip=1
[Fitness run Gen13Creature16] reward=1.57±0.06  dist=0.41±0.15  upright=0.30±0.12  → FITNESS=0.1176
URDF saved to temp_urdf\being_9552.urdf
Connecting to PyBullet, GUI: False
CreatureEnv Inicijalizacija: 12 motora. OBS_dim=40, frame_skip=1
[Fitness run Gen13Creature17] reward=1.46±0.02  dist=0.18±0.06  upright=0.45±0.12  → FITNESS=0.1563
URDF saved to temp_urdf\being_9552.urdf
Connecting to PyBullet, GUI: False
CreatureEnv Inicijalizacija: 12 motora. OBS_dim=40, frame_skip=1
[Fitness run Gen13Creature20] reward=1046.04±5.24  dist=0.16±0.05  upright=1.00±0.00  → FITNESS=0.4172
URDF saved to temp_urdf\being_9552.urdf
Connecting to PyBullet, GUI: False
CreatureEnv Inicijalizacija: 12 motora. OBS_dim=40, frame_skip=1
[Fitness run Gen13Creature21] reward=989.93±329.46  dist=0.10±0.04  upright=0.90±0.30  → FITNESS=0.3807
URDF saved to temp_urdf\being_9552.urdf
Connecting to PyBullet, GUI: False
CreatureEnv Inicijalizacija: 12 motora. OBS_dim=40, frame_skip=1
[Fitness run Gen13Creature23] reward=1.50±0.27  dist=0.00±0.01  upright=0.33±0.13  → FITNESS=0.1171
URDF saved to temp_urdf\being_9552.urdf
Connecting to PyBullet, GUI: False
CreatureEnv Inicijalizacija: 12 motora. OBS_dim=40, frame_skip=1
[Fitness run Gen13Creature24] reward=1.58±0.24  dist=0.01±0.02  upright=0.02±0.06  → FITNESS=0.0243
URDF saved to temp_urdf\being_9552.urdf
Connecting to PyBullet, GUI: False
CreatureEnv Inicijalizacija: 12 motora. OBS_dim=40, frame_skip=1
[Fitness run Gen13Creature25] reward=271.20±279.07  dist=0.03±0.02  upright=0.94±0.16  → FITNESS=0.3251
URDF saved to temp_urdf\being_9552.urdf
Connecting to PyBullet, GUI: False
CreatureEnv Inicijalizacija: 12 motora. OBS_dim=40, frame_skip=1
[Fitness run Gen13Creature26] reward=1.82±0.17  dist=0.14±0.08  upright=0.46±0.19  → FITNESS=0.1612
URDF saved to temp_urdf\being_9552.urdf
Connecting to PyBullet, GUI: False
CreatureEnv Inicijalizacija: 12 motora. OBS_dim=40, frame_skip=1
[Fitness run Gen13Creature27] reward=2.03±0.21  dist=0.05±0.14  upright=0.10±0.03  → FITNESS=0.0505
URDF saved to temp_urdf\being_9552.urdf
Connecting to PyBullet, GUI: False
CreatureEnv Inicijalizacija: 12 motora. OBS_dim=40, frame_skip=1
[Fitness run Gen13Creature29] reward=1.43±0.01  dist=0.07±0.04  upright=0.43±0.08  → FITNESS=0.1489
Genome saved to results\distanceBased500Steps5DifferentSeeds\run_3\run_3_best_creature.json
[plot] Summary saved → results\distanceBased500Steps5DifferentSeeds\run_3\run_3_summary.png
URDF saved to temp_urdf\being_9552.urdf
Connecting to PyBullet, GUI: False
CreatureEnv Inicijalizacija: 12 motora. OBS_dim=40, frame_skip=1
[Fitness run Gen14Creature2] reward=1052.74±0.08  dist=0.00±0.00  upright=1.00±0.00  → FITNESS=0.4139
URDF saved to temp_urdf\being_9552.urdf
Connecting to PyBullet, GUI: False
CreatureEnv Inicijalizacija: 12 motora. OBS_dim=40, frame_skip=1
[Fitness run Gen14Creature3] reward=112.09±330.26  dist=0.00±0.00  upright=0.10±0.30  → FITNESS=0.0584
URDF saved to temp_urdf\being_9552.urdf
Connecting to PyBullet, GUI: False
CreatureEnv Inicijalizacija: 12 motora. OBS_dim=40, frame_skip=1
[Fitness run Gen14Creature4] reward=1.58±0.02  dist=0.01±0.04  upright=0.44±0.12  → FITNESS=0.1493
URDF saved to temp_urdf\being_9552.urdf
Connecting to PyBullet, GUI: False
CreatureEnv Inicijalizacija: 12 motora. OBS_dim=40, frame_skip=1
[Fitness run Gen14Creature5] reward=18.91±8.63  dist=0.00±0.00  upright=0.92±0.18  → FITNESS=0.2947
URDF saved to temp_urdf\being_9552.urdf
Connecting to PyBullet, GUI: False
CreatureEnv Inicijalizacija: 12 motora. OBS_dim=40, frame_skip=1
[Fitness run Gen14Creature6] reward=1.51±0.00  dist=0.08±0.02  upright=0.00±0.00  → FITNESS=0.0202
URDF saved to temp_urdf\being_9552.urdf
Connecting to PyBullet, GUI: False
CreatureEnv Inicijalizacija: 12 motora. OBS_dim=40, frame_skip=1
[Fitness run Gen14Creature7] reward=1.74±0.03  dist=0.06±0.10  upright=0.17±0.05  → FITNESS=0.0710
URDF saved to temp_urdf\being_9552.urdf
Connecting to PyBullet, GUI: False
CreatureEnv Inicijalizacija: 12 motora. OBS_dim=40, frame_skip=1
[Fitness run Gen14Creature9] reward=1.67±0.00  dist=0.01±0.01  upright=0.00±0.00  → FITNESS=0.0187
URDF saved to temp_urdf\being_9552.urdf
Connecting to PyBullet, GUI: False
CreatureEnv Inicijalizacija: 12 motora. OBS_dim=40, frame_skip=1
[Fitness run Gen14Creature10] reward=207.76±413.22  dist=0.17±0.15  upright=0.46±0.28  → FITNESS=0.1797
URDF saved to temp_urdf\being_9552.urdf
Connecting to PyBullet, GUI: False
CreatureEnv Inicijalizacija: 12 motora. OBS_dim=40, frame_skip=1
[Fitness run Gen14Creature11] reward=1.73±0.14  dist=0.10±0.05  upright=0.32±0.22  → FITNESS=0.1156
URDF saved to temp_urdf\being_9552.urdf
Connecting to PyBullet, GUI: False
CreatureEnv Inicijalizacija: 12 motora. OBS_dim=40, frame_skip=1
[Fitness run Gen14Creature12] reward=110.65±326.89  dist=0.16±0.11  upright=0.56±0.24  → FITNESS=0.2006
URDF saved to temp_urdf\being_9552.urdf
Connecting to PyBullet, GUI: False
CreatureEnv Inicijalizacija: 12 motora. OBS_dim=40, frame_skip=1
[Fitness run Gen14Creature13] reward=1.67±0.15  dist=0.16±0.05  upright=0.24±0.15  → FITNESS=0.0949
URDF saved to temp_urdf\being_9552.urdf
Connecting to PyBullet, GUI: False
CreatureEnv Inicijalizacija: 12 motora. OBS_dim=40, frame_skip=1
[Fitness run Gen14Creature14] reward=860.46±429.48  dist=0.01±0.01  upright=0.89±0.25  → FITNESS=0.3638
URDF saved to temp_urdf\being_9552.urdf
Connecting to PyBullet, GUI: False
CreatureEnv Inicijalizacija: 12 motora. OBS_dim=40, frame_skip=1
[Fitness run Gen14Creature15] reward=1.67±0.08  dist=0.00±0.00  upright=0.05±0.16  → FITNESS=0.0348
URDF saved to temp_urdf\being_9552.urdf
Connecting to PyBullet, GUI: False
CreatureEnv Inicijalizacija: 12 motora. OBS_dim=40, frame_skip=1
[Fitness run Gen14Creature16] reward=896.30±298.22  dist=0.43±0.15  upright=0.90±0.30  → FITNESS=0.3801
URDF saved to temp_urdf\being_9552.urdf
Connecting to PyBullet, GUI: False
CreatureEnv Inicijalizacija: 12 motora. OBS_dim=40, frame_skip=1
[Fitness run Gen14Creature17] reward=111.24±327.14  dist=0.03±0.04  upright=0.15±0.31  → FITNESS=0.0745
URDF saved to temp_urdf\being_9552.urdf
Connecting to PyBullet, GUI: False
CreatureEnv Inicijalizacija: 12 motora. OBS_dim=40, frame_skip=1
[Fitness run Gen14Creature18] reward=1.63±0.09  dist=0.00±0.00  upright=0.44±0.11  → FITNESS=0.1490
URDF saved to temp_urdf\being_9552.urdf
Connecting to PyBullet, GUI: False
CreatureEnv Inicijalizacija: 12 motora. OBS_dim=40, frame_skip=1
[Fitness run Gen14Creature20] reward=1046.04±5.24  dist=0.16±0.05  upright=1.00±0.00  → FITNESS=0.4172
URDF saved to temp_urdf\being_9552.urdf
Connecting to PyBullet, GUI: False
CreatureEnv Inicijalizacija: 12 motora. OBS_dim=40, frame_skip=1
[Fitness run Gen14Creature23] reward=1.50±0.27  dist=0.00±0.01  upright=0.33±0.13  → FITNESS=0.1171
URDF saved to temp_urdf\being_9552.urdf
Connecting to PyBullet, GUI: False
CreatureEnv Inicijalizacija: 12 motora. OBS_dim=40, frame_skip=1
[Fitness run Gen14Creature24] reward=1.66±0.01  dist=0.00±0.00  upright=0.04±0.13  → FITNESS=0.0309
URDF saved to temp_urdf\being_9552.urdf
Connecting to PyBullet, GUI: False
CreatureEnv Inicijalizacija: 12 motora. OBS_dim=40, frame_skip=1
[Fitness run Gen14Creature27] reward=1.82±0.01  dist=0.07±0.02  upright=0.02±0.06  → FITNESS=0.0259
URDF saved to temp_urdf\being_9552.urdf
Connecting to PyBullet, GUI: False
CreatureEnv Inicijalizacija: 12 motora. OBS_dim=40, frame_skip=1
[Fitness run Gen14Creature28] reward=1.44±0.00  dist=0.09±0.03  upright=0.16±0.01  → FITNESS=0.0699
URDF saved to temp_urdf\being_9552.urdf
Connecting to PyBullet, GUI: False
CreatureEnv Inicijalizacija: 12 motora. OBS_dim=40, frame_skip=1
[Fitness run Gen14Creature29] reward=1.43±0.01  dist=0.07±0.04  upright=0.43±0.08  → FITNESS=0.1489

==================================================
Generacija 14/20  |  Best = 0.4193  |  Mean = 0.1958  |  Std = 0.1428
==================================================
URDF saved to temp_urdf\being_9552.urdf
Connecting to PyBullet, GUI: False
CreatureEnv Inicijalizacija: 12 motora. OBS_dim=40, frame_skip=1
[Fitness run Gen14Creature2] reward=1052.74±0.08  dist=0.00±0.00  upright=1.00±0.00  → FITNESS=0.4139
URDF saved to temp_urdf\being_9552.urdf
Connecting to PyBullet, GUI: False
CreatureEnv Inicijalizacija: 12 motora. OBS_dim=40, frame_skip=1
[Fitness run Gen14Creature3] reward=112.09±330.26  dist=0.00±0.00  upright=0.10±0.30  → FITNESS=0.0584
URDF saved to temp_urdf\being_9552.urdf
Connecting to PyBullet, GUI: False
CreatureEnv Inicijalizacija: 12 motora. OBS_dim=40, frame_skip=1
[Fitness run Gen14Creature4] reward=1.58±0.02  dist=0.01±0.04  upright=0.44±0.12  → FITNESS=0.1493
URDF saved to temp_urdf\being_9552.urdf
Connecting to PyBullet, GUI: False
CreatureEnv Inicijalizacija: 12 motora. OBS_dim=40, frame_skip=1
[Fitness run Gen14Creature5] reward=18.91±8.63  dist=0.00±0.00  upright=0.92±0.18  → FITNESS=0.2947
URDF saved to temp_urdf\being_9552.urdf
Connecting to PyBullet, GUI: False
CreatureEnv Inicijalizacija: 12 motora. OBS_dim=40, frame_skip=1
[Fitness run Gen14Creature6] reward=1.51±0.00  dist=0.08±0.02  upright=0.00±0.00  → FITNESS=0.0202
URDF saved to temp_urdf\being_9552.urdf
Connecting to PyBullet, GUI: False
CreatureEnv Inicijalizacija: 12 motora. OBS_dim=40, frame_skip=1
[Fitness run Gen14Creature7] reward=1.74±0.03  dist=0.06±0.10  upright=0.17±0.05  → FITNESS=0.0710
URDF saved to temp_urdf\being_9552.urdf
Connecting to PyBullet, GUI: False
CreatureEnv Inicijalizacija: 12 motora. OBS_dim=40, frame_skip=1
[Fitness run Gen14Creature9] reward=1.67±0.00  dist=0.01±0.01  upright=0.00±0.00  → FITNESS=0.0187
URDF saved to temp_urdf\being_9552.urdf
Connecting to PyBullet, GUI: False
CreatureEnv Inicijalizacija: 12 motora. OBS_dim=40, frame_skip=1
[Fitness run Gen14Creature10] reward=207.76±413.22  dist=0.17±0.15  upright=0.46±0.28  → FITNESS=0.1797
URDF saved to temp_urdf\being_9552.urdf
Connecting to PyBullet, GUI: False
CreatureEnv Inicijalizacija: 12 motora. OBS_dim=40, frame_skip=1
[Fitness run Gen14Creature11] reward=1.73±0.14  dist=0.10±0.05  upright=0.32±0.22  → FITNESS=0.1156
URDF saved to temp_urdf\being_9552.urdf
Connecting to PyBullet, GUI: False
CreatureEnv Inicijalizacija: 12 motora. OBS_dim=40, frame_skip=1
[Fitness run Gen14Creature12] reward=110.65±326.89  dist=0.16±0.11  upright=0.56±0.24  → FITNESS=0.2006
URDF saved to temp_urdf\being_9552.urdf
Connecting to PyBullet, GUI: False
CreatureEnv Inicijalizacija: 12 motora. OBS_dim=40, frame_skip=1
[Fitness run Gen14Creature13] reward=1.67±0.15  dist=0.16±0.05  upright=0.24±0.15  → FITNESS=0.0949
URDF saved to temp_urdf\being_9552.urdf
Connecting to PyBullet, GUI: False
CreatureEnv Inicijalizacija: 12 motora. OBS_dim=40, frame_skip=1
[Fitness run Gen14Creature14] reward=860.46±429.48  dist=0.01±0.01  upright=0.89±0.25  → FITNESS=0.3638
URDF saved to temp_urdf\being_9552.urdf
Connecting to PyBullet, GUI: False
CreatureEnv Inicijalizacija: 12 motora. OBS_dim=40, frame_skip=1
[Fitness run Gen14Creature15] reward=1.67±0.08  dist=0.00±0.00  upright=0.05±0.16  → FITNESS=0.0348
URDF saved to temp_urdf\being_9552.urdf
Connecting to PyBullet, GUI: False
CreatureEnv Inicijalizacija: 12 motora. OBS_dim=40, frame_skip=1
[Fitness run Gen14Creature16] reward=896.30±298.22  dist=0.43±0.15  upright=0.90±0.30  → FITNESS=0.3801
URDF saved to temp_urdf\being_9552.urdf
Connecting to PyBullet, GUI: False
CreatureEnv Inicijalizacija: 12 motora. OBS_dim=40, frame_skip=1
[Fitness run Gen14Creature17] reward=111.24±327.14  dist=0.03±0.04  upright=0.15±0.31  → FITNESS=0.0745
URDF saved to temp_urdf\being_9552.urdf
Connecting to PyBullet, GUI: False
CreatureEnv Inicijalizacija: 12 motora. OBS_dim=40, frame_skip=1
[Fitness run Gen14Creature18] reward=1.63±0.09  dist=0.00±0.00  upright=0.44±0.11  → FITNESS=0.1490
URDF saved to temp_urdf\being_9552.urdf
Connecting to PyBullet, GUI: False
CreatureEnv Inicijalizacija: 12 motora. OBS_dim=40, frame_skip=1
[Fitness run Gen14Creature20] reward=1046.04±5.24  dist=0.16±0.05  upright=1.00±0.00  → FITNESS=0.4172
URDF saved to temp_urdf\being_9552.urdf
Connecting to PyBullet, GUI: False
CreatureEnv Inicijalizacija: 12 motora. OBS_dim=40, frame_skip=1
[Fitness run Gen14Creature23] reward=1.50±0.27  dist=0.00±0.01  upright=0.33±0.13  → FITNESS=0.1171
URDF saved to temp_urdf\being_9552.urdf
Connecting to PyBullet, GUI: False
CreatureEnv Inicijalizacija: 12 motora. OBS_dim=40, frame_skip=1
[Fitness run Gen14Creature24] reward=1.66±0.01  dist=0.00±0.00  upright=0.04±0.13  → FITNESS=0.0309
URDF saved to temp_urdf\being_9552.urdf
Connecting to PyBullet, GUI: False
CreatureEnv Inicijalizacija: 12 motora. OBS_dim=40, frame_skip=1
[Fitness run Gen14Creature27] reward=1.82±0.01  dist=0.07±0.02  upright=0.02±0.06  → FITNESS=0.0259
URDF saved to temp_urdf\being_9552.urdf
Connecting to PyBullet, GUI: False
CreatureEnv Inicijalizacija: 12 motora. OBS_dim=40, frame_skip=1
[Fitness run Gen14Creature28] reward=1.44±0.00  dist=0.09±0.03  upright=0.16±0.01  → FITNESS=0.0699
URDF saved to temp_urdf\being_9552.urdf
Connecting to PyBullet, GUI: False
CreatureEnv Inicijalizacija: 12 motora. OBS_dim=40, frame_skip=1
[Fitness run Gen14Creature29] reward=1.43±0.01  dist=0.07±0.04  upright=0.43±0.08  → FITNESS=0.1489
Genome saved to results\distanceBased500Steps5DifferentSeeds\run_3\run_3_best_creature.json
[plot] Summary saved → results\distanceBased500Steps5DifferentSeeds\run_3\run_3_summary.png
URDF saved to temp_urdf\being_9552.urdf
Connecting to PyBullet, GUI: False
CreatureEnv Inicijalizacija: 12 motora. OBS_dim=40, frame_skip=1
[Fitness run Gen15Creature2] reward=1052.74±0.08  dist=0.00±0.00  upright=1.00±0.00  → FITNESS=0.4139
URDF saved to temp_urdf\being_9552.urdf
Connecting to PyBullet, GUI: False
CreatureEnv Inicijalizacija: 12 motora. OBS_dim=40, frame_skip=1
[Fitness run Gen15Creature3] reward=112.09±330.26  dist=0.00±0.00  upright=0.10±0.30  → FITNESS=0.0584
URDF saved to temp_urdf\being_9552.urdf
Connecting to PyBullet, GUI: False
CreatureEnv Inicijalizacija: 12 motora. OBS_dim=40, frame_skip=1
[Fitness run Gen15Creature4] reward=1.58±0.02  dist=0.01±0.04  upright=0.44±0.12  → FITNESS=0.1493
URDF saved to temp_urdf\being_9552.urdf
Connecting to PyBullet, GUI: False
CreatureEnv Inicijalizacija: 12 motora. OBS_dim=40, frame_skip=1
[Fitness run Gen15Creature5] reward=970.09±322.39  dist=0.00±0.00  upright=0.95±0.16  → FITNESS=0.3900
URDF saved to temp_urdf\being_9552.urdf
Connecting to PyBullet, GUI: False
CreatureEnv Inicijalizacija: 12 motora. OBS_dim=40, frame_skip=1
[Fitness run Gen15Creature6] reward=1.51±0.00  dist=0.19±0.05  upright=0.00±0.00  → FITNESS=0.0230
URDF saved to temp_urdf\being_9552.urdf
Connecting to PyBullet, GUI: False
CreatureEnv Inicijalizacija: 12 motora. OBS_dim=40, frame_skip=1
[Fitness run Gen15Creature7] reward=1.74±0.03  dist=0.06±0.10  upright=0.17±0.05  → FITNESS=0.0710
URDF saved to temp_urdf\being_9552.urdf
Connecting to PyBullet, GUI: False
CreatureEnv Inicijalizacija: 12 motora. OBS_dim=40, frame_skip=1
[Fitness run Gen15Creature8] reward=1.32±0.12  dist=0.06±0.02  upright=0.51±0.03  → FITNESS=0.1736
URDF saved to temp_urdf\being_9552.urdf
Connecting to PyBullet, GUI: False
CreatureEnv Inicijalizacija: 12 motora. OBS_dim=40, frame_skip=1
[Fitness run Gen15Creature9] reward=1.67±0.00  dist=0.01±0.01  upright=0.00±0.00  → FITNESS=0.0187
URDF saved to temp_urdf\being_9552.urdf
Connecting to PyBullet, GUI: False
CreatureEnv Inicijalizacija: 12 motora. OBS_dim=40, frame_skip=1
[Fitness run Gen15Creature10] reward=207.76±413.22  dist=0.17±0.15  upright=0.46±0.28  → FITNESS=0.1797
URDF saved to temp_urdf\being_9552.urdf
Connecting to PyBullet, GUI: False
CreatureEnv Inicijalizacija: 12 motora. OBS_dim=40, frame_skip=1
[Fitness run Gen15Creature11] reward=1.73±0.14  dist=0.10±0.05  upright=0.32±0.22  → FITNESS=0.1156
URDF saved to temp_urdf\being_9552.urdf
Connecting to PyBullet, GUI: False
CreatureEnv Inicijalizacija: 12 motora. OBS_dim=40, frame_skip=1
[Fitness run Gen15Creature12] reward=110.65±326.89  dist=0.16±0.11  upright=0.56±0.24  → FITNESS=0.2006
URDF saved to temp_urdf\being_9552.urdf
Connecting to PyBullet, GUI: False
CreatureEnv Inicijalizacija: 12 motora. OBS_dim=40, frame_skip=1
[Fitness run Gen15Creature13] reward=1.67±0.15  dist=0.16±0.05  upright=0.24±0.15  → FITNESS=0.0949
URDF saved to temp_urdf\being_9552.urdf
Connecting to PyBullet, GUI: False
CreatureEnv Inicijalizacija: 12 motora. OBS_dim=40, frame_skip=1
[Fitness run Gen15Creature15] reward=1.72±0.11  dist=0.00±0.00  upright=0.10±0.30  → FITNESS=0.0483
URDF saved to temp_urdf\being_9552.urdf
Connecting to PyBullet, GUI: False
CreatureEnv Inicijalizacija: 12 motora. OBS_dim=40, frame_skip=1
[Fitness run Gen15Creature16] reward=896.30±298.22  dist=0.43±0.15  upright=0.90±0.30  → FITNESS=0.3801
URDF saved to temp_urdf\being_9552.urdf
Connecting to PyBullet, GUI: False
CreatureEnv Inicijalizacija: 12 motora. OBS_dim=40, frame_skip=1
[Fitness run Gen15Creature17] reward=111.24±327.14  dist=0.03±0.04  upright=0.15±0.31  → FITNESS=0.0745
URDF saved to temp_urdf\being_9552.urdf
Connecting to PyBullet, GUI: False
CreatureEnv Inicijalizacija: 12 motora. OBS_dim=40, frame_skip=1
[Fitness run Gen15Creature18] reward=1.63±0.09  dist=0.00±0.00  upright=0.44±0.11  → FITNESS=0.1490
URDF saved to temp_urdf\being_9552.urdf
Connecting to PyBullet, GUI: False
CreatureEnv Inicijalizacija: 12 motora. OBS_dim=40, frame_skip=1
[Fitness run Gen15Creature20] reward=1046.04±5.24  dist=0.16±0.05  upright=1.00±0.00  → FITNESS=0.4172
URDF saved to temp_urdf\being_9552.urdf
Connecting to PyBullet, GUI: False
CreatureEnv Inicijalizacija: 12 motora. OBS_dim=40, frame_skip=1
[Fitness run Gen15Creature23] reward=1.50±0.27  dist=0.00±0.01  upright=0.33±0.13  → FITNESS=0.1171
URDF saved to temp_urdf\being_9552.urdf
Connecting to PyBullet, GUI: False
CreatureEnv Inicijalizacija: 12 motora. OBS_dim=40, frame_skip=1
[Fitness run Gen15Creature24] reward=1.66±0.01  dist=0.00±0.00  upright=0.04±0.13  → FITNESS=0.0309
URDF saved to temp_urdf\being_9552.urdf
Connecting to PyBullet, GUI: False
CreatureEnv Inicijalizacija: 12 motora. OBS_dim=40, frame_skip=1
[Fitness run Gen15Creature25] reward=979.91±326.13  dist=0.34±0.18  upright=0.94±0.17  → FITNESS=0.3984
URDF saved to temp_urdf\being_9552.urdf
Connecting to PyBullet, GUI: False
CreatureEnv Inicijalizacija: 12 motora. OBS_dim=40, frame_skip=1
[Fitness run Gen15Creature26] reward=1.78±0.00  dist=0.08±0.03  upright=0.28±0.06  → FITNESS=0.1046
URDF saved to temp_urdf\being_9552.urdf
Connecting to PyBullet, GUI: False
CreatureEnv Inicijalizacija: 12 motora. OBS_dim=40, frame_skip=1
[Fitness run Gen15Creature27] reward=1.82±0.01  dist=0.07±0.02  upright=0.02±0.06  → FITNESS=0.0259
URDF saved to temp_urdf\being_9552.urdf
Connecting to PyBullet, GUI: False
CreatureEnv Inicijalizacija: 12 motora. OBS_dim=40, frame_skip=1
[Fitness run Gen15Creature28] reward=1.44±0.00  dist=0.09±0.03  upright=0.16±0.01  → FITNESS=0.0699
URDF saved to temp_urdf\being_9552.urdf
Connecting to PyBullet, GUI: False
CreatureEnv Inicijalizacija: 12 motora. OBS_dim=40, frame_skip=1
[Fitness run Gen15Creature29] reward=1.43±0.01  dist=0.07±0.04  upright=0.43±0.08  → FITNESS=0.1489

==================================================
Generacija 15/20  |  Best = 0.4193  |  Mean = 0.2001  |  Std = 0.1490
==================================================
URDF saved to temp_urdf\being_9552.urdf
Connecting to PyBullet, GUI: False
CreatureEnv Inicijalizacija: 12 motora. OBS_dim=40, frame_skip=1
[Fitness run Gen15Creature2] reward=1052.74±0.08  dist=0.00±0.00  upright=1.00±0.00  → FITNESS=0.4139
URDF saved to temp_urdf\being_9552.urdf
Connecting to PyBullet, GUI: False
CreatureEnv Inicijalizacija: 12 motora. OBS_dim=40, frame_skip=1
[Fitness run Gen15Creature3] reward=112.09±330.26  dist=0.00±0.00  upright=0.10±0.30  → FITNESS=0.0584
URDF saved to temp_urdf\being_9552.urdf
Connecting to PyBullet, GUI: False
CreatureEnv Inicijalizacija: 12 motora. OBS_dim=40, frame_skip=1
[Fitness run Gen15Creature4] reward=1.58±0.02  dist=0.01±0.04  upright=0.44±0.12  → FITNESS=0.1493
URDF saved to temp_urdf\being_9552.urdf
Connecting to PyBullet, GUI: False
CreatureEnv Inicijalizacija: 12 motora. OBS_dim=40, frame_skip=1
[Fitness run Gen15Creature5] reward=970.09±322.39  dist=0.00±0.00  upright=0.95±0.16  → FITNESS=0.3900
URDF saved to temp_urdf\being_9552.urdf
Connecting to PyBullet, GUI: False
CreatureEnv Inicijalizacija: 12 motora. OBS_dim=40, frame_skip=1
[Fitness run Gen15Creature6] reward=1.51±0.00  dist=0.19±0.05  upright=0.00±0.00  → FITNESS=0.0230
URDF saved to temp_urdf\being_9552.urdf
Connecting to PyBullet, GUI: False
CreatureEnv Inicijalizacija: 12 motora. OBS_dim=40, frame_skip=1
[Fitness run Gen15Creature7] reward=1.74±0.03  dist=0.06±0.10  upright=0.17±0.05  → FITNESS=0.0710
URDF saved to temp_urdf\being_9552.urdf
Connecting to PyBullet, GUI: False
CreatureEnv Inicijalizacija: 12 motora. OBS_dim=40, frame_skip=1
[Fitness run Gen15Creature8] reward=1.32±0.12  dist=0.06±0.02  upright=0.51±0.03  → FITNESS=0.1736
URDF saved to temp_urdf\being_9552.urdf
Connecting to PyBullet, GUI: False
CreatureEnv Inicijalizacija: 12 motora. OBS_dim=40, frame_skip=1
[Fitness run Gen15Creature9] reward=1.67±0.00  dist=0.01±0.01  upright=0.00±0.00  → FITNESS=0.0187
URDF saved to temp_urdf\being_9552.urdf
Connecting to PyBullet, GUI: False
CreatureEnv Inicijalizacija: 12 motora. OBS_dim=40, frame_skip=1
[Fitness run Gen15Creature10] reward=207.76±413.22  dist=0.17±0.15  upright=0.46±0.28  → FITNESS=0.1797
URDF saved to temp_urdf\being_9552.urdf
Connecting to PyBullet, GUI: False
CreatureEnv Inicijalizacija: 12 motora. OBS_dim=40, frame_skip=1
[Fitness run Gen15Creature11] reward=1.73±0.14  dist=0.10±0.05  upright=0.32±0.22  → FITNESS=0.1156
URDF saved to temp_urdf\being_9552.urdf
Connecting to PyBullet, GUI: False
CreatureEnv Inicijalizacija: 12 motora. OBS_dim=40, frame_skip=1
[Fitness run Gen15Creature12] reward=110.65±326.89  dist=0.16±0.11  upright=0.56±0.24  → FITNESS=0.2006
URDF saved to temp_urdf\being_9552.urdf
Connecting to PyBullet, GUI: False
CreatureEnv Inicijalizacija: 12 motora. OBS_dim=40, frame_skip=1
[Fitness run Gen15Creature13] reward=1.67±0.15  dist=0.16±0.05  upright=0.24±0.15  → FITNESS=0.0949
URDF saved to temp_urdf\being_9552.urdf
Connecting to PyBullet, GUI: False
CreatureEnv Inicijalizacija: 12 motora. OBS_dim=40, frame_skip=1
[Fitness run Gen15Creature15] reward=1.72±0.11  dist=0.00±0.00  upright=0.10±0.30  → FITNESS=0.0483
URDF saved to temp_urdf\being_9552.urdf
Connecting to PyBullet, GUI: False
CreatureEnv Inicijalizacija: 12 motora. OBS_dim=40, frame_skip=1
[Fitness run Gen15Creature16] reward=896.30±298.22  dist=0.43±0.15  upright=0.90±0.30  → FITNESS=0.3801
URDF saved to temp_urdf\being_9552.urdf
Connecting to PyBullet, GUI: False
CreatureEnv Inicijalizacija: 12 motora. OBS_dim=40, frame_skip=1
[Fitness run Gen15Creature17] reward=111.24±327.14  dist=0.03±0.04  upright=0.15±0.31  → FITNESS=0.0745
URDF saved to temp_urdf\being_9552.urdf
Connecting to PyBullet, GUI: False
CreatureEnv Inicijalizacija: 12 motora. OBS_dim=40, frame_skip=1
[Fitness run Gen15Creature18] reward=1.63±0.09  dist=0.00±0.00  upright=0.44±0.11  → FITNESS=0.1490
URDF saved to temp_urdf\being_9552.urdf
Connecting to PyBullet, GUI: False
CreatureEnv Inicijalizacija: 12 motora. OBS_dim=40, frame_skip=1
[Fitness run Gen15Creature20] reward=1046.04±5.24  dist=0.16±0.05  upright=1.00±0.00  → FITNESS=0.4172
URDF saved to temp_urdf\being_9552.urdf
Connecting to PyBullet, GUI: False
CreatureEnv Inicijalizacija: 12 motora. OBS_dim=40, frame_skip=1
[Fitness run Gen15Creature23] reward=1.50±0.27  dist=0.00±0.01  upright=0.33±0.13  → FITNESS=0.1171
URDF saved to temp_urdf\being_9552.urdf
Connecting to PyBullet, GUI: False
CreatureEnv Inicijalizacija: 12 motora. OBS_dim=40, frame_skip=1
[Fitness run Gen15Creature24] reward=1.66±0.01  dist=0.00±0.00  upright=0.04±0.13  → FITNESS=0.0309
URDF saved to temp_urdf\being_9552.urdf
Connecting to PyBullet, GUI: False
CreatureEnv Inicijalizacija: 12 motora. OBS_dim=40, frame_skip=1
[Fitness run Gen15Creature25] reward=979.91±326.13  dist=0.34±0.18  upright=0.94±0.17  → FITNESS=0.3984
URDF saved to temp_urdf\being_9552.urdf
Connecting to PyBullet, GUI: False
CreatureEnv Inicijalizacija: 12 motora. OBS_dim=40, frame_skip=1
[Fitness run Gen15Creature26] reward=1.78±0.00  dist=0.08±0.03  upright=0.28±0.06  → FITNESS=0.1046
URDF saved to temp_urdf\being_9552.urdf
Connecting to PyBullet, GUI: False
CreatureEnv Inicijalizacija: 12 motora. OBS_dim=40, frame_skip=1
[Fitness run Gen15Creature27] reward=1.82±0.01  dist=0.07±0.02  upright=0.02±0.06  → FITNESS=0.0259
URDF saved to temp_urdf\being_9552.urdf
Connecting to PyBullet, GUI: False
CreatureEnv Inicijalizacija: 12 motora. OBS_dim=40, frame_skip=1
[Fitness run Gen15Creature28] reward=1.44±0.00  dist=0.09±0.03  upright=0.16±0.01  → FITNESS=0.0699
URDF saved to temp_urdf\being_9552.urdf
Connecting to PyBullet, GUI: False
CreatureEnv Inicijalizacija: 12 motora. OBS_dim=40, frame_skip=1
[Fitness run Gen15Creature29] reward=1.43±0.01  dist=0.07±0.04  upright=0.43±0.08  → FITNESS=0.1489
Genome saved to results\distanceBased500Steps5DifferentSeeds\run_3\run_3_best_creature.json
[plot] Summary saved → results\distanceBased500Steps5DifferentSeeds\run_3\run_3_summary.png
URDF saved to temp_urdf\being_9552.urdf
Connecting to PyBullet, GUI: False
CreatureEnv Inicijalizacija: 12 motora. OBS_dim=40, frame_skip=1
[Fitness run Gen16Creature2] reward=1052.74±0.08  dist=0.00±0.00  upright=1.00±0.00  → FITNESS=0.4139
URDF saved to temp_urdf\being_9552.urdf
Connecting to PyBullet, GUI: False
CreatureEnv Inicijalizacija: 12 motora. OBS_dim=40, frame_skip=1
[Fitness run Gen16Creature3] reward=112.09±330.26  dist=0.00±0.00  upright=0.10±0.30  → FITNESS=0.0584
URDF saved to temp_urdf\being_9552.urdf
Connecting to PyBullet, GUI: False
CreatureEnv Inicijalizacija: 12 motora. OBS_dim=40, frame_skip=1
[Fitness run Gen16Creature4] reward=945.63±314.69  dist=0.03±0.04  upright=0.90±0.29  → FITNESS=0.3758
URDF saved to temp_urdf\being_9552.urdf
Connecting to PyBullet, GUI: False
CreatureEnv Inicijalizacija: 12 motora. OBS_dim=40, frame_skip=1
[Fitness run Gen16Creature5] reward=970.09±322.39  dist=0.00±0.00  upright=0.95±0.16  → FITNESS=0.3900
URDF saved to temp_urdf\being_9552.urdf
Connecting to PyBullet, GUI: False
CreatureEnv Inicijalizacija: 12 motora. OBS_dim=40, frame_skip=1
[Fitness run Gen16Creature6] reward=1.83±0.16  dist=0.08±0.03  upright=0.87±0.28  → FITNESS=0.2817
URDF saved to temp_urdf\being_9552.urdf
Connecting to PyBullet, GUI: False
CreatureEnv Inicijalizacija: 12 motora. OBS_dim=40, frame_skip=1
[Fitness run Gen16Creature7] reward=960.02±319.45  dist=0.16±0.21  upright=0.94±0.17  → FITNESS=0.3920
URDF saved to temp_urdf\being_9552.urdf
Connecting to PyBullet, GUI: False
CreatureEnv Inicijalizacija: 12 motora. OBS_dim=40, frame_skip=1
[Fitness run Gen16Creature8] reward=1.32±0.12  dist=0.06±0.02  upright=0.51±0.03  → FITNESS=0.1736
URDF saved to temp_urdf\being_9552.urdf
Connecting to PyBullet, GUI: False
CreatureEnv Inicijalizacija: 12 motora. OBS_dim=40, frame_skip=1
[Fitness run Gen16Creature9] reward=1.67±0.00  dist=0.01±0.01  upright=0.00±0.00  → FITNESS=0.0187
URDF saved to temp_urdf\being_9552.urdf
Connecting to PyBullet, GUI: False
CreatureEnv Inicijalizacija: 12 motora. OBS_dim=40, frame_skip=1
[Fitness run Gen16Creature10] reward=207.76±413.22  dist=0.17±0.15  upright=0.46±0.28  → FITNESS=0.1797
URDF saved to temp_urdf\being_9552.urdf
Connecting to PyBullet, GUI: False
CreatureEnv Inicijalizacija: 12 motora. OBS_dim=40, frame_skip=1
[Fitness run Gen16Creature11] reward=1.73±0.14  dist=0.10±0.05  upright=0.32±0.22  → FITNESS=0.1156
URDF saved to temp_urdf\being_9552.urdf
Connecting to PyBullet, GUI: False
CreatureEnv Inicijalizacija: 12 motora. OBS_dim=40, frame_skip=1
[Fitness run Gen16Creature12] reward=110.65±326.89  dist=0.16±0.11  upright=0.56±0.24  → FITNESS=0.2006
URDF saved to temp_urdf\being_9552.urdf
Connecting to PyBullet, GUI: False
CreatureEnv Inicijalizacija: 12 motora. OBS_dim=40, frame_skip=1
[Fitness run Gen16Creature13] reward=1.67±0.15  dist=0.16±0.05  upright=0.24±0.15  → FITNESS=0.0949
URDF saved to temp_urdf\being_9552.urdf
Connecting to PyBullet, GUI: False
CreatureEnv Inicijalizacija: 12 motora. OBS_dim=40, frame_skip=1
[Fitness run Gen16Creature15] reward=1.72±0.11  dist=0.00±0.00  upright=0.10±0.30  → FITNESS=0.0483
URDF saved to temp_urdf\being_9552.urdf
Connecting to PyBullet, GUI: False
CreatureEnv Inicijalizacija: 12 motora. OBS_dim=40, frame_skip=1
[Fitness run Gen16Creature16] reward=1.99±0.12  dist=0.27±0.09  upright=0.91±0.28  → FITNESS=0.2970
URDF saved to temp_urdf\being_9552.urdf
Connecting to PyBullet, GUI: False
CreatureEnv Inicijalizacija: 12 motora. OBS_dim=40, frame_skip=1
[Fitness run Gen16Creature17] reward=974.33±324.27  dist=0.00±0.00  upright=0.90±0.30  → FITNESS=0.3768
URDF saved to temp_urdf\being_9552.urdf
Connecting to PyBullet, GUI: False
CreatureEnv Inicijalizacija: 12 motora. OBS_dim=40, frame_skip=1
[Fitness run Gen16Creature18] reward=1.63±0.09  dist=0.00±0.00  upright=0.44±0.11  → FITNESS=0.1490
URDF saved to temp_urdf\being_9552.urdf
Connecting to PyBullet, GUI: False
CreatureEnv Inicijalizacija: 12 motora. OBS_dim=40, frame_skip=1
[Fitness run Gen16Creature20] reward=1046.04±5.24  dist=0.16±0.05  upright=1.00±0.00  → FITNESS=0.4172
URDF saved to temp_urdf\being_9552.urdf
Connecting to PyBullet, GUI: False
CreatureEnv Inicijalizacija: 12 motora. OBS_dim=40, frame_skip=1
[Fitness run Gen16Creature23] reward=1.50±0.27  dist=0.00±0.01  upright=0.33±0.13  → FITNESS=0.1171
URDF saved to temp_urdf\being_9552.urdf
Connecting to PyBullet, GUI: False
CreatureEnv Inicijalizacija: 12 motora. OBS_dim=40, frame_skip=1
[Fitness run Gen16Creature24] reward=1.51±0.03  dist=0.00±0.00  upright=0.03±0.08  → FITNESS=0.0261
URDF saved to temp_urdf\being_9552.urdf
Connecting to PyBullet, GUI: False
CreatureEnv Inicijalizacija: 12 motora. OBS_dim=40, frame_skip=1
[Fitness run Gen16Creature27] reward=216.65±429.96  dist=0.02±0.05  upright=0.66±0.25  → FITNESS=0.2378
URDF saved to temp_urdf\being_9552.urdf
Connecting to PyBullet, GUI: False
CreatureEnv Inicijalizacija: 12 motora. OBS_dim=40, frame_skip=1
[Fitness run Gen16Creature28] reward=1.44±0.00  dist=0.09±0.03  upright=0.16±0.01  → FITNESS=0.0699
URDF saved to temp_urdf\being_9552.urdf
Connecting to PyBullet, GUI: False
CreatureEnv Inicijalizacija: 12 motora. OBS_dim=40, frame_skip=1
[Fitness run Gen16Creature29] reward=1.43±0.01  dist=0.07±0.04  upright=0.43±0.08  → FITNESS=0.1489

==================================================
Generacija 16/20  |  Best = 0.4193  |  Mean = 0.2412  |  Std = 0.1419
==================================================
URDF saved to temp_urdf\being_9552.urdf
Connecting to PyBullet, GUI: False
CreatureEnv Inicijalizacija: 12 motora. OBS_dim=40, frame_skip=1
[Fitness run Gen16Creature2] reward=1052.74±0.08  dist=0.00±0.00  upright=1.00±0.00  → FITNESS=0.4139
URDF saved to temp_urdf\being_9552.urdf
Connecting to PyBullet, GUI: False
CreatureEnv Inicijalizacija: 12 motora. OBS_dim=40, frame_skip=1
[Fitness run Gen16Creature3] reward=112.09±330.26  dist=0.00±0.00  upright=0.10±0.30  → FITNESS=0.0584
URDF saved to temp_urdf\being_9552.urdf
Connecting to PyBullet, GUI: False
CreatureEnv Inicijalizacija: 12 motora. OBS_dim=40, frame_skip=1
[Fitness run Gen16Creature4] reward=945.63±314.69  dist=0.03±0.04  upright=0.90±0.29  → FITNESS=0.3758
URDF saved to temp_urdf\being_9552.urdf
Connecting to PyBullet, GUI: False
CreatureEnv Inicijalizacija: 12 motora. OBS_dim=40, frame_skip=1
[Fitness run Gen16Creature5] reward=970.09±322.39  dist=0.00±0.00  upright=0.95±0.16  → FITNESS=0.3900
URDF saved to temp_urdf\being_9552.urdf
Connecting to PyBullet, GUI: False
CreatureEnv Inicijalizacija: 12 motora. OBS_dim=40, frame_skip=1
[Fitness run Gen16Creature6] reward=1.83±0.16  dist=0.08±0.03  upright=0.87±0.28  → FITNESS=0.2817
URDF saved to temp_urdf\being_9552.urdf
Connecting to PyBullet, GUI: False
CreatureEnv Inicijalizacija: 12 motora. OBS_dim=40, frame_skip=1
[Fitness run Gen16Creature7] reward=960.02±319.45  dist=0.16±0.21  upright=0.94±0.17  → FITNESS=0.3920
URDF saved to temp_urdf\being_9552.urdf
Connecting to PyBullet, GUI: False
CreatureEnv Inicijalizacija: 12 motora. OBS_dim=40, frame_skip=1
[Fitness run Gen16Creature8] reward=1.32±0.12  dist=0.06±0.02  upright=0.51±0.03  → FITNESS=0.1736
URDF saved to temp_urdf\being_9552.urdf
Connecting to PyBullet, GUI: False
CreatureEnv Inicijalizacija: 12 motora. OBS_dim=40, frame_skip=1
[Fitness run Gen16Creature9] reward=1.67±0.00  dist=0.01±0.01  upright=0.00±0.00  → FITNESS=0.0187
URDF saved to temp_urdf\being_9552.urdf
Connecting to PyBullet, GUI: False
CreatureEnv Inicijalizacija: 12 motora. OBS_dim=40, frame_skip=1
[Fitness run Gen16Creature10] reward=207.76±413.22  dist=0.17±0.15  upright=0.46±0.28  → FITNESS=0.1797
URDF saved to temp_urdf\being_9552.urdf
Connecting to PyBullet, GUI: False
CreatureEnv Inicijalizacija: 12 motora. OBS_dim=40, frame_skip=1
[Fitness run Gen16Creature11] reward=1.73±0.14  dist=0.10±0.05  upright=0.32±0.22  → FITNESS=0.1156
URDF saved to temp_urdf\being_9552.urdf
Connecting to PyBullet, GUI: False
CreatureEnv Inicijalizacija: 12 motora. OBS_dim=40, frame_skip=1
[Fitness run Gen16Creature12] reward=110.65±326.89  dist=0.16±0.11  upright=0.56±0.24  → FITNESS=0.2006
URDF saved to temp_urdf\being_9552.urdf
Connecting to PyBullet, GUI: False
CreatureEnv Inicijalizacija: 12 motora. OBS_dim=40, frame_skip=1
[Fitness run Gen16Creature13] reward=1.67±0.15  dist=0.16±0.05  upright=0.24±0.15  → FITNESS=0.0949
URDF saved to temp_urdf\being_9552.urdf
Connecting to PyBullet, GUI: False
CreatureEnv Inicijalizacija: 12 motora. OBS_dim=40, frame_skip=1
[Fitness run Gen16Creature15] reward=1.72±0.11  dist=0.00±0.00  upright=0.10±0.30  → FITNESS=0.0483
URDF saved to temp_urdf\being_9552.urdf
Connecting to PyBullet, GUI: False
CreatureEnv Inicijalizacija: 12 motora. OBS_dim=40, frame_skip=1
[Fitness run Gen16Creature16] reward=1.99±0.12  dist=0.27±0.09  upright=0.91±0.28  → FITNESS=0.2970
URDF saved to temp_urdf\being_9552.urdf
Connecting to PyBullet, GUI: False
CreatureEnv Inicijalizacija: 12 motora. OBS_dim=40, frame_skip=1
[Fitness run Gen16Creature17] reward=974.33±324.27  dist=0.00±0.00  upright=0.90±0.30  → FITNESS=0.3768
URDF saved to temp_urdf\being_9552.urdf
Connecting to PyBullet, GUI: False
CreatureEnv Inicijalizacija: 12 motora. OBS_dim=40, frame_skip=1
[Fitness run Gen16Creature18] reward=1.63±0.09  dist=0.00±0.00  upright=0.44±0.11  → FITNESS=0.1490
URDF saved to temp_urdf\being_9552.urdf
Connecting to PyBullet, GUI: False
CreatureEnv Inicijalizacija: 12 motora. OBS_dim=40, frame_skip=1
[Fitness run Gen16Creature20] reward=1046.04±5.24  dist=0.16±0.05  upright=1.00±0.00  → FITNESS=0.4172
URDF saved to temp_urdf\being_9552.urdf
Connecting to PyBullet, GUI: False
CreatureEnv Inicijalizacija: 12 motora. OBS_dim=40, frame_skip=1
[Fitness run Gen16Creature23] reward=1.50±0.27  dist=0.00±0.01  upright=0.33±0.13  → FITNESS=0.1171
URDF saved to temp_urdf\being_9552.urdf
Connecting to PyBullet, GUI: False
CreatureEnv Inicijalizacija: 12 motora. OBS_dim=40, frame_skip=1
[Fitness run Gen16Creature24] reward=1.51±0.03  dist=0.00±0.00  upright=0.03±0.08  → FITNESS=0.0261
URDF saved to temp_urdf\being_9552.urdf
Connecting to PyBullet, GUI: False
CreatureEnv Inicijalizacija: 12 motora. OBS_dim=40, frame_skip=1
[Fitness run Gen16Creature27] reward=216.65±429.96  dist=0.02±0.05  upright=0.66±0.25  → FITNESS=0.2378
URDF saved to temp_urdf\being_9552.urdf
Connecting to PyBullet, GUI: False
CreatureEnv Inicijalizacija: 12 motora. OBS_dim=40, frame_skip=1
[Fitness run Gen16Creature28] reward=1.44±0.00  dist=0.09±0.03  upright=0.16±0.01  → FITNESS=0.0699
URDF saved to temp_urdf\being_9552.urdf
Connecting to PyBullet, GUI: False
CreatureEnv Inicijalizacija: 12 motora. OBS_dim=40, frame_skip=1
[Fitness run Gen16Creature29] reward=1.43±0.01  dist=0.07±0.04  upright=0.43±0.08  → FITNESS=0.1489
Genome saved to results\distanceBased500Steps5DifferentSeeds\run_3\run_3_best_creature.json
[plot] Summary saved → results\distanceBased500Steps5DifferentSeeds\run_3\run_3_summary.png
URDF saved to temp_urdf\being_9552.urdf
Connecting to PyBullet, GUI: False
CreatureEnv Inicijalizacija: 12 motora. OBS_dim=40, frame_skip=1
[Fitness run Gen17Creature2] reward=1052.74±0.08  dist=0.00±0.00  upright=1.00±0.00  → FITNESS=0.4139
URDF saved to temp_urdf\being_9552.urdf
Connecting to PyBullet, GUI: False
CreatureEnv Inicijalizacija: 12 motora. OBS_dim=40, frame_skip=1
[Fitness run Gen17Creature3] reward=112.09±330.26  dist=0.00±0.00  upright=0.10±0.30  → FITNESS=0.0584
URDF saved to temp_urdf\being_9552.urdf
Connecting to PyBullet, GUI: False
CreatureEnv Inicijalizacija: 12 motora. OBS_dim=40, frame_skip=1
[Fitness run Gen17Creature4] reward=945.63±314.69  dist=0.03±0.04  upright=0.90±0.29  → FITNESS=0.3758
URDF saved to temp_urdf\being_9552.urdf
Connecting to PyBullet, GUI: False
CreatureEnv Inicijalizacija: 12 motora. OBS_dim=40, frame_skip=1
[Fitness run Gen17Creature5] reward=970.09±322.39  dist=0.00±0.00  upright=0.95±0.16  → FITNESS=0.3900
URDF saved to temp_urdf\being_9552.urdf
Connecting to PyBullet, GUI: False
CreatureEnv Inicijalizacija: 12 motora. OBS_dim=40, frame_skip=1
[Fitness run Gen17Creature7] reward=960.86±319.58  dist=0.07±0.05  upright=1.00±0.00  → FITNESS=0.4074
URDF saved to temp_urdf\being_9552.urdf
Connecting to PyBullet, GUI: False
CreatureEnv Inicijalizacija: 12 motora. OBS_dim=40, frame_skip=1
[Fitness run Gen17Creature8] reward=1.32±0.12  dist=0.06±0.02  upright=0.51±0.03  → FITNESS=0.1736
URDF saved to temp_urdf\being_9552.urdf
Connecting to PyBullet, GUI: False
CreatureEnv Inicijalizacija: 12 motora. OBS_dim=40, frame_skip=1
[Fitness run Gen17Creature9] reward=1.67±0.00  dist=0.01±0.01  upright=0.00±0.00  → FITNESS=0.0187
URDF saved to temp_urdf\being_9552.urdf
Connecting to PyBullet, GUI: False
CreatureEnv Inicijalizacija: 12 motora. OBS_dim=40, frame_skip=1
[Fitness run Gen17Creature10] reward=207.76±413.22  dist=0.17±0.15  upright=0.46±0.28  → FITNESS=0.1797
URDF saved to temp_urdf\being_9552.urdf
Connecting to PyBullet, GUI: False
CreatureEnv Inicijalizacija: 12 motora. OBS_dim=40, frame_skip=1
[Fitness run Gen17Creature11] reward=1.73±0.14  dist=0.10±0.05  upright=0.32±0.22  → FITNESS=0.1156
URDF saved to temp_urdf\being_9552.urdf
Connecting to PyBullet, GUI: False
CreatureEnv Inicijalizacija: 12 motora. OBS_dim=40, frame_skip=1
[Fitness run Gen17Creature12] reward=110.65±326.89  dist=0.16±0.11  upright=0.56±0.24  → FITNESS=0.2006
URDF saved to temp_urdf\being_9552.urdf
Connecting to PyBullet, GUI: False
CreatureEnv Inicijalizacija: 12 motora. OBS_dim=40, frame_skip=1
[Fitness run Gen17Creature13] reward=1.67±0.15  dist=0.16±0.05  upright=0.24±0.15  → FITNESS=0.0949
URDF saved to temp_urdf\being_9552.urdf
Connecting to PyBullet, GUI: False
CreatureEnv Inicijalizacija: 12 motora. OBS_dim=40, frame_skip=1
[Fitness run Gen17Creature15] reward=1.72±0.11  dist=0.00±0.00  upright=0.10±0.30  → FITNESS=0.0483
URDF saved to temp_urdf\being_9552.urdf
Connecting to PyBullet, GUI: False
CreatureEnv Inicijalizacija: 12 motora. OBS_dim=40, frame_skip=1
[Fitness run Gen17Creature16] reward=1.72±0.03  dist=0.11±0.05  upright=0.91±0.27  → FITNESS=0.2939
URDF saved to temp_urdf\being_9552.urdf
Connecting to PyBullet, GUI: False
CreatureEnv Inicijalizacija: 12 motora. OBS_dim=40, frame_skip=1
[Fitness run Gen17Creature17] reward=973.59±324.03  dist=0.00±0.00  upright=0.90±0.30  → FITNESS=0.3767
URDF saved to temp_urdf\being_9552.urdf
Connecting to PyBullet, GUI: False
CreatureEnv Inicijalizacija: 12 motora. OBS_dim=40, frame_skip=1
[Fitness run Gen17Creature18] reward=1.63±0.09  dist=0.00±0.00  upright=0.44±0.11  → FITNESS=0.1490
URDF saved to temp_urdf\being_9552.urdf
Connecting to PyBullet, GUI: False
CreatureEnv Inicijalizacija: 12 motora. OBS_dim=40, frame_skip=1
[Fitness run Gen17Creature20] reward=1046.04±5.24  dist=0.16±0.05  upright=1.00±0.00  → FITNESS=0.4172
URDF saved to temp_urdf\being_9552.urdf
Connecting to PyBullet, GUI: False
CreatureEnv Inicijalizacija: 12 motora. OBS_dim=40, frame_skip=1
[Fitness run Gen17Creature23] reward=1.50±0.27  dist=0.00±0.01  upright=0.33±0.13  → FITNESS=0.1171
URDF saved to temp_urdf\being_9552.urdf
Connecting to PyBullet, GUI: False
CreatureEnv Inicijalizacija: 12 motora. OBS_dim=40, frame_skip=1
[Fitness run Gen17Creature24] reward=1.51±0.03  dist=0.00±0.00  upright=0.03±0.08  → FITNESS=0.0261
URDF saved to temp_urdf\being_9552.urdf
Connecting to PyBullet, GUI: False
CreatureEnv Inicijalizacija: 12 motora. OBS_dim=40, frame_skip=1
[Fitness run Gen17Creature26] reward=1.78±0.00  dist=0.00±0.00  upright=0.13±0.02  → FITNESS=0.0580
URDF saved to temp_urdf\being_9552.urdf
Connecting to PyBullet, GUI: False
CreatureEnv Inicijalizacija: 12 motora. OBS_dim=40, frame_skip=1
[Fitness run Gen17Creature27] reward=1.51±0.16  dist=0.11±0.05  upright=0.45±0.12  → FITNESS=0.1546
URDF saved to temp_urdf\being_9552.urdf
Connecting to PyBullet, GUI: False
CreatureEnv Inicijalizacija: 12 motora. OBS_dim=40, frame_skip=1
[Fitness run Gen17Creature28] reward=1.44±0.00  dist=0.09±0.03  upright=0.16±0.01  → FITNESS=0.0699
URDF saved to temp_urdf\being_9552.urdf
Connecting to PyBullet, GUI: False
CreatureEnv Inicijalizacija: 12 motora. OBS_dim=40, frame_skip=1
[Fitness run Gen17Creature29] reward=1.43±0.01  dist=0.07±0.04  upright=0.43±0.08  → FITNESS=0.1489

==================================================
Generacija 17/20  |  Best = 0.4193  |  Mean = 0.2373  |  Std = 0.1450
==================================================
URDF saved to temp_urdf\being_9552.urdf
Connecting to PyBullet, GUI: False
CreatureEnv Inicijalizacija: 12 motora. OBS_dim=40, frame_skip=1
[Fitness run Gen17Creature2] reward=1052.74±0.08  dist=0.00±0.00  upright=1.00±0.00  → FITNESS=0.4139
URDF saved to temp_urdf\being_9552.urdf
Connecting to PyBullet, GUI: False
CreatureEnv Inicijalizacija: 12 motora. OBS_dim=40, frame_skip=1
[Fitness run Gen17Creature3] reward=112.09±330.26  dist=0.00±0.00  upright=0.10±0.30  → FITNESS=0.0584
URDF saved to temp_urdf\being_9552.urdf
Connecting to PyBullet, GUI: False
CreatureEnv Inicijalizacija: 12 motora. OBS_dim=40, frame_skip=1
[Fitness run Gen17Creature4] reward=945.63±314.69  dist=0.03±0.04  upright=0.90±0.29  → FITNESS=0.3758
URDF saved to temp_urdf\being_9552.urdf
Connecting to PyBullet, GUI: False
CreatureEnv Inicijalizacija: 12 motora. OBS_dim=40, frame_skip=1
[Fitness run Gen17Creature5] reward=970.09±322.39  dist=0.00±0.00  upright=0.95±0.16  → FITNESS=0.3900
URDF saved to temp_urdf\being_9552.urdf
Connecting to PyBullet, GUI: False
CreatureEnv Inicijalizacija: 12 motora. OBS_dim=40, frame_skip=1
[Fitness run Gen17Creature7] reward=960.86±319.58  dist=0.07±0.05  upright=1.00±0.00  → FITNESS=0.4074
URDF saved to temp_urdf\being_9552.urdf
Connecting to PyBullet, GUI: False
CreatureEnv Inicijalizacija: 12 motora. OBS_dim=40, frame_skip=1
[Fitness run Gen17Creature8] reward=1.32±0.12  dist=0.06±0.02  upright=0.51±0.03  → FITNESS=0.1736
URDF saved to temp_urdf\being_9552.urdf
Connecting to PyBullet, GUI: False
CreatureEnv Inicijalizacija: 12 motora. OBS_dim=40, frame_skip=1
[Fitness run Gen17Creature9] reward=1.67±0.00  dist=0.01±0.01  upright=0.00±0.00  → FITNESS=0.0187
URDF saved to temp_urdf\being_9552.urdf
Connecting to PyBullet, GUI: False
CreatureEnv Inicijalizacija: 12 motora. OBS_dim=40, frame_skip=1
[Fitness run Gen17Creature10] reward=207.76±413.22  dist=0.17±0.15  upright=0.46±0.28  → FITNESS=0.1797
URDF saved to temp_urdf\being_9552.urdf
Connecting to PyBullet, GUI: False
CreatureEnv Inicijalizacija: 12 motora. OBS_dim=40, frame_skip=1
[Fitness run Gen17Creature11] reward=1.73±0.14  dist=0.10±0.05  upright=0.32±0.22  → FITNESS=0.1156
URDF saved to temp_urdf\being_9552.urdf
Connecting to PyBullet, GUI: False
CreatureEnv Inicijalizacija: 12 motora. OBS_dim=40, frame_skip=1
[Fitness run Gen17Creature12] reward=110.65±326.89  dist=0.16±0.11  upright=0.56±0.24  → FITNESS=0.2006
URDF saved to temp_urdf\being_9552.urdf
Connecting to PyBullet, GUI: False
CreatureEnv Inicijalizacija: 12 motora. OBS_dim=40, frame_skip=1
[Fitness run Gen17Creature13] reward=1.67±0.15  dist=0.16±0.05  upright=0.24±0.15  → FITNESS=0.0949
URDF saved to temp_urdf\being_9552.urdf
Connecting to PyBullet, GUI: False
CreatureEnv Inicijalizacija: 12 motora. OBS_dim=40, frame_skip=1
[Fitness run Gen17Creature15] reward=1.72±0.11  dist=0.00±0.00  upright=0.10±0.30  → FITNESS=0.0483
URDF saved to temp_urdf\being_9552.urdf
Connecting to PyBullet, GUI: False
CreatureEnv Inicijalizacija: 12 motora. OBS_dim=40, frame_skip=1
[Fitness run Gen17Creature16] reward=1.72±0.03  dist=0.11±0.05  upright=0.91±0.27  → FITNESS=0.2939
URDF saved to temp_urdf\being_9552.urdf
Connecting to PyBullet, GUI: False
CreatureEnv Inicijalizacija: 12 motora. OBS_dim=40, frame_skip=1
[Fitness run Gen17Creature17] reward=973.59±324.03  dist=0.00±0.00  upright=0.90±0.30  → FITNESS=0.3767
URDF saved to temp_urdf\being_9552.urdf
Connecting to PyBullet, GUI: False
CreatureEnv Inicijalizacija: 12 motora. OBS_dim=40, frame_skip=1
[Fitness run Gen17Creature18] reward=1.63±0.09  dist=0.00±0.00  upright=0.44±0.11  → FITNESS=0.1490
URDF saved to temp_urdf\being_9552.urdf
Connecting to PyBullet, GUI: False
CreatureEnv Inicijalizacija: 12 motora. OBS_dim=40, frame_skip=1
[Fitness run Gen17Creature20] reward=1046.04±5.24  dist=0.16±0.05  upright=1.00±0.00  → FITNESS=0.4172
URDF saved to temp_urdf\being_9552.urdf
Connecting to PyBullet, GUI: False
CreatureEnv Inicijalizacija: 12 motora. OBS_dim=40, frame_skip=1
[Fitness run Gen17Creature23] reward=1.50±0.27  dist=0.00±0.01  upright=0.33±0.13  → FITNESS=0.1171
URDF saved to temp_urdf\being_9552.urdf
Connecting to PyBullet, GUI: False
CreatureEnv Inicijalizacija: 12 motora. OBS_dim=40, frame_skip=1
[Fitness run Gen17Creature24] reward=1.51±0.03  dist=0.00±0.00  upright=0.03±0.08  → FITNESS=0.0261
URDF saved to temp_urdf\being_9552.urdf
Connecting to PyBullet, GUI: False
CreatureEnv Inicijalizacija: 12 motora. OBS_dim=40, frame_skip=1
[Fitness run Gen17Creature26] reward=1.78±0.00  dist=0.00±0.00  upright=0.13±0.02  → FITNESS=0.0580
URDF saved to temp_urdf\being_9552.urdf
Connecting to PyBullet, GUI: False
CreatureEnv Inicijalizacija: 12 motora. OBS_dim=40, frame_skip=1
[Fitness run Gen17Creature27] reward=1.51±0.16  dist=0.11±0.05  upright=0.45±0.12  → FITNESS=0.1546
URDF saved to temp_urdf\being_9552.urdf
Connecting to PyBullet, GUI: False
CreatureEnv Inicijalizacija: 12 motora. OBS_dim=40, frame_skip=1
[Fitness run Gen17Creature28] reward=1.44±0.00  dist=0.09±0.03  upright=0.16±0.01  → FITNESS=0.0699
URDF saved to temp_urdf\being_9552.urdf
Connecting to PyBullet, GUI: False
CreatureEnv Inicijalizacija: 12 motora. OBS_dim=40, frame_skip=1
[Fitness run Gen17Creature29] reward=1.43±0.01  dist=0.07±0.04  upright=0.43±0.08  → FITNESS=0.1489
Genome saved to results\distanceBased500Steps5DifferentSeeds\run_3\run_3_best_creature.json
[plot] Summary saved → results\distanceBased500Steps5DifferentSeeds\run_3\run_3_summary.png
URDF saved to temp_urdf\being_9552.urdf
Connecting to PyBullet, GUI: False
CreatureEnv Inicijalizacija: 12 motora. OBS_dim=40, frame_skip=1
[Fitness run Gen18Creature2] reward=1052.74±0.08  dist=0.00±0.00  upright=1.00±0.00  → FITNESS=0.4139
URDF saved to temp_urdf\being_9552.urdf
Connecting to PyBullet, GUI: False
CreatureEnv Inicijalizacija: 12 motora. OBS_dim=40, frame_skip=1
[Fitness run Gen18Creature3] reward=112.09±330.26  dist=0.00±0.00  upright=0.10±0.30  → FITNESS=0.0584
URDF saved to temp_urdf\being_9552.urdf
Connecting to PyBullet, GUI: False
CreatureEnv Inicijalizacija: 12 motora. OBS_dim=40, frame_skip=1
[Fitness run Gen18Creature4] reward=945.63±314.69  dist=0.03±0.04  upright=0.90±0.29  → FITNESS=0.3758
URDF saved to temp_urdf\being_9552.urdf
Connecting to PyBullet, GUI: False
CreatureEnv Inicijalizacija: 12 motora. OBS_dim=40, frame_skip=1
[Fitness run Gen18Creature5] reward=970.09±322.39  dist=0.00±0.00  upright=0.95±0.16  → FITNESS=0.3900
URDF saved to temp_urdf\being_9552.urdf
Connecting to PyBullet, GUI: False
CreatureEnv Inicijalizacija: 12 motora. OBS_dim=40, frame_skip=1
[Fitness run Gen18Creature7] reward=960.86±319.58  dist=0.07±0.05  upright=1.00±0.00  → FITNESS=0.4074
URDF saved to temp_urdf\being_9552.urdf
Connecting to PyBullet, GUI: False
CreatureEnv Inicijalizacija: 12 motora. OBS_dim=40, frame_skip=1
[Fitness run Gen18Creature8] reward=1.32±0.12  dist=0.06±0.02  upright=0.51±0.03  → FITNESS=0.1736
URDF saved to temp_urdf\being_9552.urdf
Connecting to PyBullet, GUI: False
CreatureEnv Inicijalizacija: 12 motora. OBS_dim=40, frame_skip=1
[Fitness run Gen18Creature9] reward=1.67±0.00  dist=0.01±0.01  upright=0.00±0.00  → FITNESS=0.0187
URDF saved to temp_urdf\being_9552.urdf
Connecting to PyBullet, GUI: False
CreatureEnv Inicijalizacija: 12 motora. OBS_dim=40, frame_skip=1
[Fitness run Gen18Creature10] reward=207.76±413.22  dist=0.17±0.15  upright=0.46±0.28  → FITNESS=0.1797
URDF saved to temp_urdf\being_9552.urdf
Connecting to PyBullet, GUI: False
CreatureEnv Inicijalizacija: 12 motora. OBS_dim=40, frame_skip=1
[Fitness run Gen18Creature11] reward=1.73±0.14  dist=0.10±0.05  upright=0.32±0.22  → FITNESS=0.1156
URDF saved to temp_urdf\being_9552.urdf
Connecting to PyBullet, GUI: False
CreatureEnv Inicijalizacija: 12 motora. OBS_dim=40, frame_skip=1
[Fitness run Gen18Creature12] reward=110.65±326.89  dist=0.16±0.11  upright=0.56±0.24  → FITNESS=0.2006
URDF saved to temp_urdf\being_9552.urdf
Connecting to PyBullet, GUI: False
CreatureEnv Inicijalizacija: 12 motora. OBS_dim=40, frame_skip=1
[Fitness run Gen18Creature13] reward=1.67±0.15  dist=0.16±0.05  upright=0.24±0.15  → FITNESS=0.0949
URDF saved to temp_urdf\being_9552.urdf
Connecting to PyBullet, GUI: False
CreatureEnv Inicijalizacija: 12 motora. OBS_dim=40, frame_skip=1
[Fitness run Gen18Creature15] reward=1.72±0.11  dist=0.00±0.00  upright=0.10±0.30  → FITNESS=0.0483
URDF saved to temp_urdf\being_9552.urdf
Connecting to PyBullet, GUI: False
CreatureEnv Inicijalizacija: 12 motora. OBS_dim=40, frame_skip=1
[Fitness run Gen18Creature16] reward=1.72±0.03  dist=0.11±0.05  upright=0.91±0.27  → FITNESS=0.2939
URDF saved to temp_urdf\being_9552.urdf
Connecting to PyBullet, GUI: False
CreatureEnv Inicijalizacija: 12 motora. OBS_dim=40, frame_skip=1
[Fitness run Gen18Creature17] reward=973.59±324.03  dist=0.00±0.00  upright=0.90±0.30  → FITNESS=0.3767
URDF saved to temp_urdf\being_9552.urdf
Connecting to PyBullet, GUI: False
CreatureEnv Inicijalizacija: 12 motora. OBS_dim=40, frame_skip=1
[Fitness run Gen18Creature18] reward=1.63±0.09  dist=0.00±0.00  upright=0.44±0.11  → FITNESS=0.1490
URDF saved to temp_urdf\being_9552.urdf
Connecting to PyBullet, GUI: False
CreatureEnv Inicijalizacija: 12 motora. OBS_dim=40, frame_skip=1
[Fitness run Gen18Creature20] reward=1046.04±5.24  dist=0.16±0.05  upright=1.00±0.00  → FITNESS=0.4172
URDF saved to temp_urdf\being_9552.urdf
Connecting to PyBullet, GUI: False
CreatureEnv Inicijalizacija: 12 motora. OBS_dim=40, frame_skip=1
[Fitness run Gen18Creature23] reward=1.50±0.27  dist=0.00±0.01  upright=0.33±0.13  → FITNESS=0.1171
URDF saved to temp_urdf\being_9552.urdf
Connecting to PyBullet, GUI: False
CreatureEnv Inicijalizacija: 12 motora. OBS_dim=40, frame_skip=1
[Fitness run Gen18Creature24] reward=1.51±0.03  dist=0.00±0.00  upright=0.03±0.08  → FITNESS=0.0261
URDF saved to temp_urdf\being_9552.urdf
Connecting to PyBullet, GUI: False
CreatureEnv Inicijalizacija: 12 motora. OBS_dim=40, frame_skip=1
[Fitness run Gen18Creature26] reward=1.78±0.00  dist=0.00±0.00  upright=0.13±0.02  → FITNESS=0.0580
URDF saved to temp_urdf\being_9552.urdf
Connecting to PyBullet, GUI: False
CreatureEnv Inicijalizacija: 12 motora. OBS_dim=40, frame_skip=1
[Fitness run Gen18Creature27] reward=1.51±0.16  dist=0.11±0.05  upright=0.45±0.12  → FITNESS=0.1546
URDF saved to temp_urdf\being_9552.urdf
Connecting to PyBullet, GUI: False
CreatureEnv Inicijalizacija: 12 motora. OBS_dim=40, frame_skip=1
[Fitness run Gen18Creature28] reward=1.44±0.00  dist=0.09±0.03  upright=0.16±0.01  → FITNESS=0.0699
URDF saved to temp_urdf\being_9552.urdf
Connecting to PyBullet, GUI: False
CreatureEnv Inicijalizacija: 12 motora. OBS_dim=40, frame_skip=1
[Fitness run Gen18Creature29] reward=1.43±0.01  dist=0.07±0.04  upright=0.43±0.08  → FITNESS=0.1489

==================================================
Generacija 18/20  |  Best = 0.4193  |  Mean = 0.2373  |  Std = 0.1450
==================================================
URDF saved to temp_urdf\being_9552.urdf
Connecting to PyBullet, GUI: False
CreatureEnv Inicijalizacija: 12 motora. OBS_dim=40, frame_skip=1
[Fitness run Gen18Creature2] reward=1052.74±0.08  dist=0.00±0.00  upright=1.00±0.00  → FITNESS=0.4139
URDF saved to temp_urdf\being_9552.urdf
Connecting to PyBullet, GUI: False
CreatureEnv Inicijalizacija: 12 motora. OBS_dim=40, frame_skip=1
[Fitness run Gen18Creature3] reward=112.09±330.26  dist=0.00±0.00  upright=0.10±0.30  → FITNESS=0.0584
URDF saved to temp_urdf\being_9552.urdf
Connecting to PyBullet, GUI: False
CreatureEnv Inicijalizacija: 12 motora. OBS_dim=40, frame_skip=1
[Fitness run Gen18Creature4] reward=945.63±314.69  dist=0.03±0.04  upright=0.90±0.29  → FITNESS=0.3758
URDF saved to temp_urdf\being_9552.urdf
Connecting to PyBullet, GUI: False
CreatureEnv Inicijalizacija: 12 motora. OBS_dim=40, frame_skip=1
[Fitness run Gen18Creature5] reward=970.09±322.39  dist=0.00±0.00  upright=0.95±0.16  → FITNESS=0.3900
URDF saved to temp_urdf\being_9552.urdf
Connecting to PyBullet, GUI: False
CreatureEnv Inicijalizacija: 12 motora. OBS_dim=40, frame_skip=1
[Fitness run Gen18Creature7] reward=960.86±319.58  dist=0.07±0.05  upright=1.00±0.00  → FITNESS=0.4074
URDF saved to temp_urdf\being_9552.urdf
Connecting to PyBullet, GUI: False
CreatureEnv Inicijalizacija: 12 motora. OBS_dim=40, frame_skip=1
[Fitness run Gen18Creature8] reward=1.32±0.12  dist=0.06±0.02  upright=0.51±0.03  → FITNESS=0.1736
URDF saved to temp_urdf\being_9552.urdf
Connecting to PyBullet, GUI: False
CreatureEnv Inicijalizacija: 12 motora. OBS_dim=40, frame_skip=1
[Fitness run Gen18Creature9] reward=1.67±0.00  dist=0.01±0.01  upright=0.00±0.00  → FITNESS=0.0187
URDF saved to temp_urdf\being_9552.urdf
Connecting to PyBullet, GUI: False
CreatureEnv Inicijalizacija: 12 motora. OBS_dim=40, frame_skip=1
[Fitness run Gen18Creature10] reward=207.76±413.22  dist=0.17±0.15  upright=0.46±0.28  → FITNESS=0.1797
URDF saved to temp_urdf\being_9552.urdf
Connecting to PyBullet, GUI: False
CreatureEnv Inicijalizacija: 12 motora. OBS_dim=40, frame_skip=1
[Fitness run Gen18Creature11] reward=1.73±0.14  dist=0.10±0.05  upright=0.32±0.22  → FITNESS=0.1156
URDF saved to temp_urdf\being_9552.urdf
Connecting to PyBullet, GUI: False
CreatureEnv Inicijalizacija: 12 motora. OBS_dim=40, frame_skip=1
[Fitness run Gen18Creature12] reward=110.65±326.89  dist=0.16±0.11  upright=0.56±0.24  → FITNESS=0.2006
URDF saved to temp_urdf\being_9552.urdf
Connecting to PyBullet, GUI: False
CreatureEnv Inicijalizacija: 12 motora. OBS_dim=40, frame_skip=1
[Fitness run Gen18Creature13] reward=1.67±0.15  dist=0.16±0.05  upright=0.24±0.15  → FITNESS=0.0949
URDF saved to temp_urdf\being_9552.urdf
Connecting to PyBullet, GUI: False
CreatureEnv Inicijalizacija: 12 motora. OBS_dim=40, frame_skip=1
[Fitness run Gen18Creature15] reward=1.72±0.11  dist=0.00±0.00  upright=0.10±0.30  → FITNESS=0.0483
URDF saved to temp_urdf\being_9552.urdf
Connecting to PyBullet, GUI: False
CreatureEnv Inicijalizacija: 12 motora. OBS_dim=40, frame_skip=1
[Fitness run Gen18Creature16] reward=1.72±0.03  dist=0.11±0.05  upright=0.91±0.27  → FITNESS=0.2939
URDF saved to temp_urdf\being_9552.urdf
Connecting to PyBullet, GUI: False
CreatureEnv Inicijalizacija: 12 motora. OBS_dim=40, frame_skip=1
[Fitness run Gen18Creature17] reward=973.59±324.03  dist=0.00±0.00  upright=0.90±0.30  → FITNESS=0.3767
URDF saved to temp_urdf\being_9552.urdf
Connecting to PyBullet, GUI: False
CreatureEnv Inicijalizacija: 12 motora. OBS_dim=40, frame_skip=1
[Fitness run Gen18Creature18] reward=1.63±0.09  dist=0.00±0.00  upright=0.44±0.11  → FITNESS=0.1490
URDF saved to temp_urdf\being_9552.urdf
Connecting to PyBullet, GUI: False
CreatureEnv Inicijalizacija: 12 motora. OBS_dim=40, frame_skip=1
[Fitness run Gen18Creature20] reward=1046.04±5.24  dist=0.16±0.05  upright=1.00±0.00  → FITNESS=0.4172
URDF saved to temp_urdf\being_9552.urdf
Connecting to PyBullet, GUI: False
CreatureEnv Inicijalizacija: 12 motora. OBS_dim=40, frame_skip=1
[Fitness run Gen18Creature23] reward=1.50±0.27  dist=0.00±0.01  upright=0.33±0.13  → FITNESS=0.1171
URDF saved to temp_urdf\being_9552.urdf
Connecting to PyBullet, GUI: False
CreatureEnv Inicijalizacija: 12 motora. OBS_dim=40, frame_skip=1
[Fitness run Gen18Creature24] reward=1.51±0.03  dist=0.00±0.00  upright=0.03±0.08  → FITNESS=0.0261
URDF saved to temp_urdf\being_9552.urdf
Connecting to PyBullet, GUI: False
CreatureEnv Inicijalizacija: 12 motora. OBS_dim=40, frame_skip=1
[Fitness run Gen18Creature26] reward=1.78±0.00  dist=0.00±0.00  upright=0.13±0.02  → FITNESS=0.0580
URDF saved to temp_urdf\being_9552.urdf
Connecting to PyBullet, GUI: False
CreatureEnv Inicijalizacija: 12 motora. OBS_dim=40, frame_skip=1
[Fitness run Gen18Creature27] reward=1.51±0.16  dist=0.11±0.05  upright=0.45±0.12  → FITNESS=0.1546
URDF saved to temp_urdf\being_9552.urdf
Connecting to PyBullet, GUI: False
CreatureEnv Inicijalizacija: 12 motora. OBS_dim=40, frame_skip=1
[Fitness run Gen18Creature28] reward=1.44±0.00  dist=0.09±0.03  upright=0.16±0.01  → FITNESS=0.0699
URDF saved to temp_urdf\being_9552.urdf
Connecting to PyBullet, GUI: False
CreatureEnv Inicijalizacija: 12 motora. OBS_dim=40, frame_skip=1
[Fitness run Gen18Creature29] reward=1.43±0.01  dist=0.07±0.04  upright=0.43±0.08  → FITNESS=0.1489
Genome saved to results\distanceBased500Steps5DifferentSeeds\run_3\run_3_best_creature.json
[plot] Summary saved → results\distanceBased500Steps5DifferentSeeds\run_3\run_3_summary.png
URDF saved to temp_urdf\being_9552.urdf
Connecting to PyBullet, GUI: False
CreatureEnv Inicijalizacija: 12 motora. OBS_dim=40, frame_skip=1
[Fitness run Gen19Creature2] reward=1052.74±0.08  dist=0.00±0.00  upright=1.00±0.00  → FITNESS=0.4139
URDF saved to temp_urdf\being_9552.urdf
Connecting to PyBullet, GUI: False
CreatureEnv Inicijalizacija: 12 motora. OBS_dim=40, frame_skip=1
[Fitness run Gen19Creature3] reward=112.09±330.26  dist=0.00±0.00  upright=0.10±0.30  → FITNESS=0.0584
URDF saved to temp_urdf\being_9552.urdf
Connecting to PyBullet, GUI: False
CreatureEnv Inicijalizacija: 12 motora. OBS_dim=40, frame_skip=1
[Fitness run Gen19Creature4] reward=945.63±314.69  dist=0.03±0.04  upright=0.90±0.29  → FITNESS=0.3758
URDF saved to temp_urdf\being_9552.urdf
Connecting to PyBullet, GUI: False
CreatureEnv Inicijalizacija: 12 motora. OBS_dim=40, frame_skip=1
[Fitness run Gen19Creature5] reward=970.09±322.39  dist=0.00±0.00  upright=0.95±0.16  → FITNESS=0.3900
URDF saved to temp_urdf\being_9552.urdf
Connecting to PyBullet, GUI: False
CreatureEnv Inicijalizacija: 12 motora. OBS_dim=40, frame_skip=1
[Fitness run Gen19Creature7] reward=960.86±319.58  dist=0.07±0.05  upright=1.00±0.00  → FITNESS=0.4074
URDF saved to temp_urdf\being_9552.urdf
Connecting to PyBullet, GUI: False
CreatureEnv Inicijalizacija: 12 motora. OBS_dim=40, frame_skip=1
[Fitness run Gen19Creature8] reward=1.32±0.12  dist=0.06±0.02  upright=0.51±0.03  → FITNESS=0.1736
URDF saved to temp_urdf\being_9552.urdf
Connecting to PyBullet, GUI: False
CreatureEnv Inicijalizacija: 12 motora. OBS_dim=40, frame_skip=1
[Fitness run Gen19Creature9] reward=1.67±0.00  dist=0.01±0.01  upright=0.00±0.00  → FITNESS=0.0187
URDF saved to temp_urdf\being_9552.urdf
Connecting to PyBullet, GUI: False
CreatureEnv Inicijalizacija: 12 motora. OBS_dim=40, frame_skip=1
[Fitness run Gen19Creature10] reward=207.76±413.22  dist=0.17±0.15  upright=0.46±0.28  → FITNESS=0.1797
URDF saved to temp_urdf\being_9552.urdf
Connecting to PyBullet, GUI: False
CreatureEnv Inicijalizacija: 12 motora. OBS_dim=40, frame_skip=1
[Fitness run Gen19Creature11] reward=1.73±0.14  dist=0.10±0.05  upright=0.32±0.22  → FITNESS=0.1156
URDF saved to temp_urdf\being_9552.urdf
Connecting to PyBullet, GUI: False
CreatureEnv Inicijalizacija: 12 motora. OBS_dim=40, frame_skip=1
[Fitness run Gen19Creature12] reward=110.65±326.89  dist=0.16±0.11  upright=0.56±0.24  → FITNESS=0.2006
URDF saved to temp_urdf\being_9552.urdf
Connecting to PyBullet, GUI: False
CreatureEnv Inicijalizacija: 12 motora. OBS_dim=40, frame_skip=1
[Fitness run Gen19Creature13] reward=1.67±0.15  dist=0.16±0.05  upright=0.24±0.15  → FITNESS=0.0949
URDF saved to temp_urdf\being_9552.urdf
Connecting to PyBullet, GUI: False
CreatureEnv Inicijalizacija: 12 motora. OBS_dim=40, frame_skip=1
[Fitness run Gen19Creature15] reward=1.72±0.11  dist=0.00±0.00  upright=0.10±0.30  → FITNESS=0.0483
URDF saved to temp_urdf\being_9552.urdf
Connecting to PyBullet, GUI: False
CreatureEnv Inicijalizacija: 12 motora. OBS_dim=40, frame_skip=1
[Fitness run Gen19Creature16] reward=1.72±0.03  dist=0.11±0.05  upright=0.91±0.27  → FITNESS=0.2939
URDF saved to temp_urdf\being_9552.urdf
Connecting to PyBullet, GUI: False
CreatureEnv Inicijalizacija: 12 motora. OBS_dim=40, frame_skip=1
[Fitness run Gen19Creature17] reward=973.59±324.03  dist=0.00±0.00  upright=0.90±0.30  → FITNESS=0.3767
URDF saved to temp_urdf\being_9552.urdf
Connecting to PyBullet, GUI: False
CreatureEnv Inicijalizacija: 12 motora. OBS_dim=40, frame_skip=1
[Fitness run Gen19Creature18] reward=1.63±0.09  dist=0.00±0.00  upright=0.44±0.11  → FITNESS=0.1490
URDF saved to temp_urdf\being_9552.urdf
Connecting to PyBullet, GUI: False
CreatureEnv Inicijalizacija: 12 motora. OBS_dim=40, frame_skip=1
[Fitness run Gen19Creature20] reward=1046.04±5.24  dist=0.16±0.05  upright=1.00±0.00  → FITNESS=0.4172
URDF saved to temp_urdf\being_9552.urdf
Connecting to PyBullet, GUI: False
CreatureEnv Inicijalizacija: 12 motora. OBS_dim=40, frame_skip=1
[Fitness run Gen19Creature23] reward=1.50±0.27  dist=0.00±0.01  upright=0.33±0.13  → FITNESS=0.1171
URDF saved to temp_urdf\being_9552.urdf
Connecting to PyBullet, GUI: False
CreatureEnv Inicijalizacija: 12 motora. OBS_dim=40, frame_skip=1
[Fitness run Gen19Creature24] reward=1.51±0.03  dist=0.00±0.00  upright=0.03±0.08  → FITNESS=0.0261
URDF saved to temp_urdf\being_9552.urdf
Connecting to PyBullet, GUI: False
CreatureEnv Inicijalizacija: 12 motora. OBS_dim=40, frame_skip=1
[Fitness run Gen19Creature26] reward=1.78±0.00  dist=0.00±0.00  upright=0.13±0.02  → FITNESS=0.0580
URDF saved to temp_urdf\being_9552.urdf
Connecting to PyBullet, GUI: False
CreatureEnv Inicijalizacija: 12 motora. OBS_dim=40, frame_skip=1
[Fitness run Gen19Creature27] reward=1.51±0.16  dist=0.11±0.05  upright=0.45±0.12  → FITNESS=0.1546
URDF saved to temp_urdf\being_9552.urdf
Connecting to PyBullet, GUI: False
CreatureEnv Inicijalizacija: 12 motora. OBS_dim=40, frame_skip=1
[Fitness run Gen19Creature28] reward=1.44±0.00  dist=0.09±0.03  upright=0.16±0.01  → FITNESS=0.0699
URDF saved to temp_urdf\being_9552.urdf
Connecting to PyBullet, GUI: False
CreatureEnv Inicijalizacija: 12 motora. OBS_dim=40, frame_skip=1
[Fitness run Gen19Creature29] reward=1.43±0.01  dist=0.07±0.04  upright=0.43±0.08  → FITNESS=0.1489

==================================================
Generacija 19/20  |  Best = 0.4193  |  Mean = 0.2373  |  Std = 0.1450
==================================================
URDF saved to temp_urdf\being_9552.urdf
Connecting to PyBullet, GUI: False
CreatureEnv Inicijalizacija: 12 motora. OBS_dim=40, frame_skip=1
[Fitness run Gen19Creature2] reward=1052.74±0.08  dist=0.00±0.00  upright=1.00±0.00  → FITNESS=0.4139
URDF saved to temp_urdf\being_9552.urdf
Connecting to PyBullet, GUI: False
CreatureEnv Inicijalizacija: 12 motora. OBS_dim=40, frame_skip=1
[Fitness run Gen19Creature3] reward=112.09±330.26  dist=0.00±0.00  upright=0.10±0.30  → FITNESS=0.0584
URDF saved to temp_urdf\being_9552.urdf
Connecting to PyBullet, GUI: False
CreatureEnv Inicijalizacija: 12 motora. OBS_dim=40, frame_skip=1
[Fitness run Gen19Creature4] reward=945.63±314.69  dist=0.03±0.04  upright=0.90±0.29  → FITNESS=0.3758
URDF saved to temp_urdf\being_9552.urdf
Connecting to PyBullet, GUI: False
CreatureEnv Inicijalizacija: 12 motora. OBS_dim=40, frame_skip=1
[Fitness run Gen19Creature5] reward=970.09±322.39  dist=0.00±0.00  upright=0.95±0.16  → FITNESS=0.3900
URDF saved to temp_urdf\being_9552.urdf
Connecting to PyBullet, GUI: False
CreatureEnv Inicijalizacija: 12 motora. OBS_dim=40, frame_skip=1
[Fitness run Gen19Creature7] reward=960.86±319.58  dist=0.07±0.05  upright=1.00±0.00  → FITNESS=0.4074
URDF saved to temp_urdf\being_9552.urdf
Connecting to PyBullet, GUI: False
CreatureEnv Inicijalizacija: 12 motora. OBS_dim=40, frame_skip=1
[Fitness run Gen19Creature8] reward=1.32±0.12  dist=0.06±0.02  upright=0.51±0.03  → FITNESS=0.1736
URDF saved to temp_urdf\being_9552.urdf
Connecting to PyBullet, GUI: False
CreatureEnv Inicijalizacija: 12 motora. OBS_dim=40, frame_skip=1
[Fitness run Gen19Creature9] reward=1.67±0.00  dist=0.01±0.01  upright=0.00±0.00  → FITNESS=0.0187
URDF saved to temp_urdf\being_9552.urdf
Connecting to PyBullet, GUI: False
CreatureEnv Inicijalizacija: 12 motora. OBS_dim=40, frame_skip=1
[Fitness run Gen19Creature10] reward=207.76±413.22  dist=0.17±0.15  upright=0.46±0.28  → FITNESS=0.1797
URDF saved to temp_urdf\being_9552.urdf
Connecting to PyBullet, GUI: False
CreatureEnv Inicijalizacija: 12 motora. OBS_dim=40, frame_skip=1
[Fitness run Gen19Creature11] reward=1.73±0.14  dist=0.10±0.05  upright=0.32±0.22  → FITNESS=0.1156
URDF saved to temp_urdf\being_9552.urdf
Connecting to PyBullet, GUI: False
CreatureEnv Inicijalizacija: 12 motora. OBS_dim=40, frame_skip=1
[Fitness run Gen19Creature12] reward=110.65±326.89  dist=0.16±0.11  upright=0.56±0.24  → FITNESS=0.2006
URDF saved to temp_urdf\being_9552.urdf
Connecting to PyBullet, GUI: False
CreatureEnv Inicijalizacija: 12 motora. OBS_dim=40, frame_skip=1
[Fitness run Gen19Creature13] reward=1.67±0.15  dist=0.16±0.05  upright=0.24±0.15  → FITNESS=0.0949
URDF saved to temp_urdf\being_9552.urdf
Connecting to PyBullet, GUI: False
CreatureEnv Inicijalizacija: 12 motora. OBS_dim=40, frame_skip=1
[Fitness run Gen19Creature15] reward=1.72±0.11  dist=0.00±0.00  upright=0.10±0.30  → FITNESS=0.0483
URDF saved to temp_urdf\being_9552.urdf
Connecting to PyBullet, GUI: False
CreatureEnv Inicijalizacija: 12 motora. OBS_dim=40, frame_skip=1
[Fitness run Gen19Creature16] reward=1.72±0.03  dist=0.11±0.05  upright=0.91±0.27  → FITNESS=0.2939
URDF saved to temp_urdf\being_9552.urdf
Connecting to PyBullet, GUI: False
CreatureEnv Inicijalizacija: 12 motora. OBS_dim=40, frame_skip=1
[Fitness run Gen19Creature17] reward=973.59±324.03  dist=0.00±0.00  upright=0.90±0.30  → FITNESS=0.3767
URDF saved to temp_urdf\being_9552.urdf
Connecting to PyBullet, GUI: False
CreatureEnv Inicijalizacija: 12 motora. OBS_dim=40, frame_skip=1
[Fitness run Gen19Creature18] reward=1.63±0.09  dist=0.00±0.00  upright=0.44±0.11  → FITNESS=0.1490
URDF saved to temp_urdf\being_9552.urdf
Connecting to PyBullet, GUI: False
CreatureEnv Inicijalizacija: 12 motora. OBS_dim=40, frame_skip=1
[Fitness run Gen19Creature20] reward=1046.04±5.24  dist=0.16±0.05  upright=1.00±0.00  → FITNESS=0.4172
URDF saved to temp_urdf\being_9552.urdf
Connecting to PyBullet, GUI: False
CreatureEnv Inicijalizacija: 12 motora. OBS_dim=40, frame_skip=1
[Fitness run Gen19Creature23] reward=1.50±0.27  dist=0.00±0.01  upright=0.33±0.13  → FITNESS=0.1171
URDF saved to temp_urdf\being_9552.urdf
Connecting to PyBullet, GUI: False
CreatureEnv Inicijalizacija: 12 motora. OBS_dim=40, frame_skip=1
[Fitness run Gen19Creature24] reward=1.51±0.03  dist=0.00±0.00  upright=0.03±0.08  → FITNESS=0.0261
URDF saved to temp_urdf\being_9552.urdf
Connecting to PyBullet, GUI: False
CreatureEnv Inicijalizacija: 12 motora. OBS_dim=40, frame_skip=1
[Fitness run Gen19Creature26] reward=1.78±0.00  dist=0.00±0.00  upright=0.13±0.02  → FITNESS=0.0580
URDF saved to temp_urdf\being_9552.urdf
Connecting to PyBullet, GUI: False
CreatureEnv Inicijalizacija: 12 motora. OBS_dim=40, frame_skip=1
[Fitness run Gen19Creature27] reward=1.51±0.16  dist=0.11±0.05  upright=0.45±0.12  → FITNESS=0.1546
URDF saved to temp_urdf\being_9552.urdf
Connecting to PyBullet, GUI: False
CreatureEnv Inicijalizacija: 12 motora. OBS_dim=40, frame_skip=1
[Fitness run Gen19Creature28] reward=1.44±0.00  dist=0.09±0.03  upright=0.16±0.01  → FITNESS=0.0699
URDF saved to temp_urdf\being_9552.urdf
Connecting to PyBullet, GUI: False
CreatureEnv Inicijalizacija: 12 motora. OBS_dim=40, frame_skip=1
[Fitness run Gen19Creature29] reward=1.43±0.01  dist=0.07±0.04  upright=0.43±0.08  → FITNESS=0.1489
Genome saved to results\distanceBased500Steps5DifferentSeeds\run_3\run_3_best_creature.json
[plot] Summary saved → results\distanceBased500Steps5DifferentSeeds\run_3\run_3_summary.png
URDF saved to temp_urdf\being_9552.urdf
Connecting to PyBullet, GUI: False
CreatureEnv Inicijalizacija: 12 motora. OBS_dim=40, frame_skip=1
[Fitness run Gen20Creature2] reward=1052.74±0.08  dist=0.00±0.00  upright=1.00±0.00  → FITNESS=0.4139
URDF saved to temp_urdf\being_9552.urdf
Connecting to PyBullet, GUI: False
CreatureEnv Inicijalizacija: 12 motora. OBS_dim=40, frame_skip=1
[Fitness run Gen20Creature3] reward=112.09±330.26  dist=0.00±0.00  upright=0.10±0.30  → FITNESS=0.0584
URDF saved to temp_urdf\being_9552.urdf
Connecting to PyBullet, GUI: False
CreatureEnv Inicijalizacija: 12 motora. OBS_dim=40, frame_skip=1
[Fitness run Gen20Creature4] reward=945.63±314.69  dist=0.03±0.04  upright=0.90±0.29  → FITNESS=0.3758
URDF saved to temp_urdf\being_9552.urdf
Connecting to PyBullet, GUI: False
CreatureEnv Inicijalizacija: 12 motora. OBS_dim=40, frame_skip=1
[Fitness run Gen20Creature5] reward=970.09±322.39  dist=0.00±0.00  upright=0.95±0.16  → FITNESS=0.3900
URDF saved to temp_urdf\being_9552.urdf
Connecting to PyBullet, GUI: False
CreatureEnv Inicijalizacija: 12 motora. OBS_dim=40, frame_skip=1
[Fitness run Gen20Creature7] reward=960.86±319.58  dist=0.07±0.05  upright=1.00±0.00  → FITNESS=0.4074
URDF saved to temp_urdf\being_9552.urdf
Connecting to PyBullet, GUI: False
CreatureEnv Inicijalizacija: 12 motora. OBS_dim=40, frame_skip=1
[Fitness run Gen20Creature8] reward=1.32±0.12  dist=0.06±0.02  upright=0.51±0.03  → FITNESS=0.1736
URDF saved to temp_urdf\being_9552.urdf
Connecting to PyBullet, GUI: False
CreatureEnv Inicijalizacija: 12 motora. OBS_dim=40, frame_skip=1
[Fitness run Gen20Creature9] reward=1.67±0.00  dist=0.01±0.01  upright=0.00±0.00  → FITNESS=0.0187
URDF saved to temp_urdf\being_9552.urdf
Connecting to PyBullet, GUI: False
CreatureEnv Inicijalizacija: 12 motora. OBS_dim=40, frame_skip=1
[Fitness run Gen20Creature10] reward=207.76±413.22  dist=0.17±0.15  upright=0.46±0.28  → FITNESS=0.1797
URDF saved to temp_urdf\being_9552.urdf
Connecting to PyBullet, GUI: False
CreatureEnv Inicijalizacija: 12 motora. OBS_dim=40, frame_skip=1
[Fitness run Gen20Creature11] reward=1.73±0.14  dist=0.10±0.05  upright=0.32±0.22  → FITNESS=0.1156
URDF saved to temp_urdf\being_9552.urdf
Connecting to PyBullet, GUI: False
CreatureEnv Inicijalizacija: 12 motora. OBS_dim=40, frame_skip=1
[Fitness run Gen20Creature12] reward=110.65±326.89  dist=0.16±0.11  upright=0.56±0.24  → FITNESS=0.2006
URDF saved to temp_urdf\being_9552.urdf
Connecting to PyBullet, GUI: False
CreatureEnv Inicijalizacija: 12 motora. OBS_dim=40, frame_skip=1
[Fitness run Gen20Creature13] reward=1.67±0.15  dist=0.16±0.05  upright=0.24±0.15  → FITNESS=0.0949
URDF saved to temp_urdf\being_9552.urdf
Connecting to PyBullet, GUI: False
CreatureEnv Inicijalizacija: 12 motora. OBS_dim=40, frame_skip=1
[Fitness run Gen20Creature15] reward=1.72±0.11  dist=0.00±0.00  upright=0.10±0.30  → FITNESS=0.0483
URDF saved to temp_urdf\being_9552.urdf
Connecting to PyBullet, GUI: False
CreatureEnv Inicijalizacija: 12 motora. OBS_dim=40, frame_skip=1
[Fitness run Gen20Creature16] reward=1.72±0.03  dist=0.11±0.05  upright=0.91±0.27  → FITNESS=0.2939
URDF saved to temp_urdf\being_9552.urdf
Connecting to PyBullet, GUI: False
CreatureEnv Inicijalizacija: 12 motora. OBS_dim=40, frame_skip=1
[Fitness run Gen20Creature17] reward=973.59±324.03  dist=0.00±0.00  upright=0.90±0.30  → FITNESS=0.3767
URDF saved to temp_urdf\being_9552.urdf
Connecting to PyBullet, GUI: False
CreatureEnv Inicijalizacija: 12 motora. OBS_dim=40, frame_skip=1
[Fitness run Gen20Creature18] reward=1.63±0.09  dist=0.00±0.00  upright=0.44±0.11  → FITNESS=0.1490
URDF saved to temp_urdf\being_9552.urdf
Connecting to PyBullet, GUI: False
CreatureEnv Inicijalizacija: 12 motora. OBS_dim=40, frame_skip=1
[Fitness run Gen20Creature20] reward=1046.04±5.24  dist=0.16±0.05  upright=1.00±0.00  → FITNESS=0.4172
URDF saved to temp_urdf\being_9552.urdf
Connecting to PyBullet, GUI: False
CreatureEnv Inicijalizacija: 12 motora. OBS_dim=40, frame_skip=1
[Fitness run Gen20Creature23] reward=1.50±0.27  dist=0.00±0.01  upright=0.33±0.13  → FITNESS=0.1171
URDF saved to temp_urdf\being_9552.urdf
Connecting to PyBullet, GUI: False
CreatureEnv Inicijalizacija: 12 motora. OBS_dim=40, frame_skip=1
[Fitness run Gen20Creature24] reward=1.51±0.03  dist=0.00±0.00  upright=0.03±0.08  → FITNESS=0.0261
URDF saved to temp_urdf\being_9552.urdf
Connecting to PyBullet, GUI: False
CreatureEnv Inicijalizacija: 12 motora. OBS_dim=40, frame_skip=1
[Fitness run Gen20Creature26] reward=1.78±0.00  dist=0.00±0.00  upright=0.13±0.02  → FITNESS=0.0580
URDF saved to temp_urdf\being_9552.urdf
Connecting to PyBullet, GUI: False
CreatureEnv Inicijalizacija: 12 motora. OBS_dim=40, frame_skip=1
[Fitness run Gen20Creature27] reward=1.51±0.16  dist=0.11±0.05  upright=0.45±0.12  → FITNESS=0.1546
URDF saved to temp_urdf\being_9552.urdf
Connecting to PyBullet, GUI: False
CreatureEnv Inicijalizacija: 12 motora. OBS_dim=40, frame_skip=1
[Fitness run Gen20Creature28] reward=1.44±0.00  dist=0.09±0.03  upright=0.16±0.01  → FITNESS=0.0699
URDF saved to temp_urdf\being_9552.urdf
Connecting to PyBullet, GUI: False
CreatureEnv Inicijalizacija: 12 motora. OBS_dim=40, frame_skip=1
[Fitness run Gen20Creature29] reward=1.43±0.01  dist=0.07±0.04  upright=0.43±0.08  → FITNESS=0.1489

==================================================
Generacija 20/20  |  Best = 0.4193  |  Mean = 0.2373  |  Std = 0.1450
==================================================
URDF saved to temp_urdf\being_9552.urdf
Connecting to PyBullet, GUI: False
CreatureEnv Inicijalizacija: 12 motora. OBS_dim=40, frame_skip=1
[Fitness run Gen20Creature2] reward=1052.74±0.08  dist=0.00±0.00  upright=1.00±0.00  → FITNESS=0.4139
URDF saved to temp_urdf\being_9552.urdf
Connecting to PyBullet, GUI: False
CreatureEnv Inicijalizacija: 12 motora. OBS_dim=40, frame_skip=1
[Fitness run Gen20Creature3] reward=112.09±330.26  dist=0.00±0.00  upright=0.10±0.30  → FITNESS=0.0584
URDF saved to temp_urdf\being_9552.urdf
Connecting to PyBullet, GUI: False
CreatureEnv Inicijalizacija: 12 motora. OBS_dim=40, frame_skip=1
[Fitness run Gen20Creature4] reward=945.63±314.69  dist=0.03±0.04  upright=0.90±0.29  → FITNESS=0.3758
URDF saved to temp_urdf\being_9552.urdf
Connecting to PyBullet, GUI: False
CreatureEnv Inicijalizacija: 12 motora. OBS_dim=40, frame_skip=1
[Fitness run Gen20Creature5] reward=970.09±322.39  dist=0.00±0.00  upright=0.95±0.16  → FITNESS=0.3900
URDF saved to temp_urdf\being_9552.urdf
Connecting to PyBullet, GUI: False
CreatureEnv Inicijalizacija: 12 motora. OBS_dim=40, frame_skip=1
[Fitness run Gen20Creature7] reward=960.86±319.58  dist=0.07±0.05  upright=1.00±0.00  → FITNESS=0.4074
URDF saved to temp_urdf\being_9552.urdf
Connecting to PyBullet, GUI: False
CreatureEnv Inicijalizacija: 12 motora. OBS_dim=40, frame_skip=1
[Fitness run Gen20Creature8] reward=1.32±0.12  dist=0.06±0.02  upright=0.51±0.03  → FITNESS=0.1736
URDF saved to temp_urdf\being_9552.urdf
Connecting to PyBullet, GUI: False
CreatureEnv Inicijalizacija: 12 motora. OBS_dim=40, frame_skip=1
[Fitness run Gen20Creature9] reward=1.67±0.00  dist=0.01±0.01  upright=0.00±0.00  → FITNESS=0.0187
URDF saved to temp_urdf\being_9552.urdf
Connecting to PyBullet, GUI: False
CreatureEnv Inicijalizacija: 12 motora. OBS_dim=40, frame_skip=1
[Fitness run Gen20Creature10] reward=207.76±413.22  dist=0.17±0.15  upright=0.46±0.28  → FITNESS=0.1797
URDF saved to temp_urdf\being_9552.urdf
Connecting to PyBullet, GUI: False
CreatureEnv Inicijalizacija: 12 motora. OBS_dim=40, frame_skip=1
[Fitness run Gen20Creature11] reward=1.73±0.14  dist=0.10±0.05  upright=0.32±0.22  → FITNESS=0.1156
URDF saved to temp_urdf\being_9552.urdf
Connecting to PyBullet, GUI: False
CreatureEnv Inicijalizacija: 12 motora. OBS_dim=40, frame_skip=1
[Fitness run Gen20Creature12] reward=110.65±326.89  dist=0.16±0.11  upright=0.56±0.24  → FITNESS=0.2006
URDF saved to temp_urdf\being_9552.urdf
Connecting to PyBullet, GUI: False
CreatureEnv Inicijalizacija: 12 motora. OBS_dim=40, frame_skip=1
[Fitness run Gen20Creature13] reward=1.67±0.15  dist=0.16±0.05  upright=0.24±0.15  → FITNESS=0.0949
URDF saved to temp_urdf\being_9552.urdf
Connecting to PyBullet, GUI: False
CreatureEnv Inicijalizacija: 12 motora. OBS_dim=40, frame_skip=1
[Fitness run Gen20Creature15] reward=1.72±0.11  dist=0.00±0.00  upright=0.10±0.30  → FITNESS=0.0483
URDF saved to temp_urdf\being_9552.urdf
Connecting to PyBullet, GUI: False
CreatureEnv Inicijalizacija: 12 motora. OBS_dim=40, frame_skip=1
[Fitness run Gen20Creature16] reward=1.72±0.03  dist=0.11±0.05  upright=0.91±0.27  → FITNESS=0.2939
URDF saved to temp_urdf\being_9552.urdf
Connecting to PyBullet, GUI: False
CreatureEnv Inicijalizacija: 12 motora. OBS_dim=40, frame_skip=1
[Fitness run Gen20Creature17] reward=973.59±324.03  dist=0.00±0.00  upright=0.90±0.30  → FITNESS=0.3767
URDF saved to temp_urdf\being_9552.urdf
Connecting to PyBullet, GUI: False
CreatureEnv Inicijalizacija: 12 motora. OBS_dim=40, frame_skip=1
[Fitness run Gen20Creature18] reward=1.63±0.09  dist=0.00±0.00  upright=0.44±0.11  → FITNESS=0.1490
URDF saved to temp_urdf\being_9552.urdf
Connecting to PyBullet, GUI: False
CreatureEnv Inicijalizacija: 12 motora. OBS_dim=40, frame_skip=1
[Fitness run Gen20Creature20] reward=1046.04±5.24  dist=0.16±0.05  upright=1.00±0.00  → FITNESS=0.4172
URDF saved to temp_urdf\being_9552.urdf
Connecting to PyBullet, GUI: False
CreatureEnv Inicijalizacija: 12 motora. OBS_dim=40, frame_skip=1
[Fitness run Gen20Creature23] reward=1.50±0.27  dist=0.00±0.01  upright=0.33±0.13  → FITNESS=0.1171
URDF saved to temp_urdf\being_9552.urdf
Connecting to PyBullet, GUI: False
CreatureEnv Inicijalizacija: 12 motora. OBS_dim=40, frame_skip=1
[Fitness run Gen20Creature24] reward=1.51±0.03  dist=0.00±0.00  upright=0.03±0.08  → FITNESS=0.0261
URDF saved to temp_urdf\being_9552.urdf
Connecting to PyBullet, GUI: False
CreatureEnv Inicijalizacija: 12 motora. OBS_dim=40, frame_skip=1
[Fitness run Gen20Creature26] reward=1.78±0.00  dist=0.00±0.00  upright=0.13±0.02  → FITNESS=0.0580
URDF saved to temp_urdf\being_9552.urdf
Connecting to PyBullet, GUI: False
CreatureEnv Inicijalizacija: 12 motora. OBS_dim=40, frame_skip=1
[Fitness run Gen20Creature27] reward=1.51±0.16  dist=0.11±0.05  upright=0.45±0.12  → FITNESS=0.1546
URDF saved to temp_urdf\being_9552.urdf
Connecting to PyBullet, GUI: False
CreatureEnv Inicijalizacija: 12 motora. OBS_dim=40, frame_skip=1
[Fitness run Gen20Creature28] reward=1.44±0.00  dist=0.09±0.03  upright=0.16±0.01  → FITNESS=0.0699
URDF saved to temp_urdf\being_9552.urdf
Connecting to PyBullet, GUI: False
CreatureEnv Inicijalizacija: 12 motora. OBS_dim=40, frame_skip=1
[Fitness run Gen20Creature29] reward=1.43±0.01  dist=0.07±0.04  upright=0.43±0.08  → FITNESS=0.1489
Genome saved to results\distanceBased500Steps5DifferentSeeds\run_3\run_3_best_creature.json
[plot] Summary saved → results\distanceBased500Steps5DifferentSeeds\run_3\run_3_summary.png
[log] Experiment finalised → ./results\distanceBased500Steps5DifferentSeeds\run_3\run_3.json
URDF saved to temp_urdf\being_9552.urdf
Connecting to PyBullet, GUI: False
CreatureEnv Inicijalizacija: 12 motora. OBS_dim=40, frame_skip=1
[Fitness run Gen20Creature2] reward=1052.74±0.08  dist=0.00±0.00  upright=1.00±0.00  → FITNESS=0.4139
URDF saved to temp_urdf\being_9552.urdf
Connecting to PyBullet, GUI: False
CreatureEnv Inicijalizacija: 12 motora. OBS_dim=40, frame_skip=1
[Fitness run Gen20Creature3] reward=112.09±330.26  dist=0.00±0.00  upright=0.10±0.30  → FITNESS=0.0584
URDF saved to temp_urdf\being_9552.urdf
Connecting to PyBullet, GUI: False
CreatureEnv Inicijalizacija: 12 motora. OBS_dim=40, frame_skip=1
[Fitness run Gen20Creature4] reward=945.63±314.69  dist=0.03±0.04  upright=0.90±0.29  → FITNESS=0.3758
URDF saved to temp_urdf\being_9552.urdf
Connecting to PyBullet, GUI: False
CreatureEnv Inicijalizacija: 12 motora. OBS_dim=40, frame_skip=1
[Fitness run Gen20Creature5] reward=970.09±322.39  dist=0.00±0.00  upright=0.95±0.16  → FITNESS=0.3900
URDF saved to temp_urdf\being_9552.urdf
Connecting to PyBullet, GUI: False
CreatureEnv Inicijalizacija: 12 motora. OBS_dim=40, frame_skip=1
[Fitness run Gen20Creature7] reward=960.86±319.58  dist=0.07±0.05  upright=1.00±0.00  → FITNESS=0.4074
URDF saved to temp_urdf\being_9552.urdf
Connecting to PyBullet, GUI: False
CreatureEnv Inicijalizacija: 12 motora. OBS_dim=40, frame_skip=1
[Fitness run Gen20Creature8] reward=1.32±0.12  dist=0.06±0.02  upright=0.51±0.03  → FITNESS=0.1736
URDF saved to temp_urdf\being_9552.urdf
Connecting to PyBullet, GUI: False
CreatureEnv Inicijalizacija: 12 motora. OBS_dim=40, frame_skip=1
[Fitness run Gen20Creature9] reward=1.67±0.00  dist=0.01±0.01  upright=0.00±0.00  → FITNESS=0.0187
URDF saved to temp_urdf\being_9552.urdf
Connecting to PyBullet, GUI: False
CreatureEnv Inicijalizacija: 12 motora. OBS_dim=40, frame_skip=1
[Fitness run Gen20Creature10] reward=207.76±413.22  dist=0.17±0.15  upright=0.46±0.28  → FITNESS=0.1797
URDF saved to temp_urdf\being_9552.urdf
Connecting to PyBullet, GUI: False
CreatureEnv Inicijalizacija: 12 motora. OBS_dim=40, frame_skip=1
[Fitness run Gen20Creature11] reward=1.73±0.14  dist=0.10±0.05  upright=0.32±0.22  → FITNESS=0.1156
URDF saved to temp_urdf\being_9552.urdf
Connecting to PyBullet, GUI: False
CreatureEnv Inicijalizacija: 12 motora. OBS_dim=40, frame_skip=1
[Fitness run Gen20Creature12] reward=110.65±326.89  dist=0.16±0.11  upright=0.56±0.24  → FITNESS=0.2006
URDF saved to temp_urdf\being_9552.urdf
Connecting to PyBullet, GUI: False
CreatureEnv Inicijalizacija: 12 motora. OBS_dim=40, frame_skip=1
[Fitness run Gen20Creature13] reward=1.67±0.15  dist=0.16±0.05  upright=0.24±0.15  → FITNESS=0.0949
URDF saved to temp_urdf\being_9552.urdf
Connecting to PyBullet, GUI: False
CreatureEnv Inicijalizacija: 12 motora. OBS_dim=40, frame_skip=1
[Fitness run Gen20Creature15] reward=1.72±0.11  dist=0.00±0.00  upright=0.10±0.30  → FITNESS=0.0483
URDF saved to temp_urdf\being_9552.urdf
Connecting to PyBullet, GUI: False
CreatureEnv Inicijalizacija: 12 motora. OBS_dim=40, frame_skip=1
[Fitness run Gen20Creature16] reward=1.72±0.03  dist=0.11±0.05  upright=0.91±0.27  → FITNESS=0.2939
URDF saved to temp_urdf\being_9552.urdf
Connecting to PyBullet, GUI: False
CreatureEnv Inicijalizacija: 12 motora. OBS_dim=40, frame_skip=1
[Fitness run Gen20Creature17] reward=973.59±324.03  dist=0.00±0.00  upright=0.90±0.30  → FITNESS=0.3767
URDF saved to temp_urdf\being_9552.urdf
Connecting to PyBullet, GUI: False
CreatureEnv Inicijalizacija: 12 motora. OBS_dim=40, frame_skip=1
[Fitness run Gen20Creature18] reward=1.63±0.09  dist=0.00±0.00  upright=0.44±0.11  → FITNESS=0.1490
URDF saved to temp_urdf\being_9552.urdf
Connecting to PyBullet, GUI: False
CreatureEnv Inicijalizacija: 12 motora. OBS_dim=40, frame_skip=1
[Fitness run Gen20Creature20] reward=1046.04±5.24  dist=0.16±0.05  upright=1.00±0.00  → FITNESS=0.4172
URDF saved to temp_urdf\being_9552.urdf
Connecting to PyBullet, GUI: False
CreatureEnv Inicijalizacija: 12 motora. OBS_dim=40, frame_skip=1
[Fitness run Gen20Creature23] reward=1.50±0.27  dist=0.00±0.01  upright=0.33±0.13  → FITNESS=0.1171
URDF saved to temp_urdf\being_9552.urdf
Connecting to PyBullet, GUI: False
CreatureEnv Inicijalizacija: 12 motora. OBS_dim=40, frame_skip=1
[Fitness run Gen20Creature24] reward=1.51±0.03  dist=0.00±0.00  upright=0.03±0.08  → FITNESS=0.0261
URDF saved to temp_urdf\being_9552.urdf
Connecting to PyBullet, GUI: False
CreatureEnv Inicijalizacija: 12 motora. OBS_dim=40, frame_skip=1
[Fitness run Gen20Creature26] reward=1.78±0.00  dist=0.00±0.00  upright=0.13±0.02  → FITNESS=0.0580
URDF saved to temp_urdf\being_9552.urdf
Connecting to PyBullet, GUI: False
CreatureEnv Inicijalizacija: 12 motora. OBS_dim=40, frame_skip=1
[Fitness run Gen20Creature27] reward=1.51±0.16  dist=0.11±0.05  upright=0.45±0.12  → FITNESS=0.1546
URDF saved to temp_urdf\being_9552.urdf
Connecting to PyBullet, GUI: False
CreatureEnv Inicijalizacija: 12 motora. OBS_dim=40, frame_skip=1
[Fitness run Gen20Creature28] reward=1.44±0.00  dist=0.09±0.03  upright=0.16±0.01  → FITNESS=0.0699
URDF saved to temp_urdf\being_9552.urdf
Connecting to PyBullet, GUI: False
CreatureEnv Inicijalizacija: 12 motora. OBS_dim=40, frame_skip=1
[Fitness run Gen20Creature29] reward=1.43±0.01  dist=0.07±0.04  upright=0.43±0.08  → FITNESS=0.1489

BEST FITNESS: 0.4193
Genome saved to results\distanceBased500Steps5DifferentSeeds\run_3\run_3_best_creature.json
[plot] Progress saved → results\distanceBased500Steps5DifferentSeeds\run_3\run_3_progress.png
[0m