pybullet build time: Dec  5 2025 14:05:30
[power] Windows sleep/throttle prevention active
[distanceBased500Steps5DifferentSeeds/run_2] starting  seed=1
NUM_GENES: 48  (BODY=4 + 4 noge x 11 = 48)
Pop: 30  |  Gen: 20  |  Train koraci: 500

[log] Experiment log created → ./results\distanceBased500Steps5DifferentSeeds\run_2\run_2.json
URDF saved to temp_urdf\being_10708.urdf
Connecting to PyBullet, GUI: False
CreatureEnv Inicijalizacija: 12 motora. OBS_dim=40, frame_skip=1
[Fitness run Gen0Creature0] reward=1.74±0.10  dist=0.08±0.03  upright=0.01±0.04  → FITNESS=0.0243
URDF saved to temp_urdf\being_10708.urdf
Connecting to PyBullet, GUI: False
CreatureEnv Inicijalizacija: 12 motora. OBS_dim=40, frame_skip=1
[Fitness run Gen0Creature1] reward=1.37±0.40  dist=0.03±0.08  upright=0.10±0.03  → FITNESS=0.0500
URDF saved to temp_urdf\being_10708.urdf
Connecting to PyBullet, GUI: False
CreatureEnv Inicijalizacija: 12 motora. OBS_dim=40, frame_skip=1
[Fitness run Gen0Creature2] reward=1.59±0.00  dist=0.04±0.11  upright=0.00±0.00  → FITNESS=0.0193
URDF saved to temp_urdf\being_10708.urdf
Connecting to PyBullet, GUI: False
CreatureEnv Inicijalizacija: 12 motora. OBS_dim=40, frame_skip=1
[Fitness run Gen0Creature3] reward=1.72±0.00  dist=1.89±0.73  upright=0.00±0.00  → FITNESS=0.0657
URDF saved to temp_urdf\being_10708.urdf
Connecting to PyBullet, GUI: False
CreatureEnv Inicijalizacija: 12 motora. OBS_dim=40, frame_skip=1
[Fitness run Gen0Creature4] reward=1.73±0.10  dist=0.12±0.04  upright=0.00±0.00  → FITNESS=0.0214
URDF saved to temp_urdf\being_10708.urdf
Connecting to PyBullet, GUI: False
CreatureEnv Inicijalizacija: 12 motora. OBS_dim=40, frame_skip=1
[Fitness run Gen0Creature5] reward=1.42±0.17  dist=0.00±0.01  upright=0.05±0.05  → FITNESS=0.0329
URDF saved to temp_urdf\being_10708.urdf
Connecting to PyBullet, GUI: False
CreatureEnv Inicijalizacija: 12 motora. OBS_dim=40, frame_skip=1
[Fitness run Gen0Creature6] reward=1.28±0.12  dist=0.01±0.01  upright=0.00±0.00  → FITNESS=0.0185
URDF saved to temp_urdf\being_10708.urdf
Connecting to PyBullet, GUI: False
CreatureEnv Inicijalizacija: 12 motora. OBS_dim=40, frame_skip=1
[Fitness run Gen0Creature7] reward=1.77±0.17  dist=0.17±0.06  upright=0.84±0.28  → FITNESS=0.2733
URDF saved to temp_urdf\being_10708.urdf
Connecting to PyBullet, GUI: False
CreatureEnv Inicijalizacija: 12 motora. OBS_dim=40, frame_skip=1
[Fitness run Gen0Creature8] reward=1.73±0.00  dist=0.00±0.00  upright=0.07±0.03  → FITNESS=0.0406
URDF saved to temp_urdf\being_10708.urdf
Connecting to PyBullet, GUI: False
CreatureEnv Inicijalizacija: 12 motora. OBS_dim=40, frame_skip=1
[Fitness run Gen0Creature9] reward=1.53±0.01  dist=0.00±0.00  upright=0.00±0.00  → FITNESS=0.0183
URDF saved to temp_urdf\being_10708.urdf
Connecting to PyBullet, GUI: False
CreatureEnv Inicijalizacija: 12 motora. OBS_dim=40, frame_skip=1
[Fitness run Gen0Creature10] reward=1.34±0.35  dist=0.00±0.01  upright=0.00±0.00  → FITNESS=0.0184
URDF saved to temp_urdf\being_10708.urdf
Connecting to PyBullet, GUI: False
CreatureEnv Inicijalizacija: 12 motora. OBS_dim=40, frame_skip=1
[Fitness run Gen0Creature11] reward=1.90±0.06  dist=0.00±0.00  upright=0.00±0.01  → FITNESS=0.0193
URDF saved to temp_urdf\being_10708.urdf
Connecting to PyBullet, GUI: False
CreatureEnv Inicijalizacija: 12 motora. OBS_dim=40, frame_skip=1
[Fitness run Gen0Creature12] reward=1.59±0.04  dist=0.09±0.03  upright=0.04±0.02  → FITNESS=0.0323
URDF saved to temp_urdf\being_10708.urdf
Connecting to PyBullet, GUI: False
CreatureEnv Inicijalizacija: 12 motora. OBS_dim=40, frame_skip=1
[Fitness run Gen0Creature13] reward=1.60±0.32  dist=0.19±0.09  upright=0.14±0.13  → FITNESS=0.0657
URDF saved to temp_urdf\being_10708.urdf
Connecting to PyBullet, GUI: False
CreatureEnv Inicijalizacija: 12 motora. OBS_dim=40, frame_skip=1
[Fitness run Gen0Creature14] reward=1.58±0.30  dist=0.23±0.61  upright=0.03±0.01  → FITNESS=0.0328
URDF saved to temp_urdf\being_10708.urdf
Connecting to PyBullet, GUI: False
CreatureEnv Inicijalizacija: 12 motora. OBS_dim=40, frame_skip=1
[Fitness run Gen0Creature15] reward=1.86±0.08  dist=0.00±0.00  upright=0.06±0.02  → FITNESS=0.0358
URDF saved to temp_urdf\being_10708.urdf
Connecting to PyBullet, GUI: False
CreatureEnv Inicijalizacija: 12 motora. OBS_dim=40, frame_skip=1
[Fitness run Gen0Creature16] reward=1.61±0.12  dist=0.00±0.00  upright=0.21±0.03  → FITNESS=0.0812
URDF saved to temp_urdf\being_10708.urdf
Connecting to PyBullet, GUI: False
CreatureEnv Inicijalizacija: 12 motora. OBS_dim=40, frame_skip=1
[Fitness run Gen0Creature17] reward=1.72±0.00  dist=0.02±0.06  upright=0.00±0.00  → FITNESS=0.0188
URDF saved to temp_urdf\being_10708.urdf
Connecting to PyBullet, GUI: False
CreatureEnv Inicijalizacija: 12 motora. OBS_dim=40, frame_skip=1
[Fitness run Gen0Creature18] reward=1.40±0.25  dist=0.41±0.17  upright=0.00±0.00  → FITNESS=0.0285
URDF saved to temp_urdf\being_10708.urdf
Connecting to PyBullet, GUI: False
CreatureEnv Inicijalizacija: 12 motora. OBS_dim=40, frame_skip=1
[Fitness run Gen0Creature19] reward=1.51±0.04  dist=0.22±0.07  upright=0.00±0.00  → FITNESS=0.0237
URDF saved to temp_urdf\being_10708.urdf
Connecting to PyBullet, GUI: False
CreatureEnv Inicijalizacija: 12 motora. OBS_dim=40, frame_skip=1
[Fitness run Gen0Creature20] reward=1.60±0.16  dist=0.00±0.00  upright=0.90±0.30  → FITNESS=0.2883
URDF saved to temp_urdf\being_10708.urdf
Connecting to PyBullet, GUI: False
CreatureEnv Inicijalizacija: 12 motora. OBS_dim=40, frame_skip=1
[Fitness run Gen0Creature21] reward=0.08±0.50  dist=0.71±0.25  upright=0.00±0.00  → FITNESS=0.0360
URDF saved to temp_urdf\being_10708.urdf
Connecting to PyBullet, GUI: False
CreatureEnv Inicijalizacija: 12 motora. OBS_dim=40, frame_skip=1
[Fitness run Gen0Creature22] reward=1.48±0.06  dist=0.01±0.00  upright=0.04±0.13  → FITNESS=0.0311
URDF saved to temp_urdf\being_10708.urdf
Connecting to PyBullet, GUI: False
CreatureEnv Inicijalizacija: 12 motora. OBS_dim=40, frame_skip=1
[Fitness run Gen0Creature23] reward=1.54±0.14  dist=0.00±0.00  upright=0.31±0.23  → FITNESS=0.1112
URDF saved to temp_urdf\being_10708.urdf
Connecting to PyBullet, GUI: False
CreatureEnv Inicijalizacija: 12 motora. OBS_dim=40, frame_skip=1
[Fitness run Gen0Creature24] reward=1.76±0.10  dist=0.00±0.00  upright=0.21±0.23  → FITNESS=0.0803
URDF saved to temp_urdf\being_10708.urdf
Connecting to PyBullet, GUI: False
CreatureEnv Inicijalizacija: 12 motora. OBS_dim=40, frame_skip=1
[Fitness run Gen0Creature25] reward=287.45±437.54  dist=0.20±0.09  upright=0.68±0.28  → FITNESS=0.2545
URDF saved to temp_urdf\being_10708.urdf
Connecting to PyBullet, GUI: False
CreatureEnv Inicijalizacija: 12 motora. OBS_dim=40, frame_skip=1
[Fitness run Gen0Creature26] reward=1.50±0.66  dist=0.00±0.01  upright=0.03±0.01  → FITNESS=0.0262
URDF saved to temp_urdf\being_10708.urdf
Connecting to PyBullet, GUI: False
CreatureEnv Inicijalizacija: 12 motora. OBS_dim=40, frame_skip=1
[Fitness run Gen0Creature27] reward=1.57±0.03  dist=0.00±0.00  upright=0.02±0.06  → FITNESS=0.0241
URDF saved to temp_urdf\being_10708.urdf
Connecting to PyBullet, GUI: False
CreatureEnv Inicijalizacija: 12 motora. OBS_dim=40, frame_skip=1
[Fitness run Gen0Creature28] reward=1.45±0.06  dist=0.13±0.04  upright=0.19±0.11  → FITNESS=0.0795
URDF saved to temp_urdf\being_10708.urdf
Connecting to PyBullet, GUI: False
CreatureEnv Inicijalizacija: 12 motora. OBS_dim=40, frame_skip=1
[Fitness run Gen0Creature29] reward=1.66±0.07  dist=0.00±0.00  upright=0.02±0.06  → FITNESS=0.0242
URDF saved to temp_urdf\being_10708.urdf
Connecting to PyBullet, GUI: False
CreatureEnv Inicijalizacija: 12 motora. OBS_dim=40, frame_skip=1
[Fitness run Gen1Creature2] reward=1.65±0.07  dist=0.28±0.85  upright=0.30±0.10  → FITNESS=0.1155
URDF saved to temp_urdf\being_10708.urdf
Connecting to PyBullet, GUI: False
CreatureEnv Inicijalizacija: 12 motora. OBS_dim=40, frame_skip=1
[Fitness run Gen1Creature3] reward=1.47±0.05  dist=0.00±0.00  upright=0.04±0.13  → FITNESS=0.0309
URDF saved to temp_urdf\being_10708.urdf
Connecting to PyBullet, GUI: False
CreatureEnv Inicijalizacija: 12 motora. OBS_dim=40, frame_skip=1
[Fitness run Gen1Creature4] reward=1.60±0.06  dist=0.36±0.04  upright=0.00±0.01  → FITNESS=0.0284
URDF saved to temp_urdf\being_10708.urdf
Connecting to PyBullet, GUI: False
CreatureEnv Inicijalizacija: 12 motora. OBS_dim=40, frame_skip=1
[Fitness run Gen1Creature5] reward=1.72±0.00  dist=0.00±0.00  upright=0.07±0.02  → FITNESS=0.0396
URDF saved to temp_urdf\being_10708.urdf
Connecting to PyBullet, GUI: False
CreatureEnv Inicijalizacija: 12 motora. OBS_dim=40, frame_skip=1
[Fitness run Gen1Creature6] reward=1.76±0.03  dist=0.03±0.01  upright=0.92±0.23  → FITNESS=0.2958
URDF saved to temp_urdf\being_10708.urdf
Connecting to PyBullet, GUI: False
CreatureEnv Inicijalizacija: 12 motora. OBS_dim=40, frame_skip=1
[Fitness run Gen1Creature7] reward=1.69±0.18  dist=0.20±0.07  upright=0.00±0.00  → FITNESS=0.0233
URDF saved to temp_urdf\being_10708.urdf
Connecting to PyBullet, GUI: False
CreatureEnv Inicijalizacija: 12 motora. OBS_dim=40, frame_skip=1
[Fitness run Gen1Creature8] reward=1.68±0.18  dist=0.00±0.00  upright=0.00±0.00  → FITNESS=0.0183
URDF saved to temp_urdf\being_10708.urdf
Connecting to PyBullet, GUI: False
CreatureEnv Inicijalizacija: 12 motora. OBS_dim=40, frame_skip=1
[Fitness run Gen1Creature9] reward=1.36±0.02  dist=0.26±0.09  upright=0.00±0.00  → FITNESS=0.0248
URDF saved to temp_urdf\being_10708.urdf
Connecting to PyBullet, GUI: False
CreatureEnv Inicijalizacija: 12 motora. OBS_dim=40, frame_skip=1
[Fitness run Gen1Creature10] reward=1.69±0.07  dist=0.18±0.04  upright=0.05±0.15  → FITNESS=0.0382
URDF saved to temp_urdf\being_10708.urdf
Connecting to PyBullet, GUI: False
CreatureEnv Inicijalizacija: 12 motora. OBS_dim=40, frame_skip=1
[Fitness run Gen1Creature11] reward=1.70±0.01  dist=0.01±0.04  upright=0.00±0.00  → FITNESS=0.0187
URDF saved to temp_urdf\being_10708.urdf
Connecting to PyBullet, GUI: False
CreatureEnv Inicijalizacija: 12 motora. OBS_dim=40, frame_skip=1
[Fitness run Gen1Creature12] reward=1.76±0.00  dist=0.16±0.12  upright=0.00±0.00  → FITNESS=0.0223
URDF saved to temp_urdf\being_10708.urdf
Connecting to PyBullet, GUI: False
CreatureEnv Inicijalizacija: 12 motora. OBS_dim=40, frame_skip=1
[Fitness run Gen1Creature13] reward=1.51±0.10  dist=0.01±0.04  upright=0.00±0.00  → FITNESS=0.0187
URDF saved to temp_urdf\being_10708.urdf
Connecting to PyBullet, GUI: False
CreatureEnv Inicijalizacija: 12 motora. OBS_dim=40, frame_skip=1
[Fitness run Gen1Creature14] reward=-0.25±0.29  dist=1.62±0.59  upright=0.00±0.00  → FITNESS=0.0586
URDF saved to temp_urdf\being_10708.urdf
Connecting to PyBullet, GUI: False
CreatureEnv Inicijalizacija: 12 motora. OBS_dim=40, frame_skip=1
[Fitness run Gen1Creature15] reward=1.63±0.07  dist=0.26±0.06  upright=0.00±0.00  → FITNESS=0.0249
URDF saved to temp_urdf\being_10708.urdf
Connecting to PyBullet, GUI: False
CreatureEnv Inicijalizacija: 12 motora. OBS_dim=40, frame_skip=1
[Fitness run Gen1Creature16] reward=1.14±0.02  dist=0.00±0.00  upright=0.00±0.00  → FITNESS=0.0183
URDF saved to temp_urdf\being_10708.urdf
Connecting to PyBullet, GUI: False
CreatureEnv Inicijalizacija: 12 motora. OBS_dim=40, frame_skip=1
[Fitness run Gen1Creature17] reward=1.76±0.03  dist=0.05±0.15  upright=0.00±0.00  → FITNESS=0.0196
URDF saved to temp_urdf\being_10708.urdf
Connecting to PyBullet, GUI: False
CreatureEnv Inicijalizacija: 12 motora. OBS_dim=40, frame_skip=1
[Fitness run Gen1Creature18] reward=0.16±0.57  dist=1.21±0.51  upright=0.00±0.00  → FITNESS=0.0484
URDF saved to temp_urdf\being_10708.urdf
Connecting to PyBullet, GUI: False
CreatureEnv Inicijalizacija: 12 motora. OBS_dim=40, frame_skip=1
[Fitness run Gen1Creature19] reward=0.48±0.06  dist=0.02±0.04  upright=0.05±0.12  → FITNESS=0.0332
URDF saved to temp_urdf\being_10708.urdf
Connecting to PyBullet, GUI: False
CreatureEnv Inicijalizacija: 12 motora. OBS_dim=40, frame_skip=1
[Fitness run Gen1Creature20] reward=1.62±0.01  dist=0.00±0.00  upright=0.17±0.06  → FITNESS=0.0696
URDF saved to temp_urdf\being_10708.urdf
Connecting to PyBullet, GUI: False
CreatureEnv Inicijalizacija: 12 motora. OBS_dim=40, frame_skip=1
[Fitness run Gen1Creature21] reward=1.58±0.00  dist=0.03±0.08  upright=0.00±0.00  → FITNESS=0.0190
URDF saved to temp_urdf\being_10708.urdf
Connecting to PyBullet, GUI: False
CreatureEnv Inicijalizacija: 12 motora. OBS_dim=40, frame_skip=1
[Fitness run Gen1Creature22] reward=1.87±0.16  dist=0.05±0.02  upright=0.09±0.03  → FITNESS=0.0467
URDF saved to temp_urdf\being_10708.urdf
Connecting to PyBullet, GUI: False
CreatureEnv Inicijalizacija: 12 motora. OBS_dim=40, frame_skip=1
[Fitness run Gen1Creature23] reward=1.62±0.24  dist=0.00±0.00  upright=0.00±0.00  → FITNESS=0.0183
URDF saved to temp_urdf\being_10708.urdf
Connecting to PyBullet, GUI: False
CreatureEnv Inicijalizacija: 12 motora. OBS_dim=40, frame_skip=1
[Fitness run Gen1Creature24] reward=1.73±0.05  dist=0.00±0.00  upright=0.32±0.01  → FITNESS=0.1151
URDF saved to temp_urdf\being_10708.urdf
Connecting to PyBullet, GUI: False
CreatureEnv Inicijalizacija: 12 motora. OBS_dim=40, frame_skip=1
[Fitness run Gen1Creature25] reward=1.67±0.01  dist=0.00±0.00  upright=0.00±0.00  → FITNESS=0.0183
URDF saved to temp_urdf\being_10708.urdf
Connecting to PyBullet, GUI: False
CreatureEnv Inicijalizacija: 12 motora. OBS_dim=40, frame_skip=1
[Fitness run Gen1Creature26] reward=0.99±0.41  dist=0.01±0.02  upright=0.00±0.00  → FITNESS=0.0185
URDF saved to temp_urdf\being_10708.urdf
Connecting to PyBullet, GUI: False
CreatureEnv Inicijalizacija: 12 motora. OBS_dim=40, frame_skip=1
[Fitness run Gen1Creature27] reward=1.71±0.09  dist=0.18±0.30  upright=0.09±0.03  → FITNESS=0.0490
URDF saved to temp_urdf\being_10708.urdf
Connecting to PyBullet, GUI: False
CreatureEnv Inicijalizacija: 12 motora. OBS_dim=40, frame_skip=1
[Fitness run Gen1Creature28] reward=1.71±0.00  dist=0.01±0.04  upright=0.00±0.00  → FITNESS=0.0187
URDF saved to temp_urdf\being_10708.urdf
Connecting to PyBullet, GUI: False
CreatureEnv Inicijalizacija: 12 motora. OBS_dim=40, frame_skip=1
[Fitness run Gen1Creature29] reward=407.32±496.93  dist=0.14±0.06  upright=0.53±0.42  → FITNESS=0.2166

==================================================
Generacija 1/20  |  Best = 0.2958  |  Mean = 0.0676  |  Std = 0.0834
==================================================
URDF saved to temp_urdf\being_10708.urdf
Connecting to PyBullet, GUI: False
CreatureEnv Inicijalizacija: 12 motora. OBS_dim=40, frame_skip=1
[Fitness run Gen1Creature2] reward=1.65±0.07  dist=0.28±0.85  upright=0.30±0.10  → FITNESS=0.1155
URDF saved to temp_urdf\being_10708.urdf
Connecting to PyBullet, GUI: False
CreatureEnv Inicijalizacija: 12 motora. OBS_dim=40, frame_skip=1
[Fitness run Gen1Creature3] reward=1.47±0.05  dist=0.00±0.00  upright=0.04±0.13  → FITNESS=0.0309
URDF saved to temp_urdf\being_10708.urdf
Connecting to PyBullet, GUI: False
CreatureEnv Inicijalizacija: 12 motora. OBS_dim=40, frame_skip=1
[Fitness run Gen1Creature4] reward=1.60±0.06  dist=0.36±0.04  upright=0.00±0.01  → FITNESS=0.0284
URDF saved to temp_urdf\being_10708.urdf
Connecting to PyBullet, GUI: False
CreatureEnv Inicijalizacija: 12 motora. OBS_dim=40, frame_skip=1
[Fitness run Gen1Creature5] reward=1.72±0.00  dist=0.00±0.00  upright=0.07±0.02  → FITNESS=0.0396
URDF saved to temp_urdf\being_10708.urdf
Connecting to PyBullet, GUI: False
CreatureEnv Inicijalizacija: 12 motora. OBS_dim=40, frame_skip=1
[Fitness run Gen1Creature6] reward=1.76±0.03  dist=0.03±0.01  upright=0.92±0.23  → FITNESS=0.2958
URDF saved to temp_urdf\being_10708.urdf
Connecting to PyBullet, GUI: False
CreatureEnv Inicijalizacija: 12 motora. OBS_dim=40, frame_skip=1
[Fitness run Gen1Creature7] reward=1.69±0.18  dist=0.20±0.07  upright=0.00±0.00  → FITNESS=0.0233
URDF saved to temp_urdf\being_10708.urdf
Connecting to PyBullet, GUI: False
CreatureEnv Inicijalizacija: 12 motora. OBS_dim=40, frame_skip=1
[Fitness run Gen1Creature8] reward=1.68±0.18  dist=0.00±0.00  upright=0.00±0.00  → FITNESS=0.0183
URDF saved to temp_urdf\being_10708.urdf
Connecting to PyBullet, GUI: False
CreatureEnv Inicijalizacija: 12 motora. OBS_dim=40, frame_skip=1
[Fitness run Gen1Creature9] reward=1.36±0.02  dist=0.26±0.09  upright=0.00±0.00  → FITNESS=0.0248
URDF saved to temp_urdf\being_10708.urdf
Connecting to PyBullet, GUI: False
CreatureEnv Inicijalizacija: 12 motora. OBS_dim=40, frame_skip=1
[Fitness run Gen1Creature10] reward=1.69±0.07  dist=0.18±0.04  upright=0.05±0.15  → FITNESS=0.0382
URDF saved to temp_urdf\being_10708.urdf
Connecting to PyBullet, GUI: False
CreatureEnv Inicijalizacija: 12 motora. OBS_dim=40, frame_skip=1
[Fitness run Gen1Creature11] reward=1.70±0.01  dist=0.01±0.04  upright=0.00±0.00  → FITNESS=0.0187
URDF saved to temp_urdf\being_10708.urdf
Connecting to PyBullet, GUI: False
CreatureEnv Inicijalizacija: 12 motora. OBS_dim=40, frame_skip=1
[Fitness run Gen1Creature12] reward=1.76±0.00  dist=0.16±0.12  upright=0.00±0.00  → FITNESS=0.0223
URDF saved to temp_urdf\being_10708.urdf
Connecting to PyBullet, GUI: False
CreatureEnv Inicijalizacija: 12 motora. OBS_dim=40, frame_skip=1
[Fitness run Gen1Creature13] reward=1.51±0.10  dist=0.01±0.04  upright=0.00±0.00  → FITNESS=0.0187
URDF saved to temp_urdf\being_10708.urdf
Connecting to PyBullet, GUI: False
CreatureEnv Inicijalizacija: 12 motora. OBS_dim=40, frame_skip=1
[Fitness run Gen1Creature14] reward=-0.25±0.29  dist=1.62±0.59  upright=0.00±0.00  → FITNESS=0.0586
URDF saved to temp_urdf\being_10708.urdf
Connecting to PyBullet, GUI: False
CreatureEnv Inicijalizacija: 12 motora. OBS_dim=40, frame_skip=1
[Fitness run Gen1Creature15] reward=1.63±0.07  dist=0.26±0.06  upright=0.00±0.00  → FITNESS=0.0249
URDF saved to temp_urdf\being_10708.urdf
Connecting to PyBullet, GUI: False
CreatureEnv Inicijalizacija: 12 motora. OBS_dim=40, frame_skip=1
[Fitness run Gen1Creature16] reward=1.14±0.02  dist=0.00±0.00  upright=0.00±0.00  → FITNESS=0.0183
URDF saved to temp_urdf\being_10708.urdf
Connecting to PyBullet, GUI: False
CreatureEnv Inicijalizacija: 12 motora. OBS_dim=40, frame_skip=1
[Fitness run Gen1Creature17] reward=1.76±0.03  dist=0.05±0.15  upright=0.00±0.00  → FITNESS=0.0196
URDF saved to temp_urdf\being_10708.urdf
Connecting to PyBullet, GUI: False
CreatureEnv Inicijalizacija: 12 motora. OBS_dim=40, frame_skip=1
[Fitness run Gen1Creature18] reward=0.16±0.57  dist=1.21±0.51  upright=0.00±0.00  → FITNESS=0.0484
URDF saved to temp_urdf\being_10708.urdf
Connecting to PyBullet, GUI: False
CreatureEnv Inicijalizacija: 12 motora. OBS_dim=40, frame_skip=1
[Fitness run Gen1Creature19] reward=0.48±0.06  dist=0.02±0.04  upright=0.05±0.12  → FITNESS=0.0332
URDF saved to temp_urdf\being_10708.urdf
Connecting to PyBullet, GUI: False
CreatureEnv Inicijalizacija: 12 motora. OBS_dim=40, frame_skip=1
[Fitness run Gen1Creature20] reward=1.62±0.01  dist=0.00±0.00  upright=0.17±0.06  → FITNESS=0.0696
URDF saved to temp_urdf\being_10708.urdf
Connecting to PyBullet, GUI: False
CreatureEnv Inicijalizacija: 12 motora. OBS_dim=40, frame_skip=1
[Fitness run Gen1Creature21] reward=1.58±0.00  dist=0.03±0.08  upright=0.00±0.00  → FITNESS=0.0190
URDF saved to temp_urdf\being_10708.urdf
Connecting to PyBullet, GUI: False
CreatureEnv Inicijalizacija: 12 motora. OBS_dim=40, frame_skip=1
[Fitness run Gen1Creature22] reward=1.87±0.16  dist=0.05±0.02  upright=0.09±0.03  → FITNESS=0.0467
URDF saved to temp_urdf\being_10708.urdf
Connecting to PyBullet, GUI: False
CreatureEnv Inicijalizacija: 12 motora. OBS_dim=40, frame_skip=1
[Fitness run Gen1Creature23] reward=1.62±0.24  dist=0.00±0.00  upright=0.00±0.00  → FITNESS=0.0183
URDF saved to temp_urdf\being_10708.urdf
Connecting to PyBullet, GUI: False
CreatureEnv Inicijalizacija: 12 motora. OBS_dim=40, frame_skip=1
[Fitness run Gen1Creature24] reward=1.73±0.05  dist=0.00±0.00  upright=0.32±0.01  → FITNESS=0.1151
URDF saved to temp_urdf\being_10708.urdf
Connecting to PyBullet, GUI: False
CreatureEnv Inicijalizacija: 12 motora. OBS_dim=40, frame_skip=1
[Fitness run Gen1Creature25] reward=1.67±0.01  dist=0.00±0.00  upright=0.00±0.00  → FITNESS=0.0183
URDF saved to temp_urdf\being_10708.urdf
Connecting to PyBullet, GUI: False
CreatureEnv Inicijalizacija: 12 motora. OBS_dim=40, frame_skip=1
[Fitness run Gen1Creature26] reward=0.99±0.41  dist=0.01±0.02  upright=0.00±0.00  → FITNESS=0.0185
URDF saved to temp_urdf\being_10708.urdf
Connecting to PyBullet, GUI: False
CreatureEnv Inicijalizacija: 12 motora. OBS_dim=40, frame_skip=1
[Fitness run Gen1Creature27] reward=1.71±0.09  dist=0.18±0.30  upright=0.09±0.03  → FITNESS=0.0490
URDF saved to temp_urdf\being_10708.urdf
Connecting to PyBullet, GUI: False
CreatureEnv Inicijalizacija: 12 motora. OBS_dim=40, frame_skip=1
[Fitness run Gen1Creature28] reward=1.71±0.00  dist=0.01±0.04  upright=0.00±0.00  → FITNESS=0.0187
URDF saved to temp_urdf\being_10708.urdf
Connecting to PyBullet, GUI: False
CreatureEnv Inicijalizacija: 12 motora. OBS_dim=40, frame_skip=1
[Fitness run Gen1Creature29] reward=407.32±496.93  dist=0.14±0.06  upright=0.53±0.42  → FITNESS=0.2166
Genome saved to results\distanceBased500Steps5DifferentSeeds\run_2\run_2_best_creature.json
[plot] Summary saved → results\distanceBased500Steps5DifferentSeeds\run_2\run_2_summary.png
URDF saved to temp_urdf\being_10708.urdf
Connecting to PyBullet, GUI: False
CreatureEnv Inicijalizacija: 12 motora. OBS_dim=40, frame_skip=1
[Fitness run Gen2Creature2] reward=0.74±0.16  dist=0.05±0.14  upright=0.01±0.04  → FITNESS=0.0233
URDF saved to temp_urdf\being_10708.urdf
Connecting to PyBullet, GUI: False
CreatureEnv Inicijalizacija: 12 motora. OBS_dim=40, frame_skip=1
[Fitness run Gen2Creature3] reward=1.43±0.14  dist=0.39±0.17  upright=0.47±0.09  → FITNESS=0.1704
URDF saved to temp_urdf\being_10708.urdf
Connecting to PyBullet, GUI: False
CreatureEnv Inicijalizacija: 12 motora. OBS_dim=40, frame_skip=1
[Fitness run Gen2Creature4] reward=1.03±0.53  dist=0.54±0.44  upright=0.16±0.07  → FITNESS=0.0802
URDF saved to temp_urdf\being_10708.urdf
Connecting to PyBullet, GUI: False
CreatureEnv Inicijalizacija: 12 motora. OBS_dim=40, frame_skip=1
[Fitness run Gen2Creature5] reward=1.63±0.13  dist=0.10±0.07  upright=0.90±0.30  → FITNESS=0.2909
URDF saved to temp_urdf\being_10708.urdf
Connecting to PyBullet, GUI: False
CreatureEnv Inicijalizacija: 12 motora. OBS_dim=40, frame_skip=1
[Fitness run Gen2Creature6] reward=1.74±0.02  dist=0.00±0.00  upright=0.02±0.05  → FITNESS=0.0232
URDF saved to temp_urdf\being_10708.urdf
Connecting to PyBullet, GUI: False
CreatureEnv Inicijalizacija: 12 motora. OBS_dim=40, frame_skip=1
[Fitness run Gen2Creature7] reward=1.73±0.00  dist=0.00±0.00  upright=0.01±0.02  → FITNESS=0.0203
URDF saved to temp_urdf\being_10708.urdf
Connecting to PyBullet, GUI: False
CreatureEnv Inicijalizacija: 12 motora. OBS_dim=40, frame_skip=1
[Fitness run Gen2Creature8] reward=1.33±0.61  dist=0.00±0.01  upright=0.00±0.00  → FITNESS=0.0184
URDF saved to temp_urdf\being_10708.urdf
Connecting to PyBullet, GUI: False
CreatureEnv Inicijalizacija: 12 motora. OBS_dim=40, frame_skip=1
[Fitness run Gen2Creature9] reward=1.45±0.15  dist=0.00±0.00  upright=0.18±0.06  → FITNESS=0.0735
URDF saved to temp_urdf\being_10708.urdf
Connecting to PyBullet, GUI: False
CreatureEnv Inicijalizacija: 12 motora. OBS_dim=40, frame_skip=1
[Fitness run Gen2Creature10] reward=1.61±0.03  dist=0.00±0.01  upright=0.02±0.06  → FITNESS=0.0243
URDF saved to temp_urdf\being_10708.urdf
Connecting to PyBullet, GUI: False
CreatureEnv Inicijalizacija: 12 motora. OBS_dim=40, frame_skip=1
[Fitness run Gen2Creature11] reward=1.66±0.01  dist=0.00±0.00  upright=0.02±0.05  → FITNESS=0.0232
URDF saved to temp_urdf\being_10708.urdf
Connecting to PyBullet, GUI: False
CreatureEnv Inicijalizacija: 12 motora. OBS_dim=40, frame_skip=1
[Fitness run Gen2Creature12] reward=503.04±501.88  dist=0.03±0.03  upright=0.89±0.11  → FITNESS=0.3317
URDF saved to temp_urdf\being_10708.urdf
Connecting to PyBullet, GUI: False
CreatureEnv Inicijalizacija: 12 motora. OBS_dim=40, frame_skip=1
[Fitness run Gen2Creature13] reward=1.56±0.03  dist=0.48±0.05  upright=0.15±0.02  → FITNESS=0.0758
URDF saved to temp_urdf\being_10708.urdf
Connecting to PyBullet, GUI: False
CreatureEnv Inicijalizacija: 12 motora. OBS_dim=40, frame_skip=1
[Fitness run Gen2Creature14] reward=1.43±0.39  dist=0.04±0.12  upright=0.08±0.03  → FITNESS=0.0445
URDF saved to temp_urdf\being_10708.urdf
Connecting to PyBullet, GUI: False
CreatureEnv Inicijalizacija: 12 motora. OBS_dim=40, frame_skip=1
[Fitness run Gen2Creature15] reward=1.61±0.30  dist=0.01±0.01  upright=0.31±0.11  → FITNESS=0.1114
URDF saved to temp_urdf\being_10708.urdf
Connecting to PyBullet, GUI: False
CreatureEnv Inicijalizacija: 12 motora. OBS_dim=40, frame_skip=1
[Fitness run Gen2Creature16] reward=1.80±0.17  dist=0.00±0.00  upright=0.00±0.00  → FITNESS=0.0183
URDF saved to temp_urdf\being_10708.urdf
Connecting to PyBullet, GUI: False
CreatureEnv Inicijalizacija: 12 motora. OBS_dim=40, frame_skip=1
[Fitness run Gen2Creature17] reward=4.03±5.33  dist=0.22±0.25  upright=0.74±0.26  → FITNESS=0.2469
URDF saved to temp_urdf\being_10708.urdf
Connecting to PyBullet, GUI: False
CreatureEnv Inicijalizacija: 12 motora. OBS_dim=40, frame_skip=1
[Fitness run Gen2Creature18] reward=1.42±0.48  dist=0.14±0.34  upright=0.90±0.30  → FITNESS=0.2918
URDF saved to temp_urdf\being_10708.urdf
Connecting to PyBullet, GUI: False
CreatureEnv Inicijalizacija: 12 motora. OBS_dim=40, frame_skip=1
[Fitness run Gen2Creature19] reward=2.03±0.14  dist=0.02±0.06  upright=0.91±0.28  → FITNESS=0.2908
URDF saved to temp_urdf\being_10708.urdf
Connecting to PyBullet, GUI: False
CreatureEnv Inicijalizacija: 12 motora. OBS_dim=40, frame_skip=1
[Fitness run Gen2Creature20] reward=1.59±0.00  dist=0.00±0.01  upright=0.00±0.01  → FITNESS=0.0193
URDF saved to temp_urdf\being_10708.urdf
Connecting to PyBullet, GUI: False
CreatureEnv Inicijalizacija: 12 motora. OBS_dim=40, frame_skip=1
[Fitness run Gen2Creature21] reward=1.43±0.50  dist=0.39±0.05  upright=0.15±0.05  → FITNESS=0.0726
URDF saved to temp_urdf\being_10708.urdf
Connecting to PyBullet, GUI: False
CreatureEnv Inicijalizacija: 12 motora. OBS_dim=40, frame_skip=1
[Fitness run Gen2Creature22] reward=1.27±0.42  dist=0.03±0.07  upright=0.24±0.07  → FITNESS=0.0907
URDF saved to temp_urdf\being_10708.urdf
Connecting to PyBullet, GUI: False
CreatureEnv Inicijalizacija: 12 motora. OBS_dim=40, frame_skip=1
[Fitness run Gen2Creature23] reward=1.92±0.09  dist=0.00±0.00  upright=0.90±0.29  → FITNESS=0.2893
URDF saved to temp_urdf\being_10708.urdf
Connecting to PyBullet, GUI: False
CreatureEnv Inicijalizacija: 12 motora. OBS_dim=40, frame_skip=1
[Fitness run Gen2Creature24] reward=1.00±0.19  dist=0.00±0.00  upright=0.05±0.06  → FITNESS=0.0318
URDF saved to temp_urdf\being_10708.urdf
Connecting to PyBullet, GUI: False
CreatureEnv Inicijalizacija: 12 motora. OBS_dim=40, frame_skip=1
[Fitness run Gen2Creature25] reward=1.50±0.68  dist=0.28±0.60  upright=0.11±0.04  → FITNESS=0.0581
URDF saved to temp_urdf\being_10708.urdf
Connecting to PyBullet, GUI: False
CreatureEnv Inicijalizacija: 12 motora. OBS_dim=40, frame_skip=1
[Fitness run Gen2Creature26] reward=1.69±0.03  dist=0.00±0.00  upright=0.00±0.00  → FITNESS=0.0183
URDF saved to temp_urdf\being_10708.urdf
Connecting to PyBullet, GUI: False
CreatureEnv Inicijalizacija: 12 motora. OBS_dim=40, frame_skip=1
[Fitness run Gen2Creature27] reward=1.80±0.27  dist=0.32±0.94  upright=0.05±0.02  → FITNESS=0.0427
URDF saved to temp_urdf\being_10708.urdf
Connecting to PyBullet, GUI: False
CreatureEnv Inicijalizacija: 12 motora. OBS_dim=40, frame_skip=1
[Fitness run Gen2Creature28] reward=1.32±0.38  dist=0.48±0.46  upright=0.39±0.22  → FITNESS=0.1485
URDF saved to temp_urdf\being_10708.urdf
Connecting to PyBullet, GUI: False
CreatureEnv Inicijalizacija: 12 motora. OBS_dim=40, frame_skip=1
[Fitness run Gen2Creature29] reward=1.70±0.32  dist=0.49±0.22  upright=0.00±0.00  → FITNESS=0.0307

==================================================
Generacija 2/20  |  Best = 0.3317  |  Mean = 0.1182  |  Std = 0.1108
==================================================
URDF saved to temp_urdf\being_10708.urdf
Connecting to PyBullet, GUI: False
CreatureEnv Inicijalizacija: 12 motora. OBS_dim=40, frame_skip=1
[Fitness run Gen2Creature2] reward=0.74±0.16  dist=0.05±0.14  upright=0.01±0.04  → FITNESS=0.0233
URDF saved to temp_urdf\being_10708.urdf
Connecting to PyBullet, GUI: False
CreatureEnv Inicijalizacija: 12 motora. OBS_dim=40, frame_skip=1
[Fitness run Gen2Creature3] reward=1.43±0.14  dist=0.39±0.17  upright=0.47±0.09  → FITNESS=0.1704
URDF saved to temp_urdf\being_10708.urdf
Connecting to PyBullet, GUI: False
CreatureEnv Inicijalizacija: 12 motora. OBS_dim=40, frame_skip=1
[Fitness run Gen2Creature4] reward=1.03±0.53  dist=0.54±0.44  upright=0.16±0.07  → FITNESS=0.0802
URDF saved to temp_urdf\being_10708.urdf
Connecting to PyBullet, GUI: False
CreatureEnv Inicijalizacija: 12 motora. OBS_dim=40, frame_skip=1
[Fitness run Gen2Creature5] reward=1.63±0.13  dist=0.10±0.07  upright=0.90±0.30  → FITNESS=0.2909
URDF saved to temp_urdf\being_10708.urdf
Connecting to PyBullet, GUI: False
CreatureEnv Inicijalizacija: 12 motora. OBS_dim=40, frame_skip=1
[Fitness run Gen2Creature6] reward=1.74±0.02  dist=0.00±0.00  upright=0.02±0.05  → FITNESS=0.0232
URDF saved to temp_urdf\being_10708.urdf
Connecting to PyBullet, GUI: False
CreatureEnv Inicijalizacija: 12 motora. OBS_dim=40, frame_skip=1
[Fitness run Gen2Creature7] reward=1.73±0.00  dist=0.00±0.00  upright=0.01±0.02  → FITNESS=0.0203
URDF saved to temp_urdf\being_10708.urdf
Connecting to PyBullet, GUI: False
CreatureEnv Inicijalizacija: 12 motora. OBS_dim=40, frame_skip=1
[Fitness run Gen2Creature8] reward=1.33±0.61  dist=0.00±0.01  upright=0.00±0.00  → FITNESS=0.0184
URDF saved to temp_urdf\being_10708.urdf
Connecting to PyBullet, GUI: False
CreatureEnv Inicijalizacija: 12 motora. OBS_dim=40, frame_skip=1
[Fitness run Gen2Creature9] reward=1.45±0.15  dist=0.00±0.00  upright=0.18±0.06  → FITNESS=0.0735
URDF saved to temp_urdf\being_10708.urdf
Connecting to PyBullet, GUI: False
CreatureEnv Inicijalizacija: 12 motora. OBS_dim=40, frame_skip=1
[Fitness run Gen2Creature10] reward=1.61±0.03  dist=0.00±0.01  upright=0.02±0.06  → FITNESS=0.0243
URDF saved to temp_urdf\being_10708.urdf
Connecting to PyBullet, GUI: False
CreatureEnv Inicijalizacija: 12 motora. OBS_dim=40, frame_skip=1
[Fitness run Gen2Creature11] reward=1.66±0.01  dist=0.00±0.00  upright=0.02±0.05  → FITNESS=0.0232
URDF saved to temp_urdf\being_10708.urdf
Connecting to PyBullet, GUI: False
CreatureEnv Inicijalizacija: 12 motora. OBS_dim=40, frame_skip=1
[Fitness run Gen2Creature12] reward=503.04±501.88  dist=0.03±0.03  upright=0.89±0.11  → FITNESS=0.3317
URDF saved to temp_urdf\being_10708.urdf
Connecting to PyBullet, GUI: False
CreatureEnv Inicijalizacija: 12 motora. OBS_dim=40, frame_skip=1
[Fitness run Gen2Creature13] reward=1.56±0.03  dist=0.48±0.05  upright=0.15±0.02  → FITNESS=0.0758
URDF saved to temp_urdf\being_10708.urdf
Connecting to PyBullet, GUI: False
CreatureEnv Inicijalizacija: 12 motora. OBS_dim=40, frame_skip=1
[Fitness run Gen2Creature14] reward=1.43±0.39  dist=0.04±0.12  upright=0.08±0.03  → FITNESS=0.0445
URDF saved to temp_urdf\being_10708.urdf
Connecting to PyBullet, GUI: False
CreatureEnv Inicijalizacija: 12 motora. OBS_dim=40, frame_skip=1
[Fitness run Gen2Creature15] reward=1.61±0.30  dist=0.01±0.01  upright=0.31±0.11  → FITNESS=0.1114
URDF saved to temp_urdf\being_10708.urdf
Connecting to PyBullet, GUI: False
CreatureEnv Inicijalizacija: 12 motora. OBS_dim=40, frame_skip=1
[Fitness run Gen2Creature16] reward=1.80±0.17  dist=0.00±0.00  upright=0.00±0.00  → FITNESS=0.0183
URDF saved to temp_urdf\being_10708.urdf
Connecting to PyBullet, GUI: False
CreatureEnv Inicijalizacija: 12 motora. OBS_dim=40, frame_skip=1
[Fitness run Gen2Creature17] reward=4.03±5.33  dist=0.22±0.25  upright=0.74±0.26  → FITNESS=0.2469
URDF saved to temp_urdf\being_10708.urdf
Connecting to PyBullet, GUI: False
CreatureEnv Inicijalizacija: 12 motora. OBS_dim=40, frame_skip=1
[Fitness run Gen2Creature18] reward=1.42±0.48  dist=0.14±0.34  upright=0.90±0.30  → FITNESS=0.2918
URDF saved to temp_urdf\being_10708.urdf
Connecting to PyBullet, GUI: False
CreatureEnv Inicijalizacija: 12 motora. OBS_dim=40, frame_skip=1
[Fitness run Gen2Creature19] reward=2.03±0.14  dist=0.02±0.06  upright=0.91±0.28  → FITNESS=0.2908
URDF saved to temp_urdf\being_10708.urdf
Connecting to PyBullet, GUI: False
CreatureEnv Inicijalizacija: 12 motora. OBS_dim=40, frame_skip=1
[Fitness run Gen2Creature20] reward=1.59±0.00  dist=0.00±0.01  upright=0.00±0.01  → FITNESS=0.0193
URDF saved to temp_urdf\being_10708.urdf
Connecting to PyBullet, GUI: False
CreatureEnv Inicijalizacija: 12 motora. OBS_dim=40, frame_skip=1
[Fitness run Gen2Creature21] reward=1.43±0.50  dist=0.39±0.05  upright=0.15±0.05  → FITNESS=0.0726
URDF saved to temp_urdf\being_10708.urdf
Connecting to PyBullet, GUI: False
CreatureEnv Inicijalizacija: 12 motora. OBS_dim=40, frame_skip=1
[Fitness run Gen2Creature22] reward=1.27±0.42  dist=0.03±0.07  upright=0.24±0.07  → FITNESS=0.0907
URDF saved to temp_urdf\being_10708.urdf
Connecting to PyBullet, GUI: False
CreatureEnv Inicijalizacija: 12 motora. OBS_dim=40, frame_skip=1
[Fitness run Gen2Creature23] reward=1.92±0.09  dist=0.00±0.00  upright=0.90±0.29  → FITNESS=0.2893
URDF saved to temp_urdf\being_10708.urdf
Connecting to PyBullet, GUI: False
CreatureEnv Inicijalizacija: 12 motora. OBS_dim=40, frame_skip=1
[Fitness run Gen2Creature24] reward=1.00±0.19  dist=0.00±0.00  upright=0.05±0.06  → FITNESS=0.0318
URDF saved to temp_urdf\being_10708.urdf
Connecting to PyBullet, GUI: False
CreatureEnv Inicijalizacija: 12 motora. OBS_dim=40, frame_skip=1
[Fitness run Gen2Creature25] reward=1.50±0.68  dist=0.28±0.60  upright=0.11±0.04  → FITNESS=0.0581
URDF saved to temp_urdf\being_10708.urdf
Connecting to PyBullet, GUI: False
CreatureEnv Inicijalizacija: 12 motora. OBS_dim=40, frame_skip=1
[Fitness run Gen2Creature26] reward=1.69±0.03  dist=0.00±0.00  upright=0.00±0.00  → FITNESS=0.0183
URDF saved to temp_urdf\being_10708.urdf
Connecting to PyBullet, GUI: False
CreatureEnv Inicijalizacija: 12 motora. OBS_dim=40, frame_skip=1
[Fitness run Gen2Creature27] reward=1.80±0.27  dist=0.32±0.94  upright=0.05±0.02  → FITNESS=0.0427
URDF saved to temp_urdf\being_10708.urdf
Connecting to PyBullet, GUI: False
CreatureEnv Inicijalizacija: 12 motora. OBS_dim=40, frame_skip=1
[Fitness run Gen2Creature28] reward=1.32±0.38  dist=0.48±0.46  upright=0.39±0.22  → FITNESS=0.1485
URDF saved to temp_urdf\being_10708.urdf
Connecting to PyBullet, GUI: False
CreatureEnv Inicijalizacija: 12 motora. OBS_dim=40, frame_skip=1
[Fitness run Gen2Creature29] reward=1.70±0.32  dist=0.49±0.22  upright=0.00±0.00  → FITNESS=0.0307
Genome saved to results\distanceBased500Steps5DifferentSeeds\run_2\run_2_best_creature.json
[plot] Summary saved → results\distanceBased500Steps5DifferentSeeds\run_2\run_2_summary.png
URDF saved to temp_urdf\being_10708.urdf
Connecting to PyBullet, GUI: False
CreatureEnv Inicijalizacija: 12 motora. OBS_dim=40, frame_skip=1
[Fitness run Gen3Creature2] reward=1.24±0.24  dist=0.00±0.00  upright=0.08±0.03  → FITNESS=0.0415
URDF saved to temp_urdf\being_10708.urdf
Connecting to PyBullet, GUI: False
CreatureEnv Inicijalizacija: 12 motora. OBS_dim=40, frame_skip=1
[Fitness run Gen3Creature3] reward=1.46±0.34  dist=0.04±0.08  upright=0.22±0.08  → FITNESS=0.0862
URDF saved to temp_urdf\being_10708.urdf
Connecting to PyBullet, GUI: False
CreatureEnv Inicijalizacija: 12 motora. OBS_dim=40, frame_skip=1
[Fitness run Gen3Creature4] reward=221.07±430.54  dist=0.10±0.10  upright=0.86±0.29  → FITNESS=0.2985
URDF saved to temp_urdf\being_10708.urdf
Connecting to PyBullet, GUI: False
CreatureEnv Inicijalizacija: 12 motora. OBS_dim=40, frame_skip=1
[Fitness run Gen3Creature5] reward=1.90±0.05  dist=0.07±0.02  upright=1.00±0.01  → FITNESS=0.3191
URDF saved to temp_urdf\being_10708.urdf
Connecting to PyBullet, GUI: False
CreatureEnv Inicijalizacija: 12 motora. OBS_dim=40, frame_skip=1
[Fitness run Gen3Creature6] reward=1.72±0.12  dist=0.05±0.15  upright=0.99±0.04  → FITNESS=0.3157
URDF saved to temp_urdf\being_10708.urdf
Connecting to PyBullet, GUI: False
CreatureEnv Inicijalizacija: 12 motora. OBS_dim=40, frame_skip=1
[Fitness run Gen3Creature7] reward=1.01±0.51  dist=0.38±0.64  upright=0.27±0.09  → FITNESS=0.1091
URDF saved to temp_urdf\being_10708.urdf
Connecting to PyBullet, GUI: False
CreatureEnv Inicijalizacija: 12 motora. OBS_dim=40, frame_skip=1
[Fitness run Gen3Creature8] reward=1.61±0.03  dist=0.03±0.09  upright=0.90±0.30  → FITNESS=0.2891
URDF saved to temp_urdf\being_10708.urdf
Connecting to PyBullet, GUI: False
CreatureEnv Inicijalizacija: 12 motora. OBS_dim=40, frame_skip=1
[Fitness run Gen3Creature9] reward=1.53±0.03  dist=0.00±0.00  upright=0.00±0.00  → FITNESS=0.0183
URDF saved to temp_urdf\being_10708.urdf
Connecting to PyBullet, GUI: False
CreatureEnv Inicijalizacija: 12 motora. OBS_dim=40, frame_skip=1
[Fitness run Gen3Creature10] reward=1.61±0.01  dist=0.00±0.01  upright=0.00±0.00  → FITNESS=0.0184
URDF saved to temp_urdf\being_10708.urdf
Connecting to PyBullet, GUI: False
CreatureEnv Inicijalizacija: 12 motora. OBS_dim=40, frame_skip=1
[Fitness run Gen3Creature11] reward=1.65±0.01  dist=0.00±0.00  upright=0.01±0.02  → FITNESS=0.0203
URDF saved to temp_urdf\being_10708.urdf
Connecting to PyBullet, GUI: False
CreatureEnv Inicijalizacija: 12 motora. OBS_dim=40, frame_skip=1
[Fitness run Gen3Creature12] reward=1.40±0.37  dist=0.02±0.03  upright=0.11±0.02  → FITNESS=0.0517
URDF saved to temp_urdf\being_10708.urdf
Connecting to PyBullet, GUI: False
CreatureEnv Inicijalizacija: 12 motora. OBS_dim=40, frame_skip=1
[Fitness run Gen3Creature13] reward=1.71±0.26  dist=0.14±0.05  upright=0.80±0.29  → FITNESS=0.2618
URDF saved to temp_urdf\being_10708.urdf
Connecting to PyBullet, GUI: False
CreatureEnv Inicijalizacija: 12 motora. OBS_dim=40, frame_skip=1
[Fitness run Gen3Creature14] reward=1.99±0.01  dist=0.00±0.00  upright=1.00±0.00  → FITNESS=0.3184
URDF saved to temp_urdf\being_10708.urdf
Connecting to PyBullet, GUI: False
CreatureEnv Inicijalizacija: 12 motora. OBS_dim=40, frame_skip=1
[Fitness run Gen3Creature15] reward=1.98±0.01  dist=0.04±0.11  upright=0.99±0.02  → FITNESS=0.3174
URDF saved to temp_urdf\being_10708.urdf
Connecting to PyBullet, GUI: False
CreatureEnv Inicijalizacija: 12 motora. OBS_dim=40, frame_skip=1
[Fitness run Gen3Creature16] reward=-0.12±0.34  dist=0.00±0.01  upright=0.25±0.04  → FITNESS=0.0938
URDF saved to temp_urdf\being_10708.urdf
Connecting to PyBullet, GUI: False
CreatureEnv Inicijalizacija: 12 motora. OBS_dim=40, frame_skip=1
[Fitness run Gen3Creature17] reward=-0.02±0.40  dist=0.25±0.47  upright=0.12±0.04  → FITNESS=0.0611
URDF saved to temp_urdf\being_10708.urdf
Connecting to PyBullet, GUI: False
CreatureEnv Inicijalizacija: 12 motora. OBS_dim=40, frame_skip=1
[Fitness run Gen3Creature18] reward=-0.41±0.14  dist=0.18±0.17  upright=0.07±0.02  → FITNESS=0.0441
URDF saved to temp_urdf\being_10708.urdf
Connecting to PyBullet, GUI: False
CreatureEnv Inicijalizacija: 12 motora. OBS_dim=40, frame_skip=1
[Fitness run Gen3Creature19] reward=0.62±0.01  dist=0.00±0.00  upright=0.00±0.00  → FITNESS=0.0182
URDF saved to temp_urdf\being_10708.urdf
Connecting to PyBullet, GUI: False
CreatureEnv Inicijalizacija: 12 motora. OBS_dim=40, frame_skip=1
[Fitness run Gen3Creature20] reward=1.58±0.17  dist=0.42±0.14  upright=0.00±0.00  → FITNESS=0.0289
URDF saved to temp_urdf\being_10708.urdf
Connecting to PyBullet, GUI: False
CreatureEnv Inicijalizacija: 12 motora. OBS_dim=40, frame_skip=1
[Fitness run Gen3Creature21] reward=1.79±0.78  dist=0.28±0.64  upright=0.90±0.29  → FITNESS=0.2962
URDF saved to temp_urdf\being_10708.urdf
Connecting to PyBullet, GUI: False
CreatureEnv Inicijalizacija: 12 motora. OBS_dim=40, frame_skip=1
[Fitness run Gen3Creature22] reward=0.73±0.23  dist=0.19±0.56  upright=0.01±0.02  → FITNESS=0.0268
URDF saved to temp_urdf\being_10708.urdf
Connecting to PyBullet, GUI: False
CreatureEnv Inicijalizacija: 12 motora. OBS_dim=40, frame_skip=1
[Fitness run Gen3Creature23] reward=1.11±0.15  dist=0.00±0.00  upright=0.02±0.05  → FITNESS=0.0231
URDF saved to temp_urdf\being_10708.urdf
Connecting to PyBullet, GUI: False
CreatureEnv Inicijalizacija: 12 motora. OBS_dim=40, frame_skip=1
[Fitness run Gen3Creature24] reward=1.40±0.05  dist=0.00±0.00  upright=0.15±0.06  → FITNESS=0.0628
URDF saved to temp_urdf\being_10708.urdf
Connecting to PyBullet, GUI: False
CreatureEnv Inicijalizacija: 12 motora. OBS_dim=40, frame_skip=1
[Fitness run Gen3Creature25] reward=1.69±0.00  dist=0.00±0.00  upright=0.03±0.01  → FITNESS=0.0270
URDF saved to temp_urdf\being_10708.urdf
Connecting to PyBullet, GUI: False
CreatureEnv Inicijalizacija: 12 motora. OBS_dim=40, frame_skip=1
[Fitness run Gen3Creature26] reward=1.85±0.14  dist=0.07±0.06  upright=0.90±0.30  → FITNESS=0.2900
URDF saved to temp_urdf\being_10708.urdf
Connecting to PyBullet, GUI: False
CreatureEnv Inicijalizacija: 12 motora. OBS_dim=40, frame_skip=1
[Fitness run Gen3Creature27] reward=0.62±0.74  dist=0.23±0.63  upright=0.46±0.32  → FITNESS=0.1634
URDF saved to temp_urdf\being_10708.urdf
Connecting to PyBullet, GUI: False
CreatureEnv Inicijalizacija: 12 motora. OBS_dim=40, frame_skip=1
[Fitness run Gen3Creature28] reward=1.29±0.12  dist=0.00±0.00  upright=0.03±0.10  → FITNESS=0.0280
URDF saved to temp_urdf\being_10708.urdf
Connecting to PyBullet, GUI: False
CreatureEnv Inicijalizacija: 12 motora. OBS_dim=40, frame_skip=1
[Fitness run Gen3Creature29] reward=1.63±0.21  dist=0.08±0.15  upright=0.40±0.10  → FITNESS=0.1403

==================================================
Generacija 3/20  |  Best = 0.3317  |  Mean = 0.1466  |  Std = 0.1243
==================================================
URDF saved to temp_urdf\being_10708.urdf
Connecting to PyBullet, GUI: False
CreatureEnv Inicijalizacija: 12 motora. OBS_dim=40, frame_skip=1
[Fitness run Gen3Creature2] reward=1.24±0.24  dist=0.00±0.00  upright=0.08±0.03  → FITNESS=0.0415
URDF saved to temp_urdf\being_10708.urdf
Connecting to PyBullet, GUI: False
CreatureEnv Inicijalizacija: 12 motora. OBS_dim=40, frame_skip=1
[Fitness run Gen3Creature3] reward=1.46±0.34  dist=0.04±0.08  upright=0.22±0.08  → FITNESS=0.0862
URDF saved to temp_urdf\being_10708.urdf
Connecting to PyBullet, GUI: False
CreatureEnv Inicijalizacija: 12 motora. OBS_dim=40, frame_skip=1
[Fitness run Gen3Creature4] reward=221.07±430.54  dist=0.10±0.10  upright=0.86±0.29  → FITNESS=0.2985
URDF saved to temp_urdf\being_10708.urdf
Connecting to PyBullet, GUI: False
CreatureEnv Inicijalizacija: 12 motora. OBS_dim=40, frame_skip=1
[Fitness run Gen3Creature5] reward=1.90±0.05  dist=0.07±0.02  upright=1.00±0.01  → FITNESS=0.3191
URDF saved to temp_urdf\being_10708.urdf
Connecting to PyBullet, GUI: False
CreatureEnv Inicijalizacija: 12 motora. OBS_dim=40, frame_skip=1
[Fitness run Gen3Creature6] reward=1.72±0.12  dist=0.05±0.15  upright=0.99±0.04  → FITNESS=0.3157
URDF saved to temp_urdf\being_10708.urdf
Connecting to PyBullet, GUI: False
CreatureEnv Inicijalizacija: 12 motora. OBS_dim=40, frame_skip=1
[Fitness run Gen3Creature7] reward=1.01±0.51  dist=0.38±0.64  upright=0.27±0.09  → FITNESS=0.1091
URDF saved to temp_urdf\being_10708.urdf
Connecting to PyBullet, GUI: False
CreatureEnv Inicijalizacija: 12 motora. OBS_dim=40, frame_skip=1
[Fitness run Gen3Creature8] reward=1.61±0.03  dist=0.03±0.09  upright=0.90±0.30  → FITNESS=0.2891
URDF saved to temp_urdf\being_10708.urdf
Connecting to PyBullet, GUI: False
CreatureEnv Inicijalizacija: 12 motora. OBS_dim=40, frame_skip=1
[Fitness run Gen3Creature9] reward=1.53±0.03  dist=0.00±0.00  upright=0.00±0.00  → FITNESS=0.0183
URDF saved to temp_urdf\being_10708.urdf
Connecting to PyBullet, GUI: False
CreatureEnv Inicijalizacija: 12 motora. OBS_dim=40, frame_skip=1
[Fitness run Gen3Creature10] reward=1.61±0.01  dist=0.00±0.01  upright=0.00±0.00  → FITNESS=0.0184
URDF saved to temp_urdf\being_10708.urdf
Connecting to PyBullet, GUI: False
CreatureEnv Inicijalizacija: 12 motora. OBS_dim=40, frame_skip=1
[Fitness run Gen3Creature11] reward=1.65±0.01  dist=0.00±0.00  upright=0.01±0.02  → FITNESS=0.0203
URDF saved to temp_urdf\being_10708.urdf
Connecting to PyBullet, GUI: False
CreatureEnv Inicijalizacija: 12 motora. OBS_dim=40, frame_skip=1
[Fitness run Gen3Creature12] reward=1.40±0.37  dist=0.02±0.03  upright=0.11±0.02  → FITNESS=0.0517
URDF saved to temp_urdf\being_10708.urdf
Connecting to PyBullet, GUI: False
CreatureEnv Inicijalizacija: 12 motora. OBS_dim=40, frame_skip=1
[Fitness run Gen3Creature13] reward=1.71±0.26  dist=0.14±0.05  upright=0.80±0.29  → FITNESS=0.2618
URDF saved to temp_urdf\being_10708.urdf
Connecting to PyBullet, GUI: False
CreatureEnv Inicijalizacija: 12 motora. OBS_dim=40, frame_skip=1
[Fitness run Gen3Creature14] reward=1.99±0.01  dist=0.00±0.00  upright=1.00±0.00  → FITNESS=0.3184
URDF saved to temp_urdf\being_10708.urdf
Connecting to PyBullet, GUI: False
CreatureEnv Inicijalizacija: 12 motora. OBS_dim=40, frame_skip=1
[Fitness run Gen3Creature15] reward=1.98±0.01  dist=0.04±0.11  upright=0.99±0.02  → FITNESS=0.3174
URDF saved to temp_urdf\being_10708.urdf
Connecting to PyBullet, GUI: False
CreatureEnv Inicijalizacija: 12 motora. OBS_dim=40, frame_skip=1
[Fitness run Gen3Creature16] reward=-0.12±0.34  dist=0.00±0.01  upright=0.25±0.04  → FITNESS=0.0938
URDF saved to temp_urdf\being_10708.urdf
Connecting to PyBullet, GUI: False
CreatureEnv Inicijalizacija: 12 motora. OBS_dim=40, frame_skip=1
[Fitness run Gen3Creature17] reward=-0.02±0.40  dist=0.25±0.47  upright=0.12±0.04  → FITNESS=0.0611
URDF saved to temp_urdf\being_10708.urdf
Connecting to PyBullet, GUI: False
CreatureEnv Inicijalizacija: 12 motora. OBS_dim=40, frame_skip=1
[Fitness run Gen3Creature18] reward=-0.41±0.14  dist=0.18±0.17  upright=0.07±0.02  → FITNESS=0.0441
URDF saved to temp_urdf\being_10708.urdf
Connecting to PyBullet, GUI: False
CreatureEnv Inicijalizacija: 12 motora. OBS_dim=40, frame_skip=1
[Fitness run Gen3Creature19] reward=0.62±0.01  dist=0.00±0.00  upright=0.00±0.00  → FITNESS=0.0182
URDF saved to temp_urdf\being_10708.urdf
Connecting to PyBullet, GUI: False
CreatureEnv Inicijalizacija: 12 motora. OBS_dim=40, frame_skip=1
[Fitness run Gen3Creature20] reward=1.58±0.17  dist=0.42±0.14  upright=0.00±0.00  → FITNESS=0.0289
URDF saved to temp_urdf\being_10708.urdf
Connecting to PyBullet, GUI: False
CreatureEnv Inicijalizacija: 12 motora. OBS_dim=40, frame_skip=1
[Fitness run Gen3Creature21] reward=1.79±0.78  dist=0.28±0.64  upright=0.90±0.29  → FITNESS=0.2962
URDF saved to temp_urdf\being_10708.urdf
Connecting to PyBullet, GUI: False
CreatureEnv Inicijalizacija: 12 motora. OBS_dim=40, frame_skip=1
[Fitness run Gen3Creature22] reward=0.73±0.23  dist=0.19±0.56  upright=0.01±0.02  → FITNESS=0.0268
URDF saved to temp_urdf\being_10708.urdf
Connecting to PyBullet, GUI: False
CreatureEnv Inicijalizacija: 12 motora. OBS_dim=40, frame_skip=1
[Fitness run Gen3Creature23] reward=1.11±0.15  dist=0.00±0.00  upright=0.02±0.05  → FITNESS=0.0231
URDF saved to temp_urdf\being_10708.urdf
Connecting to PyBullet, GUI: False
CreatureEnv Inicijalizacija: 12 motora. OBS_dim=40, frame_skip=1
[Fitness run Gen3Creature24] reward=1.40±0.05  dist=0.00±0.00  upright=0.15±0.06  → FITNESS=0.0628
URDF saved to temp_urdf\being_10708.urdf
Connecting to PyBullet, GUI: False
CreatureEnv Inicijalizacija: 12 motora. OBS_dim=40, frame_skip=1
[Fitness run Gen3Creature25] reward=1.69±0.00  dist=0.00±0.00  upright=0.03±0.01  → FITNESS=0.0270
URDF saved to temp_urdf\being_10708.urdf
Connecting to PyBullet, GUI: False
CreatureEnv Inicijalizacija: 12 motora. OBS_dim=40, frame_skip=1
[Fitness run Gen3Creature26] reward=1.85±0.14  dist=0.07±0.06  upright=0.90±0.30  → FITNESS=0.2900
URDF saved to temp_urdf\being_10708.urdf
Connecting to PyBullet, GUI: False
CreatureEnv Inicijalizacija: 12 motora. OBS_dim=40, frame_skip=1
[Fitness run Gen3Creature27] reward=0.62±0.74  dist=0.23±0.63  upright=0.46±0.32  → FITNESS=0.1634
URDF saved to temp_urdf\being_10708.urdf
Connecting to PyBullet, GUI: False
CreatureEnv Inicijalizacija: 12 motora. OBS_dim=40, frame_skip=1
[Fitness run Gen3Creature28] reward=1.29±0.12  dist=0.00±0.00  upright=0.03±0.10  → FITNESS=0.0280
URDF saved to temp_urdf\being_10708.urdf
Connecting to PyBullet, GUI: False
CreatureEnv Inicijalizacija: 12 motora. OBS_dim=40, frame_skip=1
[Fitness run Gen3Creature29] reward=1.63±0.21  dist=0.08±0.15  upright=0.40±0.10  → FITNESS=0.1403
Genome saved to results\distanceBased500Steps5DifferentSeeds\run_2\run_2_best_creature.json
[plot] Summary saved → results\distanceBased500Steps5DifferentSeeds\run_2\run_2_summary.png
URDF saved to temp_urdf\being_10708.urdf
Connecting to PyBullet, GUI: False
CreatureEnv Inicijalizacija: 12 motora. OBS_dim=40, frame_skip=1
[Fitness run Gen4Creature2] reward=1.67±0.16  dist=0.04±0.13  upright=0.17±0.04  → FITNESS=0.0697
URDF saved to temp_urdf\being_10708.urdf
Connecting to PyBullet, GUI: False
CreatureEnv Inicijalizacija: 12 motora. OBS_dim=40, frame_skip=1
[Fitness run Gen4Creature3] reward=1.56±0.02  dist=0.00±0.01  upright=0.89±0.30  → FITNESS=0.2855
URDF saved to temp_urdf\being_10708.urdf
Connecting to PyBullet, GUI: False
CreatureEnv Inicijalizacija: 12 motora. OBS_dim=40, frame_skip=1
[Fitness run Gen4Creature4] reward=1.26±0.22  dist=0.04±0.12  upright=0.90±0.30  → FITNESS=0.2893
URDF saved to temp_urdf\being_10708.urdf
Connecting to PyBullet, GUI: False
CreatureEnv Inicijalizacija: 12 motora. OBS_dim=40, frame_skip=1
[Fitness run Gen4Creature5] reward=1.49±0.51  dist=0.06±0.18  upright=0.09±0.03  → FITNESS=0.0459
URDF saved to temp_urdf\being_10708.urdf
Connecting to PyBullet, GUI: False
CreatureEnv Inicijalizacija: 12 motora. OBS_dim=40, frame_skip=1
[Fitness run Gen4Creature6] reward=1.50±0.07  dist=0.08±0.23  upright=0.13±0.05  → FITNESS=0.0590
URDF saved to temp_urdf\being_10708.urdf
Connecting to PyBullet, GUI: False
CreatureEnv Inicijalizacija: 12 motora. OBS_dim=40, frame_skip=1
[Fitness run Gen4Creature7] reward=1.55±0.08  dist=0.04±0.01  upright=0.07±0.20  → FITNESS=0.0396
URDF saved to temp_urdf\being_10708.urdf
Connecting to PyBullet, GUI: False
CreatureEnv Inicijalizacija: 12 motora. OBS_dim=40, frame_skip=1
[Fitness run Gen4Creature8] reward=1.46±0.01  dist=0.00±0.00  upright=0.25±0.02  → FITNESS=0.0938
URDF saved to temp_urdf\being_10708.urdf
Connecting to PyBullet, GUI: False
CreatureEnv Inicijalizacija: 12 motora. OBS_dim=40, frame_skip=1
[Fitness run Gen4Creature9] reward=1.55±0.05  dist=0.00±0.00  upright=0.09±0.03  → FITNESS=0.0464
URDF saved to temp_urdf\being_10708.urdf
Connecting to PyBullet, GUI: False
CreatureEnv Inicijalizacija: 12 motora. OBS_dim=40, frame_skip=1
[Fitness run Gen4Creature10] reward=1.84±0.11  dist=0.06±0.19  upright=0.90±0.30  → FITNESS=0.2899
URDF saved to temp_urdf\being_10708.urdf
Connecting to PyBullet, GUI: False
CreatureEnv Inicijalizacija: 12 motora. OBS_dim=40, frame_skip=1
[Fitness run Gen4Creature11] reward=1.70±0.00  dist=0.00±0.00  upright=0.00±0.00  → FITNESS=0.0183
URDF saved to temp_urdf\being_10708.urdf
Connecting to PyBullet, GUI: False
CreatureEnv Inicijalizacija: 12 motora. OBS_dim=40, frame_skip=1
[Fitness run Gen4Creature12] reward=1.70±0.01  dist=0.00±0.00  upright=0.04±0.02  → FITNESS=0.0290
URDF saved to temp_urdf\being_10708.urdf
Connecting to PyBullet, GUI: False
CreatureEnv Inicijalizacija: 12 motora. OBS_dim=40, frame_skip=1
[Fitness run Gen4Creature13] reward=0.73±0.38  dist=0.00±0.00  upright=0.00±0.00  → FITNESS=0.0182
URDF saved to temp_urdf\being_10708.urdf
Connecting to PyBullet, GUI: False
CreatureEnv Inicijalizacija: 12 motora. OBS_dim=40, frame_skip=1
[Fitness run Gen4Creature14] reward=1.76±0.05  dist=0.05±0.04  upright=0.36±0.21  → FITNESS=0.1280
URDF saved to temp_urdf\being_10708.urdf
Connecting to PyBullet, GUI: False
CreatureEnv Inicijalizacija: 12 motora. OBS_dim=40, frame_skip=1
[Fitness run Gen4Creature15] reward=0.84±0.42  dist=0.22±0.67  upright=0.06±0.03  → FITNESS=0.0432
URDF saved to temp_urdf\being_10708.urdf
Connecting to PyBullet, GUI: False
CreatureEnv Inicijalizacija: 12 motora. OBS_dim=40, frame_skip=1
[Fitness run Gen4Creature16] reward=1.76±0.73  dist=0.27±0.79  upright=0.90±0.30  → FITNESS=0.2951
URDF saved to temp_urdf\being_10708.urdf
Connecting to PyBullet, GUI: False
CreatureEnv Inicijalizacija: 12 motora. OBS_dim=40, frame_skip=1
[Fitness run Gen4Creature17] reward=1.37±0.36  dist=0.16±0.49  upright=0.00±0.00  → FITNESS=0.0224
URDF saved to temp_urdf\being_10708.urdf
Connecting to PyBullet, GUI: False
CreatureEnv Inicijalizacija: 12 motora. OBS_dim=40, frame_skip=1
[Fitness run Gen4Creature18] reward=1.45±0.14  dist=0.01±0.02  upright=0.40±0.07  → FITNESS=0.1375
URDF saved to temp_urdf\being_10708.urdf
Connecting to PyBullet, GUI: False
CreatureEnv Inicijalizacija: 12 motora. OBS_dim=40, frame_skip=1
[Fitness run Gen4Creature19] reward=773.44±385.84  dist=0.20±0.07  upright=0.90±0.29  → FITNESS=0.3645
URDF saved to temp_urdf\being_10708.urdf
Connecting to PyBullet, GUI: False
CreatureEnv Inicijalizacija: 12 motora. OBS_dim=40, frame_skip=1
[Fitness run Gen4Creature20] reward=1.44±0.03  dist=0.00±0.00  upright=0.26±0.09  → FITNESS=0.0958
URDF saved to temp_urdf\being_10708.urdf
Connecting to PyBullet, GUI: False
CreatureEnv Inicijalizacija: 12 motora. OBS_dim=40, frame_skip=1
[Fitness run Gen4Creature21] reward=7.55±8.60  dist=0.06±0.04  upright=0.94±0.16  → FITNESS=0.3031
URDF saved to temp_urdf\being_10708.urdf
Connecting to PyBullet, GUI: False
CreatureEnv Inicijalizacija: 12 motora. OBS_dim=40, frame_skip=1
[Fitness run Gen4Creature22] reward=1.88±0.07  dist=0.06±0.02  upright=0.90±0.30  → FITNESS=0.2898
URDF saved to temp_urdf\being_10708.urdf
Connecting to PyBullet, GUI: False
CreatureEnv Inicijalizacija: 12 motora. OBS_dim=40, frame_skip=1
[Fitness run Gen4Creature23] reward=1.51±0.19  dist=0.06±0.12  upright=0.13±0.05  → FITNESS=0.0594
URDF saved to temp_urdf\being_10708.urdf
Connecting to PyBullet, GUI: False
CreatureEnv Inicijalizacija: 12 motora. OBS_dim=40, frame_skip=1
[Fitness run Gen4Creature24] reward=1.30±0.00  dist=0.00±0.00  upright=0.12±0.06  → FITNESS=0.0531
URDF saved to temp_urdf\being_10708.urdf
Connecting to PyBullet, GUI: False
CreatureEnv Inicijalizacija: 12 motora. OBS_dim=40, frame_skip=1
[Fitness run Gen4Creature25] reward=1.43±0.58  dist=0.96±0.33  upright=0.14±0.05  → FITNESS=0.0848
URDF saved to temp_urdf\being_10708.urdf
Connecting to PyBullet, GUI: False
CreatureEnv Inicijalizacija: 12 motora. OBS_dim=40, frame_skip=1
[Fitness run Gen4Creature26] reward=1.87±0.30  dist=0.03±0.09  upright=0.12±0.06  → FITNESS=0.0549
URDF saved to temp_urdf\being_10708.urdf
Connecting to PyBullet, GUI: False
CreatureEnv Inicijalizacija: 12 motora. OBS_dim=40, frame_skip=1
[Fitness run Gen4Creature27] reward=1.86±0.09  dist=0.00±0.01  upright=0.94±0.19  → FITNESS=0.2991
URDF saved to temp_urdf\being_10708.urdf
Connecting to PyBullet, GUI: False
CreatureEnv Inicijalizacija: 12 motora. OBS_dim=40, frame_skip=1
[Fitness run Gen4Creature28] reward=1.91±0.23  dist=0.11±0.04  upright=0.24±0.08  → FITNESS=0.0917
URDF saved to temp_urdf\being_10708.urdf
Connecting to PyBullet, GUI: False
CreatureEnv Inicijalizacija: 12 motora. OBS_dim=40, frame_skip=1
[Fitness run Gen4Creature29] reward=1.65±0.19  dist=0.00±0.00  upright=0.09±0.10  → FITNESS=0.0464

==================================================
Generacija 4/20  |  Best = 0.3645  |  Mean = 0.1435  |  Std = 0.1193
==================================================
URDF saved to temp_urdf\being_10708.urdf
Connecting to PyBullet, GUI: False
CreatureEnv Inicijalizacija: 12 motora. OBS_dim=40, frame_skip=1
[Fitness run Gen4Creature2] reward=1.67±0.16  dist=0.04±0.13  upright=0.17±0.04  → FITNESS=0.0697
URDF saved to temp_urdf\being_10708.urdf
Connecting to PyBullet, GUI: False
CreatureEnv Inicijalizacija: 12 motora. OBS_dim=40, frame_skip=1
[Fitness run Gen4Creature3] reward=1.56±0.02  dist=0.00±0.01  upright=0.89±0.30  → FITNESS=0.2855
URDF saved to temp_urdf\being_10708.urdf
Connecting to PyBullet, GUI: False
CreatureEnv Inicijalizacija: 12 motora. OBS_dim=40, frame_skip=1
[Fitness run Gen4Creature4] reward=1.26±0.22  dist=0.04±0.12  upright=0.90±0.30  → FITNESS=0.2893
URDF saved to temp_urdf\being_10708.urdf
Connecting to PyBullet, GUI: False
CreatureEnv Inicijalizacija: 12 motora. OBS_dim=40, frame_skip=1
[Fitness run Gen4Creature5] reward=1.49±0.51  dist=0.06±0.18  upright=0.09±0.03  → FITNESS=0.0459
URDF saved to temp_urdf\being_10708.urdf
Connecting to PyBullet, GUI: False
CreatureEnv Inicijalizacija: 12 motora. OBS_dim=40, frame_skip=1
[Fitness run Gen4Creature6] reward=1.50±0.07  dist=0.08±0.23  upright=0.13±0.05  → FITNESS=0.0590
URDF saved to temp_urdf\being_10708.urdf
Connecting to PyBullet, GUI: False
CreatureEnv Inicijalizacija: 12 motora. OBS_dim=40, frame_skip=1
[Fitness run Gen4Creature7] reward=1.55±0.08  dist=0.04±0.01  upright=0.07±0.20  → FITNESS=0.0396
URDF saved to temp_urdf\being_10708.urdf
Connecting to PyBullet, GUI: False
CreatureEnv Inicijalizacija: 12 motora. OBS_dim=40, frame_skip=1
[Fitness run Gen4Creature8] reward=1.46±0.01  dist=0.00±0.00  upright=0.25±0.02  → FITNESS=0.0938
URDF saved to temp_urdf\being_10708.urdf
Connecting to PyBullet, GUI: False
CreatureEnv Inicijalizacija: 12 motora. OBS_dim=40, frame_skip=1
[Fitness run Gen4Creature9] reward=1.55±0.05  dist=0.00±0.00  upright=0.09±0.03  → FITNESS=0.0464
URDF saved to temp_urdf\being_10708.urdf
Connecting to PyBullet, GUI: False
CreatureEnv Inicijalizacija: 12 motora. OBS_dim=40, frame_skip=1
[Fitness run Gen4Creature10] reward=1.84±0.11  dist=0.06±0.19  upright=0.90±0.30  → FITNESS=0.2899
URDF saved to temp_urdf\being_10708.urdf
Connecting to PyBullet, GUI: False
CreatureEnv Inicijalizacija: 12 motora. OBS_dim=40, frame_skip=1
[Fitness run Gen4Creature11] reward=1.70±0.00  dist=0.00±0.00  upright=0.00±0.00  → FITNESS=0.0183
URDF saved to temp_urdf\being_10708.urdf
Connecting to PyBullet, GUI: False
CreatureEnv Inicijalizacija: 12 motora. OBS_dim=40, frame_skip=1
[Fitness run Gen4Creature12] reward=1.70±0.01  dist=0.00±0.00  upright=0.04±0.02  → FITNESS=0.0290
URDF saved to temp_urdf\being_10708.urdf
Connecting to PyBullet, GUI: False
CreatureEnv Inicijalizacija: 12 motora. OBS_dim=40, frame_skip=1
[Fitness run Gen4Creature13] reward=0.73±0.38  dist=0.00±0.00  upright=0.00±0.00  → FITNESS=0.0182
URDF saved to temp_urdf\being_10708.urdf
Connecting to PyBullet, GUI: False
CreatureEnv Inicijalizacija: 12 motora. OBS_dim=40, frame_skip=1
[Fitness run Gen4Creature14] reward=1.76±0.05  dist=0.05±0.04  upright=0.36±0.21  → FITNESS=0.1280
URDF saved to temp_urdf\being_10708.urdf
Connecting to PyBullet, GUI: False
CreatureEnv Inicijalizacija: 12 motora. OBS_dim=40, frame_skip=1
[Fitness run Gen4Creature15] reward=0.84±0.42  dist=0.22±0.67  upright=0.06±0.03  → FITNESS=0.0432
URDF saved to temp_urdf\being_10708.urdf
Connecting to PyBullet, GUI: False
CreatureEnv Inicijalizacija: 12 motora. OBS_dim=40, frame_skip=1
[Fitness run Gen4Creature16] reward=1.76±0.73  dist=0.27±0.79  upright=0.90±0.30  → FITNESS=0.2951
URDF saved to temp_urdf\being_10708.urdf
Connecting to PyBullet, GUI: False
CreatureEnv Inicijalizacija: 12 motora. OBS_dim=40, frame_skip=1
[Fitness run Gen4Creature17] reward=1.37±0.36  dist=0.16±0.49  upright=0.00±0.00  → FITNESS=0.0224
URDF saved to temp_urdf\being_10708.urdf
Connecting to PyBullet, GUI: False
CreatureEnv Inicijalizacija: 12 motora. OBS_dim=40, frame_skip=1
[Fitness run Gen4Creature18] reward=1.45±0.14  dist=0.01±0.02  upright=0.40±0.07  → FITNESS=0.1375
URDF saved to temp_urdf\being_10708.urdf
Connecting to PyBullet, GUI: False
CreatureEnv Inicijalizacija: 12 motora. OBS_dim=40, frame_skip=1
[Fitness run Gen4Creature19] reward=773.44±385.84  dist=0.20±0.07  upright=0.90±0.29  → FITNESS=0.3645
URDF saved to temp_urdf\being_10708.urdf
Connecting to PyBullet, GUI: False
CreatureEnv Inicijalizacija: 12 motora. OBS_dim=40, frame_skip=1
[Fitness run Gen4Creature20] reward=1.44±0.03  dist=0.00±0.00  upright=0.26±0.09  → FITNESS=0.0958
URDF saved to temp_urdf\being_10708.urdf
Connecting to PyBullet, GUI: False
CreatureEnv Inicijalizacija: 12 motora. OBS_dim=40, frame_skip=1
[Fitness run Gen4Creature21] reward=7.55±8.60  dist=0.06±0.04  upright=0.94±0.16  → FITNESS=0.3031
URDF saved to temp_urdf\being_10708.urdf
Connecting to PyBullet, GUI: False
CreatureEnv Inicijalizacija: 12 motora. OBS_dim=40, frame_skip=1
[Fitness run Gen4Creature22] reward=1.88±0.07  dist=0.06±0.02  upright=0.90±0.30  → FITNESS=0.2898
URDF saved to temp_urdf\being_10708.urdf
Connecting to PyBullet, GUI: False
CreatureEnv Inicijalizacija: 12 motora. OBS_dim=40, frame_skip=1
[Fitness run Gen4Creature23] reward=1.51±0.19  dist=0.06±0.12  upright=0.13±0.05  → FITNESS=0.0594
URDF saved to temp_urdf\being_10708.urdf
Connecting to PyBullet, GUI: False
CreatureEnv Inicijalizacija: 12 motora. OBS_dim=40, frame_skip=1
[Fitness run Gen4Creature24] reward=1.30±0.00  dist=0.00±0.00  upright=0.12±0.06  → FITNESS=0.0531
URDF saved to temp_urdf\being_10708.urdf
Connecting to PyBullet, GUI: False
CreatureEnv Inicijalizacija: 12 motora. OBS_dim=40, frame_skip=1
[Fitness run Gen4Creature25] reward=1.43±0.58  dist=0.96±0.33  upright=0.14±0.05  → FITNESS=0.0848
URDF saved to temp_urdf\being_10708.urdf
Connecting to PyBullet, GUI: False
CreatureEnv Inicijalizacija: 12 motora. OBS_dim=40, frame_skip=1
[Fitness run Gen4Creature26] reward=1.87±0.30  dist=0.03±0.09  upright=0.12±0.06  → FITNESS=0.0549
URDF saved to temp_urdf\being_10708.urdf
Connecting to PyBullet, GUI: False
CreatureEnv Inicijalizacija: 12 motora. OBS_dim=40, frame_skip=1
[Fitness run Gen4Creature27] reward=1.86±0.09  dist=0.00±0.01  upright=0.94±0.19  → FITNESS=0.2991
URDF saved to temp_urdf\being_10708.urdf
Connecting to PyBullet, GUI: False
CreatureEnv Inicijalizacija: 12 motora. OBS_dim=40, frame_skip=1
[Fitness run Gen4Creature28] reward=1.91±0.23  dist=0.11±0.04  upright=0.24±0.08  → FITNESS=0.0917
URDF saved to temp_urdf\being_10708.urdf
Connecting to PyBullet, GUI: False
CreatureEnv Inicijalizacija: 12 motora. OBS_dim=40, frame_skip=1
[Fitness run Gen4Creature29] reward=1.65±0.19  dist=0.00±0.00  upright=0.09±0.10  → FITNESS=0.0464
Genome saved to results\distanceBased500Steps5DifferentSeeds\run_2\run_2_best_creature.json
[plot] Summary saved → results\distanceBased500Steps5DifferentSeeds\run_2\run_2_summary.png
URDF saved to temp_urdf\being_10708.urdf
Connecting to PyBullet, GUI: False
CreatureEnv Inicijalizacija: 12 motora. OBS_dim=40, frame_skip=1
[Fitness run Gen5Creature2] reward=1.52±0.04  dist=0.04±0.04  upright=0.15±0.04  → FITNESS=0.0658
URDF saved to temp_urdf\being_10708.urdf
Connecting to PyBullet, GUI: False
CreatureEnv Inicijalizacija: 12 motora. OBS_dim=40, frame_skip=1
[Fitness run Gen5Creature3] reward=1.54±0.02  dist=0.00±0.00  upright=0.25±0.16  → FITNESS=0.0928
URDF saved to temp_urdf\being_10708.urdf
Connecting to PyBullet, GUI: False
CreatureEnv Inicijalizacija: 12 motora. OBS_dim=40, frame_skip=1
[Fitness run Gen5Creature4] reward=873.65±290.77  dist=0.01±0.03  upright=0.90±0.30  → FITNESS=0.3675
URDF saved to temp_urdf\being_10708.urdf
Connecting to PyBullet, GUI: False
CreatureEnv Inicijalizacija: 12 motora. OBS_dim=40, frame_skip=1
[Fitness run Gen5Creature5] reward=1.62±0.29  dist=0.00±0.00  upright=0.05±0.15  → FITNESS=0.0338
URDF saved to temp_urdf\being_10708.urdf
Connecting to PyBullet, GUI: False
CreatureEnv Inicijalizacija: 12 motora. OBS_dim=40, frame_skip=1
[Fitness run Gen5Creature6] reward=1.26±0.26  dist=0.04±0.06  upright=0.11±0.24  → FITNESS=0.0532
URDF saved to temp_urdf\being_10708.urdf
Connecting to PyBullet, GUI: False
CreatureEnv Inicijalizacija: 12 motora. OBS_dim=40, frame_skip=1
[Fitness run Gen5Creature7] reward=1.70±0.08  dist=0.12±0.04  upright=0.90±0.30  → FITNESS=0.2913
URDF saved to temp_urdf\being_10708.urdf
Connecting to PyBullet, GUI: False
CreatureEnv Inicijalizacija: 12 motora. OBS_dim=40, frame_skip=1
[Fitness run Gen5Creature8] reward=1.73±0.07  dist=0.01±0.02  upright=0.34±0.09  → FITNESS=0.1201
URDF saved to temp_urdf\being_10708.urdf
Connecting to PyBullet, GUI: False
CreatureEnv Inicijalizacija: 12 motora. OBS_dim=40, frame_skip=1
[Fitness run Gen5Creature9] reward=84.21±249.45  dist=0.00±0.01  upright=0.36±0.24  → FITNESS=0.1333
URDF saved to temp_urdf\being_10708.urdf
Connecting to PyBullet, GUI: False
CreatureEnv Inicijalizacija: 12 motora. OBS_dim=40, frame_skip=1
[Fitness run Gen5Creature10] reward=1.23±0.32  dist=0.00±0.01  upright=0.24±0.04  → FITNESS=0.0910
URDF saved to temp_urdf\being_10708.urdf
Connecting to PyBullet, GUI: False
CreatureEnv Inicijalizacija: 12 motora. OBS_dim=40, frame_skip=1
[Fitness run Gen5Creature11] reward=608.01±495.25  dist=0.11±0.10  upright=0.85±0.20  → FITNESS=0.3307
URDF saved to temp_urdf\being_10708.urdf
Connecting to PyBullet, GUI: False
CreatureEnv Inicijalizacija: 12 motora. OBS_dim=40, frame_skip=1
[Fitness run Gen5Creature12] reward=1.37±0.37  dist=0.02±0.05  upright=0.01±0.02  → FITNESS=0.0207
URDF saved to temp_urdf\being_10708.urdf
Connecting to PyBullet, GUI: False
CreatureEnv Inicijalizacija: 12 motora. OBS_dim=40, frame_skip=1
[Fitness run Gen5Creature13] reward=1.65±0.02  dist=0.00±0.00  upright=0.17±0.06  → FITNESS=0.0706
URDF saved to temp_urdf\being_10708.urdf
Connecting to PyBullet, GUI: False
CreatureEnv Inicijalizacija: 12 motora. OBS_dim=40, frame_skip=1
[Fitness run Gen5Creature14] reward=1.84±0.15  dist=0.03±0.07  upright=0.49±0.30  → FITNESS=0.1662
URDF saved to temp_urdf\being_10708.urdf
Connecting to PyBullet, GUI: False
CreatureEnv Inicijalizacija: 12 motora. OBS_dim=40, frame_skip=1
[Fitness run Gen5Creature15] reward=1.84±0.11  dist=0.01±0.04  upright=0.20±0.08  → FITNESS=0.0797
URDF saved to temp_urdf\being_10708.urdf
Connecting to PyBullet, GUI: False
CreatureEnv Inicijalizacija: 12 motora. OBS_dim=40, frame_skip=1
[Fitness run Gen5Creature16] reward=1.61±0.10  dist=0.00±0.00  upright=0.14±0.05  → FITNESS=0.0599
URDF saved to temp_urdf\being_10708.urdf
Connecting to PyBullet, GUI: False
CreatureEnv Inicijalizacija: 12 motora. OBS_dim=40, frame_skip=1
[Fitness run Gen5Creature17] reward=1.39±0.04  dist=0.08±0.03  upright=0.00±0.00  → FITNESS=0.0204
URDF saved to temp_urdf\being_10708.urdf
Connecting to PyBullet, GUI: False
CreatureEnv Inicijalizacija: 12 motora. OBS_dim=40, frame_skip=1
[Fitness run Gen5Creature18] reward=3.75±6.52  dist=0.03±0.02  upright=0.25±0.24  → FITNESS=0.0930
URDF saved to temp_urdf\being_10708.urdf
Connecting to PyBullet, GUI: False
CreatureEnv Inicijalizacija: 12 motora. OBS_dim=40, frame_skip=1
[Fitness run Gen5Creature19] reward=100.36±294.99  dist=0.05±0.16  upright=1.00±0.00  → FITNESS=0.3283
URDF saved to temp_urdf\being_10708.urdf
Connecting to PyBullet, GUI: False
CreatureEnv Inicijalizacija: 12 motora. OBS_dim=40, frame_skip=1
[Fitness run Gen5Creature20] reward=0.33±0.29  dist=0.28±0.84  upright=0.40±0.14  → FITNESS=0.1452
URDF saved to temp_urdf\being_10708.urdf
Connecting to PyBullet, GUI: False
CreatureEnv Inicijalizacija: 12 motora. OBS_dim=40, frame_skip=1
[Fitness run Gen5Creature21] reward=1.24±0.34  dist=0.39±0.52  upright=0.00±0.00  → FITNESS=0.0280
URDF saved to temp_urdf\being_10708.urdf
Connecting to PyBullet, GUI: False
CreatureEnv Inicijalizacija: 12 motora. OBS_dim=40, frame_skip=1
[Fitness run Gen5Creature22] reward=1.28±0.25  dist=0.00±0.00  upright=0.11±0.04  → FITNESS=0.0522
URDF saved to temp_urdf\being_10708.urdf
Connecting to PyBullet, GUI: False
CreatureEnv Inicijalizacija: 12 motora. OBS_dim=40, frame_skip=1
[Fitness run Gen5Creature23] reward=1.49±0.03  dist=0.02±0.01  upright=0.03±0.01  → FITNESS=0.0274
URDF saved to temp_urdf\being_10708.urdf
Connecting to PyBullet, GUI: False
CreatureEnv Inicijalizacija: 12 motora. OBS_dim=40, frame_skip=1
[Fitness run Gen5Creature24] reward=1.78±0.08  dist=0.09±0.03  upright=0.03±0.10  → FITNESS=0.0302
URDF saved to temp_urdf\being_10708.urdf
Connecting to PyBullet, GUI: False
CreatureEnv Inicijalizacija: 12 motora. OBS_dim=40, frame_skip=1
[Fitness run Gen5Creature25] reward=1.74±0.08  dist=0.00±0.00  upright=0.18±0.03  → FITNESS=0.0725
URDF saved to temp_urdf\being_10708.urdf
Connecting to PyBullet, GUI: False
CreatureEnv Inicijalizacija: 12 motora. OBS_dim=40, frame_skip=1
[Fitness run Gen5Creature26] reward=2.00±0.15  dist=0.11±0.04  upright=0.90±0.30  → FITNESS=0.2910
URDF saved to temp_urdf\being_10708.urdf
Connecting to PyBullet, GUI: False
CreatureEnv Inicijalizacija: 12 motora. OBS_dim=40, frame_skip=1
[Fitness run Gen5Creature27] reward=1.62±0.03  dist=0.30±0.76  upright=0.17±0.06  → FITNESS=0.0770
URDF saved to temp_urdf\being_10708.urdf
Connecting to PyBullet, GUI: False
CreatureEnv Inicijalizacija: 12 motora. OBS_dim=40, frame_skip=1
[Fitness run Gen5Creature28] reward=1.61±0.20  dist=0.00±0.00  upright=0.60±0.20  → FITNESS=0.1983
URDF saved to temp_urdf\being_10708.urdf
Connecting to PyBullet, GUI: False
CreatureEnv Inicijalizacija: 12 motora. OBS_dim=40, frame_skip=1
[Fitness run Gen5Creature29] reward=0.79±0.04  dist=0.00±0.00  upright=0.22±0.09  → FITNESS=0.0841

==================================================
Generacija 5/20  |  Best = 0.3675  |  Mean = 0.1374  |  Std = 0.1143
==================================================
URDF saved to temp_urdf\being_10708.urdf
Connecting to PyBullet, GUI: False
CreatureEnv Inicijalizacija: 12 motora. OBS_dim=40, frame_skip=1
[Fitness run Gen5Creature2] reward=1.52±0.04  dist=0.04±0.04  upright=0.15±0.04  → FITNESS=0.0658
URDF saved to temp_urdf\being_10708.urdf
Connecting to PyBullet, GUI: False
CreatureEnv Inicijalizacija: 12 motora. OBS_dim=40, frame_skip=1
[Fitness run Gen5Creature3] reward=1.54±0.02  dist=0.00±0.00  upright=0.25±0.16  → FITNESS=0.0928
URDF saved to temp_urdf\being_10708.urdf
Connecting to PyBullet, GUI: False
CreatureEnv Inicijalizacija: 12 motora. OBS_dim=40, frame_skip=1
[Fitness run Gen5Creature4] reward=873.65±290.77  dist=0.01±0.03  upright=0.90±0.30  → FITNESS=0.3675
URDF saved to temp_urdf\being_10708.urdf
Connecting to PyBullet, GUI: False
CreatureEnv Inicijalizacija: 12 motora. OBS_dim=40, frame_skip=1
[Fitness run Gen5Creature5] reward=1.62±0.29  dist=0.00±0.00  upright=0.05±0.15  → FITNESS=0.0338
URDF saved to temp_urdf\being_10708.urdf
Connecting to PyBullet, GUI: False
CreatureEnv Inicijalizacija: 12 motora. OBS_dim=40, frame_skip=1
[Fitness run Gen5Creature6] reward=1.26±0.26  dist=0.04±0.06  upright=0.11±0.24  → FITNESS=0.0532
URDF saved to temp_urdf\being_10708.urdf
Connecting to PyBullet, GUI: False
CreatureEnv Inicijalizacija: 12 motora. OBS_dim=40, frame_skip=1
[Fitness run Gen5Creature7] reward=1.70±0.08  dist=0.12±0.04  upright=0.90±0.30  → FITNESS=0.2913
URDF saved to temp_urdf\being_10708.urdf
Connecting to PyBullet, GUI: False
CreatureEnv Inicijalizacija: 12 motora. OBS_dim=40, frame_skip=1
[Fitness run Gen5Creature8] reward=1.73±0.07  dist=0.01±0.02  upright=0.34±0.09  → FITNESS=0.1201
URDF saved to temp_urdf\being_10708.urdf
Connecting to PyBullet, GUI: False
CreatureEnv Inicijalizacija: 12 motora. OBS_dim=40, frame_skip=1
[Fitness run Gen5Creature9] reward=84.21±249.45  dist=0.00±0.01  upright=0.36±0.24  → FITNESS=0.1333
URDF saved to temp_urdf\being_10708.urdf
Connecting to PyBullet, GUI: False
CreatureEnv Inicijalizacija: 12 motora. OBS_dim=40, frame_skip=1
[Fitness run Gen5Creature10] reward=1.23±0.32  dist=0.00±0.01  upright=0.24±0.04  → FITNESS=0.0910
URDF saved to temp_urdf\being_10708.urdf
Connecting to PyBullet, GUI: False
CreatureEnv Inicijalizacija: 12 motora. OBS_dim=40, frame_skip=1
[Fitness run Gen5Creature11] reward=608.01±495.25  dist=0.11±0.10  upright=0.85±0.20  → FITNESS=0.3307
URDF saved to temp_urdf\being_10708.urdf
Connecting to PyBullet, GUI: False
CreatureEnv Inicijalizacija: 12 motora. OBS_dim=40, frame_skip=1
[Fitness run Gen5Creature12] reward=1.37±0.37  dist=0.02±0.05  upright=0.01±0.02  → FITNESS=0.0207
URDF saved to temp_urdf\being_10708.urdf
Connecting to PyBullet, GUI: False
CreatureEnv Inicijalizacija: 12 motora. OBS_dim=40, frame_skip=1
[Fitness run Gen5Creature13] reward=1.65±0.02  dist=0.00±0.00  upright=0.17±0.06  → FITNESS=0.0706
URDF saved to temp_urdf\being_10708.urdf
Connecting to PyBullet, GUI: False
CreatureEnv Inicijalizacija: 12 motora. OBS_dim=40, frame_skip=1
[Fitness run Gen5Creature14] reward=1.84±0.15  dist=0.03±0.07  upright=0.49±0.30  → FITNESS=0.1662
URDF saved to temp_urdf\being_10708.urdf
Connecting to PyBullet, GUI: False
CreatureEnv Inicijalizacija: 12 motora. OBS_dim=40, frame_skip=1
[Fitness run Gen5Creature15] reward=1.84±0.11  dist=0.01±0.04  upright=0.20±0.08  → FITNESS=0.0797
URDF saved to temp_urdf\being_10708.urdf
Connecting to PyBullet, GUI: False
CreatureEnv Inicijalizacija: 12 motora. OBS_dim=40, frame_skip=1
[Fitness run Gen5Creature16] reward=1.61±0.10  dist=0.00±0.00  upright=0.14±0.05  → FITNESS=0.0599
URDF saved to temp_urdf\being_10708.urdf
Connecting to PyBullet, GUI: False
CreatureEnv Inicijalizacija: 12 motora. OBS_dim=40, frame_skip=1
[Fitness run Gen5Creature17] reward=1.39±0.04  dist=0.08±0.03  upright=0.00±0.00  → FITNESS=0.0204
URDF saved to temp_urdf\being_10708.urdf
Connecting to PyBullet, GUI: False
CreatureEnv Inicijalizacija: 12 motora. OBS_dim=40, frame_skip=1
[Fitness run Gen5Creature18] reward=3.75±6.52  dist=0.03±0.02  upright=0.25±0.24  → FITNESS=0.0930
URDF saved to temp_urdf\being_10708.urdf
Connecting to PyBullet, GUI: False
CreatureEnv Inicijalizacija: 12 motora. OBS_dim=40, frame_skip=1
[Fitness run Gen5Creature19] reward=100.36±294.99  dist=0.05±0.16  upright=1.00±0.00  → FITNESS=0.3283
URDF saved to temp_urdf\being_10708.urdf
Connecting to PyBullet, GUI: False
CreatureEnv Inicijalizacija: 12 motora. OBS_dim=40, frame_skip=1
[Fitness run Gen5Creature20] reward=0.33±0.29  dist=0.28±0.84  upright=0.40±0.14  → FITNESS=0.1452
URDF saved to temp_urdf\being_10708.urdf
Connecting to PyBullet, GUI: False
CreatureEnv Inicijalizacija: 12 motora. OBS_dim=40, frame_skip=1
[Fitness run Gen5Creature21] reward=1.24±0.34  dist=0.39±0.52  upright=0.00±0.00  → FITNESS=0.0280
URDF saved to temp_urdf\being_10708.urdf
Connecting to PyBullet, GUI: False
CreatureEnv Inicijalizacija: 12 motora. OBS_dim=40, frame_skip=1
[Fitness run Gen5Creature22] reward=1.28±0.25  dist=0.00±0.00  upright=0.11±0.04  → FITNESS=0.0522
URDF saved to temp_urdf\being_10708.urdf
Connecting to PyBullet, GUI: False
CreatureEnv Inicijalizacija: 12 motora. OBS_dim=40, frame_skip=1
[Fitness run Gen5Creature23] reward=1.49±0.03  dist=0.02±0.01  upright=0.03±0.01  → FITNESS=0.0274
URDF saved to temp_urdf\being_10708.urdf
Connecting to PyBullet, GUI: False
CreatureEnv Inicijalizacija: 12 motora. OBS_dim=40, frame_skip=1
[Fitness run Gen5Creature24] reward=1.78±0.08  dist=0.09±0.03  upright=0.03±0.10  → FITNESS=0.0302
URDF saved to temp_urdf\being_10708.urdf
Connecting to PyBullet, GUI: False
CreatureEnv Inicijalizacija: 12 motora. OBS_dim=40, frame_skip=1
[Fitness run Gen5Creature25] reward=1.74±0.08  dist=0.00±0.00  upright=0.18±0.03  → FITNESS=0.0725
URDF saved to temp_urdf\being_10708.urdf
Connecting to PyBullet, GUI: False
CreatureEnv Inicijalizacija: 12 motora. OBS_dim=40, frame_skip=1
[Fitness run Gen5Creature26] reward=2.00±0.15  dist=0.11±0.04  upright=0.90±0.30  → FITNESS=0.2910
URDF saved to temp_urdf\being_10708.urdf
Connecting to PyBullet, GUI: False
CreatureEnv Inicijalizacija: 12 motora. OBS_dim=40, frame_skip=1
[Fitness run Gen5Creature27] reward=1.62±0.03  dist=0.30±0.76  upright=0.17±0.06  → FITNESS=0.0770
URDF saved to temp_urdf\being_10708.urdf
Connecting to PyBullet, GUI: False
CreatureEnv Inicijalizacija: 12 motora. OBS_dim=40, frame_skip=1
[Fitness run Gen5Creature28] reward=1.61±0.20  dist=0.00±0.00  upright=0.60±0.20  → FITNESS=0.1983
URDF saved to temp_urdf\being_10708.urdf
Connecting to PyBullet, GUI: False
CreatureEnv Inicijalizacija: 12 motora. OBS_dim=40, frame_skip=1
[Fitness run Gen5Creature29] reward=0.79±0.04  dist=0.00±0.00  upright=0.22±0.09  → FITNESS=0.0841
Genome saved to results\distanceBased500Steps5DifferentSeeds\run_2\run_2_best_creature.json
[plot] Summary saved → results\distanceBased500Steps5DifferentSeeds\run_2\run_2_summary.png
URDF saved to temp_urdf\being_10708.urdf
Connecting to PyBullet, GUI: False
CreatureEnv Inicijalizacija: 12 motora. OBS_dim=40, frame_skip=1
[Fitness run Gen6Creature2] reward=1.91±0.10  dist=0.00±0.00  upright=0.06±0.02  → FITNESS=0.0358
URDF saved to temp_urdf\being_10708.urdf
Connecting to PyBullet, GUI: False
CreatureEnv Inicijalizacija: 12 motora. OBS_dim=40, frame_skip=1
[Fitness run Gen6Creature3] reward=1.52±0.10  dist=0.00±0.00  upright=0.13±0.05  → FITNESS=0.0580
URDF saved to temp_urdf\being_10708.urdf
Connecting to PyBullet, GUI: False
CreatureEnv Inicijalizacija: 12 motora. OBS_dim=40, frame_skip=1
[Fitness run Gen6Creature4] reward=952.41±316.96  dist=0.00±0.00  upright=0.90±0.30  → FITNESS=0.3748
URDF saved to temp_urdf\being_10708.urdf
Connecting to PyBullet, GUI: False
CreatureEnv Inicijalizacija: 12 motora. OBS_dim=40, frame_skip=1
[Fitness run Gen6Creature5] reward=1.62±0.03  dist=0.00±0.00  upright=0.55±0.21  → FITNESS=0.1838
URDF saved to temp_urdf\being_10708.urdf
Connecting to PyBullet, GUI: False
CreatureEnv Inicijalizacija: 12 motora. OBS_dim=40, frame_skip=1
[Fitness run Gen6Creature6] reward=1.86±0.53  dist=0.07±0.15  upright=0.35±0.12  → FITNESS=0.1257
URDF saved to temp_urdf\being_10708.urdf
Connecting to PyBullet, GUI: False
CreatureEnv Inicijalizacija: 12 motora. OBS_dim=40, frame_skip=1
[Fitness run Gen6Creature7] reward=1.70±0.02  dist=0.00±0.00  upright=0.32±0.02  → FITNESS=0.1141
URDF saved to temp_urdf\being_10708.urdf
Connecting to PyBullet, GUI: False
CreatureEnv Inicijalizacija: 12 motora. OBS_dim=40, frame_skip=1
[Fitness run Gen6Creature8] reward=862.92±287.09  dist=0.00±0.00  upright=0.90±0.30  → FITNESS=0.3667
URDF saved to temp_urdf\being_10708.urdf
Connecting to PyBullet, GUI: False
CreatureEnv Inicijalizacija: 12 motora. OBS_dim=40, frame_skip=1
[Fitness run Gen6Creature9] reward=1.51±0.01  dist=0.00±0.00  upright=0.00±0.00  → FITNESS=0.0183
URDF saved to temp_urdf\being_10708.urdf
Connecting to PyBullet, GUI: False
CreatureEnv Inicijalizacija: 12 motora. OBS_dim=40, frame_skip=1
[Fitness run Gen6Creature10] reward=1.40±0.04  dist=0.01±0.01  upright=0.00±0.00  → FITNESS=0.0185
URDF saved to temp_urdf\being_10708.urdf
Connecting to PyBullet, GUI: False
CreatureEnv Inicijalizacija: 12 motora. OBS_dim=40, frame_skip=1
[Fitness run Gen6Creature11] reward=1.70±0.00  dist=0.04±0.02  upright=0.00±0.01  → FITNESS=0.0202
URDF saved to temp_urdf\being_10708.urdf
Connecting to PyBullet, GUI: False
CreatureEnv Inicijalizacija: 12 motora. OBS_dim=40, frame_skip=1
[Fitness run Gen6Creature12] reward=915.09±304.48  dist=0.01±0.03  upright=0.90±0.30  → FITNESS=0.3716
URDF saved to temp_urdf\being_10708.urdf
Connecting to PyBullet, GUI: False
CreatureEnv Inicijalizacija: 12 motora. OBS_dim=40, frame_skip=1
[Fitness run Gen6Creature13] reward=935.01±311.11  dist=0.03±0.08  upright=0.90±0.30  → FITNESS=0.3739
URDF saved to temp_urdf\being_10708.urdf
Connecting to PyBullet, GUI: False
CreatureEnv Inicijalizacija: 12 motora. OBS_dim=40, frame_skip=1
[Fitness run Gen6Creature14] reward=1.54±0.00  dist=0.00±0.00  upright=0.06±0.02  → FITNESS=0.0357
URDF saved to temp_urdf\being_10708.urdf
Connecting to PyBullet, GUI: False
CreatureEnv Inicijalizacija: 12 motora. OBS_dim=40, frame_skip=1
[Fitness run Gen6Creature15] reward=1.57±0.02  dist=0.10±0.03  upright=0.85±0.28  → FITNESS=0.2753
URDF saved to temp_urdf\being_10708.urdf
Connecting to PyBullet, GUI: False
CreatureEnv Inicijalizacija: 12 motora. OBS_dim=40, frame_skip=1
[Fitness run Gen6Creature16] reward=102.41±303.24  dist=0.05±0.12  upright=0.71±0.10  → FITNESS=0.2405
URDF saved to temp_urdf\being_10708.urdf
Connecting to PyBullet, GUI: False
CreatureEnv Inicijalizacija: 12 motora. OBS_dim=40, frame_skip=1
[Fitness run Gen6Creature17] reward=6.64±10.32  dist=0.07±0.07  upright=0.62±0.35  → FITNESS=0.2077
URDF saved to temp_urdf\being_10708.urdf
Connecting to PyBullet, GUI: False
CreatureEnv Inicijalizacija: 12 motora. OBS_dim=40, frame_skip=1
[Fitness run Gen6Creature18] reward=1.43±0.16  dist=0.02±0.07  upright=0.00±0.00  → FITNESS=0.0189
URDF saved to temp_urdf\being_10708.urdf
Connecting to PyBullet, GUI: False
CreatureEnv Inicijalizacija: 12 motora. OBS_dim=40, frame_skip=1
[Fitness run Gen6Creature19] reward=867.29±288.60  dist=0.10±0.04  upright=0.90±0.30  → FITNESS=0.3691
URDF saved to temp_urdf\being_10708.urdf
Connecting to PyBullet, GUI: False
CreatureEnv Inicijalizacija: 12 motora. OBS_dim=40, frame_skip=1
[Fitness run Gen6Creature20] reward=945.78±314.76  dist=0.00±0.00  upright=0.90±0.30  → FITNESS=0.3742
URDF saved to temp_urdf\being_10708.urdf
Connecting to PyBullet, GUI: False
CreatureEnv Inicijalizacija: 12 motora. OBS_dim=40, frame_skip=1
[Fitness run Gen6Creature21] reward=1.72±0.06  dist=0.00±0.00  upright=0.00±0.00  → FITNESS=0.0183
URDF saved to temp_urdf\being_10708.urdf
Connecting to PyBullet, GUI: False
CreatureEnv Inicijalizacija: 12 motora. OBS_dim=40, frame_skip=1
[Fitness run Gen6Creature22] reward=907.16±301.84  dist=0.00±0.00  upright=0.89±0.30  → FITNESS=0.3680
URDF saved to temp_urdf\being_10708.urdf
Connecting to PyBullet, GUI: False
CreatureEnv Inicijalizacija: 12 motora. OBS_dim=40, frame_skip=1
[Fitness run Gen6Creature23] reward=1.93±0.21  dist=0.07±0.21  upright=0.96±0.13  → FITNESS=0.3075
URDF saved to temp_urdf\being_10708.urdf
Connecting to PyBullet, GUI: False
CreatureEnv Inicijalizacija: 12 motora. OBS_dim=40, frame_skip=1
[Fitness run Gen6Creature24] reward=1.94±0.16  dist=0.00±0.00  upright=0.91±0.27  → FITNESS=0.2913
URDF saved to temp_urdf\being_10708.urdf
Connecting to PyBullet, GUI: False
CreatureEnv Inicijalizacija: 12 motora. OBS_dim=40, frame_skip=1
[Fitness run Gen6Creature25] reward=920.46±306.31  dist=0.00±0.00  upright=0.90±0.30  → FITNESS=0.3719
URDF saved to temp_urdf\being_10708.urdf
Connecting to PyBullet, GUI: False
CreatureEnv Inicijalizacija: 12 motora. OBS_dim=40, frame_skip=1
[Fitness run Gen6Creature26] reward=867.41±288.62  dist=0.00±0.00  upright=0.90±0.30  → FITNESS=0.3670
URDF saved to temp_urdf\being_10708.urdf
Connecting to PyBullet, GUI: False
CreatureEnv Inicijalizacija: 12 motora. OBS_dim=40, frame_skip=1
[Fitness run Gen6Creature27] reward=0.88±0.22  dist=0.08±0.03  upright=0.09±0.01  → FITNESS=0.0484
URDF saved to temp_urdf\being_10708.urdf
Connecting to PyBullet, GUI: False
CreatureEnv Inicijalizacija: 12 motora. OBS_dim=40, frame_skip=1
[Fitness run Gen6Creature28] reward=1.76±0.22  dist=0.00±0.00  upright=0.24±0.06  → FITNESS=0.0909
URDF saved to temp_urdf\being_10708.urdf
Connecting to PyBullet, GUI: False
CreatureEnv Inicijalizacija: 12 motora. OBS_dim=40, frame_skip=1
[Fitness run Gen6Creature29] reward=1.64±0.01  dist=0.01±0.02  upright=0.00±0.00  → FITNESS=0.0187

==================================================
Generacija 6/20  |  Best = 0.3748  |  Mean = 0.2066  |  Std = 0.1486
==================================================
URDF saved to temp_urdf\being_10708.urdf
Connecting to PyBullet, GUI: False
CreatureEnv Inicijalizacija: 12 motora. OBS_dim=40, frame_skip=1
[Fitness run Gen6Creature2] reward=1.91±0.10  dist=0.00±0.00  upright=0.06±0.02  → FITNESS=0.0358
URDF saved to temp_urdf\being_10708.urdf
Connecting to PyBullet, GUI: False
CreatureEnv Inicijalizacija: 12 motora. OBS_dim=40, frame_skip=1
[Fitness run Gen6Creature3] reward=1.52±0.10  dist=0.00±0.00  upright=0.13±0.05  → FITNESS=0.0580
URDF saved to temp_urdf\being_10708.urdf
Connecting to PyBullet, GUI: False
CreatureEnv Inicijalizacija: 12 motora. OBS_dim=40, frame_skip=1
[Fitness run Gen6Creature4] reward=952.41±316.96  dist=0.00±0.00  upright=0.90±0.30  → FITNESS=0.3748
URDF saved to temp_urdf\being_10708.urdf
Connecting to PyBullet, GUI: False
CreatureEnv Inicijalizacija: 12 motora. OBS_dim=40, frame_skip=1
[Fitness run Gen6Creature5] reward=1.62±0.03  dist=0.00±0.00  upright=0.55±0.21  → FITNESS=0.1838
URDF saved to temp_urdf\being_10708.urdf
Connecting to PyBullet, GUI: False
CreatureEnv Inicijalizacija: 12 motora. OBS_dim=40, frame_skip=1
[Fitness run Gen6Creature6] reward=1.86±0.53  dist=0.07±0.15  upright=0.35±0.12  → FITNESS=0.1257
URDF saved to temp_urdf\being_10708.urdf
Connecting to PyBullet, GUI: False
CreatureEnv Inicijalizacija: 12 motora. OBS_dim=40, frame_skip=1
[Fitness run Gen6Creature7] reward=1.70±0.02  dist=0.00±0.00  upright=0.32±0.02  → FITNESS=0.1141
URDF saved to temp_urdf\being_10708.urdf
Connecting to PyBullet, GUI: False
CreatureEnv Inicijalizacija: 12 motora. OBS_dim=40, frame_skip=1
[Fitness run Gen6Creature8] reward=862.92±287.09  dist=0.00±0.00  upright=0.90±0.30  → FITNESS=0.3667
URDF saved to temp_urdf\being_10708.urdf
Connecting to PyBullet, GUI: False
CreatureEnv Inicijalizacija: 12 motora. OBS_dim=40, frame_skip=1
[Fitness run Gen6Creature9] reward=1.51±0.01  dist=0.00±0.00  upright=0.00±0.00  → FITNESS=0.0183
URDF saved to temp_urdf\being_10708.urdf
Connecting to PyBullet, GUI: False
CreatureEnv Inicijalizacija: 12 motora. OBS_dim=40, frame_skip=1
[Fitness run Gen6Creature10] reward=1.40±0.04  dist=0.01±0.01  upright=0.00±0.00  → FITNESS=0.0185
URDF saved to temp_urdf\being_10708.urdf
Connecting to PyBullet, GUI: False
CreatureEnv Inicijalizacija: 12 motora. OBS_dim=40, frame_skip=1
[Fitness run Gen6Creature11] reward=1.70±0.00  dist=0.04±0.02  upright=0.00±0.01  → FITNESS=0.0202
URDF saved to temp_urdf\being_10708.urdf
Connecting to PyBullet, GUI: False
CreatureEnv Inicijalizacija: 12 motora. OBS_dim=40, frame_skip=1
[Fitness run Gen6Creature12] reward=915.09±304.48  dist=0.01±0.03  upright=0.90±0.30  → FITNESS=0.3716
URDF saved to temp_urdf\being_10708.urdf
Connecting to PyBullet, GUI: False
CreatureEnv Inicijalizacija: 12 motora. OBS_dim=40, frame_skip=1
[Fitness run Gen6Creature13] reward=935.01±311.11  dist=0.03±0.08  upright=0.90±0.30  → FITNESS=0.3739
URDF saved to temp_urdf\being_10708.urdf
Connecting to PyBullet, GUI: False
CreatureEnv Inicijalizacija: 12 motora. OBS_dim=40, frame_skip=1
[Fitness run Gen6Creature14] reward=1.54±0.00  dist=0.00±0.00  upright=0.06±0.02  → FITNESS=0.0357
URDF saved to temp_urdf\being_10708.urdf
Connecting to PyBullet, GUI: False
CreatureEnv Inicijalizacija: 12 motora. OBS_dim=40, frame_skip=1
[Fitness run Gen6Creature15] reward=1.57±0.02  dist=0.10±0.03  upright=0.85±0.28  → FITNESS=0.2753
URDF saved to temp_urdf\being_10708.urdf
Connecting to PyBullet, GUI: False
CreatureEnv Inicijalizacija: 12 motora. OBS_dim=40, frame_skip=1
[Fitness run Gen6Creature16] reward=102.41±303.24  dist=0.05±0.12  upright=0.71±0.10  → FITNESS=0.2405
URDF saved to temp_urdf\being_10708.urdf
Connecting to PyBullet, GUI: False
CreatureEnv Inicijalizacija: 12 motora. OBS_dim=40, frame_skip=1
[Fitness run Gen6Creature17] reward=6.64±10.32  dist=0.07±0.07  upright=0.62±0.35  → FITNESS=0.2077
URDF saved to temp_urdf\being_10708.urdf
Connecting to PyBullet, GUI: False
CreatureEnv Inicijalizacija: 12 motora. OBS_dim=40, frame_skip=1
[Fitness run Gen6Creature18] reward=1.43±0.16  dist=0.02±0.07  upright=0.00±0.00  → FITNESS=0.0189
URDF saved to temp_urdf\being_10708.urdf
Connecting to PyBullet, GUI: False
CreatureEnv Inicijalizacija: 12 motora. OBS_dim=40, frame_skip=1
[Fitness run Gen6Creature19] reward=867.29±288.60  dist=0.10±0.04  upright=0.90±0.30  → FITNESS=0.3691
URDF saved to temp_urdf\being_10708.urdf
Connecting to PyBullet, GUI: False
CreatureEnv Inicijalizacija: 12 motora. OBS_dim=40, frame_skip=1
[Fitness run Gen6Creature20] reward=945.78±314.76  dist=0.00±0.00  upright=0.90±0.30  → FITNESS=0.3742
URDF saved to temp_urdf\being_10708.urdf
Connecting to PyBullet, GUI: False
CreatureEnv Inicijalizacija: 12 motora. OBS_dim=40, frame_skip=1
[Fitness run Gen6Creature21] reward=1.72±0.06  dist=0.00±0.00  upright=0.00±0.00  → FITNESS=0.0183
URDF saved to temp_urdf\being_10708.urdf
Connecting to PyBullet, GUI: False
CreatureEnv Inicijalizacija: 12 motora. OBS_dim=40, frame_skip=1
[Fitness run Gen6Creature22] reward=907.16±301.84  dist=0.00±0.00  upright=0.89±0.30  → FITNESS=0.3680
URDF saved to temp_urdf\being_10708.urdf
Connecting to PyBullet, GUI: False
CreatureEnv Inicijalizacija: 12 motora. OBS_dim=40, frame_skip=1
[Fitness run Gen6Creature23] reward=1.93±0.21  dist=0.07±0.21  upright=0.96±0.13  → FITNESS=0.3075
URDF saved to temp_urdf\being_10708.urdf
Connecting to PyBullet, GUI: False
CreatureEnv Inicijalizacija: 12 motora. OBS_dim=40, frame_skip=1
[Fitness run Gen6Creature24] reward=1.94±0.16  dist=0.00±0.00  upright=0.91±0.27  → FITNESS=0.2913
URDF saved to temp_urdf\being_10708.urdf
Connecting to PyBullet, GUI: False
CreatureEnv Inicijalizacija: 12 motora. OBS_dim=40, frame_skip=1
[Fitness run Gen6Creature25] reward=920.46±306.31  dist=0.00±0.00  upright=0.90±0.30  → FITNESS=0.3719
URDF saved to temp_urdf\being_10708.urdf
Connecting to PyBullet, GUI: False
CreatureEnv Inicijalizacija: 12 motora. OBS_dim=40, frame_skip=1
[Fitness run Gen6Creature26] reward=867.41±288.62  dist=0.00±0.00  upright=0.90±0.30  → FITNESS=0.3670
URDF saved to temp_urdf\being_10708.urdf
Connecting to PyBullet, GUI: False
CreatureEnv Inicijalizacija: 12 motora. OBS_dim=40, frame_skip=1
[Fitness run Gen6Creature27] reward=0.88±0.22  dist=0.08±0.03  upright=0.09±0.01  → FITNESS=0.0484
URDF saved to temp_urdf\being_10708.urdf
Connecting to PyBullet, GUI: False
CreatureEnv Inicijalizacija: 12 motora. OBS_dim=40, frame_skip=1
[Fitness run Gen6Creature28] reward=1.76±0.22  dist=0.00±0.00  upright=0.24±0.06  → FITNESS=0.0909
URDF saved to temp_urdf\being_10708.urdf
Connecting to PyBullet, GUI: False
CreatureEnv Inicijalizacija: 12 motora. OBS_dim=40, frame_skip=1
[Fitness run Gen6Creature29] reward=1.64±0.01  dist=0.01±0.02  upright=0.00±0.00  → FITNESS=0.0187
Genome saved to results\distanceBased500Steps5DifferentSeeds\run_2\run_2_best_creature.json
[plot] Summary saved → results\distanceBased500Steps5DifferentSeeds\run_2\run_2_summary.png
URDF saved to temp_urdf\being_10708.urdf
Connecting to PyBullet, GUI: False
CreatureEnv Inicijalizacija: 12 motora. OBS_dim=40, frame_skip=1
[Fitness run Gen7Creature2] reward=1.21±0.17  dist=0.09±0.08  upright=0.35±0.10  → FITNESS=0.1270
URDF saved to temp_urdf\being_10708.urdf
Connecting to PyBullet, GUI: False
CreatureEnv Inicijalizacija: 12 motora. OBS_dim=40, frame_skip=1
[Fitness run Gen7Creature3] reward=940.47±312.98  dist=0.01±0.01  upright=0.90±0.30  → FITNESS=0.3740
URDF saved to temp_urdf\being_10708.urdf
Connecting to PyBullet, GUI: False
CreatureEnv Inicijalizacija: 12 motora. OBS_dim=40, frame_skip=1
[Fitness run Gen7Creature4] reward=1.52±0.03  dist=0.00±0.01  upright=0.00±0.00  → FITNESS=0.0184
URDF saved to temp_urdf\being_10708.urdf
Connecting to PyBullet, GUI: False
CreatureEnv Inicijalizacija: 12 motora. OBS_dim=40, frame_skip=1
[Fitness run Gen7Creature5] reward=1.49±0.11  dist=0.03±0.09  upright=0.00±0.00  → FITNESS=0.0191
URDF saved to temp_urdf\being_10708.urdf
Connecting to PyBullet, GUI: False
CreatureEnv Inicijalizacija: 12 motora. OBS_dim=40, frame_skip=1
[Fitness run Gen7Creature6] reward=1.49±0.01  dist=0.00±0.00  upright=0.00±0.00  → FITNESS=0.0183
URDF saved to temp_urdf\being_10708.urdf
Connecting to PyBullet, GUI: False
CreatureEnv Inicijalizacija: 12 motora. OBS_dim=40, frame_skip=1
[Fitness run Gen7Creature7] reward=867.14±288.52  dist=0.00±0.00  upright=0.90±0.30  → FITNESS=0.3670
URDF saved to temp_urdf\being_10708.urdf
Connecting to PyBullet, GUI: False
CreatureEnv Inicijalizacija: 12 motora. OBS_dim=40, frame_skip=1
[Fitness run Gen7Creature8] reward=1.71±0.05  dist=0.03±0.05  upright=0.31±0.12  → FITNESS=0.1130
URDF saved to temp_urdf\being_10708.urdf
Connecting to PyBullet, GUI: False
CreatureEnv Inicijalizacija: 12 motora. OBS_dim=40, frame_skip=1
[Fitness run Gen7Creature9] reward=1.88±0.55  dist=0.10±0.05  upright=0.29±0.10  → FITNESS=0.1086
URDF saved to temp_urdf\being_10708.urdf
Connecting to PyBullet, GUI: False
CreatureEnv Inicijalizacija: 12 motora. OBS_dim=40, frame_skip=1
[Fitness run Gen7Creature10] reward=908.65±302.37  dist=0.02±0.02  upright=0.90±0.30  → FITNESS=0.3712
URDF saved to temp_urdf\being_10708.urdf
Connecting to PyBullet, GUI: False
CreatureEnv Inicijalizacija: 12 motora. OBS_dim=40, frame_skip=1
[Fitness run Gen7Creature11] reward=1.69±0.01  dist=0.00±0.00  upright=0.17±0.02  → FITNESS=0.0696
URDF saved to temp_urdf\being_10708.urdf
Connecting to PyBullet, GUI: False
CreatureEnv Inicijalizacija: 12 motora. OBS_dim=40, frame_skip=1
[Fitness run Gen7Creature12] reward=1.55±0.00  dist=0.20±0.09  upright=0.00±0.00  → FITNESS=0.0234
URDF saved to temp_urdf\being_10708.urdf
Connecting to PyBullet, GUI: False
CreatureEnv Inicijalizacija: 12 motora. OBS_dim=40, frame_skip=1
[Fitness run Gen7Creature13] reward=1.79±0.18  dist=0.02±0.02  upright=0.11±0.03  → FITNESS=0.0516
URDF saved to temp_urdf\being_10708.urdf
Connecting to PyBullet, GUI: False
CreatureEnv Inicijalizacija: 12 motora. OBS_dim=40, frame_skip=1
[Fitness run Gen7Creature14] reward=2.06±0.30  dist=0.04±0.04  upright=0.92±0.23  → FITNESS=0.2962
URDF saved to temp_urdf\being_10708.urdf
Connecting to PyBullet, GUI: False
CreatureEnv Inicijalizacija: 12 motora. OBS_dim=40, frame_skip=1
[Fitness run Gen7Creature15] reward=1.87±0.12  dist=0.00±0.00  upright=0.90±0.29  → FITNESS=0.2893
URDF saved to temp_urdf\being_10708.urdf
Connecting to PyBullet, GUI: False
CreatureEnv Inicijalizacija: 12 motora. OBS_dim=40, frame_skip=1
[Fitness run Gen7Creature16] reward=1.50±0.02  dist=0.01±0.02  upright=0.18±0.06  → FITNESS=0.0717
URDF saved to temp_urdf\being_10708.urdf
Connecting to PyBullet, GUI: False
CreatureEnv Inicijalizacija: 12 motora. OBS_dim=40, frame_skip=1
[Fitness run Gen7Creature17] reward=878.02±292.21  dist=0.00±0.00  upright=0.90±0.30  → FITNESS=0.3680
URDF saved to temp_urdf\being_10708.urdf
Connecting to PyBullet, GUI: False
CreatureEnv Inicijalizacija: 12 motora. OBS_dim=40, frame_skip=1
[Fitness run Gen7Creature18] reward=1.59±0.01  dist=0.00±0.00  upright=0.02±0.05  → FITNESS=0.0232
URDF saved to temp_urdf\being_10708.urdf
Connecting to PyBullet, GUI: False
CreatureEnv Inicijalizacija: 12 motora. OBS_dim=40, frame_skip=1
[Fitness run Gen7Creature19] reward=1.61±0.19  dist=0.00±0.01  upright=0.02±0.01  → FITNESS=0.0252
URDF saved to temp_urdf\being_10708.urdf
Connecting to PyBullet, GUI: False
CreatureEnv Inicijalizacija: 12 motora. OBS_dim=40, frame_skip=1
[Fitness run Gen7Creature20] reward=1.63±0.06  dist=0.03±0.08  upright=0.15±0.05  → FITNESS=0.0635
URDF saved to temp_urdf\being_10708.urdf
Connecting to PyBullet, GUI: False
CreatureEnv Inicijalizacija: 12 motora. OBS_dim=40, frame_skip=1
[Fitness run Gen7Creature21] reward=943.97±314.11  dist=0.00±0.00  upright=0.87±0.29  → FITNESS=0.3654
URDF saved to temp_urdf\being_10708.urdf
Connecting to PyBullet, GUI: False
CreatureEnv Inicijalizacija: 12 motora. OBS_dim=40, frame_skip=1
[Fitness run Gen7Creature22] reward=1.63±0.09  dist=0.00±0.00  upright=0.00±0.00  → FITNESS=0.0183
URDF saved to temp_urdf\being_10708.urdf
Connecting to PyBullet, GUI: False
CreatureEnv Inicijalizacija: 12 motora. OBS_dim=40, frame_skip=1
[Fitness run Gen7Creature23] reward=1.44±0.03  dist=0.14±0.05  upright=0.00±0.00  → FITNESS=0.0217
URDF saved to temp_urdf\being_10708.urdf
Connecting to PyBullet, GUI: False
CreatureEnv Inicijalizacija: 12 motora. OBS_dim=40, frame_skip=1
[Fitness run Gen7Creature24] reward=1.93±0.08  dist=0.00±0.00  upright=0.04±0.13  → FITNESS=0.0309
URDF saved to temp_urdf\being_10708.urdf
Connecting to PyBullet, GUI: False
CreatureEnv Inicijalizacija: 12 motora. OBS_dim=40, frame_skip=1
[Fitness run Gen7Creature25] reward=1.45±0.04  dist=0.01±0.02  upright=0.11±0.02  → FITNESS=0.0514
URDF saved to temp_urdf\being_10708.urdf
Connecting to PyBullet, GUI: False
CreatureEnv Inicijalizacija: 12 motora. OBS_dim=40, frame_skip=1
[Fitness run Gen7Creature26] reward=1.51±0.06  dist=0.03±0.09  upright=0.00±0.00  → FITNESS=0.0191
URDF saved to temp_urdf\being_10708.urdf
Connecting to PyBullet, GUI: False
CreatureEnv Inicijalizacija: 12 motora. OBS_dim=40, frame_skip=1
[Fitness run Gen7Creature27] reward=1.71±0.04  dist=0.01±0.02  upright=0.01±0.03  → FITNESS=0.0214
URDF saved to temp_urdf\being_10708.urdf
Connecting to PyBullet, GUI: False
CreatureEnv Inicijalizacija: 12 motora. OBS_dim=40, frame_skip=1
[Fitness run Gen7Creature28] reward=1.66±0.01  dist=0.01±0.02  upright=0.14±0.05  → FITNESS=0.0611
URDF saved to temp_urdf\being_10708.urdf
Connecting to PyBullet, GUI: False
CreatureEnv Inicijalizacija: 12 motora. OBS_dim=40, frame_skip=1
[Fitness run Gen7Creature29] reward=1.62±0.06  dist=0.03±0.02  upright=0.00±0.00  → FITNESS=0.0191

==================================================
Generacija 7/20  |  Best = 0.3748  |  Mean = 0.1385  |  Std = 0.1446
==================================================
URDF saved to temp_urdf\being_10708.urdf
Connecting to PyBullet, GUI: False
CreatureEnv Inicijalizacija: 12 motora. OBS_dim=40, frame_skip=1
[Fitness run Gen7Creature2] reward=1.21±0.17  dist=0.09±0.08  upright=0.35±0.10  → FITNESS=0.1270
URDF saved to temp_urdf\being_10708.urdf
Connecting to PyBullet, GUI: False
CreatureEnv Inicijalizacija: 12 motora. OBS_dim=40, frame_skip=1
[Fitness run Gen7Creature3] reward=940.47±312.98  dist=0.01±0.01  upright=0.90±0.30  → FITNESS=0.3740
URDF saved to temp_urdf\being_10708.urdf
Connecting to PyBullet, GUI: False
CreatureEnv Inicijalizacija: 12 motora. OBS_dim=40, frame_skip=1
[Fitness run Gen7Creature4] reward=1.52±0.03  dist=0.00±0.01  upright=0.00±0.00  → FITNESS=0.0184
URDF saved to temp_urdf\being_10708.urdf
Connecting to PyBullet, GUI: False
CreatureEnv Inicijalizacija: 12 motora. OBS_dim=40, frame_skip=1
[Fitness run Gen7Creature5] reward=1.49±0.11  dist=0.03±0.09  upright=0.00±0.00  → FITNESS=0.0191
URDF saved to temp_urdf\being_10708.urdf
Connecting to PyBullet, GUI: False
CreatureEnv Inicijalizacija: 12 motora. OBS_dim=40, frame_skip=1
[Fitness run Gen7Creature6] reward=1.49±0.01  dist=0.00±0.00  upright=0.00±0.00  → FITNESS=0.0183
URDF saved to temp_urdf\being_10708.urdf
Connecting to PyBullet, GUI: False
CreatureEnv Inicijalizacija: 12 motora. OBS_dim=40, frame_skip=1
[Fitness run Gen7Creature7] reward=867.14±288.52  dist=0.00±0.00  upright=0.90±0.30  → FITNESS=0.3670
URDF saved to temp_urdf\being_10708.urdf
Connecting to PyBullet, GUI: False
CreatureEnv Inicijalizacija: 12 motora. OBS_dim=40, frame_skip=1
[Fitness run Gen7Creature8] reward=1.71±0.05  dist=0.03±0.05  upright=0.31±0.12  → FITNESS=0.1130
URDF saved to temp_urdf\being_10708.urdf
Connecting to PyBullet, GUI: False
CreatureEnv Inicijalizacija: 12 motora. OBS_dim=40, frame_skip=1
[Fitness run Gen7Creature9] reward=1.88±0.55  dist=0.10±0.05  upright=0.29±0.10  → FITNESS=0.1086
URDF saved to temp_urdf\being_10708.urdf
Connecting to PyBullet, GUI: False
CreatureEnv Inicijalizacija: 12 motora. OBS_dim=40, frame_skip=1
[Fitness run Gen7Creature10] reward=908.65±302.37  dist=0.02±0.02  upright=0.90±0.30  → FITNESS=0.3712
URDF saved to temp_urdf\being_10708.urdf
Connecting to PyBullet, GUI: False
CreatureEnv Inicijalizacija: 12 motora. OBS_dim=40, frame_skip=1
[Fitness run Gen7Creature11] reward=1.69±0.01  dist=0.00±0.00  upright=0.17±0.02  → FITNESS=0.0696
URDF saved to temp_urdf\being_10708.urdf
Connecting to PyBullet, GUI: False
CreatureEnv Inicijalizacija: 12 motora. OBS_dim=40, frame_skip=1
[Fitness run Gen7Creature12] reward=1.55±0.00  dist=0.20±0.09  upright=0.00±0.00  → FITNESS=0.0234
URDF saved to temp_urdf\being_10708.urdf
Connecting to PyBullet, GUI: False
CreatureEnv Inicijalizacija: 12 motora. OBS_dim=40, frame_skip=1
[Fitness run Gen7Creature13] reward=1.79±0.18  dist=0.02±0.02  upright=0.11±0.03  → FITNESS=0.0516
URDF saved to temp_urdf\being_10708.urdf
Connecting to PyBullet, GUI: False
CreatureEnv Inicijalizacija: 12 motora. OBS_dim=40, frame_skip=1
[Fitness run Gen7Creature14] reward=2.06±0.30  dist=0.04±0.04  upright=0.92±0.23  → FITNESS=0.2962
URDF saved to temp_urdf\being_10708.urdf
Connecting to PyBullet, GUI: False
CreatureEnv Inicijalizacija: 12 motora. OBS_dim=40, frame_skip=1
[Fitness run Gen7Creature15] reward=1.87±0.12  dist=0.00±0.00  upright=0.90±0.29  → FITNESS=0.2893
URDF saved to temp_urdf\being_10708.urdf
Connecting to PyBullet, GUI: False
CreatureEnv Inicijalizacija: 12 motora. OBS_dim=40, frame_skip=1
[Fitness run Gen7Creature16] reward=1.50±0.02  dist=0.01±0.02  upright=0.18±0.06  → FITNESS=0.0717
URDF saved to temp_urdf\being_10708.urdf
Connecting to PyBullet, GUI: False
CreatureEnv Inicijalizacija: 12 motora. OBS_dim=40, frame_skip=1
[Fitness run Gen7Creature17] reward=878.02±292.21  dist=0.00±0.00  upright=0.90±0.30  → FITNESS=0.3680
URDF saved to temp_urdf\being_10708.urdf
Connecting to PyBullet, GUI: False
CreatureEnv Inicijalizacija: 12 motora. OBS_dim=40, frame_skip=1
[Fitness run Gen7Creature18] reward=1.59±0.01  dist=0.00±0.00  upright=0.02±0.05  → FITNESS=0.0232
URDF saved to temp_urdf\being_10708.urdf
Connecting to PyBullet, GUI: False
CreatureEnv Inicijalizacija: 12 motora. OBS_dim=40, frame_skip=1
[Fitness run Gen7Creature19] reward=1.61±0.19  dist=0.00±0.01  upright=0.02±0.01  → FITNESS=0.0252
URDF saved to temp_urdf\being_10708.urdf
Connecting to PyBullet, GUI: False
CreatureEnv Inicijalizacija: 12 motora. OBS_dim=40, frame_skip=1
[Fitness run Gen7Creature20] reward=1.63±0.06  dist=0.03±0.08  upright=0.15±0.05  → FITNESS=0.0635
URDF saved to temp_urdf\being_10708.urdf
Connecting to PyBullet, GUI: False
CreatureEnv Inicijalizacija: 12 motora. OBS_dim=40, frame_skip=1
[Fitness run Gen7Creature21] reward=943.97±314.11  dist=0.00±0.00  upright=0.87±0.29  → FITNESS=0.3654
URDF saved to temp_urdf\being_10708.urdf
Connecting to PyBullet, GUI: False
CreatureEnv Inicijalizacija: 12 motora. OBS_dim=40, frame_skip=1
[Fitness run Gen7Creature22] reward=1.63±0.09  dist=0.00±0.00  upright=0.00±0.00  → FITNESS=0.0183
URDF saved to temp_urdf\being_10708.urdf
Connecting to PyBullet, GUI: False
CreatureEnv Inicijalizacija: 12 motora. OBS_dim=40, frame_skip=1
[Fitness run Gen7Creature23] reward=1.44±0.03  dist=0.14±0.05  upright=0.00±0.00  → FITNESS=0.0217
URDF saved to temp_urdf\being_10708.urdf
Connecting to PyBullet, GUI: False
CreatureEnv Inicijalizacija: 12 motora. OBS_dim=40, frame_skip=1
[Fitness run Gen7Creature24] reward=1.93±0.08  dist=0.00±0.00  upright=0.04±0.13  → FITNESS=0.0309
URDF saved to temp_urdf\being_10708.urdf
Connecting to PyBullet, GUI: False
CreatureEnv Inicijalizacija: 12 motora. OBS_dim=40, frame_skip=1
[Fitness run Gen7Creature25] reward=1.45±0.04  dist=0.01±0.02  upright=0.11±0.02  → FITNESS=0.0514
URDF saved to temp_urdf\being_10708.urdf
Connecting to PyBullet, GUI: False
CreatureEnv Inicijalizacija: 12 motora. OBS_dim=40, frame_skip=1
[Fitness run Gen7Creature26] reward=1.51±0.06  dist=0.03±0.09  upright=0.00±0.00  → FITNESS=0.0191
URDF saved to temp_urdf\being_10708.urdf
Connecting to PyBullet, GUI: False
CreatureEnv Inicijalizacija: 12 motora. OBS_dim=40, frame_skip=1
[Fitness run Gen7Creature27] reward=1.71±0.04  dist=0.01±0.02  upright=0.01±0.03  → FITNESS=0.0214
URDF saved to temp_urdf\being_10708.urdf
Connecting to PyBullet, GUI: False
CreatureEnv Inicijalizacija: 12 motora. OBS_dim=40, frame_skip=1
[Fitness run Gen7Creature28] reward=1.66±0.01  dist=0.01±0.02  upright=0.14±0.05  → FITNESS=0.0611
URDF saved to temp_urdf\being_10708.urdf
Connecting to PyBullet, GUI: False
CreatureEnv Inicijalizacija: 12 motora. OBS_dim=40, frame_skip=1
[Fitness run Gen7Creature29] reward=1.62±0.06  dist=0.03±0.02  upright=0.00±0.00  → FITNESS=0.0191
Genome saved to results\distanceBased500Steps5DifferentSeeds\run_2\run_2_best_creature.json
[plot] Summary saved → results\distanceBased500Steps5DifferentSeeds\run_2\run_2_summary.png
URDF saved to temp_urdf\being_10708.urdf
Connecting to PyBullet, GUI: False
CreatureEnv Inicijalizacija: 12 motora. OBS_dim=40, frame_skip=1
[Fitness run Gen8Creature2] reward=1.64±0.24  dist=0.02±0.03  upright=0.43±0.29  → FITNESS=0.1475
URDF saved to temp_urdf\being_10708.urdf
Connecting to PyBullet, GUI: False
CreatureEnv Inicijalizacija: 12 motora. OBS_dim=40, frame_skip=1
[Fitness run Gen8Creature3] reward=926.02±308.17  dist=0.00±0.00  upright=0.90±0.30  → FITNESS=0.3724
URDF saved to temp_urdf\being_10708.urdf
Connecting to PyBullet, GUI: False
CreatureEnv Inicijalizacija: 12 motora. OBS_dim=40, frame_skip=1
[Fitness run Gen8Creature4] reward=0.72±0.63  dist=0.35±0.84  upright=0.18±0.12  → FITNESS=0.0811
URDF saved to temp_urdf\being_10708.urdf
Connecting to PyBullet, GUI: False
CreatureEnv Inicijalizacija: 12 motora. OBS_dim=40, frame_skip=1
[Fitness run Gen8Creature5] reward=1.80±0.12  dist=0.04±0.01  upright=0.90±0.30  → FITNESS=0.2894
URDF saved to temp_urdf\being_10708.urdf
Connecting to PyBullet, GUI: False
CreatureEnv Inicijalizacija: 12 motora. OBS_dim=40, frame_skip=1
[Fitness run Gen8Creature6] reward=1.30±0.15  dist=0.00±0.00  upright=0.36±0.12  → FITNESS=0.1267
URDF saved to temp_urdf\being_10708.urdf
Connecting to PyBullet, GUI: False
CreatureEnv Inicijalizacija: 12 motora. OBS_dim=40, frame_skip=1
[Fitness run Gen8Creature7] reward=947.19±315.31  dist=0.07±0.03  upright=0.90±0.30  → FITNESS=0.3762
URDF saved to temp_urdf\being_10708.urdf
Connecting to PyBullet, GUI: False
CreatureEnv Inicijalizacija: 12 motora. OBS_dim=40, frame_skip=1
[Fitness run Gen8Creature8] reward=1.70±0.01  dist=0.02±0.02  upright=0.06±0.10  → FITNESS=0.0383
URDF saved to temp_urdf\being_10708.urdf
Connecting to PyBullet, GUI: False
CreatureEnv Inicijalizacija: 12 motora. OBS_dim=40, frame_skip=1
[Fitness run Gen8Creature9] reward=320.19±390.32  dist=0.02±0.04  upright=0.48±0.42  → FITNESS=0.1930
URDF saved to temp_urdf\being_10708.urdf
Connecting to PyBullet, GUI: False
CreatureEnv Inicijalizacija: 12 motora. OBS_dim=40, frame_skip=1
[Fitness run Gen8Creature10] reward=0.42±0.41  dist=0.16±0.06  upright=0.35±0.13  → FITNESS=0.1259
URDF saved to temp_urdf\being_10708.urdf
Connecting to PyBullet, GUI: False
CreatureEnv Inicijalizacija: 12 motora. OBS_dim=40, frame_skip=1
[Fitness run Gen8Creature11] reward=1.70±0.00  dist=0.02±0.01  upright=0.00±0.00  → FITNESS=0.0189
URDF saved to temp_urdf\being_10708.urdf
Connecting to PyBullet, GUI: False
CreatureEnv Inicijalizacija: 12 motora. OBS_dim=40, frame_skip=1
[Fitness run Gen8Creature12] reward=1.40±0.27  dist=0.00±0.00  upright=0.37±0.13  → FITNESS=0.1306
URDF saved to temp_urdf\being_10708.urdf
Connecting to PyBullet, GUI: False
CreatureEnv Inicijalizacija: 12 motora. OBS_dim=40, frame_skip=1
[Fitness run Gen8Creature13] reward=974.22±324.18  dist=0.00±0.01  upright=0.90±0.30  → FITNESS=0.3768
URDF saved to temp_urdf\being_10708.urdf
Connecting to PyBullet, GUI: False
CreatureEnv Inicijalizacija: 12 motora. OBS_dim=40, frame_skip=1
[Fitness run Gen8Creature14] reward=0.66±0.49  dist=0.45±0.19  upright=0.00±0.00  → FITNESS=0.0296
URDF saved to temp_urdf\being_10708.urdf
Connecting to PyBullet, GUI: False
CreatureEnv Inicijalizacija: 12 motora. OBS_dim=40, frame_skip=1
[Fitness run Gen8Creature15] reward=1.80±0.00  dist=0.00±0.01  upright=1.00±0.00  → FITNESS=0.3184
URDF saved to temp_urdf\being_10708.urdf
Connecting to PyBullet, GUI: False
CreatureEnv Inicijalizacija: 12 motora. OBS_dim=40, frame_skip=1
[Fitness run Gen8Creature16] reward=1.60±1.62  dist=0.04±0.10  upright=0.38±0.23  → FITNESS=0.1327
URDF saved to temp_urdf\being_10708.urdf
Connecting to PyBullet, GUI: False
CreatureEnv Inicijalizacija: 12 motora. OBS_dim=40, frame_skip=1
[Fitness run Gen8Creature17] reward=969.24±322.58  dist=0.00±0.00  upright=0.90±0.30  → FITNESS=0.3763
URDF saved to temp_urdf\being_10708.urdf
Connecting to PyBullet, GUI: False
CreatureEnv Inicijalizacija: 12 motora. OBS_dim=40, frame_skip=1
[Fitness run Gen8Creature18] reward=1.57±0.01  dist=0.00±0.00  upright=0.03±0.08  → FITNESS=0.0261
URDF saved to temp_urdf\being_10708.urdf
Connecting to PyBullet, GUI: False
CreatureEnv Inicijalizacija: 12 motora. OBS_dim=40, frame_skip=1
[Fitness run Gen8Creature19] reward=1.55±0.05  dist=0.02±0.02  upright=0.21±0.06  → FITNESS=0.0807
URDF saved to temp_urdf\being_10708.urdf
Connecting to PyBullet, GUI: False
CreatureEnv Inicijalizacija: 12 motora. OBS_dim=40, frame_skip=1
[Fitness run Gen8Creature20] reward=208.29±414.25  dist=0.05±0.05  upright=0.49±0.29  → FITNESS=0.1854
URDF saved to temp_urdf\being_10708.urdf
Connecting to PyBullet, GUI: False
CreatureEnv Inicijalizacija: 12 motora. OBS_dim=40, frame_skip=1
[Fitness run Gen8Creature21] reward=1.46±0.20  dist=0.00±0.00  upright=0.11±0.13  → FITNESS=0.0503
URDF saved to temp_urdf\being_10708.urdf
Connecting to PyBullet, GUI: False
CreatureEnv Inicijalizacija: 12 motora. OBS_dim=40, frame_skip=1
[Fitness run Gen8Creature22] reward=945.28±314.59  dist=0.01±0.02  upright=0.90±0.30  → FITNESS=0.3743
URDF saved to temp_urdf\being_10708.urdf
Connecting to PyBullet, GUI: False
CreatureEnv Inicijalizacija: 12 motora. OBS_dim=40, frame_skip=1
[Fitness run Gen8Creature23] reward=1.58±0.03  dist=0.00±0.00  upright=0.34±0.13  → FITNESS=0.1209
URDF saved to temp_urdf\being_10708.urdf
Connecting to PyBullet, GUI: False
CreatureEnv Inicijalizacija: 12 motora. OBS_dim=40, frame_skip=1
[Fitness run Gen8Creature24] reward=1.69±0.03  dist=0.00±0.00  upright=0.33±0.11  → FITNESS=0.1161
URDF saved to temp_urdf\being_10708.urdf
Connecting to PyBullet, GUI: False
CreatureEnv Inicijalizacija: 12 motora. OBS_dim=40, frame_skip=1
[Fitness run Gen8Creature25] reward=1.99±0.10  dist=0.01±0.02  upright=0.90±0.30  → FITNESS=0.2885
URDF saved to temp_urdf\being_10708.urdf
Connecting to PyBullet, GUI: False
CreatureEnv Inicijalizacija: 12 motora. OBS_dim=40, frame_skip=1
[Fitness run Gen8Creature26] reward=856.72±285.05  dist=0.02±0.05  upright=0.90±0.30  → FITNESS=0.3665
URDF saved to temp_urdf\being_10708.urdf
Connecting to PyBullet, GUI: False
CreatureEnv Inicijalizacija: 12 motora. OBS_dim=40, frame_skip=1
[Fitness run Gen8Creature27] reward=1.12±0.26  dist=0.57±0.20  upright=0.35±0.11  → FITNESS=0.1379
URDF saved to temp_urdf\being_10708.urdf
Connecting to PyBullet, GUI: False
CreatureEnv Inicijalizacija: 12 motora. OBS_dim=40, frame_skip=1
[Fitness run Gen8Creature28] reward=1.10±0.26  dist=0.00±0.00  upright=0.55±0.20  → FITNESS=0.1838
URDF saved to temp_urdf\being_10708.urdf
Connecting to PyBullet, GUI: False
CreatureEnv Inicijalizacija: 12 motora. OBS_dim=40, frame_skip=1
[Fitness run Gen8Creature29] reward=1.64±0.00  dist=0.06±0.18  upright=0.06±0.02  → FITNESS=0.0373

==================================================
Generacija 8/20  |  Best = 0.3768  |  Mean = 0.1950  |  Std = 0.1301
==================================================
URDF saved to temp_urdf\being_10708.urdf
Connecting to PyBullet, GUI: False
CreatureEnv Inicijalizacija: 12 motora. OBS_dim=40, frame_skip=1
[Fitness run Gen8Creature2] reward=1.64±0.24  dist=0.02±0.03  upright=0.43±0.29  → FITNESS=0.1475
URDF saved to temp_urdf\being_10708.urdf
Connecting to PyBullet, GUI: False
CreatureEnv Inicijalizacija: 12 motora. OBS_dim=40, frame_skip=1
[Fitness run Gen8Creature3] reward=926.02±308.17  dist=0.00±0.00  upright=0.90±0.30  → FITNESS=0.3724
URDF saved to temp_urdf\being_10708.urdf
Connecting to PyBullet, GUI: False
CreatureEnv Inicijalizacija: 12 motora. OBS_dim=40, frame_skip=1
[Fitness run Gen8Creature4] reward=0.72±0.63  dist=0.35±0.84  upright=0.18±0.12  → FITNESS=0.0811
URDF saved to temp_urdf\being_10708.urdf
Connecting to PyBullet, GUI: False
CreatureEnv Inicijalizacija: 12 motora. OBS_dim=40, frame_skip=1
[Fitness run Gen8Creature5] reward=1.80±0.12  dist=0.04±0.01  upright=0.90±0.30  → FITNESS=0.2894
URDF saved to temp_urdf\being_10708.urdf
Connecting to PyBullet, GUI: False
CreatureEnv Inicijalizacija: 12 motora. OBS_dim=40, frame_skip=1
[Fitness run Gen8Creature6] reward=1.30±0.15  dist=0.00±0.00  upright=0.36±0.12  → FITNESS=0.1267
URDF saved to temp_urdf\being_10708.urdf
Connecting to PyBullet, GUI: False
CreatureEnv Inicijalizacija: 12 motora. OBS_dim=40, frame_skip=1
[Fitness run Gen8Creature7] reward=947.19±315.31  dist=0.07±0.03  upright=0.90±0.30  → FITNESS=0.3762
URDF saved to temp_urdf\being_10708.urdf
Connecting to PyBullet, GUI: False
CreatureEnv Inicijalizacija: 12 motora. OBS_dim=40, frame_skip=1
[Fitness run Gen8Creature8] reward=1.70±0.01  dist=0.02±0.02  upright=0.06±0.10  → FITNESS=0.0383
URDF saved to temp_urdf\being_10708.urdf
Connecting to PyBullet, GUI: False
CreatureEnv Inicijalizacija: 12 motora. OBS_dim=40, frame_skip=1
[Fitness run Gen8Creature9] reward=320.19±390.32  dist=0.02±0.04  upright=0.48±0.42  → FITNESS=0.1930
URDF saved to temp_urdf\being_10708.urdf
Connecting to PyBullet, GUI: False
CreatureEnv Inicijalizacija: 12 motora. OBS_dim=40, frame_skip=1
[Fitness run Gen8Creature10] reward=0.42±0.41  dist=0.16±0.06  upright=0.35±0.13  → FITNESS=0.1259
URDF saved to temp_urdf\being_10708.urdf
Connecting to PyBullet, GUI: False
CreatureEnv Inicijalizacija: 12 motora. OBS_dim=40, frame_skip=1
[Fitness run Gen8Creature11] reward=1.70±0.00  dist=0.02±0.01  upright=0.00±0.00  → FITNESS=0.0189
URDF saved to temp_urdf\being_10708.urdf
Connecting to PyBullet, GUI: False
CreatureEnv Inicijalizacija: 12 motora. OBS_dim=40, frame_skip=1
[Fitness run Gen8Creature12] reward=1.40±0.27  dist=0.00±0.00  upright=0.37±0.13  → FITNESS=0.1306
URDF saved to temp_urdf\being_10708.urdf
Connecting to PyBullet, GUI: False
CreatureEnv Inicijalizacija: 12 motora. OBS_dim=40, frame_skip=1
[Fitness run Gen8Creature13] reward=974.22±324.18  dist=0.00±0.01  upright=0.90±0.30  → FITNESS=0.3768
URDF saved to temp_urdf\being_10708.urdf
Connecting to PyBullet, GUI: False
CreatureEnv Inicijalizacija: 12 motora. OBS_dim=40, frame_skip=1
[Fitness run Gen8Creature14] reward=0.66±0.49  dist=0.45±0.19  upright=0.00±0.00  → FITNESS=0.0296
URDF saved to temp_urdf\being_10708.urdf
Connecting to PyBullet, GUI: False
CreatureEnv Inicijalizacija: 12 motora. OBS_dim=40, frame_skip=1
[Fitness run Gen8Creature15] reward=1.80±0.00  dist=0.00±0.01  upright=1.00±0.00  → FITNESS=0.3184
URDF saved to temp_urdf\being_10708.urdf
Connecting to PyBullet, GUI: False
CreatureEnv Inicijalizacija: 12 motora. OBS_dim=40, frame_skip=1
[Fitness run Gen8Creature16] reward=1.60±1.62  dist=0.04±0.10  upright=0.38±0.23  → FITNESS=0.1327
URDF saved to temp_urdf\being_10708.urdf
Connecting to PyBullet, GUI: False
CreatureEnv Inicijalizacija: 12 motora. OBS_dim=40, frame_skip=1
[Fitness run Gen8Creature17] reward=969.24±322.58  dist=0.00±0.00  upright=0.90±0.30  → FITNESS=0.3763
URDF saved to temp_urdf\being_10708.urdf
Connecting to PyBullet, GUI: False
CreatureEnv Inicijalizacija: 12 motora. OBS_dim=40, frame_skip=1
[Fitness run Gen8Creature18] reward=1.57±0.01  dist=0.00±0.00  upright=0.03±0.08  → FITNESS=0.0261
URDF saved to temp_urdf\being_10708.urdf
Connecting to PyBullet, GUI: False
CreatureEnv Inicijalizacija: 12 motora. OBS_dim=40, frame_skip=1
[Fitness run Gen8Creature19] reward=1.55±0.05  dist=0.02±0.02  upright=0.21±0.06  → FITNESS=0.0807
URDF saved to temp_urdf\being_10708.urdf
Connecting to PyBullet, GUI: False
CreatureEnv Inicijalizacija: 12 motora. OBS_dim=40, frame_skip=1
[Fitness run Gen8Creature20] reward=208.29±414.25  dist=0.05±0.05  upright=0.49±0.29  → FITNESS=0.1854
URDF saved to temp_urdf\being_10708.urdf
Connecting to PyBullet, GUI: False
CreatureEnv Inicijalizacija: 12 motora. OBS_dim=40, frame_skip=1
[Fitness run Gen8Creature21] reward=1.46±0.20  dist=0.00±0.00  upright=0.11±0.13  → FITNESS=0.0503
URDF saved to temp_urdf\being_10708.urdf
Connecting to PyBullet, GUI: False
CreatureEnv Inicijalizacija: 12 motora. OBS_dim=40, frame_skip=1
[Fitness run Gen8Creature22] reward=945.28±314.59  dist=0.01±0.02  upright=0.90±0.30  → FITNESS=0.3743
URDF saved to temp_urdf\being_10708.urdf
Connecting to PyBullet, GUI: False
CreatureEnv Inicijalizacija: 12 motora. OBS_dim=40, frame_skip=1
[Fitness run Gen8Creature23] reward=1.58±0.03  dist=0.00±0.00  upright=0.34±0.13  → FITNESS=0.1209
URDF saved to temp_urdf\being_10708.urdf
Connecting to PyBullet, GUI: False
CreatureEnv Inicijalizacija: 12 motora. OBS_dim=40, frame_skip=1
[Fitness run Gen8Creature24] reward=1.69±0.03  dist=0.00±0.00  upright=0.33±0.11  → FITNESS=0.1161
URDF saved to temp_urdf\being_10708.urdf
Connecting to PyBullet, GUI: False
CreatureEnv Inicijalizacija: 12 motora. OBS_dim=40, frame_skip=1
[Fitness run Gen8Creature25] reward=1.99±0.10  dist=0.01±0.02  upright=0.90±0.30  → FITNESS=0.2885
URDF saved to temp_urdf\being_10708.urdf
Connecting to PyBullet, GUI: False
CreatureEnv Inicijalizacija: 12 motora. OBS_dim=40, frame_skip=1
[Fitness run Gen8Creature26] reward=856.72±285.05  dist=0.02±0.05  upright=0.90±0.30  → FITNESS=0.3665
URDF saved to temp_urdf\being_10708.urdf
Connecting to PyBullet, GUI: False
CreatureEnv Inicijalizacija: 12 motora. OBS_dim=40, frame_skip=1
[Fitness run Gen8Creature27] reward=1.12±0.26  dist=0.57±0.20  upright=0.35±0.11  → FITNESS=0.1379
URDF saved to temp_urdf\being_10708.urdf
Connecting to PyBullet, GUI: False
CreatureEnv Inicijalizacija: 12 motora. OBS_dim=40, frame_skip=1
[Fitness run Gen8Creature28] reward=1.10±0.26  dist=0.00±0.00  upright=0.55±0.20  → FITNESS=0.1838
URDF saved to temp_urdf\being_10708.urdf
Connecting to PyBullet, GUI: False
CreatureEnv Inicijalizacija: 12 motora. OBS_dim=40, frame_skip=1
[Fitness run Gen8Creature29] reward=1.64±0.00  dist=0.06±0.18  upright=0.06±0.02  → FITNESS=0.0373
Genome saved to results\distanceBased500Steps5DifferentSeeds\run_2\run_2_best_creature.json
[plot] Summary saved → results\distanceBased500Steps5DifferentSeeds\run_2\run_2_summary.png
URDF saved to temp_urdf\being_10708.urdf
Connecting to PyBullet, GUI: False
CreatureEnv Inicijalizacija: 12 motora. OBS_dim=40, frame_skip=1
[Fitness run Gen9Creature2] reward=1.48±0.02  dist=0.00±0.00  upright=0.26±0.09  → FITNESS=0.0967
URDF saved to temp_urdf\being_10708.urdf
Connecting to PyBullet, GUI: False
CreatureEnv Inicijalizacija: 12 motora. OBS_dim=40, frame_skip=1
[Fitness run Gen9Creature3] reward=1.60±0.03  dist=0.00±0.00  upright=0.06±0.02  → FITNESS=0.0357
URDF saved to temp_urdf\being_10708.urdf
Connecting to PyBullet, GUI: False
CreatureEnv Inicijalizacija: 12 motora. OBS_dim=40, frame_skip=1
[Fitness run Gen9Creature4] reward=1.40±0.19  dist=0.00±0.00  upright=0.15±0.05  → FITNESS=0.0628
URDF saved to temp_urdf\being_10708.urdf
Connecting to PyBullet, GUI: False
CreatureEnv Inicijalizacija: 12 motora. OBS_dim=40, frame_skip=1
[Fitness run Gen9Creature5] reward=956.86±318.45  dist=0.03±0.04  upright=0.90±0.30  → FITNESS=0.3759
URDF saved to temp_urdf\being_10708.urdf
Connecting to PyBullet, GUI: False
CreatureEnv Inicijalizacija: 12 motora. OBS_dim=40, frame_skip=1
[Fitness run Gen9Creature6] reward=899.04±299.18  dist=0.00±0.01  upright=0.90±0.30  → FITNESS=0.3700
URDF saved to temp_urdf\being_10708.urdf
Connecting to PyBullet, GUI: False
CreatureEnv Inicijalizacija: 12 motora. OBS_dim=40, frame_skip=1
[Fitness run Gen9Creature7] reward=916.50±304.99  dist=0.00±0.01  upright=0.90±0.30  → FITNESS=0.3716
URDF saved to temp_urdf\being_10708.urdf
Connecting to PyBullet, GUI: False
CreatureEnv Inicijalizacija: 12 motora. OBS_dim=40, frame_skip=1
[Fitness run Gen9Creature8] reward=961.11±319.87  dist=0.01±0.02  upright=0.90±0.30  → FITNESS=0.3757
URDF saved to temp_urdf\being_10708.urdf
Connecting to PyBullet, GUI: False
CreatureEnv Inicijalizacija: 12 motora. OBS_dim=40, frame_skip=1
[Fitness run Gen9Creature9] reward=1.18±0.30  dist=0.00±0.00  upright=0.42±0.15  → FITNESS=0.1451
URDF saved to temp_urdf\being_10708.urdf
Connecting to PyBullet, GUI: False
CreatureEnv Inicijalizacija: 12 motora. OBS_dim=40, frame_skip=1
[Fitness run Gen9Creature10] reward=1.98±0.14  dist=0.07±0.20  upright=0.05±0.04  → FITNESS=0.0365
URDF saved to temp_urdf\being_10708.urdf
Connecting to PyBullet, GUI: False
CreatureEnv Inicijalizacija: 12 motora. OBS_dim=40, frame_skip=1
[Fitness run Gen9Creature11] reward=1.70±0.00  dist=0.00±0.00  upright=0.00±0.00  → FITNESS=0.0183
URDF saved to temp_urdf\being_10708.urdf
Connecting to PyBullet, GUI: False
CreatureEnv Inicijalizacija: 12 motora. OBS_dim=40, frame_skip=1
[Fitness run Gen9Creature12] reward=0.76±0.27  dist=0.10±0.07  upright=0.38±0.13  → FITNESS=0.1349
URDF saved to temp_urdf\being_10708.urdf
Connecting to PyBullet, GUI: False
CreatureEnv Inicijalizacija: 12 motora. OBS_dim=40, frame_skip=1
[Fitness run Gen9Creature13] reward=1.65±0.03  dist=0.00±0.00  upright=0.23±0.08  → FITNESS=0.0880
URDF saved to temp_urdf\being_10708.urdf
Connecting to PyBullet, GUI: False
CreatureEnv Inicijalizacija: 12 motora. OBS_dim=40, frame_skip=1
[Fitness run Gen9Creature14] reward=935.37±311.25  dist=0.00±0.00  upright=0.90±0.30  → FITNESS=0.3732
URDF saved to temp_urdf\being_10708.urdf
Connecting to PyBullet, GUI: False
CreatureEnv Inicijalizacija: 12 motora. OBS_dim=40, frame_skip=1
[Fitness run Gen9Creature15] reward=1.49±0.15  dist=0.01±0.02  upright=0.17±0.08  → FITNESS=0.0698
URDF saved to temp_urdf\being_10708.urdf
Connecting to PyBullet, GUI: False
CreatureEnv Inicijalizacija: 12 motora. OBS_dim=40, frame_skip=1
[Fitness run Gen9Creature16] reward=0.91±0.06  dist=0.00±0.00  upright=0.34±0.11  → FITNESS=0.1189
URDF saved to temp_urdf\being_10708.urdf
Connecting to PyBullet, GUI: False
CreatureEnv Inicijalizacija: 12 motora. OBS_dim=40, frame_skip=1
[Fitness run Gen9Creature17] reward=970.99±323.17  dist=0.00±0.00  upright=0.90±0.30  → FITNESS=0.3765
URDF saved to temp_urdf\being_10708.urdf
Connecting to PyBullet, GUI: False
CreatureEnv Inicijalizacija: 12 motora. OBS_dim=40, frame_skip=1
[Fitness run Gen9Creature18] reward=1.58±0.05  dist=0.04±0.11  upright=0.11±0.04  → FITNESS=0.0531
URDF saved to temp_urdf\being_10708.urdf
Connecting to PyBullet, GUI: False
CreatureEnv Inicijalizacija: 12 motora. OBS_dim=40, frame_skip=1
[Fitness run Gen9Creature19] reward=1.73±0.01  dist=0.01±0.02  upright=0.00±0.00  → FITNESS=0.0185
URDF saved to temp_urdf\being_10708.urdf
Connecting to PyBullet, GUI: False
CreatureEnv Inicijalizacija: 12 motora. OBS_dim=40, frame_skip=1
[Fitness run Gen9Creature20] reward=1.57±0.05  dist=0.02±0.03  upright=0.15±0.05  → FITNESS=0.0634
URDF saved to temp_urdf\being_10708.urdf
Connecting to PyBullet, GUI: False
CreatureEnv Inicijalizacija: 12 motora. OBS_dim=40, frame_skip=1
[Fitness run Gen9Creature21] reward=963.19±320.56  dist=0.01±0.00  upright=0.90±0.30  → FITNESS=0.3759
URDF saved to temp_urdf\being_10708.urdf
Connecting to PyBullet, GUI: False
CreatureEnv Inicijalizacija: 12 motora. OBS_dim=40, frame_skip=1
[Fitness run Gen9Creature22] reward=913.96±304.15  dist=0.01±0.01  upright=0.90±0.30  → FITNESS=0.3714
URDF saved to temp_urdf\being_10708.urdf
Connecting to PyBullet, GUI: False
CreatureEnv Inicijalizacija: 12 motora. OBS_dim=40, frame_skip=1
[Fitness run Gen9Creature23] reward=1.99±0.16  dist=0.00±0.01  upright=0.20±0.06  → FITNESS=0.0794
URDF saved to temp_urdf\being_10708.urdf
Connecting to PyBullet, GUI: False
CreatureEnv Inicijalizacija: 12 motora. OBS_dim=40, frame_skip=1
[Fitness run Gen9Creature24] reward=1.58±0.01  dist=0.00±0.00  upright=0.02±0.06  → FITNESS=0.0241
URDF saved to temp_urdf\being_10708.urdf
Connecting to PyBullet, GUI: False
CreatureEnv Inicijalizacija: 12 motora. OBS_dim=40, frame_skip=1
[Fitness run Gen9Creature25] reward=953.95±317.49  dist=0.01±0.00  upright=0.90±0.30  → FITNESS=0.3752
URDF saved to temp_urdf\being_10708.urdf
Connecting to PyBullet, GUI: False
CreatureEnv Inicijalizacija: 12 motora. OBS_dim=40, frame_skip=1
[Fitness run Gen9Creature26] reward=1.40±0.12  dist=0.00±0.00  upright=0.00±0.00  → FITNESS=0.0183
URDF saved to temp_urdf\being_10708.urdf
Connecting to PyBullet, GUI: False
CreatureEnv Inicijalizacija: 12 motora. OBS_dim=40, frame_skip=1
[Fitness run Gen9Creature27] reward=1.22±0.19  dist=0.03±0.07  upright=0.31±0.12  → FITNESS=0.1128
URDF saved to temp_urdf\being_10708.urdf
Connecting to PyBullet, GUI: False
CreatureEnv Inicijalizacija: 12 motora. OBS_dim=40, frame_skip=1
[Fitness run Gen9Creature28] reward=963.52±320.68  dist=0.00±0.00  upright=0.90±0.30  → FITNESS=0.3758
URDF saved to temp_urdf\being_10708.urdf
Connecting to PyBullet, GUI: False
CreatureEnv Inicijalizacija: 12 motora. OBS_dim=40, frame_skip=1
[Fitness run Gen9Creature29] reward=1.55±0.04  dist=0.03±0.04  upright=0.00±0.00  → FITNESS=0.0191

==================================================
Generacija 9/20  |  Best = 0.3768  |  Mean = 0.1897  |  Std = 0.1543
==================================================
URDF saved to temp_urdf\being_10708.urdf
Connecting to PyBullet, GUI: False
CreatureEnv Inicijalizacija: 12 motora. OBS_dim=40, frame_skip=1
[Fitness run Gen9Creature2] reward=1.48±0.02  dist=0.00±0.00  upright=0.26±0.09  → FITNESS=0.0967
URDF saved to temp_urdf\being_10708.urdf
Connecting to PyBullet, GUI: False
CreatureEnv Inicijalizacija: 12 motora. OBS_dim=40, frame_skip=1
[Fitness run Gen9Creature3] reward=1.60±0.03  dist=0.00±0.00  upright=0.06±0.02  → FITNESS=0.0357
URDF saved to temp_urdf\being_10708.urdf
Connecting to PyBullet, GUI: False
CreatureEnv Inicijalizacija: 12 motora. OBS_dim=40, frame_skip=1
[Fitness run Gen9Creature4] reward=1.40±0.19  dist=0.00±0.00  upright=0.15±0.05  → FITNESS=0.0628
URDF saved to temp_urdf\being_10708.urdf
Connecting to PyBullet, GUI: False
CreatureEnv Inicijalizacija: 12 motora. OBS_dim=40, frame_skip=1
[Fitness run Gen9Creature5] reward=956.86±318.45  dist=0.03±0.04  upright=0.90±0.30  → FITNESS=0.3759
URDF saved to temp_urdf\being_10708.urdf
Connecting to PyBullet, GUI: False
CreatureEnv Inicijalizacija: 12 motora. OBS_dim=40, frame_skip=1
[Fitness run Gen9Creature6] reward=899.04±299.18  dist=0.00±0.01  upright=0.90±0.30  → FITNESS=0.3700
URDF saved to temp_urdf\being_10708.urdf
Connecting to PyBullet, GUI: False
CreatureEnv Inicijalizacija: 12 motora. OBS_dim=40, frame_skip=1
[Fitness run Gen9Creature7] reward=916.50±304.99  dist=0.00±0.01  upright=0.90±0.30  → FITNESS=0.3716
URDF saved to temp_urdf\being_10708.urdf
Connecting to PyBullet, GUI: False
CreatureEnv Inicijalizacija: 12 motora. OBS_dim=40, frame_skip=1
[Fitness run Gen9Creature8] reward=961.11±319.87  dist=0.01±0.02  upright=0.90±0.30  → FITNESS=0.3757
URDF saved to temp_urdf\being_10708.urdf
Connecting to PyBullet, GUI: False
CreatureEnv Inicijalizacija: 12 motora. OBS_dim=40, frame_skip=1
[Fitness run Gen9Creature9] reward=1.18±0.30  dist=0.00±0.00  upright=0.42±0.15  → FITNESS=0.1451
URDF saved to temp_urdf\being_10708.urdf
Connecting to PyBullet, GUI: False
CreatureEnv Inicijalizacija: 12 motora. OBS_dim=40, frame_skip=1
[Fitness run Gen9Creature10] reward=1.98±0.14  dist=0.07±0.20  upright=0.05±0.04  → FITNESS=0.0365
URDF saved to temp_urdf\being_10708.urdf
Connecting to PyBullet, GUI: False
CreatureEnv Inicijalizacija: 12 motora. OBS_dim=40, frame_skip=1
[Fitness run Gen9Creature11] reward=1.70±0.00  dist=0.00±0.00  upright=0.00±0.00  → FITNESS=0.0183
URDF saved to temp_urdf\being_10708.urdf
Connecting to PyBullet, GUI: False
CreatureEnv Inicijalizacija: 12 motora. OBS_dim=40, frame_skip=1
[Fitness run Gen9Creature12] reward=0.76±0.27  dist=0.10±0.07  upright=0.38±0.13  → FITNESS=0.1349
URDF saved to temp_urdf\being_10708.urdf
Connecting to PyBullet, GUI: False
CreatureEnv Inicijalizacija: 12 motora. OBS_dim=40, frame_skip=1
[Fitness run Gen9Creature13] reward=1.65±0.03  dist=0.00±0.00  upright=0.23±0.08  → FITNESS=0.0880
URDF saved to temp_urdf\being_10708.urdf
Connecting to PyBullet, GUI: False
CreatureEnv Inicijalizacija: 12 motora. OBS_dim=40, frame_skip=1
[Fitness run Gen9Creature14] reward=935.37±311.25  dist=0.00±0.00  upright=0.90±0.30  → FITNESS=0.3732
URDF saved to temp_urdf\being_10708.urdf
Connecting to PyBullet, GUI: False
CreatureEnv Inicijalizacija: 12 motora. OBS_dim=40, frame_skip=1
[Fitness run Gen9Creature15] reward=1.49±0.15  dist=0.01±0.02  upright=0.17±0.08  → FITNESS=0.0698
URDF saved to temp_urdf\being_10708.urdf
Connecting to PyBullet, GUI: False
CreatureEnv Inicijalizacija: 12 motora. OBS_dim=40, frame_skip=1
[Fitness run Gen9Creature16] reward=0.91±0.06  dist=0.00±0.00  upright=0.34±0.11  → FITNESS=0.1189
URDF saved to temp_urdf\being_10708.urdf
Connecting to PyBullet, GUI: False
CreatureEnv Inicijalizacija: 12 motora. OBS_dim=40, frame_skip=1
[Fitness run Gen9Creature17] reward=970.99±323.17  dist=0.00±0.00  upright=0.90±0.30  → FITNESS=0.3765
URDF saved to temp_urdf\being_10708.urdf
Connecting to PyBullet, GUI: False
CreatureEnv Inicijalizacija: 12 motora. OBS_dim=40, frame_skip=1
[Fitness run Gen9Creature18] reward=1.58±0.05  dist=0.04±0.11  upright=0.11±0.04  → FITNESS=0.0531
URDF saved to temp_urdf\being_10708.urdf
Connecting to PyBullet, GUI: False
CreatureEnv Inicijalizacija: 12 motora. OBS_dim=40, frame_skip=1
[Fitness run Gen9Creature19] reward=1.73±0.01  dist=0.01±0.02  upright=0.00±0.00  → FITNESS=0.0185
URDF saved to temp_urdf\being_10708.urdf
Connecting to PyBullet, GUI: False
CreatureEnv Inicijalizacija: 12 motora. OBS_dim=40, frame_skip=1
[Fitness run Gen9Creature20] reward=1.57±0.05  dist=0.02±0.03  upright=0.15±0.05  → FITNESS=0.0634
URDF saved to temp_urdf\being_10708.urdf
Connecting to PyBullet, GUI: False
CreatureEnv Inicijalizacija: 12 motora. OBS_dim=40, frame_skip=1
[Fitness run Gen9Creature21] reward=963.19±320.56  dist=0.01±0.00  upright=0.90±0.30  → FITNESS=0.3759
URDF saved to temp_urdf\being_10708.urdf
Connecting to PyBullet, GUI: False
CreatureEnv Inicijalizacija: 12 motora. OBS_dim=40, frame_skip=1
[Fitness run Gen9Creature22] reward=913.96±304.15  dist=0.01±0.01  upright=0.90±0.30  → FITNESS=0.3714
URDF saved to temp_urdf\being_10708.urdf
Connecting to PyBullet, GUI: False
CreatureEnv Inicijalizacija: 12 motora. OBS_dim=40, frame_skip=1
[Fitness run Gen9Creature23] reward=1.99±0.16  dist=0.00±0.01  upright=0.20±0.06  → FITNESS=0.0794
URDF saved to temp_urdf\being_10708.urdf
Connecting to PyBullet, GUI: False
CreatureEnv Inicijalizacija: 12 motora. OBS_dim=40, frame_skip=1
[Fitness run Gen9Creature24] reward=1.58±0.01  dist=0.00±0.00  upright=0.02±0.06  → FITNESS=0.0241
URDF saved to temp_urdf\being_10708.urdf
Connecting to PyBullet, GUI: False
CreatureEnv Inicijalizacija: 12 motora. OBS_dim=40, frame_skip=1
[Fitness run Gen9Creature25] reward=953.95±317.49  dist=0.01±0.00  upright=0.90±0.30  → FITNESS=0.3752
URDF saved to temp_urdf\being_10708.urdf
Connecting to PyBullet, GUI: False
CreatureEnv Inicijalizacija: 12 motora. OBS_dim=40, frame_skip=1
[Fitness run Gen9Creature26] reward=1.40±0.12  dist=0.00±0.00  upright=0.00±0.00  → FITNESS=0.0183
URDF saved to temp_urdf\being_10708.urdf
Connecting to PyBullet, GUI: False
CreatureEnv Inicijalizacija: 12 motora. OBS_dim=40, frame_skip=1
[Fitness run Gen9Creature27] reward=1.22±0.19  dist=0.03±0.07  upright=0.31±0.12  → FITNESS=0.1128
URDF saved to temp_urdf\being_10708.urdf
Connecting to PyBullet, GUI: False
CreatureEnv Inicijalizacija: 12 motora. OBS_dim=40, frame_skip=1
[Fitness run Gen9Creature28] reward=963.52±320.68  dist=0.00±0.00  upright=0.90±0.30  → FITNESS=0.3758
URDF saved to temp_urdf\being_10708.urdf
Connecting to PyBullet, GUI: False
CreatureEnv Inicijalizacija: 12 motora. OBS_dim=40, frame_skip=1
[Fitness run Gen9Creature29] reward=1.55±0.04  dist=0.03±0.04  upright=0.00±0.00  → FITNESS=0.0191
Genome saved to results\distanceBased500Steps5DifferentSeeds\run_2\run_2_best_creature.json
[plot] Summary saved → results\distanceBased500Steps5DifferentSeeds\run_2\run_2_summary.png
URDF saved to temp_urdf\being_10708.urdf
Connecting to PyBullet, GUI: False
CreatureEnv Inicijalizacija: 12 motora. OBS_dim=40, frame_skip=1
[Fitness run Gen10Creature2] reward=1.24±0.09  dist=0.06±0.19  upright=0.37±0.13  → FITNESS=0.1322
URDF saved to temp_urdf\being_10708.urdf
Connecting to PyBullet, GUI: False
CreatureEnv Inicijalizacija: 12 motora. OBS_dim=40, frame_skip=1
[Fitness run Gen10Creature3] reward=963.03±320.50  dist=0.00±0.01  upright=0.90±0.30  → FITNESS=0.3758
URDF saved to temp_urdf\being_10708.urdf
Connecting to PyBullet, GUI: False
CreatureEnv Inicijalizacija: 12 motora. OBS_dim=40, frame_skip=1
[Fitness run Gen10Creature4] reward=930.20±309.57  dist=0.04±0.10  upright=0.90±0.30  → FITNESS=0.3737
URDF saved to temp_urdf\being_10708.urdf
Connecting to PyBullet, GUI: False
CreatureEnv Inicijalizacija: 12 motora. OBS_dim=40, frame_skip=1
[Fitness run Gen10Creature5] reward=846.69±422.63  dist=0.07±0.04  upright=0.82±0.37  → FITNESS=0.3417
URDF saved to temp_urdf\being_10708.urdf
Connecting to PyBullet, GUI: False
CreatureEnv Inicijalizacija: 12 motora. OBS_dim=40, frame_skip=1
[Fitness run Gen10Creature6] reward=1.47±0.04  dist=0.00±0.00  upright=0.00±0.00  → FITNESS=0.0183
URDF saved to temp_urdf\being_10708.urdf
Connecting to PyBullet, GUI: False
CreatureEnv Inicijalizacija: 12 motora. OBS_dim=40, frame_skip=1
[Fitness run Gen10Creature7] reward=961.71±320.06  dist=0.02±0.01  upright=0.90±0.30  → FITNESS=0.3761
URDF saved to temp_urdf\being_10708.urdf
Connecting to PyBullet, GUI: False
CreatureEnv Inicijalizacija: 12 motora. OBS_dim=40, frame_skip=1
[Fitness run Gen10Creature8] reward=957.88±318.79  dist=0.01±0.02  upright=0.90±0.30  → FITNESS=0.3754
URDF saved to temp_urdf\being_10708.urdf
Connecting to PyBullet, GUI: False
CreatureEnv Inicijalizacija: 12 motora. OBS_dim=40, frame_skip=1
[Fitness run Gen10Creature9] reward=923.88±307.40  dist=0.00±0.00  upright=0.90±0.30  → FITNESS=0.3722
URDF saved to temp_urdf\being_10708.urdf
Connecting to PyBullet, GUI: False
CreatureEnv Inicijalizacija: 12 motora. OBS_dim=40, frame_skip=1
[Fitness run Gen10Creature10] reward=1.06±0.35  dist=0.02±0.02  upright=0.36±0.17  → FITNESS=0.1271
URDF saved to temp_urdf\being_10708.urdf
Connecting to PyBullet, GUI: False
CreatureEnv Inicijalizacija: 12 motora. OBS_dim=40, frame_skip=1
[Fitness run Gen10Creature11] reward=1.73±0.10  dist=0.06±0.03  upright=0.00±0.01  → FITNESS=0.0208
URDF saved to temp_urdf\being_10708.urdf
Connecting to PyBullet, GUI: False
CreatureEnv Inicijalizacija: 12 motora. OBS_dim=40, frame_skip=1
[Fitness run Gen10Creature12] reward=1.57±0.02  dist=0.00±0.01  upright=0.00±0.00  → FITNESS=0.0184
URDF saved to temp_urdf\being_10708.urdf
Connecting to PyBullet, GUI: False
CreatureEnv Inicijalizacija: 12 motora. OBS_dim=40, frame_skip=1
[Fitness run Gen10Creature13] reward=1.73±0.06  dist=0.00±0.00  upright=0.24±0.09  → FITNESS=0.0890
URDF saved to temp_urdf\being_10708.urdf
Connecting to PyBullet, GUI: False
CreatureEnv Inicijalizacija: 12 motora. OBS_dim=40, frame_skip=1
[Fitness run Gen10Creature14] reward=910.83±303.09  dist=0.01±0.00  upright=0.90±0.30  → FITNESS=0.3712
URDF saved to temp_urdf\being_10708.urdf
Connecting to PyBullet, GUI: False
CreatureEnv Inicijalizacija: 12 motora. OBS_dim=40, frame_skip=1
[Fitness run Gen10Creature15] reward=1.50±0.02  dist=0.00±0.00  upright=0.23±0.08  → FITNESS=0.0880
URDF saved to temp_urdf\being_10708.urdf
Connecting to PyBullet, GUI: False
CreatureEnv Inicijalizacija: 12 motora. OBS_dim=40, frame_skip=1
[Fitness run Gen10Creature16] reward=1.40±0.19  dist=0.06±0.07  upright=0.27±0.11  → FITNESS=0.1001
URDF saved to temp_urdf\being_10708.urdf
Connecting to PyBullet, GUI: False
CreatureEnv Inicijalizacija: 12 motora. OBS_dim=40, frame_skip=1
[Fitness run Gen10Creature17] reward=1.65±0.20  dist=0.02±0.02  upright=0.44±0.18  → FITNESS=0.1494
URDF saved to temp_urdf\being_10708.urdf
Connecting to PyBullet, GUI: False
CreatureEnv Inicijalizacija: 12 motora. OBS_dim=40, frame_skip=1
[Fitness run Gen10Creature18] reward=1.43±0.30  dist=0.07±0.22  upright=0.15±0.05  → FITNESS=0.0646
URDF saved to temp_urdf\being_10708.urdf
Connecting to PyBullet, GUI: False
CreatureEnv Inicijalizacija: 12 motora. OBS_dim=40, frame_skip=1
[Fitness run Gen10Creature19] reward=1.61±0.06  dist=0.02±0.05  upright=0.23±0.09  → FITNESS=0.0865
URDF saved to temp_urdf\being_10708.urdf
Connecting to PyBullet, GUI: False
CreatureEnv Inicijalizacija: 12 motora. OBS_dim=40, frame_skip=1
[Fitness run Gen10Creature20] reward=907.28±301.91  dist=0.00±0.00  upright=0.90±0.30  → FITNESS=0.3707
URDF saved to temp_urdf\being_10708.urdf
Connecting to PyBullet, GUI: False
CreatureEnv Inicijalizacija: 12 motora. OBS_dim=40, frame_skip=1
[Fitness run Gen10Creature21] reward=928.51±309.00  dist=0.00±0.01  upright=0.90±0.30  → FITNESS=0.3727
URDF saved to temp_urdf\being_10708.urdf
Connecting to PyBullet, GUI: False
CreatureEnv Inicijalizacija: 12 motora. OBS_dim=40, frame_skip=1
[Fitness run Gen10Creature22] reward=944.41±314.30  dist=0.00±0.00  upright=0.90±0.29  → FITNESS=0.3750
URDF saved to temp_urdf\being_10708.urdf
Connecting to PyBullet, GUI: False
CreatureEnv Inicijalizacija: 12 motora. OBS_dim=40, frame_skip=1
[Fitness run Gen10Creature23] reward=970.10±322.86  dist=0.00±0.01  upright=0.90±0.30  → FITNESS=0.3764
URDF saved to temp_urdf\being_10708.urdf
Connecting to PyBullet, GUI: False
CreatureEnv Inicijalizacija: 12 motora. OBS_dim=40, frame_skip=1
[Fitness run Gen10Creature24] reward=1.52±0.01  dist=0.04±0.13  upright=0.18±0.06  → FITNESS=0.0727
URDF saved to temp_urdf\being_10708.urdf
Connecting to PyBullet, GUI: False
CreatureEnv Inicijalizacija: 12 motora. OBS_dim=40, frame_skip=1
[Fitness run Gen10Creature25] reward=931.84±310.11  dist=0.01±0.02  upright=0.90±0.30  → FITNESS=0.3731
URDF saved to temp_urdf\being_10708.urdf
Connecting to PyBullet, GUI: False
CreatureEnv Inicijalizacija: 12 motora. OBS_dim=40, frame_skip=1
[Fitness run Gen10Creature26] reward=1.53±0.06  dist=0.00±0.00  upright=0.00±0.00  → FITNESS=0.0183
URDF saved to temp_urdf\being_10708.urdf
Connecting to PyBullet, GUI: False
CreatureEnv Inicijalizacija: 12 motora. OBS_dim=40, frame_skip=1
[Fitness run Gen10Creature27] reward=1.11±0.37  dist=0.14±0.07  upright=0.51±0.20  → FITNESS=0.1757
URDF saved to temp_urdf\being_10708.urdf
Connecting to PyBullet, GUI: False
CreatureEnv Inicijalizacija: 12 motora. OBS_dim=40, frame_skip=1
[Fitness run Gen10Creature28] reward=963.54±320.69  dist=0.00±0.00  upright=0.90±0.30  → FITNESS=0.3758
URDF saved to temp_urdf\being_10708.urdf
Connecting to PyBullet, GUI: False
CreatureEnv Inicijalizacija: 12 motora. OBS_dim=40, frame_skip=1
[Fitness run Gen10Creature29] reward=1.48±0.08  dist=0.00±0.00  upright=0.06±0.02  → FITNESS=0.0357

==================================================
Generacija 10/20  |  Best = 0.3768  |  Mean = 0.2260  |  Std = 0.1504
==================================================
URDF saved to temp_urdf\being_10708.urdf
Connecting to PyBullet, GUI: False
CreatureEnv Inicijalizacija: 12 motora. OBS_dim=40, frame_skip=1
[Fitness run Gen10Creature2] reward=1.24±0.09  dist=0.06±0.19  upright=0.37±0.13  → FITNESS=0.1322
URDF saved to temp_urdf\being_10708.urdf
Connecting to PyBullet, GUI: False
CreatureEnv Inicijalizacija: 12 motora. OBS_dim=40, frame_skip=1
[Fitness run Gen10Creature3] reward=963.03±320.50  dist=0.00±0.01  upright=0.90±0.30  → FITNESS=0.3758
URDF saved to temp_urdf\being_10708.urdf
Connecting to PyBullet, GUI: False
CreatureEnv Inicijalizacija: 12 motora. OBS_dim=40, frame_skip=1
[Fitness run Gen10Creature4] reward=930.20±309.57  dist=0.04±0.10  upright=0.90±0.30  → FITNESS=0.3737
URDF saved to temp_urdf\being_10708.urdf
Connecting to PyBullet, GUI: False
CreatureEnv Inicijalizacija: 12 motora. OBS_dim=40, frame_skip=1
[Fitness run Gen10Creature5] reward=846.69±422.63  dist=0.07±0.04  upright=0.82±0.37  → FITNESS=0.3417
URDF saved to temp_urdf\being_10708.urdf
Connecting to PyBullet, GUI: False
CreatureEnv Inicijalizacija: 12 motora. OBS_dim=40, frame_skip=1
[Fitness run Gen10Creature6] reward=1.47±0.04  dist=0.00±0.00  upright=0.00±0.00  → FITNESS=0.0183
URDF saved to temp_urdf\being_10708.urdf
Connecting to PyBullet, GUI: False
CreatureEnv Inicijalizacija: 12 motora. OBS_dim=40, frame_skip=1
[Fitness run Gen10Creature7] reward=961.71±320.06  dist=0.02±0.01  upright=0.90±0.30  → FITNESS=0.3761
URDF saved to temp_urdf\being_10708.urdf
Connecting to PyBullet, GUI: False
CreatureEnv Inicijalizacija: 12 motora. OBS_dim=40, frame_skip=1
[Fitness run Gen10Creature8] reward=957.88±318.79  dist=0.01±0.02  upright=0.90±0.30  → FITNESS=0.3754
URDF saved to temp_urdf\being_10708.urdf
Connecting to PyBullet, GUI: False
CreatureEnv Inicijalizacija: 12 motora. OBS_dim=40, frame_skip=1
[Fitness run Gen10Creature9] reward=923.88±307.40  dist=0.00±0.00  upright=0.90±0.30  → FITNESS=0.3722
URDF saved to temp_urdf\being_10708.urdf
Connecting to PyBullet, GUI: False
CreatureEnv Inicijalizacija: 12 motora. OBS_dim=40, frame_skip=1
[Fitness run Gen10Creature10] reward=1.06±0.35  dist=0.02±0.02  upright=0.36±0.17  → FITNESS=0.1271
URDF saved to temp_urdf\being_10708.urdf
Connecting to PyBullet, GUI: False
CreatureEnv Inicijalizacija: 12 motora. OBS_dim=40, frame_skip=1
[Fitness run Gen10Creature11] reward=1.73±0.10  dist=0.06±0.03  upright=0.00±0.01  → FITNESS=0.0208
URDF saved to temp_urdf\being_10708.urdf
Connecting to PyBullet, GUI: False
CreatureEnv Inicijalizacija: 12 motora. OBS_dim=40, frame_skip=1
[Fitness run Gen10Creature12] reward=1.57±0.02  dist=0.00±0.01  upright=0.00±0.00  → FITNESS=0.0184
URDF saved to temp_urdf\being_10708.urdf
Connecting to PyBullet, GUI: False
CreatureEnv Inicijalizacija: 12 motora. OBS_dim=40, frame_skip=1
[Fitness run Gen10Creature13] reward=1.73±0.06  dist=0.00±0.00  upright=0.24±0.09  → FITNESS=0.0890
URDF saved to temp_urdf\being_10708.urdf
Connecting to PyBullet, GUI: False
CreatureEnv Inicijalizacija: 12 motora. OBS_dim=40, frame_skip=1
[Fitness run Gen10Creature14] reward=910.83±303.09  dist=0.01±0.00  upright=0.90±0.30  → FITNESS=0.3712
URDF saved to temp_urdf\being_10708.urdf
Connecting to PyBullet, GUI: False
CreatureEnv Inicijalizacija: 12 motora. OBS_dim=40, frame_skip=1
[Fitness run Gen10Creature15] reward=1.50±0.02  dist=0.00±0.00  upright=0.23±0.08  → FITNESS=0.0880
URDF saved to temp_urdf\being_10708.urdf
Connecting to PyBullet, GUI: False
CreatureEnv Inicijalizacija: 12 motora. OBS_dim=40, frame_skip=1
[Fitness run Gen10Creature16] reward=1.40±0.19  dist=0.06±0.07  upright=0.27±0.11  → FITNESS=0.1001
URDF saved to temp_urdf\being_10708.urdf
Connecting to PyBullet, GUI: False
CreatureEnv Inicijalizacija: 12 motora. OBS_dim=40, frame_skip=1
[Fitness run Gen10Creature17] reward=1.65±0.20  dist=0.02±0.02  upright=0.44±0.18  → FITNESS=0.1494
URDF saved to temp_urdf\being_10708.urdf
Connecting to PyBullet, GUI: False
CreatureEnv Inicijalizacija: 12 motora. OBS_dim=40, frame_skip=1
[Fitness run Gen10Creature18] reward=1.43±0.30  dist=0.07±0.22  upright=0.15±0.05  → FITNESS=0.0646
URDF saved to temp_urdf\being_10708.urdf
Connecting to PyBullet, GUI: False
CreatureEnv Inicijalizacija: 12 motora. OBS_dim=40, frame_skip=1
[Fitness run Gen10Creature19] reward=1.61±0.06  dist=0.02±0.05  upright=0.23±0.09  → FITNESS=0.0865
URDF saved to temp_urdf\being_10708.urdf
Connecting to PyBullet, GUI: False
CreatureEnv Inicijalizacija: 12 motora. OBS_dim=40, frame_skip=1
[Fitness run Gen10Creature20] reward=907.28±301.91  dist=0.00±0.00  upright=0.90±0.30  → FITNESS=0.3707
URDF saved to temp_urdf\being_10708.urdf
Connecting to PyBullet, GUI: False
CreatureEnv Inicijalizacija: 12 motora. OBS_dim=40, frame_skip=1
[Fitness run Gen10Creature21] reward=928.51±309.00  dist=0.00±0.01  upright=0.90±0.30  → FITNESS=0.3727
URDF saved to temp_urdf\being_10708.urdf
Connecting to PyBullet, GUI: False
CreatureEnv Inicijalizacija: 12 motora. OBS_dim=40, frame_skip=1
[Fitness run Gen10Creature22] reward=944.41±314.30  dist=0.00±0.00  upright=0.90±0.29  → FITNESS=0.3750
URDF saved to temp_urdf\being_10708.urdf
Connecting to PyBullet, GUI: False
CreatureEnv Inicijalizacija: 12 motora. OBS_dim=40, frame_skip=1
[Fitness run Gen10Creature23] reward=970.10±322.86  dist=0.00±0.01  upright=0.90±0.30  → FITNESS=0.3764
URDF saved to temp_urdf\being_10708.urdf
Connecting to PyBullet, GUI: False
CreatureEnv Inicijalizacija: 12 motora. OBS_dim=40, frame_skip=1
[Fitness run Gen10Creature24] reward=1.52±0.01  dist=0.04±0.13  upright=0.18±0.06  → FITNESS=0.0727
URDF saved to temp_urdf\being_10708.urdf
Connecting to PyBullet, GUI: False
CreatureEnv Inicijalizacija: 12 motora. OBS_dim=40, frame_skip=1
[Fitness run Gen10Creature25] reward=931.84±310.11  dist=0.01±0.02  upright=0.90±0.30  → FITNESS=0.3731
URDF saved to temp_urdf\being_10708.urdf
Connecting to PyBullet, GUI: False
CreatureEnv Inicijalizacija: 12 motora. OBS_dim=40, frame_skip=1
[Fitness run Gen10Creature26] reward=1.53±0.06  dist=0.00±0.00  upright=0.00±0.00  → FITNESS=0.0183
URDF saved to temp_urdf\being_10708.urdf
Connecting to PyBullet, GUI: False
CreatureEnv Inicijalizacija: 12 motora. OBS_dim=40, frame_skip=1
[Fitness run Gen10Creature27] reward=1.11±0.37  dist=0.14±0.07  upright=0.51±0.20  → FITNESS=0.1757
URDF saved to temp_urdf\being_10708.urdf
Connecting to PyBullet, GUI: False
CreatureEnv Inicijalizacija: 12 motora. OBS_dim=40, frame_skip=1
[Fitness run Gen10Creature28] reward=963.54±320.69  dist=0.00±0.00  upright=0.90±0.30  → FITNESS=0.3758
URDF saved to temp_urdf\being_10708.urdf
Connecting to PyBullet, GUI: False
CreatureEnv Inicijalizacija: 12 motora. OBS_dim=40, frame_skip=1
[Fitness run Gen10Creature29] reward=1.48±0.08  dist=0.00±0.00  upright=0.06±0.02  → FITNESS=0.0357
Genome saved to results\distanceBased500Steps5DifferentSeeds\run_2\run_2_best_creature.json
[plot] Summary saved → results\distanceBased500Steps5DifferentSeeds\run_2\run_2_summary.png
URDF saved to temp_urdf\being_10708.urdf
Connecting to PyBullet, GUI: False
CreatureEnv Inicijalizacija: 12 motora. OBS_dim=40, frame_skip=1
[Fitness run Gen11Creature2] reward=1.53±0.01  dist=0.05±0.14  upright=0.00±0.00  → FITNESS=0.0195
URDF saved to temp_urdf\being_10708.urdf
Connecting to PyBullet, GUI: False
CreatureEnv Inicijalizacija: 12 motora. OBS_dim=40, frame_skip=1
[Fitness run Gen11Creature4] reward=926.05±308.03  dist=0.07±0.21  upright=0.99±0.04  → FITNESS=0.4003
URDF saved to temp_urdf\being_10708.urdf
Connecting to PyBullet, GUI: False
CreatureEnv Inicijalizacija: 12 motora. OBS_dim=40, frame_skip=1
[Fitness run Gen11Creature5] reward=1.25±0.14  dist=0.00±0.00  upright=0.42±0.15  → FITNESS=0.1441
URDF saved to temp_urdf\being_10708.urdf
Connecting to PyBullet, GUI: False
CreatureEnv Inicijalizacija: 12 motora. OBS_dim=40, frame_skip=1
[Fitness run Gen11Creature6] reward=935.36±311.28  dist=0.01±0.00  upright=0.90±0.30  → FITNESS=0.3734
URDF saved to temp_urdf\being_10708.urdf
Connecting to PyBullet, GUI: False
CreatureEnv Inicijalizacija: 12 motora. OBS_dim=40, frame_skip=1
[Fitness run Gen11Creature7] reward=965.31±321.27  dist=0.00±0.01  upright=0.90±0.30  → FITNESS=0.3760
URDF saved to temp_urdf\being_10708.urdf
Connecting to PyBullet, GUI: False
CreatureEnv Inicijalizacija: 12 motora. OBS_dim=40, frame_skip=1
[Fitness run Gen11Creature8] reward=961.11±319.87  dist=0.01±0.02  upright=0.90±0.30  → FITNESS=0.3757
URDF saved to temp_urdf\being_10708.urdf
Connecting to PyBullet, GUI: False
CreatureEnv Inicijalizacija: 12 motora. OBS_dim=40, frame_skip=1
[Fitness run Gen11Creature9] reward=925.83±308.04  dist=0.01±0.00  upright=0.90±0.30  → FITNESS=0.3725
URDF saved to temp_urdf\being_10708.urdf
Connecting to PyBullet, GUI: False
CreatureEnv Inicijalizacija: 12 motora. OBS_dim=40, frame_skip=1
[Fitness run Gen11Creature10] reward=1.55±0.02  dist=0.00±0.00  upright=0.23±0.08  → FITNESS=0.0871
URDF saved to temp_urdf\being_10708.urdf
Connecting to PyBullet, GUI: False
CreatureEnv Inicijalizacija: 12 motora. OBS_dim=40, frame_skip=1
[Fitness run Gen11Creature11] reward=1.65±0.00  dist=0.05±0.15  upright=0.03±0.01  → FITNESS=0.0283
URDF saved to temp_urdf\being_10708.urdf
Connecting to PyBullet, GUI: False
CreatureEnv Inicijalizacija: 12 motora. OBS_dim=40, frame_skip=1
[Fitness run Gen11Creature12] reward=0.87±0.23  dist=0.00±0.00  upright=0.31±0.11  → FITNESS=0.1121
URDF saved to temp_urdf\being_10708.urdf
Connecting to PyBullet, GUI: False
CreatureEnv Inicijalizacija: 12 motora. OBS_dim=40, frame_skip=1
[Fitness run Gen11Creature13] reward=107.58±318.79  dist=0.02±0.06  upright=0.42±0.24  → FITNESS=0.1552
URDF saved to temp_urdf\being_10708.urdf
Connecting to PyBullet, GUI: False
CreatureEnv Inicijalizacija: 12 motora. OBS_dim=40, frame_skip=1
[Fitness run Gen11Creature14] reward=1.63±0.08  dist=0.00±0.00  upright=0.28±0.10  → FITNESS=0.1025
URDF saved to temp_urdf\being_10708.urdf
Connecting to PyBullet, GUI: False
CreatureEnv Inicijalizacija: 12 motora. OBS_dim=40, frame_skip=1
[Fitness run Gen11Creature15] reward=1.58±0.14  dist=0.00±0.00  upright=0.25±0.25  → FITNESS=0.0938
URDF saved to temp_urdf\being_10708.urdf
Connecting to PyBullet, GUI: False
CreatureEnv Inicijalizacija: 12 motora. OBS_dim=40, frame_skip=1
[Fitness run Gen11Creature16] reward=954.22±318.28  dist=0.20±0.59  upright=0.90±0.30  → FITNESS=0.3799
URDF saved to temp_urdf\being_10708.urdf
Connecting to PyBullet, GUI: False
CreatureEnv Inicijalizacija: 12 motora. OBS_dim=40, frame_skip=1
[Fitness run Gen11Creature17] reward=1.46±0.03  dist=0.00±0.00  upright=0.26±0.09  → FITNESS=0.0957
URDF saved to temp_urdf\being_10708.urdf
Connecting to PyBullet, GUI: False
CreatureEnv Inicijalizacija: 12 motora. OBS_dim=40, frame_skip=1
[Fitness run Gen11Creature18] reward=1.58±0.05  dist=0.04±0.11  upright=0.11±0.04  → FITNESS=0.0531
URDF saved to temp_urdf\being_10708.urdf
Connecting to PyBullet, GUI: False
CreatureEnv Inicijalizacija: 12 motora. OBS_dim=40, frame_skip=1
[Fitness run Gen11Creature19] reward=1.69±0.09  dist=0.04±0.02  upright=0.27±0.10  → FITNESS=0.1017
URDF saved to temp_urdf\being_10708.urdf
Connecting to PyBullet, GUI: False
CreatureEnv Inicijalizacija: 12 motora. OBS_dim=40, frame_skip=1
[Fitness run Gen11Creature20] reward=915.35±305.14  dist=0.10±0.29  upright=0.90±0.30  → FITNESS=0.3739
URDF saved to temp_urdf\being_10708.urdf
Connecting to PyBullet, GUI: False
CreatureEnv Inicijalizacija: 12 motora. OBS_dim=40, frame_skip=1
[Fitness run Gen11Creature21] reward=1.44±0.14  dist=0.00±0.00  upright=0.39±0.09  → FITNESS=0.1344
URDF saved to temp_urdf\being_10708.urdf
Connecting to PyBullet, GUI: False
CreatureEnv Inicijalizacija: 12 motora. OBS_dim=40, frame_skip=1
[Fitness run Gen11Creature22] reward=960.10±319.53  dist=0.00±0.01  upright=0.90±0.30  → FITNESS=0.3755
URDF saved to temp_urdf\being_10708.urdf
Connecting to PyBullet, GUI: False
CreatureEnv Inicijalizacija: 12 motora. OBS_dim=40, frame_skip=1
[Fitness run Gen11Creature24] reward=1.52±0.01  dist=0.04±0.12  upright=0.26±0.08  → FITNESS=0.0987
URDF saved to temp_urdf\being_10708.urdf
Connecting to PyBullet, GUI: False
CreatureEnv Inicijalizacija: 12 motora. OBS_dim=40, frame_skip=1
[Fitness run Gen11Creature25] reward=828.44±413.52  dist=0.00±0.01  upright=0.85±0.32  → FITNESS=0.3481
URDF saved to temp_urdf\being_10708.urdf
Connecting to PyBullet, GUI: False
CreatureEnv Inicijalizacija: 12 motora. OBS_dim=40, frame_skip=1
[Fitness run Gen11Creature26] reward=1.42±0.09  dist=0.00±0.00  upright=0.00±0.00  → FITNESS=0.0183
URDF saved to temp_urdf\being_10708.urdf
Connecting to PyBullet, GUI: False
CreatureEnv Inicijalizacija: 12 motora. OBS_dim=40, frame_skip=1
[Fitness run Gen11Creature27] reward=436.22±532.41  dist=0.10±0.10  upright=0.81±0.28  → FITNESS=0.3024
URDF saved to temp_urdf\being_10708.urdf
Connecting to PyBullet, GUI: False
CreatureEnv Inicijalizacija: 12 motora. OBS_dim=40, frame_skip=1
[Fitness run Gen11Creature28] reward=963.05±320.51  dist=0.00±0.00  upright=0.90±0.30  → FITNESS=0.3757
URDF saved to temp_urdf\being_10708.urdf
Connecting to PyBullet, GUI: False
CreatureEnv Inicijalizacija: 12 motora. OBS_dim=40, frame_skip=1
[Fitness run Gen11Creature29] reward=1.54±0.05  dist=0.02±0.05  upright=0.03±0.01  → FITNESS=0.0274

==================================================
Generacija 11/20  |  Best = 0.4003  |  Mean = 0.2277  |  Std = 0.1470
==================================================
URDF saved to temp_urdf\being_10708.urdf
Connecting to PyBullet, GUI: False
CreatureEnv Inicijalizacija: 12 motora. OBS_dim=40, frame_skip=1
[Fitness run Gen11Creature2] reward=1.53±0.01  dist=0.05±0.14  upright=0.00±0.00  → FITNESS=0.0195
URDF saved to temp_urdf\being_10708.urdf
Connecting to PyBullet, GUI: False
CreatureEnv Inicijalizacija: 12 motora. OBS_dim=40, frame_skip=1
[Fitness run Gen11Creature4] reward=926.05±308.03  dist=0.07±0.21  upright=0.99±0.04  → FITNESS=0.4003
URDF saved to temp_urdf\being_10708.urdf
Connecting to PyBullet, GUI: False
CreatureEnv Inicijalizacija: 12 motora. OBS_dim=40, frame_skip=1
[Fitness run Gen11Creature5] reward=1.25±0.14  dist=0.00±0.00  upright=0.42±0.15  → FITNESS=0.1441
URDF saved to temp_urdf\being_10708.urdf
Connecting to PyBullet, GUI: False
CreatureEnv Inicijalizacija: 12 motora. OBS_dim=40, frame_skip=1
[Fitness run Gen11Creature6] reward=935.36±311.28  dist=0.01±0.00  upright=0.90±0.30  → FITNESS=0.3734
URDF saved to temp_urdf\being_10708.urdf
Connecting to PyBullet, GUI: False
CreatureEnv Inicijalizacija: 12 motora. OBS_dim=40, frame_skip=1
[Fitness run Gen11Creature7] reward=965.31±321.27  dist=0.00±0.01  upright=0.90±0.30  → FITNESS=0.3760
URDF saved to temp_urdf\being_10708.urdf
Connecting to PyBullet, GUI: False
CreatureEnv Inicijalizacija: 12 motora. OBS_dim=40, frame_skip=1
[Fitness run Gen11Creature8] reward=961.11±319.87  dist=0.01±0.02  upright=0.90±0.30  → FITNESS=0.3757
URDF saved to temp_urdf\being_10708.urdf
Connecting to PyBullet, GUI: False
CreatureEnv Inicijalizacija: 12 motora. OBS_dim=40, frame_skip=1
[Fitness run Gen11Creature9] reward=925.83±308.04  dist=0.01±0.00  upright=0.90±0.30  → FITNESS=0.3725
URDF saved to temp_urdf\being_10708.urdf
Connecting to PyBullet, GUI: False
CreatureEnv Inicijalizacija: 12 motora. OBS_dim=40, frame_skip=1
[Fitness run Gen11Creature10] reward=1.55±0.02  dist=0.00±0.00  upright=0.23±0.08  → FITNESS=0.0871
URDF saved to temp_urdf\being_10708.urdf
Connecting to PyBullet, GUI: False
CreatureEnv Inicijalizacija: 12 motora. OBS_dim=40, frame_skip=1
[Fitness run Gen11Creature11] reward=1.65±0.00  dist=0.05±0.15  upright=0.03±0.01  → FITNESS=0.0283
URDF saved to temp_urdf\being_10708.urdf
Connecting to PyBullet, GUI: False
CreatureEnv Inicijalizacija: 12 motora. OBS_dim=40, frame_skip=1
[Fitness run Gen11Creature12] reward=0.87±0.23  dist=0.00±0.00  upright=0.31±0.11  → FITNESS=0.1121
URDF saved to temp_urdf\being_10708.urdf
Connecting to PyBullet, GUI: False
CreatureEnv Inicijalizacija: 12 motora. OBS_dim=40, frame_skip=1
[Fitness run Gen11Creature13] reward=107.58±318.79  dist=0.02±0.06  upright=0.42±0.24  → FITNESS=0.1552
URDF saved to temp_urdf\being_10708.urdf
Connecting to PyBullet, GUI: False
CreatureEnv Inicijalizacija: 12 motora. OBS_dim=40, frame_skip=1
[Fitness run Gen11Creature14] reward=1.63±0.08  dist=0.00±0.00  upright=0.28±0.10  → FITNESS=0.1025
URDF saved to temp_urdf\being_10708.urdf
Connecting to PyBullet, GUI: False
CreatureEnv Inicijalizacija: 12 motora. OBS_dim=40, frame_skip=1
[Fitness run Gen11Creature15] reward=1.58±0.14  dist=0.00±0.00  upright=0.25±0.25  → FITNESS=0.0938
URDF saved to temp_urdf\being_10708.urdf
Connecting to PyBullet, GUI: False
CreatureEnv Inicijalizacija: 12 motora. OBS_dim=40, frame_skip=1
[Fitness run Gen11Creature16] reward=954.22±318.28  dist=0.20±0.59  upright=0.90±0.30  → FITNESS=0.3799
URDF saved to temp_urdf\being_10708.urdf
Connecting to PyBullet, GUI: False
CreatureEnv Inicijalizacija: 12 motora. OBS_dim=40, frame_skip=1
[Fitness run Gen11Creature17] reward=1.46±0.03  dist=0.00±0.00  upright=0.26±0.09  → FITNESS=0.0957
URDF saved to temp_urdf\being_10708.urdf
Connecting to PyBullet, GUI: False
CreatureEnv Inicijalizacija: 12 motora. OBS_dim=40, frame_skip=1
[Fitness run Gen11Creature18] reward=1.58±0.05  dist=0.04±0.11  upright=0.11±0.04  → FITNESS=0.0531
URDF saved to temp_urdf\being_10708.urdf
Connecting to PyBullet, GUI: False
CreatureEnv Inicijalizacija: 12 motora. OBS_dim=40, frame_skip=1
[Fitness run Gen11Creature19] reward=1.69±0.09  dist=0.04±0.02  upright=0.27±0.10  → FITNESS=0.1017
URDF saved to temp_urdf\being_10708.urdf
Connecting to PyBullet, GUI: False
CreatureEnv Inicijalizacija: 12 motora. OBS_dim=40, frame_skip=1
[Fitness run Gen11Creature20] reward=915.35±305.14  dist=0.10±0.29  upright=0.90±0.30  → FITNESS=0.3739
URDF saved to temp_urdf\being_10708.urdf
Connecting to PyBullet, GUI: False
CreatureEnv Inicijalizacija: 12 motora. OBS_dim=40, frame_skip=1
[Fitness run Gen11Creature21] reward=1.44±0.14  dist=0.00±0.00  upright=0.39±0.09  → FITNESS=0.1344
URDF saved to temp_urdf\being_10708.urdf
Connecting to PyBullet, GUI: False
CreatureEnv Inicijalizacija: 12 motora. OBS_dim=40, frame_skip=1
[Fitness run Gen11Creature22] reward=960.10±319.53  dist=0.00±0.01  upright=0.90±0.30  → FITNESS=0.3755
URDF saved to temp_urdf\being_10708.urdf
Connecting to PyBullet, GUI: False
CreatureEnv Inicijalizacija: 12 motora. OBS_dim=40, frame_skip=1
[Fitness run Gen11Creature24] reward=1.52±0.01  dist=0.04±0.12  upright=0.26±0.08  → FITNESS=0.0987
URDF saved to temp_urdf\being_10708.urdf
Connecting to PyBullet, GUI: False
CreatureEnv Inicijalizacija: 12 motora. OBS_dim=40, frame_skip=1
[Fitness run Gen11Creature25] reward=828.44±413.52  dist=0.00±0.01  upright=0.85±0.32  → FITNESS=0.3481
URDF saved to temp_urdf\being_10708.urdf
Connecting to PyBullet, GUI: False
CreatureEnv Inicijalizacija: 12 motora. OBS_dim=40, frame_skip=1
[Fitness run Gen11Creature26] reward=1.42±0.09  dist=0.00±0.00  upright=0.00±0.00  → FITNESS=0.0183
URDF saved to temp_urdf\being_10708.urdf
Connecting to PyBullet, GUI: False
CreatureEnv Inicijalizacija: 12 motora. OBS_dim=40, frame_skip=1
[Fitness run Gen11Creature27] reward=436.22±532.41  dist=0.10±0.10  upright=0.81±0.28  → FITNESS=0.3024
URDF saved to temp_urdf\being_10708.urdf
Connecting to PyBullet, GUI: False
CreatureEnv Inicijalizacija: 12 motora. OBS_dim=40, frame_skip=1
[Fitness run Gen11Creature28] reward=963.05±320.51  dist=0.00±0.00  upright=0.90±0.30  → FITNESS=0.3757
URDF saved to temp_urdf\being_10708.urdf
Connecting to PyBullet, GUI: False
CreatureEnv Inicijalizacija: 12 motora. OBS_dim=40, frame_skip=1
[Fitness run Gen11Creature29] reward=1.54±0.05  dist=0.02±0.05  upright=0.03±0.01  → FITNESS=0.0274
Genome saved to results\distanceBased500Steps5DifferentSeeds\run_2\run_2_best_creature.json
[plot] Summary saved → results\distanceBased500Steps5DifferentSeeds\run_2\run_2_summary.png
URDF saved to temp_urdf\being_10708.urdf
Connecting to PyBullet, GUI: False
CreatureEnv Inicijalizacija: 12 motora. OBS_dim=40, frame_skip=1
[Fitness run Gen12Creature2] reward=0.27±0.43  dist=0.17±0.04  upright=0.33±0.12  → FITNESS=0.1220
URDF saved to temp_urdf\being_10708.urdf
Connecting to PyBullet, GUI: False
CreatureEnv Inicijalizacija: 12 motora. OBS_dim=40, frame_skip=1
[Fitness run Gen12Creature4] reward=944.84±314.45  dist=0.03±0.08  upright=0.90±0.30  → FITNESS=0.3748
URDF saved to temp_urdf\being_10708.urdf
Connecting to PyBullet, GUI: False
CreatureEnv Inicijalizacija: 12 motora. OBS_dim=40, frame_skip=1
[Fitness run Gen12Creature5] reward=930.57±309.69  dist=0.01±0.01  upright=0.90±0.30  → FITNESS=0.3730
URDF saved to temp_urdf\being_10708.urdf
Connecting to PyBullet, GUI: False
CreatureEnv Inicijalizacija: 12 motora. OBS_dim=40, frame_skip=1
[Fitness run Gen12Creature6] reward=882.17±293.53  dist=0.05±0.02  upright=0.90±0.30  → FITNESS=0.3697
URDF saved to temp_urdf\being_10708.urdf
Connecting to PyBullet, GUI: False
CreatureEnv Inicijalizacija: 12 motora. OBS_dim=40, frame_skip=1
[Fitness run Gen12Creature7] reward=967.40±321.96  dist=0.01±0.01  upright=0.90±0.30  → FITNESS=0.3763
URDF saved to temp_urdf\being_10708.urdf
Connecting to PyBullet, GUI: False
CreatureEnv Inicijalizacija: 12 motora. OBS_dim=40, frame_skip=1
[Fitness run Gen12Creature8] reward=915.48±304.66  dist=0.05±0.12  upright=0.90±0.30  → FITNESS=0.3726
URDF saved to temp_urdf\being_10708.urdf
Connecting to PyBullet, GUI: False
CreatureEnv Inicijalizacija: 12 motora. OBS_dim=40, frame_skip=1
[Fitness run Gen12Creature9] reward=940.08±312.86  dist=0.01±0.01  upright=0.90±0.30  → FITNESS=0.3740
URDF saved to temp_urdf\being_10708.urdf
Connecting to PyBullet, GUI: False
CreatureEnv Inicijalizacija: 12 motora. OBS_dim=40, frame_skip=1
[Fitness run Gen12Creature10] reward=0.87±0.28  dist=0.00±0.01  upright=0.35±0.14  → FITNESS=0.1239
URDF saved to temp_urdf\being_10708.urdf
Connecting to PyBullet, GUI: False
CreatureEnv Inicijalizacija: 12 motora. OBS_dim=40, frame_skip=1
[Fitness run Gen12Creature11] reward=1.64±0.00  dist=0.00±0.00  upright=0.03±0.01  → FITNESS=0.0261
URDF saved to temp_urdf\being_10708.urdf
Connecting to PyBullet, GUI: False
CreatureEnv Inicijalizacija: 12 motora. OBS_dim=40, frame_skip=1
[Fitness run Gen12Creature12] reward=0.87±0.23  dist=0.00±0.00  upright=0.31±0.11  → FITNESS=0.1121
URDF saved to temp_urdf\being_10708.urdf
Connecting to PyBullet, GUI: False
CreatureEnv Inicijalizacija: 12 motora. OBS_dim=40, frame_skip=1
[Fitness run Gen12Creature13] reward=107.58±318.79  dist=0.02±0.06  upright=0.42±0.24  → FITNESS=0.1552
URDF saved to temp_urdf\being_10708.urdf
Connecting to PyBullet, GUI: False
CreatureEnv Inicijalizacija: 12 motora. OBS_dim=40, frame_skip=1
[Fitness run Gen12Creature14] reward=1.63±0.08  dist=0.00±0.00  upright=0.28±0.10  → FITNESS=0.1025
URDF saved to temp_urdf\being_10708.urdf
Connecting to PyBullet, GUI: False
CreatureEnv Inicijalizacija: 12 motora. OBS_dim=40, frame_skip=1
[Fitness run Gen12Creature15] reward=1.46±0.32  dist=0.00±0.00  upright=0.31±0.25  → FITNESS=0.1113
URDF saved to temp_urdf\being_10708.urdf
Connecting to PyBullet, GUI: False
CreatureEnv Inicijalizacija: 12 motora. OBS_dim=40, frame_skip=1
[Fitness run Gen12Creature16] reward=891.31±297.29  dist=0.16±0.48  upright=0.90±0.30  → FITNESS=0.3732
URDF saved to temp_urdf\being_10708.urdf
Connecting to PyBullet, GUI: False
CreatureEnv Inicijalizacija: 12 motora. OBS_dim=40, frame_skip=1
[Fitness run Gen12Creature17] reward=1.46±0.07  dist=0.00±0.00  upright=0.01±0.01  → FITNESS=0.0203
URDF saved to temp_urdf\being_10708.urdf
Connecting to PyBullet, GUI: False
CreatureEnv Inicijalizacija: 12 motora. OBS_dim=40, frame_skip=1
[Fitness run Gen12Creature18] reward=105.65±314.76  dist=0.01±0.02  upright=0.42±0.20  → FITNESS=0.1537
URDF saved to temp_urdf\being_10708.urdf
Connecting to PyBullet, GUI: False
CreatureEnv Inicijalizacija: 12 motora. OBS_dim=40, frame_skip=1
[Fitness run Gen12Creature19] reward=712.08±454.85  dist=0.03±0.01  upright=0.87±0.30  → FITNESS=0.3453
URDF saved to temp_urdf\being_10708.urdf
Connecting to PyBullet, GUI: False
CreatureEnv Inicijalizacija: 12 motora. OBS_dim=40, frame_skip=1
[Fitness run Gen12Creature20] reward=965.88±321.95  dist=0.03±0.10  upright=0.90±0.30  → FITNESS=0.3769
URDF saved to temp_urdf\being_10708.urdf
Connecting to PyBullet, GUI: False
CreatureEnv Inicijalizacija: 12 motora. OBS_dim=40, frame_skip=1
[Fitness run Gen12Creature21] reward=965.33±321.27  dist=0.00±0.01  upright=0.90±0.30  → FITNESS=0.3760
URDF saved to temp_urdf\being_10708.urdf
Connecting to PyBullet, GUI: False
CreatureEnv Inicijalizacija: 12 motora. OBS_dim=40, frame_skip=1
[Fitness run Gen12Creature24] reward=1.62±0.03  dist=0.03±0.10  upright=0.20±0.07  → FITNESS=0.0801
URDF saved to temp_urdf\being_10708.urdf
Connecting to PyBullet, GUI: False
CreatureEnv Inicijalizacija: 12 motora. OBS_dim=40, frame_skip=1
[Fitness run Gen12Creature25] reward=957.11±318.54  dist=0.00±0.00  upright=0.90±0.30  → FITNESS=0.3752
URDF saved to temp_urdf\being_10708.urdf
Connecting to PyBullet, GUI: False
CreatureEnv Inicijalizacija: 12 motora. OBS_dim=40, frame_skip=1
[Fitness run Gen12Creature26] reward=1.46±0.11  dist=0.00±0.00  upright=0.03±0.01  → FITNESS=0.0270
URDF saved to temp_urdf\being_10708.urdf
Connecting to PyBullet, GUI: False
CreatureEnv Inicijalizacija: 12 motora. OBS_dim=40, frame_skip=1
[Fitness run Gen12Creature27] reward=0.83±0.49  dist=0.32±0.73  upright=0.29±0.12  → FITNESS=0.1133
URDF saved to temp_urdf\being_10708.urdf
Connecting to PyBullet, GUI: False
CreatureEnv Inicijalizacija: 12 motora. OBS_dim=40, frame_skip=1
[Fitness run Gen12Creature28] reward=968.08±322.18  dist=0.00±0.00  upright=0.90±0.30  → FITNESS=0.3762
URDF saved to temp_urdf\being_10708.urdf
Connecting to PyBullet, GUI: False
CreatureEnv Inicijalizacija: 12 motora. OBS_dim=40, frame_skip=1
[Fitness run Gen12Creature29] reward=1.55±0.11  dist=0.01±0.03  upright=0.19±0.07  → FITNESS=0.0747

==================================================
Generacija 12/20  |  Best = 0.4003  |  Mean = 0.2531  |  Std = 0.1423
==================================================
URDF saved to temp_urdf\being_10708.urdf
Connecting to PyBullet, GUI: False
CreatureEnv Inicijalizacija: 12 motora. OBS_dim=40, frame_skip=1
[Fitness run Gen12Creature2] reward=0.27±0.43  dist=0.17±0.04  upright=0.33±0.12  → FITNESS=0.1220
URDF saved to temp_urdf\being_10708.urdf
Connecting to PyBullet, GUI: False
CreatureEnv Inicijalizacija: 12 motora. OBS_dim=40, frame_skip=1
[Fitness run Gen12Creature4] reward=944.84±314.45  dist=0.03±0.08  upright=0.90±0.30  → FITNESS=0.3748
URDF saved to temp_urdf\being_10708.urdf
Connecting to PyBullet, GUI: False
CreatureEnv Inicijalizacija: 12 motora. OBS_dim=40, frame_skip=1
[Fitness run Gen12Creature5] reward=930.57±309.69  dist=0.01±0.01  upright=0.90±0.30  → FITNESS=0.3730
URDF saved to temp_urdf\being_10708.urdf
Connecting to PyBullet, GUI: False
CreatureEnv Inicijalizacija: 12 motora. OBS_dim=40, frame_skip=1
[Fitness run Gen12Creature6] reward=882.17±293.53  dist=0.05±0.02  upright=0.90±0.30  → FITNESS=0.3697
URDF saved to temp_urdf\being_10708.urdf
Connecting to PyBullet, GUI: False
CreatureEnv Inicijalizacija: 12 motora. OBS_dim=40, frame_skip=1
[Fitness run Gen12Creature7] reward=967.40±321.96  dist=0.01±0.01  upright=0.90±0.30  → FITNESS=0.3763
URDF saved to temp_urdf\being_10708.urdf
Connecting to PyBullet, GUI: False
CreatureEnv Inicijalizacija: 12 motora. OBS_dim=40, frame_skip=1
[Fitness run Gen12Creature8] reward=915.48±304.66  dist=0.05±0.12  upright=0.90±0.30  → FITNESS=0.3726
URDF saved to temp_urdf\being_10708.urdf
Connecting to PyBullet, GUI: False
CreatureEnv Inicijalizacija: 12 motora. OBS_dim=40, frame_skip=1
[Fitness run Gen12Creature9] reward=940.08±312.86  dist=0.01±0.01  upright=0.90±0.30  → FITNESS=0.3740
URDF saved to temp_urdf\being_10708.urdf
Connecting to PyBullet, GUI: False
CreatureEnv Inicijalizacija: 12 motora. OBS_dim=40, frame_skip=1
[Fitness run Gen12Creature10] reward=0.87±0.28  dist=0.00±0.01  upright=0.35±0.14  → FITNESS=0.1239
URDF saved to temp_urdf\being_10708.urdf
Connecting to PyBullet, GUI: False
CreatureEnv Inicijalizacija: 12 motora. OBS_dim=40, frame_skip=1
[Fitness run Gen12Creature11] reward=1.64±0.00  dist=0.00±0.00  upright=0.03±0.01  → FITNESS=0.0261
URDF saved to temp_urdf\being_10708.urdf
Connecting to PyBullet, GUI: False
CreatureEnv Inicijalizacija: 12 motora. OBS_dim=40, frame_skip=1
[Fitness run Gen12Creature12] reward=0.87±0.23  dist=0.00±0.00  upright=0.31±0.11  → FITNESS=0.1121
URDF saved to temp_urdf\being_10708.urdf
Connecting to PyBullet, GUI: False
CreatureEnv Inicijalizacija: 12 motora. OBS_dim=40, frame_skip=1
[Fitness run Gen12Creature13] reward=107.58±318.79  dist=0.02±0.06  upright=0.42±0.24  → FITNESS=0.1552
URDF saved to temp_urdf\being_10708.urdf
Connecting to PyBullet, GUI: False
CreatureEnv Inicijalizacija: 12 motora. OBS_dim=40, frame_skip=1
[Fitness run Gen12Creature14] reward=1.63±0.08  dist=0.00±0.00  upright=0.28±0.10  → FITNESS=0.1025
URDF saved to temp_urdf\being_10708.urdf
Connecting to PyBullet, GUI: False
CreatureEnv Inicijalizacija: 12 motora. OBS_dim=40, frame_skip=1
[Fitness run Gen12Creature15] reward=1.46±0.32  dist=0.00±0.00  upright=0.31±0.25  → FITNESS=0.1113
URDF saved to temp_urdf\being_10708.urdf
Connecting to PyBullet, GUI: False
CreatureEnv Inicijalizacija: 12 motora. OBS_dim=40, frame_skip=1
[Fitness run Gen12Creature16] reward=891.31±297.29  dist=0.16±0.48  upright=0.90±0.30  → FITNESS=0.3732
URDF saved to temp_urdf\being_10708.urdf
Connecting to PyBullet, GUI: False
CreatureEnv Inicijalizacija: 12 motora. OBS_dim=40, frame_skip=1
[Fitness run Gen12Creature17] reward=1.46±0.07  dist=0.00±0.00  upright=0.01±0.01  → FITNESS=0.0203
URDF saved to temp_urdf\being_10708.urdf
Connecting to PyBullet, GUI: False
CreatureEnv Inicijalizacija: 12 motora. OBS_dim=40, frame_skip=1
[Fitness run Gen12Creature18] reward=105.65±314.76  dist=0.01±0.02  upright=0.42±0.20  → FITNESS=0.1537
URDF saved to temp_urdf\being_10708.urdf
Connecting to PyBullet, GUI: False
CreatureEnv Inicijalizacija: 12 motora. OBS_dim=40, frame_skip=1
[Fitness run Gen12Creature19] reward=712.08±454.85  dist=0.03±0.01  upright=0.87±0.30  → FITNESS=0.3453
URDF saved to temp_urdf\being_10708.urdf
Connecting to PyBullet, GUI: False
CreatureEnv Inicijalizacija: 12 motora. OBS_dim=40, frame_skip=1
[Fitness run Gen12Creature20] reward=965.88±321.95  dist=0.03±0.10  upright=0.90±0.30  → FITNESS=0.3769
URDF saved to temp_urdf\being_10708.urdf
Connecting to PyBullet, GUI: False
CreatureEnv Inicijalizacija: 12 motora. OBS_dim=40, frame_skip=1
[Fitness run Gen12Creature21] reward=965.33±321.27  dist=0.00±0.01  upright=0.90±0.30  → FITNESS=0.3760
URDF saved to temp_urdf\being_10708.urdf
Connecting to PyBullet, GUI: False
CreatureEnv Inicijalizacija: 12 motora. OBS_dim=40, frame_skip=1
[Fitness run Gen12Creature24] reward=1.62±0.03  dist=0.03±0.10  upright=0.20±0.07  → FITNESS=0.0801
URDF saved to temp_urdf\being_10708.urdf
Connecting to PyBullet, GUI: False
CreatureEnv Inicijalizacija: 12 motora. OBS_dim=40, frame_skip=1
[Fitness run Gen12Creature25] reward=957.11±318.54  dist=0.00±0.00  upright=0.90±0.30  → FITNESS=0.3752
URDF saved to temp_urdf\being_10708.urdf
Connecting to PyBullet, GUI: False
CreatureEnv Inicijalizacija: 12 motora. OBS_dim=40, frame_skip=1
[Fitness run Gen12Creature26] reward=1.46±0.11  dist=0.00±0.00  upright=0.03±0.01  → FITNESS=0.0270
URDF saved to temp_urdf\being_10708.urdf
Connecting to PyBullet, GUI: False
CreatureEnv Inicijalizacija: 12 motora. OBS_dim=40, frame_skip=1
[Fitness run Gen12Creature27] reward=0.83±0.49  dist=0.32±0.73  upright=0.29±0.12  → FITNESS=0.1133
URDF saved to temp_urdf\being_10708.urdf
Connecting to PyBullet, GUI: False
CreatureEnv Inicijalizacija: 12 motora. OBS_dim=40, frame_skip=1
[Fitness run Gen12Creature28] reward=968.08±322.18  dist=0.00±0.00  upright=0.90±0.30  → FITNESS=0.3762
URDF saved to temp_urdf\being_10708.urdf
Connecting to PyBullet, GUI: False
CreatureEnv Inicijalizacija: 12 motora. OBS_dim=40, frame_skip=1
[Fitness run Gen12Creature29] reward=1.55±0.11  dist=0.01±0.03  upright=0.19±0.07  → FITNESS=0.0747
Genome saved to results\distanceBased500Steps5DifferentSeeds\run_2\run_2_best_creature.json
[plot] Summary saved → results\distanceBased500Steps5DifferentSeeds\run_2\run_2_summary.png
URDF saved to temp_urdf\being_10708.urdf
Connecting to PyBullet, GUI: False
CreatureEnv Inicijalizacija: 12 motora. OBS_dim=40, frame_skip=1
[Fitness run Gen13Creature2] reward=0.27±0.43  dist=0.17±0.04  upright=0.33±0.12  → FITNESS=0.1220
URDF saved to temp_urdf\being_10708.urdf
Connecting to PyBullet, GUI: False
CreatureEnv Inicijalizacija: 12 motora. OBS_dim=40, frame_skip=1
[Fitness run Gen13Creature3] reward=967.54±322.01  dist=0.01±0.02  upright=0.90±0.30  → FITNESS=0.3763
URDF saved to temp_urdf\being_10708.urdf
Connecting to PyBullet, GUI: False
CreatureEnv Inicijalizacija: 12 motora. OBS_dim=40, frame_skip=1
[Fitness run Gen13Creature4] reward=944.84±314.45  dist=0.03±0.08  upright=0.90±0.30  → FITNESS=0.3748
URDF saved to temp_urdf\being_10708.urdf
Connecting to PyBullet, GUI: False
CreatureEnv Inicijalizacija: 12 motora. OBS_dim=40, frame_skip=1
[Fitness run Gen13Creature5] reward=934.80±311.10  dist=0.00±0.01  upright=0.90±0.30  → FITNESS=0.3733
URDF saved to temp_urdf\being_10708.urdf
Connecting to PyBullet, GUI: False
CreatureEnv Inicijalizacija: 12 motora. OBS_dim=40, frame_skip=1
[Fitness run Gen13Creature6] reward=935.36±311.28  dist=0.01±0.00  upright=0.90±0.30  → FITNESS=0.3734
URDF saved to temp_urdf\being_10708.urdf
Connecting to PyBullet, GUI: False
CreatureEnv Inicijalizacija: 12 motora. OBS_dim=40, frame_skip=1
[Fitness run Gen13Creature10] reward=100.00±297.44  dist=0.08±0.07  upright=0.28±0.26  → FITNESS=0.1125
URDF saved to temp_urdf\being_10708.urdf
Connecting to PyBullet, GUI: False
CreatureEnv Inicijalizacija: 12 motora. OBS_dim=40, frame_skip=1
[Fitness run Gen13Creature11] reward=1.64±0.00  dist=0.03±0.09  upright=0.03±0.01  → FITNESS=0.0278
URDF saved to temp_urdf\being_10708.urdf
Connecting to PyBullet, GUI: False
CreatureEnv Inicijalizacija: 12 motora. OBS_dim=40, frame_skip=1
[Fitness run Gen13Creature12] reward=0.87±0.23  dist=0.00±0.00  upright=0.31±0.11  → FITNESS=0.1121
URDF saved to temp_urdf\being_10708.urdf
Connecting to PyBullet, GUI: False
CreatureEnv Inicijalizacija: 12 motora. OBS_dim=40, frame_skip=1
[Fitness run Gen13Creature13] reward=1.60±0.03  dist=0.00±0.00  upright=0.15±0.05  → FITNESS=0.0619
URDF saved to temp_urdf\being_10708.urdf
Connecting to PyBullet, GUI: False
CreatureEnv Inicijalizacija: 12 motora. OBS_dim=40, frame_skip=1
[Fitness run Gen13Creature14] reward=1.63±0.08  dist=0.00±0.00  upright=0.28±0.10  → FITNESS=0.1025
URDF saved to temp_urdf\being_10708.urdf
Connecting to PyBullet, GUI: False
CreatureEnv Inicijalizacija: 12 motora. OBS_dim=40, frame_skip=1
[Fitness run Gen13Creature15] reward=1.46±0.32  dist=0.00±0.00  upright=0.31±0.25  → FITNESS=0.1113
URDF saved to temp_urdf\being_10708.urdf
Connecting to PyBullet, GUI: False
CreatureEnv Inicijalizacija: 12 motora. OBS_dim=40, frame_skip=1
[Fitness run Gen13Creature17] reward=1.46±0.07  dist=0.00±0.00  upright=0.01±0.01  → FITNESS=0.0203
URDF saved to temp_urdf\being_10708.urdf
Connecting to PyBullet, GUI: False
CreatureEnv Inicijalizacija: 12 motora. OBS_dim=40, frame_skip=1
[Fitness run Gen13Creature18] reward=105.65±314.76  dist=0.01±0.02  upright=0.42±0.20  → FITNESS=0.1537
URDF saved to temp_urdf\being_10708.urdf
Connecting to PyBullet, GUI: False
CreatureEnv Inicijalizacija: 12 motora. OBS_dim=40, frame_skip=1
[Fitness run Gen13Creature19] reward=1.15±0.15  dist=0.10±0.03  upright=0.29±0.10  → FITNESS=0.1089
URDF saved to temp_urdf\being_10708.urdf
Connecting to PyBullet, GUI: False
CreatureEnv Inicijalizacija: 12 motora. OBS_dim=40, frame_skip=1
[Fitness run Gen13Creature20] reward=1.85±0.77  dist=0.17±0.47  upright=0.09±0.19  → FITNESS=0.0506
URDF saved to temp_urdf\being_10708.urdf
Connecting to PyBullet, GUI: False
CreatureEnv Inicijalizacija: 12 motora. OBS_dim=40, frame_skip=1
[Fitness run Gen13Creature21] reward=965.33±321.27  dist=0.00±0.01  upright=0.90±0.30  → FITNESS=0.3760
URDF saved to temp_urdf\being_10708.urdf
Connecting to PyBullet, GUI: False
CreatureEnv Inicijalizacija: 12 motora. OBS_dim=40, frame_skip=1
[Fitness run Gen13Creature23] reward=1.56±0.05  dist=0.01±0.04  upright=0.13±0.04  → FITNESS=0.0564
URDF saved to temp_urdf\being_10708.urdf
Connecting to PyBullet, GUI: False
CreatureEnv Inicijalizacija: 12 motora. OBS_dim=40, frame_skip=1
[Fitness run Gen13Creature24] reward=4.71±11.03  dist=0.08±0.14  upright=0.67±0.20  → FITNESS=0.2204
URDF saved to temp_urdf\being_10708.urdf
Connecting to PyBullet, GUI: False
CreatureEnv Inicijalizacija: 12 motora. OBS_dim=40, frame_skip=1
[Fitness run Gen13Creature25] reward=969.98±322.82  dist=0.00±0.01  upright=0.90±0.30  → FITNESS=0.3765
URDF saved to temp_urdf\being_10708.urdf
Connecting to PyBullet, GUI: False
CreatureEnv Inicijalizacija: 12 motora. OBS_dim=40, frame_skip=1
[Fitness run Gen13Creature26] reward=1.33±0.02  dist=0.00±0.00  upright=0.00±0.00  → FITNESS=0.0183
URDF saved to temp_urdf\being_10708.urdf
Connecting to PyBullet, GUI: False
CreatureEnv Inicijalizacija: 12 motora. OBS_dim=40, frame_skip=1
[Fitness run Gen13Creature27] reward=0.83±0.49  dist=0.32±0.73  upright=0.29±0.12  → FITNESS=0.1133
URDF saved to temp_urdf\being_10708.urdf
Connecting to PyBullet, GUI: False
CreatureEnv Inicijalizacija: 12 motora. OBS_dim=40, frame_skip=1
[Fitness run Gen13Creature28] reward=968.08±322.18  dist=0.00±0.00  upright=0.90±0.30  → FITNESS=0.3762
URDF saved to temp_urdf\being_10708.urdf
Connecting to PyBullet, GUI: False
CreatureEnv Inicijalizacija: 12 motora. OBS_dim=40, frame_skip=1
[Fitness run Gen13Creature29] reward=1.55±0.11  dist=0.01±0.03  upright=0.19±0.07  → FITNESS=0.0747

==================================================
Generacija 13/20  |  Best = 0.4003  |  Mean = 0.2251  |  Std = 0.1475
==================================================
URDF saved to temp_urdf\being_10708.urdf
Connecting to PyBullet, GUI: False
CreatureEnv Inicijalizacija: 12 motora. OBS_dim=40, frame_skip=1
[Fitness run Gen13Creature2] reward=0.27±0.43  dist=0.17±0.04  upright=0.33±0.12  → FITNESS=0.1220
URDF saved to temp_urdf\being_10708.urdf
Connecting to PyBullet, GUI: False
CreatureEnv Inicijalizacija: 12 motora. OBS_dim=40, frame_skip=1
[Fitness run Gen13Creature3] reward=967.54±322.01  dist=0.01±0.02  upright=0.90±0.30  → FITNESS=0.3763
URDF saved to temp_urdf\being_10708.urdf
Connecting to PyBullet, GUI: False
CreatureEnv Inicijalizacija: 12 motora. OBS_dim=40, frame_skip=1
[Fitness run Gen13Creature4] reward=944.84±314.45  dist=0.03±0.08  upright=0.90±0.30  → FITNESS=0.3748
URDF saved to temp_urdf\being_10708.urdf
Connecting to PyBullet, GUI: False
CreatureEnv Inicijalizacija: 12 motora. OBS_dim=40, frame_skip=1
[Fitness run Gen13Creature5] reward=934.80±311.10  dist=0.00±0.01  upright=0.90±0.30  → FITNESS=0.3733
URDF saved to temp_urdf\being_10708.urdf
Connecting to PyBullet, GUI: False
CreatureEnv Inicijalizacija: 12 motora. OBS_dim=40, frame_skip=1
[Fitness run Gen13Creature6] reward=935.36±311.28  dist=0.01±0.00  upright=0.90±0.30  → FITNESS=0.3734
URDF saved to temp_urdf\being_10708.urdf
Connecting to PyBullet, GUI: False
CreatureEnv Inicijalizacija: 12 motora. OBS_dim=40, frame_skip=1
[Fitness run Gen13Creature10] reward=100.00±297.44  dist=0.08±0.07  upright=0.28±0.26  → FITNESS=0.1125
URDF saved to temp_urdf\being_10708.urdf
Connecting to PyBullet, GUI: False
CreatureEnv Inicijalizacija: 12 motora. OBS_dim=40, frame_skip=1
[Fitness run Gen13Creature11] reward=1.64±0.00  dist=0.03±0.09  upright=0.03±0.01  → FITNESS=0.0278
URDF saved to temp_urdf\being_10708.urdf
Connecting to PyBullet, GUI: False
CreatureEnv Inicijalizacija: 12 motora. OBS_dim=40, frame_skip=1
[Fitness run Gen13Creature12] reward=0.87±0.23  dist=0.00±0.00  upright=0.31±0.11  → FITNESS=0.1121
URDF saved to temp_urdf\being_10708.urdf
Connecting to PyBullet, GUI: False
CreatureEnv Inicijalizacija: 12 motora. OBS_dim=40, frame_skip=1
[Fitness run Gen13Creature13] reward=1.60±0.03  dist=0.00±0.00  upright=0.15±0.05  → FITNESS=0.0619
URDF saved to temp_urdf\being_10708.urdf
Connecting to PyBullet, GUI: False
CreatureEnv Inicijalizacija: 12 motora. OBS_dim=40, frame_skip=1
[Fitness run Gen13Creature14] reward=1.63±0.08  dist=0.00±0.00  upright=0.28±0.10  → FITNESS=0.1025
URDF saved to temp_urdf\being_10708.urdf
Connecting to PyBullet, GUI: False
CreatureEnv Inicijalizacija: 12 motora. OBS_dim=40, frame_skip=1
[Fitness run Gen13Creature15] reward=1.46±0.32  dist=0.00±0.00  upright=0.31±0.25  → FITNESS=0.1113
URDF saved to temp_urdf\being_10708.urdf
Connecting to PyBullet, GUI: False
CreatureEnv Inicijalizacija: 12 motora. OBS_dim=40, frame_skip=1
[Fitness run Gen13Creature17] reward=1.46±0.07  dist=0.00±0.00  upright=0.01±0.01  → FITNESS=0.0203
URDF saved to temp_urdf\being_10708.urdf
Connecting to PyBullet, GUI: False
CreatureEnv Inicijalizacija: 12 motora. OBS_dim=40, frame_skip=1
[Fitness run Gen13Creature18] reward=105.65±314.76  dist=0.01±0.02  upright=0.42±0.20  → FITNESS=0.1537
URDF saved to temp_urdf\being_10708.urdf
Connecting to PyBullet, GUI: False
CreatureEnv Inicijalizacija: 12 motora. OBS_dim=40, frame_skip=1
[Fitness run Gen13Creature19] reward=1.15±0.15  dist=0.10±0.03  upright=0.29±0.10  → FITNESS=0.1089
URDF saved to temp_urdf\being_10708.urdf
Connecting to PyBullet, GUI: False
CreatureEnv Inicijalizacija: 12 motora. OBS_dim=40, frame_skip=1
[Fitness run Gen13Creature20] reward=1.85±0.77  dist=0.17±0.47  upright=0.09±0.19  → FITNESS=0.0506
URDF saved to temp_urdf\being_10708.urdf
Connecting to PyBullet, GUI: False
CreatureEnv Inicijalizacija: 12 motora. OBS_dim=40, frame_skip=1
[Fitness run Gen13Creature21] reward=965.33±321.27  dist=0.00±0.01  upright=0.90±0.30  → FITNESS=0.3760
URDF saved to temp_urdf\being_10708.urdf
Connecting to PyBullet, GUI: False
CreatureEnv Inicijalizacija: 12 motora. OBS_dim=40, frame_skip=1
[Fitness run Gen13Creature23] reward=1.56±0.05  dist=0.01±0.04  upright=0.13±0.04  → FITNESS=0.0564
URDF saved to temp_urdf\being_10708.urdf
Connecting to PyBullet, GUI: False
CreatureEnv Inicijalizacija: 12 motora. OBS_dim=40, frame_skip=1
[Fitness run Gen13Creature24] reward=4.71±11.03  dist=0.08±0.14  upright=0.67±0.20  → FITNESS=0.2204
URDF saved to temp_urdf\being_10708.urdf
Connecting to PyBullet, GUI: False
CreatureEnv Inicijalizacija: 12 motora. OBS_dim=40, frame_skip=1
[Fitness run Gen13Creature25] reward=969.98±322.82  dist=0.00±0.01  upright=0.90±0.30  → FITNESS=0.3765
URDF saved to temp_urdf\being_10708.urdf
Connecting to PyBullet, GUI: False
CreatureEnv Inicijalizacija: 12 motora. OBS_dim=40, frame_skip=1
[Fitness run Gen13Creature26] reward=1.33±0.02  dist=0.00±0.00  upright=0.00±0.00  → FITNESS=0.0183
URDF saved to temp_urdf\being_10708.urdf
Connecting to PyBullet, GUI: False
CreatureEnv Inicijalizacija: 12 motora. OBS_dim=40, frame_skip=1
[Fitness run Gen13Creature27] reward=0.83±0.49  dist=0.32±0.73  upright=0.29±0.12  → FITNESS=0.1133
URDF saved to temp_urdf\being_10708.urdf
Connecting to PyBullet, GUI: False
CreatureEnv Inicijalizacija: 12 motora. OBS_dim=40, frame_skip=1
[Fitness run Gen13Creature28] reward=968.08±322.18  dist=0.00±0.00  upright=0.90±0.30  → FITNESS=0.3762
URDF saved to temp_urdf\being_10708.urdf
Connecting to PyBullet, GUI: False
CreatureEnv Inicijalizacija: 12 motora. OBS_dim=40, frame_skip=1
[Fitness run Gen13Creature29] reward=1.55±0.11  dist=0.01±0.03  upright=0.19±0.07  → FITNESS=0.0747
Genome saved to results\distanceBased500Steps5DifferentSeeds\run_2\run_2_best_creature.json
[plot] Summary saved → results\distanceBased500Steps5DifferentSeeds\run_2\run_2_summary.png
URDF saved to temp_urdf\being_10708.urdf
Connecting to PyBullet, GUI: False
CreatureEnv Inicijalizacija: 12 motora. OBS_dim=40, frame_skip=1
[Fitness run Gen14Creature2] reward=0.27±0.43  dist=0.17±0.04  upright=0.33±0.12  → FITNESS=0.1220
URDF saved to temp_urdf\being_10708.urdf
Connecting to PyBullet, GUI: False
CreatureEnv Inicijalizacija: 12 motora. OBS_dim=40, frame_skip=1
[Fitness run Gen14Creature4] reward=944.84±314.45  dist=0.03±0.08  upright=0.90±0.30  → FITNESS=0.3748
URDF saved to temp_urdf\being_10708.urdf
Connecting to PyBullet, GUI: False
CreatureEnv Inicijalizacija: 12 motora. OBS_dim=40, frame_skip=1
[Fitness run Gen14Creature5] reward=936.61±311.70  dist=0.00±0.01  upright=0.90±0.30  → FITNESS=0.3734
URDF saved to temp_urdf\being_10708.urdf
Connecting to PyBullet, GUI: False
CreatureEnv Inicijalizacija: 12 motora. OBS_dim=40, frame_skip=1
[Fitness run Gen14Creature6] reward=926.27±308.25  dist=0.02±0.01  upright=0.90±0.30  → FITNESS=0.3729
URDF saved to temp_urdf\being_10708.urdf
Connecting to PyBullet, GUI: False
CreatureEnv Inicijalizacija: 12 motora. OBS_dim=40, frame_skip=1
[Fitness run Gen14Creature10] reward=923.14±307.21  dist=0.04±0.02  upright=0.90±0.30  → FITNESS=0.3732
URDF saved to temp_urdf\being_10708.urdf
Connecting to PyBullet, GUI: False
CreatureEnv Inicijalizacija: 12 motora. OBS_dim=40, frame_skip=1
[Fitness run Gen14Creature11] reward=1.64±0.00  dist=0.03±0.09  upright=0.03±0.01  → FITNESS=0.0278
URDF saved to temp_urdf\being_10708.urdf
Connecting to PyBullet, GUI: False
CreatureEnv Inicijalizacija: 12 motora. OBS_dim=40, frame_skip=1
[Fitness run Gen14Creature12] reward=0.87±0.23  dist=0.00±0.00  upright=0.31±0.11  → FITNESS=0.1121
URDF saved to temp_urdf\being_10708.urdf
Connecting to PyBullet, GUI: False
CreatureEnv Inicijalizacija: 12 motora. OBS_dim=40, frame_skip=1
[Fitness run Gen14Creature13] reward=1.60±0.03  dist=0.00±0.00  upright=0.15±0.05  → FITNESS=0.0619
URDF saved to temp_urdf\being_10708.urdf
Connecting to PyBullet, GUI: False
CreatureEnv Inicijalizacija: 12 motora. OBS_dim=40, frame_skip=1
[Fitness run Gen14Creature14] reward=1.53±0.02  dist=0.00±0.00  upright=0.06±0.02  → FITNESS=0.0357
URDF saved to temp_urdf\being_10708.urdf
Connecting to PyBullet, GUI: False
CreatureEnv Inicijalizacija: 12 motora. OBS_dim=40, frame_skip=1
[Fitness run Gen14Creature15] reward=1.47±0.19  dist=0.00±0.00  upright=0.13±0.18  → FITNESS=0.0561
URDF saved to temp_urdf\being_10708.urdf
Connecting to PyBullet, GUI: False
CreatureEnv Inicijalizacija: 12 motora. OBS_dim=40, frame_skip=1
[Fitness run Gen14Creature16] reward=900.21±299.67  dist=0.00±0.01  upright=0.90±0.30  → FITNESS=0.3701
URDF saved to temp_urdf\being_10708.urdf
Connecting to PyBullet, GUI: False
CreatureEnv Inicijalizacija: 12 motora. OBS_dim=40, frame_skip=1
[Fitness run Gen14Creature17] reward=1.46±0.07  dist=0.00±0.00  upright=0.01±0.01  → FITNESS=0.0203
URDF saved to temp_urdf\being_10708.urdf
Connecting to PyBullet, GUI: False
CreatureEnv Inicijalizacija: 12 motora. OBS_dim=40, frame_skip=1
[Fitness run Gen14Creature18] reward=105.65±314.76  dist=0.01±0.02  upright=0.42±0.20  → FITNESS=0.1537
URDF saved to temp_urdf\being_10708.urdf
Connecting to PyBullet, GUI: False
CreatureEnv Inicijalizacija: 12 motora. OBS_dim=40, frame_skip=1
[Fitness run Gen14Creature19] reward=712.08±454.85  dist=0.03±0.01  upright=0.87±0.30  → FITNESS=0.3453
URDF saved to temp_urdf\being_10708.urdf
Connecting to PyBullet, GUI: False
CreatureEnv Inicijalizacija: 12 motora. OBS_dim=40, frame_skip=1
[Fitness run Gen14Creature20] reward=424.21±517.82  dist=0.23±0.70  upright=0.78±0.29  → FITNESS=0.2978
URDF saved to temp_urdf\being_10708.urdf
Connecting to PyBullet, GUI: False
CreatureEnv Inicijalizacija: 12 motora. OBS_dim=40, frame_skip=1
[Fitness run Gen14Creature21] reward=965.33±321.27  dist=0.00±0.01  upright=0.90±0.30  → FITNESS=0.3760
URDF saved to temp_urdf\being_10708.urdf
Connecting to PyBullet, GUI: False
CreatureEnv Inicijalizacija: 12 motora. OBS_dim=40, frame_skip=1
[Fitness run Gen14Creature22] reward=973.21±323.90  dist=0.01±0.02  upright=0.90±0.30  → FITNESS=0.3768
URDF saved to temp_urdf\being_10708.urdf
Connecting to PyBullet, GUI: False
CreatureEnv Inicijalizacija: 12 motora. OBS_dim=40, frame_skip=1
[Fitness run Gen14Creature23] reward=1.56±0.05  dist=0.01±0.04  upright=0.13±0.04  → FITNESS=0.0564
URDF saved to temp_urdf\being_10708.urdf
Connecting to PyBullet, GUI: False
CreatureEnv Inicijalizacija: 12 motora. OBS_dim=40, frame_skip=1
[Fitness run Gen14Creature24] reward=4.71±11.03  dist=0.08±0.14  upright=0.67±0.20  → FITNESS=0.2204
URDF saved to temp_urdf\being_10708.urdf
Connecting to PyBullet, GUI: False
CreatureEnv Inicijalizacija: 12 motora. OBS_dim=40, frame_skip=1
[Fitness run Gen14Creature25] reward=969.94±322.81  dist=0.00±0.00  upright=0.90±0.30  → FITNESS=0.3764
URDF saved to temp_urdf\being_10708.urdf
Connecting to PyBullet, GUI: False
CreatureEnv Inicijalizacija: 12 motora. OBS_dim=40, frame_skip=1
[Fitness run Gen14Creature26] reward=1.33±0.02  dist=0.00±0.00  upright=0.00±0.00  → FITNESS=0.0183
URDF saved to temp_urdf\being_10708.urdf
Connecting to PyBullet, GUI: False
CreatureEnv Inicijalizacija: 12 motora. OBS_dim=40, frame_skip=1
[Fitness run Gen14Creature27] reward=0.83±0.49  dist=0.32±0.73  upright=0.29±0.12  → FITNESS=0.1133
URDF saved to temp_urdf\being_10708.urdf
Connecting to PyBullet, GUI: False
CreatureEnv Inicijalizacija: 12 motora. OBS_dim=40, frame_skip=1
[Fitness run Gen14Creature28] reward=968.08±322.18  dist=0.00±0.00  upright=0.90±0.30  → FITNESS=0.3762
URDF saved to temp_urdf\being_10708.urdf
Connecting to PyBullet, GUI: False
CreatureEnv Inicijalizacija: 12 motora. OBS_dim=40, frame_skip=1
[Fitness run Gen14Creature29] reward=1.55±0.11  dist=0.01±0.03  upright=0.19±0.07  → FITNESS=0.0747

==================================================
Generacija 14/20  |  Best = 0.4003  |  Mean = 0.2455  |  Std = 0.1482
==================================================
URDF saved to temp_urdf\being_10708.urdf
Connecting to PyBullet, GUI: False
CreatureEnv Inicijalizacija: 12 motora. OBS_dim=40, frame_skip=1
[Fitness run Gen14Creature2] reward=0.27±0.43  dist=0.17±0.04  upright=0.33±0.12  → FITNESS=0.1220
URDF saved to temp_urdf\being_10708.urdf
Connecting to PyBullet, GUI: False
CreatureEnv Inicijalizacija: 12 motora. OBS_dim=40, frame_skip=1
[Fitness run Gen14Creature4] reward=944.84±314.45  dist=0.03±0.08  upright=0.90±0.30  → FITNESS=0.3748
URDF saved to temp_urdf\being_10708.urdf
Connecting to PyBullet, GUI: False
CreatureEnv Inicijalizacija: 12 motora. OBS_dim=40, frame_skip=1
[Fitness run Gen14Creature5] reward=936.61±311.70  dist=0.00±0.01  upright=0.90±0.30  → FITNESS=0.3734
URDF saved to temp_urdf\being_10708.urdf
Connecting to PyBullet, GUI: False
CreatureEnv Inicijalizacija: 12 motora. OBS_dim=40, frame_skip=1
[Fitness run Gen14Creature6] reward=926.27±308.25  dist=0.02±0.01  upright=0.90±0.30  → FITNESS=0.3729
URDF saved to temp_urdf\being_10708.urdf
Connecting to PyBullet, GUI: False
CreatureEnv Inicijalizacija: 12 motora. OBS_dim=40, frame_skip=1
[Fitness run Gen14Creature10] reward=923.14±307.21  dist=0.04±0.02  upright=0.90±0.30  → FITNESS=0.3732
URDF saved to temp_urdf\being_10708.urdf
Connecting to PyBullet, GUI: False
CreatureEnv Inicijalizacija: 12 motora. OBS_dim=40, frame_skip=1
[Fitness run Gen14Creature11] reward=1.64±0.00  dist=0.03±0.09  upright=0.03±0.01  → FITNESS=0.0278
URDF saved to temp_urdf\being_10708.urdf
Connecting to PyBullet, GUI: False
CreatureEnv Inicijalizacija: 12 motora. OBS_dim=40, frame_skip=1
[Fitness run Gen14Creature12] reward=0.87±0.23  dist=0.00±0.00  upright=0.31±0.11  → FITNESS=0.1121
URDF saved to temp_urdf\being_10708.urdf
Connecting to PyBullet, GUI: False
CreatureEnv Inicijalizacija: 12 motora. OBS_dim=40, frame_skip=1
[Fitness run Gen14Creature13] reward=1.60±0.03  dist=0.00±0.00  upright=0.15±0.05  → FITNESS=0.0619
URDF saved to temp_urdf\being_10708.urdf
Connecting to PyBullet, GUI: False
CreatureEnv Inicijalizacija: 12 motora. OBS_dim=40, frame_skip=1
[Fitness run Gen14Creature14] reward=1.53±0.02  dist=0.00±0.00  upright=0.06±0.02  → FITNESS=0.0357
URDF saved to temp_urdf\being_10708.urdf
Connecting to PyBullet, GUI: False
CreatureEnv Inicijalizacija: 12 motora. OBS_dim=40, frame_skip=1
[Fitness run Gen14Creature15] reward=1.47±0.19  dist=0.00±0.00  upright=0.13±0.18  → FITNESS=0.0561
URDF saved to temp_urdf\being_10708.urdf
Connecting to PyBullet, GUI: False
CreatureEnv Inicijalizacija: 12 motora. OBS_dim=40, frame_skip=1
[Fitness run Gen14Creature16] reward=900.21±299.67  dist=0.00±0.01  upright=0.90±0.30  → FITNESS=0.3701
URDF saved to temp_urdf\being_10708.urdf
Connecting to PyBullet, GUI: False
CreatureEnv Inicijalizacija: 12 motora. OBS_dim=40, frame_skip=1
[Fitness run Gen14Creature17] reward=1.46±0.07  dist=0.00±0.00  upright=0.01±0.01  → FITNESS=0.0203
URDF saved to temp_urdf\being_10708.urdf
Connecting to PyBullet, GUI: False
CreatureEnv Inicijalizacija: 12 motora. OBS_dim=40, frame_skip=1
[Fitness run Gen14Creature18] reward=105.65±314.76  dist=0.01±0.02  upright=0.42±0.20  → FITNESS=0.1537
URDF saved to temp_urdf\being_10708.urdf
Connecting to PyBullet, GUI: False
CreatureEnv Inicijalizacija: 12 motora. OBS_dim=40, frame_skip=1
[Fitness run Gen14Creature19] reward=712.08±454.85  dist=0.03±0.01  upright=0.87±0.30  → FITNESS=0.3453
URDF saved to temp_urdf\being_10708.urdf
Connecting to PyBullet, GUI: False
CreatureEnv Inicijalizacija: 12 motora. OBS_dim=40, frame_skip=1
[Fitness run Gen14Creature20] reward=424.21±517.82  dist=0.23±0.70  upright=0.78±0.29  → FITNESS=0.2978
URDF saved to temp_urdf\being_10708.urdf
Connecting to PyBullet, GUI: False
CreatureEnv Inicijalizacija: 12 motora. OBS_dim=40, frame_skip=1
[Fitness run Gen14Creature21] reward=965.33±321.27  dist=0.00±0.01  upright=0.90±0.30  → FITNESS=0.3760
URDF saved to temp_urdf\being_10708.urdf
Connecting to PyBullet, GUI: False
CreatureEnv Inicijalizacija: 12 motora. OBS_dim=40, frame_skip=1
[Fitness run Gen14Creature22] reward=973.21±323.90  dist=0.01±0.02  upright=0.90±0.30  → FITNESS=0.3768
URDF saved to temp_urdf\being_10708.urdf
Connecting to PyBullet, GUI: False
CreatureEnv Inicijalizacija: 12 motora. OBS_dim=40, frame_skip=1
[Fitness run Gen14Creature23] reward=1.56±0.05  dist=0.01±0.04  upright=0.13±0.04  → FITNESS=0.0564
URDF saved to temp_urdf\being_10708.urdf
Connecting to PyBullet, GUI: False
CreatureEnv Inicijalizacija: 12 motora. OBS_dim=40, frame_skip=1
[Fitness run Gen14Creature24] reward=4.71±11.03  dist=0.08±0.14  upright=0.67±0.20  → FITNESS=0.2204
URDF saved to temp_urdf\being_10708.urdf
Connecting to PyBullet, GUI: False
CreatureEnv Inicijalizacija: 12 motora. OBS_dim=40, frame_skip=1
[Fitness run Gen14Creature25] reward=969.94±322.81  dist=0.00±0.00  upright=0.90±0.30  → FITNESS=0.3764
URDF saved to temp_urdf\being_10708.urdf
Connecting to PyBullet, GUI: False
CreatureEnv Inicijalizacija: 12 motora. OBS_dim=40, frame_skip=1
[Fitness run Gen14Creature26] reward=1.33±0.02  dist=0.00±0.00  upright=0.00±0.00  → FITNESS=0.0183
URDF saved to temp_urdf\being_10708.urdf
Connecting to PyBullet, GUI: False
CreatureEnv Inicijalizacija: 12 motora. OBS_dim=40, frame_skip=1
[Fitness run Gen14Creature27] reward=0.83±0.49  dist=0.32±0.73  upright=0.29±0.12  → FITNESS=0.1133
URDF saved to temp_urdf\being_10708.urdf
Connecting to PyBullet, GUI: False
CreatureEnv Inicijalizacija: 12 motora. OBS_dim=40, frame_skip=1
[Fitness run Gen14Creature28] reward=968.08±322.18  dist=0.00±0.00  upright=0.90±0.30  → FITNESS=0.3762
URDF saved to temp_urdf\being_10708.urdf
Connecting to PyBullet, GUI: False
CreatureEnv Inicijalizacija: 12 motora. OBS_dim=40, frame_skip=1
[Fitness run Gen14Creature29] reward=1.55±0.11  dist=0.01±0.03  upright=0.19±0.07  → FITNESS=0.0747
Genome saved to results\distanceBased500Steps5DifferentSeeds\run_2\run_2_best_creature.json
[plot] Summary saved → results\distanceBased500Steps5DifferentSeeds\run_2\run_2_summary.png
URDF saved to temp_urdf\being_10708.urdf
Connecting to PyBullet, GUI: False
CreatureEnv Inicijalizacija: 12 motora. OBS_dim=40, frame_skip=1
[Fitness run Gen15Creature2] reward=104.51±312.20  dist=0.13±0.08  upright=0.44±0.24  → FITNESS=0.1636
URDF saved to temp_urdf\being_10708.urdf
Connecting to PyBullet, GUI: False
CreatureEnv Inicijalizacija: 12 motora. OBS_dim=40, frame_skip=1
[Fitness run Gen15Creature4] reward=944.84±314.45  dist=0.03±0.08  upright=0.90±0.30  → FITNESS=0.3748
URDF saved to temp_urdf\being_10708.urdf
Connecting to PyBullet, GUI: False
CreatureEnv Inicijalizacija: 12 motora. OBS_dim=40, frame_skip=1
[Fitness run Gen15Creature5] reward=936.61±311.70  dist=0.00±0.01  upright=0.90±0.30  → FITNESS=0.3734
URDF saved to temp_urdf\being_10708.urdf
Connecting to PyBullet, GUI: False
CreatureEnv Inicijalizacija: 12 motora. OBS_dim=40, frame_skip=1
[Fitness run Gen15Creature6] reward=926.27±308.25  dist=0.02±0.01  upright=0.90±0.30  → FITNESS=0.3729
URDF saved to temp_urdf\being_10708.urdf
Connecting to PyBullet, GUI: False
CreatureEnv Inicijalizacija: 12 motora. OBS_dim=40, frame_skip=1
[Fitness run Gen15Creature7] reward=967.40±321.96  dist=0.01±0.01  upright=0.90±0.30  → FITNESS=0.3763
URDF saved to temp_urdf\being_10708.urdf
Connecting to PyBullet, GUI: False
CreatureEnv Inicijalizacija: 12 motora. OBS_dim=40, frame_skip=1
[Fitness run Gen15Creature9] reward=940.08±312.86  dist=0.01±0.01  upright=0.90±0.30  → FITNESS=0.3740
URDF saved to temp_urdf\being_10708.urdf
Connecting to PyBullet, GUI: False
CreatureEnv Inicijalizacija: 12 motora. OBS_dim=40, frame_skip=1
[Fitness run Gen15Creature10] reward=939.93±312.80  dist=0.03±0.01  upright=0.90±0.30  → FITNESS=0.3743
URDF saved to temp_urdf\being_10708.urdf
Connecting to PyBullet, GUI: False
CreatureEnv Inicijalizacija: 12 motora. OBS_dim=40, frame_skip=1
[Fitness run Gen15Creature11] reward=1.66±0.01  dist=0.04±0.11  upright=0.03±0.01  → FITNESS=0.0280
URDF saved to temp_urdf\being_10708.urdf
Connecting to PyBullet, GUI: False
CreatureEnv Inicijalizacija: 12 motora. OBS_dim=40, frame_skip=1
[Fitness run Gen15Creature12] reward=0.87±0.23  dist=0.00±0.00  upright=0.31±0.11  → FITNESS=0.1121
URDF saved to temp_urdf\being_10708.urdf
Connecting to PyBullet, GUI: False
CreatureEnv Inicijalizacija: 12 motora. OBS_dim=40, frame_skip=1
[Fitness run Gen15Creature13] reward=1.60±0.03  dist=0.00±0.00  upright=0.15±0.05  → FITNESS=0.0619
URDF saved to temp_urdf\being_10708.urdf
Connecting to PyBullet, GUI: False
CreatureEnv Inicijalizacija: 12 motora. OBS_dim=40, frame_skip=1
[Fitness run Gen15Creature14] reward=1.53±0.02  dist=0.00±0.00  upright=0.06±0.02  → FITNESS=0.0357
URDF saved to temp_urdf\being_10708.urdf
Connecting to PyBullet, GUI: False
CreatureEnv Inicijalizacija: 12 motora. OBS_dim=40, frame_skip=1
[Fitness run Gen15Creature15] reward=1.47±0.19  dist=0.00±0.00  upright=0.13±0.18  → FITNESS=0.0561
URDF saved to temp_urdf\being_10708.urdf
Connecting to PyBullet, GUI: False
CreatureEnv Inicijalizacija: 12 motora. OBS_dim=40, frame_skip=1
[Fitness run Gen15Creature17] reward=1.62±0.03  dist=0.00±0.00  upright=0.00±0.00  → FITNESS=0.0183
URDF saved to temp_urdf\being_10708.urdf
Connecting to PyBullet, GUI: False
CreatureEnv Inicijalizacija: 12 motora. OBS_dim=40, frame_skip=1
[Fitness run Gen15Creature18] reward=105.65±314.76  dist=0.01±0.02  upright=0.42±0.20  → FITNESS=0.1537
URDF saved to temp_urdf\being_10708.urdf
Connecting to PyBullet, GUI: False
CreatureEnv Inicijalizacija: 12 motora. OBS_dim=40, frame_skip=1
[Fitness run Gen15Creature19] reward=937.52±311.99  dist=0.03±0.02  upright=0.90±0.30  → FITNESS=0.3740
URDF saved to temp_urdf\being_10708.urdf
Connecting to PyBullet, GUI: False
CreatureEnv Inicijalizacija: 12 motora. OBS_dim=40, frame_skip=1
[Fitness run Gen15Creature20] reward=849.27±424.59  dist=0.03±0.10  upright=0.85±0.33  → FITNESS=0.3498
URDF saved to temp_urdf\being_10708.urdf
Connecting to PyBullet, GUI: False
CreatureEnv Inicijalizacija: 12 motora. OBS_dim=40, frame_skip=1
[Fitness run Gen15Creature21] reward=967.97±322.15  dist=0.02±0.06  upright=0.90±0.30  → FITNESS=0.3767
URDF saved to temp_urdf\being_10708.urdf
Connecting to PyBullet, GUI: False
CreatureEnv Inicijalizacija: 12 motora. OBS_dim=40, frame_skip=1
[Fitness run Gen15Creature23] reward=1.56±0.05  dist=0.01±0.04  upright=0.13±0.04  → FITNESS=0.0564
URDF saved to temp_urdf\being_10708.urdf
Connecting to PyBullet, GUI: False
CreatureEnv Inicijalizacija: 12 motora. OBS_dim=40, frame_skip=1
[Fitness run Gen15Creature24] reward=4.71±11.03  dist=0.08±0.14  upright=0.67±0.20  → FITNESS=0.2204
URDF saved to temp_urdf\being_10708.urdf
Connecting to PyBullet, GUI: False
CreatureEnv Inicijalizacija: 12 motora. OBS_dim=40, frame_skip=1
[Fitness run Gen15Creature25] reward=969.94±322.81  dist=0.00±0.00  upright=0.90±0.30  → FITNESS=0.3764
URDF saved to temp_urdf\being_10708.urdf
Connecting to PyBullet, GUI: False
CreatureEnv Inicijalizacija: 12 motora. OBS_dim=40, frame_skip=1
[Fitness run Gen15Creature26] reward=1.33±0.02  dist=0.00±0.00  upright=0.00±0.00  → FITNESS=0.0183
URDF saved to temp_urdf\being_10708.urdf
Connecting to PyBullet, GUI: False
CreatureEnv Inicijalizacija: 12 motora. OBS_dim=40, frame_skip=1
[Fitness run Gen15Creature27] reward=0.55±0.14  dist=0.31±0.51  upright=0.33±0.11  → FITNESS=0.1246
URDF saved to temp_urdf\being_10708.urdf
Connecting to PyBullet, GUI: False
CreatureEnv Inicijalizacija: 12 motora. OBS_dim=40, frame_skip=1
[Fitness run Gen15Creature28] reward=968.08±322.18  dist=0.00±0.00  upright=0.90±0.30  → FITNESS=0.3762
URDF saved to temp_urdf\being_10708.urdf
Connecting to PyBullet, GUI: False
CreatureEnv Inicijalizacija: 12 motora. OBS_dim=40, frame_skip=1
[Fitness run Gen15Creature29] reward=1.55±0.11  dist=0.01±0.03  upright=0.19±0.07  → FITNESS=0.0747

==================================================
Generacija 15/20  |  Best = 0.4003  |  Mean = 0.2500  |  Std = 0.1487
==================================================
URDF saved to temp_urdf\being_10708.urdf
Connecting to PyBullet, GUI: False
CreatureEnv Inicijalizacija: 12 motora. OBS_dim=40, frame_skip=1
[Fitness run Gen15Creature2] reward=104.51±312.20  dist=0.13±0.08  upright=0.44±0.24  → FITNESS=0.1636
URDF saved to temp_urdf\being_10708.urdf
Connecting to PyBullet, GUI: False
CreatureEnv Inicijalizacija: 12 motora. OBS_dim=40, frame_skip=1
[Fitness run Gen15Creature4] reward=944.84±314.45  dist=0.03±0.08  upright=0.90±0.30  → FITNESS=0.3748
URDF saved to temp_urdf\being_10708.urdf
Connecting to PyBullet, GUI: False
CreatureEnv Inicijalizacija: 12 motora. OBS_dim=40, frame_skip=1
[Fitness run Gen15Creature5] reward=936.61±311.70  dist=0.00±0.01  upright=0.90±0.30  → FITNESS=0.3734
URDF saved to temp_urdf\being_10708.urdf
Connecting to PyBullet, GUI: False
CreatureEnv Inicijalizacija: 12 motora. OBS_dim=40, frame_skip=1
[Fitness run Gen15Creature6] reward=926.27±308.25  dist=0.02±0.01  upright=0.90±0.30  → FITNESS=0.3729
URDF saved to temp_urdf\being_10708.urdf
Connecting to PyBullet, GUI: False
CreatureEnv Inicijalizacija: 12 motora. OBS_dim=40, frame_skip=1
[Fitness run Gen15Creature7] reward=967.40±321.96  dist=0.01±0.01  upright=0.90±0.30  → FITNESS=0.3763
URDF saved to temp_urdf\being_10708.urdf
Connecting to PyBullet, GUI: False
CreatureEnv Inicijalizacija: 12 motora. OBS_dim=40, frame_skip=1
[Fitness run Gen15Creature9] reward=940.08±312.86  dist=0.01±0.01  upright=0.90±0.30  → FITNESS=0.3740
URDF saved to temp_urdf\being_10708.urdf
Connecting to PyBullet, GUI: False
CreatureEnv Inicijalizacija: 12 motora. OBS_dim=40, frame_skip=1
[Fitness run Gen15Creature10] reward=939.93±312.80  dist=0.03±0.01  upright=0.90±0.30  → FITNESS=0.3743
URDF saved to temp_urdf\being_10708.urdf
Connecting to PyBullet, GUI: False
CreatureEnv Inicijalizacija: 12 motora. OBS_dim=40, frame_skip=1
[Fitness run Gen15Creature11] reward=1.66±0.01  dist=0.04±0.11  upright=0.03±0.01  → FITNESS=0.0280
URDF saved to temp_urdf\being_10708.urdf
Connecting to PyBullet, GUI: False
CreatureEnv Inicijalizacija: 12 motora. OBS_dim=40, frame_skip=1
[Fitness run Gen15Creature12] reward=0.87±0.23  dist=0.00±0.00  upright=0.31±0.11  → FITNESS=0.1121
URDF saved to temp_urdf\being_10708.urdf
Connecting to PyBullet, GUI: False
CreatureEnv Inicijalizacija: 12 motora. OBS_dim=40, frame_skip=1
[Fitness run Gen15Creature13] reward=1.60±0.03  dist=0.00±0.00  upright=0.15±0.05  → FITNESS=0.0619
URDF saved to temp_urdf\being_10708.urdf
Connecting to PyBullet, GUI: False
CreatureEnv Inicijalizacija: 12 motora. OBS_dim=40, frame_skip=1
[Fitness run Gen15Creature14] reward=1.53±0.02  dist=0.00±0.00  upright=0.06±0.02  → FITNESS=0.0357
URDF saved to temp_urdf\being_10708.urdf
Connecting to PyBullet, GUI: False
CreatureEnv Inicijalizacija: 12 motora. OBS_dim=40, frame_skip=1
[Fitness run Gen15Creature15] reward=1.47±0.19  dist=0.00±0.00  upright=0.13±0.18  → FITNESS=0.0561
URDF saved to temp_urdf\being_10708.urdf
Connecting to PyBullet, GUI: False
CreatureEnv Inicijalizacija: 12 motora. OBS_dim=40, frame_skip=1
[Fitness run Gen15Creature17] reward=1.62±0.03  dist=0.00±0.00  upright=0.00±0.00  → FITNESS=0.0183
URDF saved to temp_urdf\being_10708.urdf
Connecting to PyBullet, GUI: False
CreatureEnv Inicijalizacija: 12 motora. OBS_dim=40, frame_skip=1
[Fitness run Gen15Creature18] reward=105.65±314.76  dist=0.01±0.02  upright=0.42±0.20  → FITNESS=0.1537
URDF saved to temp_urdf\being_10708.urdf
Connecting to PyBullet, GUI: False
CreatureEnv Inicijalizacija: 12 motora. OBS_dim=40, frame_skip=1
[Fitness run Gen15Creature19] reward=937.52±311.99  dist=0.03±0.02  upright=0.90±0.30  → FITNESS=0.3740
URDF saved to temp_urdf\being_10708.urdf
Connecting to PyBullet, GUI: False
CreatureEnv Inicijalizacija: 12 motora. OBS_dim=40, frame_skip=1
[Fitness run Gen15Creature20] reward=849.27±424.59  dist=0.03±0.10  upright=0.85±0.33  → FITNESS=0.3498
URDF saved to temp_urdf\being_10708.urdf
Connecting to PyBullet, GUI: False
CreatureEnv Inicijalizacija: 12 motora. OBS_dim=40, frame_skip=1
[Fitness run Gen15Creature21] reward=967.97±322.15  dist=0.02±0.06  upright=0.90±0.30  → FITNESS=0.3767
URDF saved to temp_urdf\being_10708.urdf
Connecting to PyBullet, GUI: False
CreatureEnv Inicijalizacija: 12 motora. OBS_dim=40, frame_skip=1
[Fitness run Gen15Creature23] reward=1.56±0.05  dist=0.01±0.04  upright=0.13±0.04  → FITNESS=0.0564
URDF saved to temp_urdf\being_10708.urdf
Connecting to PyBullet, GUI: False
CreatureEnv Inicijalizacija: 12 motora. OBS_dim=40, frame_skip=1
[Fitness run Gen15Creature24] reward=4.71±11.03  dist=0.08±0.14  upright=0.67±0.20  → FITNESS=0.2204
URDF saved to temp_urdf\being_10708.urdf
Connecting to PyBullet, GUI: False
CreatureEnv Inicijalizacija: 12 motora. OBS_dim=40, frame_skip=1
[Fitness run Gen15Creature25] reward=969.94±322.81  dist=0.00±0.00  upright=0.90±0.30  → FITNESS=0.3764
URDF saved to temp_urdf\being_10708.urdf
Connecting to PyBullet, GUI: False
CreatureEnv Inicijalizacija: 12 motora. OBS_dim=40, frame_skip=1
[Fitness run Gen15Creature26] reward=1.33±0.02  dist=0.00±0.00  upright=0.00±0.00  → FITNESS=0.0183
URDF saved to temp_urdf\being_10708.urdf
Connecting to PyBullet, GUI: False
CreatureEnv Inicijalizacija: 12 motora. OBS_dim=40, frame_skip=1
[Fitness run Gen15Creature27] reward=0.55±0.14  dist=0.31±0.51  upright=0.33±0.11  → FITNESS=0.1246
URDF saved to temp_urdf\being_10708.urdf
Connecting to PyBullet, GUI: False
CreatureEnv Inicijalizacija: 12 motora. OBS_dim=40, frame_skip=1
[Fitness run Gen15Creature28] reward=968.08±322.18  dist=0.00±0.00  upright=0.90±0.30  → FITNESS=0.3762
URDF saved to temp_urdf\being_10708.urdf
Connecting to PyBullet, GUI: False
CreatureEnv Inicijalizacija: 12 motora. OBS_dim=40, frame_skip=1
[Fitness run Gen15Creature29] reward=1.55±0.11  dist=0.01±0.03  upright=0.19±0.07  → FITNESS=0.0747
Genome saved to results\distanceBased500Steps5DifferentSeeds\run_2\run_2_best_creature.json
[plot] Summary saved → results\distanceBased500Steps5DifferentSeeds\run_2\run_2_summary.png
URDF saved to temp_urdf\being_10708.urdf
Connecting to PyBullet, GUI: False
CreatureEnv Inicijalizacija: 12 motora. OBS_dim=40, frame_skip=1
[Fitness run Gen16Creature2] reward=104.51±312.20  dist=0.13±0.08  upright=0.44±0.24  → FITNESS=0.1636
URDF saved to temp_urdf\being_10708.urdf
Connecting to PyBullet, GUI: False
CreatureEnv Inicijalizacija: 12 motora. OBS_dim=40, frame_skip=1
[Fitness run Gen16Creature3] reward=864.00±431.48  dist=0.00±0.00  upright=0.86±0.31  → FITNESS=0.3562
URDF saved to temp_urdf\being_10708.urdf
Connecting to PyBullet, GUI: False
CreatureEnv Inicijalizacija: 12 motora. OBS_dim=40, frame_skip=1
[Fitness run Gen16Creature4] reward=0.57±0.33  dist=0.11±0.06  upright=0.35±0.12  → FITNESS=0.1266
URDF saved to temp_urdf\being_10708.urdf
Connecting to PyBullet, GUI: False
CreatureEnv Inicijalizacija: 12 motora. OBS_dim=40, frame_skip=1
[Fitness run Gen16Creature5] reward=936.61±311.70  dist=0.00±0.01  upright=0.90±0.30  → FITNESS=0.3734
URDF saved to temp_urdf\being_10708.urdf
Connecting to PyBullet, GUI: False
CreatureEnv Inicijalizacija: 12 motora. OBS_dim=40, frame_skip=1
[Fitness run Gen16Creature6] reward=926.27±308.25  dist=0.02±0.01  upright=0.90±0.30  → FITNESS=0.3729
URDF saved to temp_urdf\being_10708.urdf
Connecting to PyBullet, GUI: False
CreatureEnv Inicijalizacija: 12 motora. OBS_dim=40, frame_skip=1
[Fitness run Gen16Creature8] reward=915.48±304.66  dist=0.05±0.12  upright=0.90±0.30  → FITNESS=0.3726
URDF saved to temp_urdf\being_10708.urdf
Connecting to PyBullet, GUI: False
CreatureEnv Inicijalizacija: 12 motora. OBS_dim=40, frame_skip=1
[Fitness run Gen16Creature10] reward=939.93±312.80  dist=0.03±0.01  upright=0.90±0.30  → FITNESS=0.3743
URDF saved to temp_urdf\being_10708.urdf
Connecting to PyBullet, GUI: False
CreatureEnv Inicijalizacija: 12 motora. OBS_dim=40, frame_skip=1
[Fitness run Gen16Creature11] reward=1.66±0.01  dist=0.04±0.11  upright=0.03±0.01  → FITNESS=0.0280
URDF saved to temp_urdf\being_10708.urdf
Connecting to PyBullet, GUI: False
CreatureEnv Inicijalizacija: 12 motora. OBS_dim=40, frame_skip=1
[Fitness run Gen16Creature12] reward=0.87±0.23  dist=0.00±0.00  upright=0.31±0.11  → FITNESS=0.1121
URDF saved to temp_urdf\being_10708.urdf
Connecting to PyBullet, GUI: False
CreatureEnv Inicijalizacija: 12 motora. OBS_dim=40, frame_skip=1
[Fitness run Gen16Creature13] reward=966.89±321.74  dist=0.01±0.02  upright=0.90±0.30  → FITNESS=0.3764
URDF saved to temp_urdf\being_10708.urdf
Connecting to PyBullet, GUI: False
CreatureEnv Inicijalizacija: 12 motora. OBS_dim=40, frame_skip=1
[Fitness run Gen16Creature14] reward=1.53±0.02  dist=0.00±0.00  upright=0.06±0.02  → FITNESS=0.0357
URDF saved to temp_urdf\being_10708.urdf
Connecting to PyBullet, GUI: False
CreatureEnv Inicijalizacija: 12 motora. OBS_dim=40, frame_skip=1
[Fitness run Gen16Creature15] reward=1.47±0.19  dist=0.00±0.00  upright=0.13±0.18  → FITNESS=0.0561
URDF saved to temp_urdf\being_10708.urdf
Connecting to PyBullet, GUI: False
CreatureEnv Inicijalizacija: 12 motora. OBS_dim=40, frame_skip=1
[Fitness run Gen16Creature17] reward=1.62±0.03  dist=0.00±0.00  upright=0.00±0.00  → FITNESS=0.0183
URDF saved to temp_urdf\being_10708.urdf
Connecting to PyBullet, GUI: False
CreatureEnv Inicijalizacija: 12 motora. OBS_dim=40, frame_skip=1
[Fitness run Gen16Creature18] reward=105.65±314.76  dist=0.01±0.02  upright=0.42±0.20  → FITNESS=0.1537
URDF saved to temp_urdf\being_10708.urdf
Connecting to PyBullet, GUI: False
CreatureEnv Inicijalizacija: 12 motora. OBS_dim=40, frame_skip=1
[Fitness run Gen16Creature20] reward=849.27±424.59  dist=0.03±0.10  upright=0.85±0.33  → FITNESS=0.3498
URDF saved to temp_urdf\being_10708.urdf
Connecting to PyBullet, GUI: False
CreatureEnv Inicijalizacija: 12 motora. OBS_dim=40, frame_skip=1
[Fitness run Gen16Creature21] reward=967.97±322.15  dist=0.02±0.06  upright=0.90±0.30  → FITNESS=0.3767
URDF saved to temp_urdf\being_10708.urdf
Connecting to PyBullet, GUI: False
CreatureEnv Inicijalizacija: 12 motora. OBS_dim=40, frame_skip=1
[Fitness run Gen16Creature23] reward=903.43±300.64  dist=0.05±0.03  upright=0.90±0.30  → FITNESS=0.3716
URDF saved to temp_urdf\being_10708.urdf
Connecting to PyBullet, GUI: False
CreatureEnv Inicijalizacija: 12 motora. OBS_dim=40, frame_skip=1
[Fitness run Gen16Creature24] reward=845.58±422.01  dist=0.06±0.16  upright=0.88±0.30  → FITNESS=0.3607
URDF saved to temp_urdf\being_10708.urdf
Connecting to PyBullet, GUI: False
CreatureEnv Inicijalizacija: 12 motora. OBS_dim=40, frame_skip=1
[Fitness run Gen16Creature25] reward=969.94±322.81  dist=0.00±0.00  upright=0.90±0.30  → FITNESS=0.3764
URDF saved to temp_urdf\being_10708.urdf
Connecting to PyBullet, GUI: False
CreatureEnv Inicijalizacija: 12 motora. OBS_dim=40, frame_skip=1
[Fitness run Gen16Creature26] reward=1.33±0.02  dist=0.00±0.00  upright=0.00±0.00  → FITNESS=0.0183
URDF saved to temp_urdf\being_10708.urdf
Connecting to PyBullet, GUI: False
CreatureEnv Inicijalizacija: 12 motora. OBS_dim=40, frame_skip=1
[Fitness run Gen16Creature27] reward=0.55±0.14  dist=0.31±0.51  upright=0.33±0.11  → FITNESS=0.1246
URDF saved to temp_urdf\being_10708.urdf
Connecting to PyBullet, GUI: False
CreatureEnv Inicijalizacija: 12 motora. OBS_dim=40, frame_skip=1
[Fitness run Gen16Creature28] reward=968.08±322.18  dist=0.00±0.00  upright=0.90±0.30  → FITNESS=0.3762
URDF saved to temp_urdf\being_10708.urdf
Connecting to PyBullet, GUI: False
CreatureEnv Inicijalizacija: 12 motora. OBS_dim=40, frame_skip=1
[Fitness run Gen16Creature29] reward=1.55±0.11  dist=0.01±0.03  upright=0.19±0.07  → FITNESS=0.0747

==================================================
Generacija 16/20  |  Best = 0.4003  |  Mean = 0.2667  |  Std = 0.1436
==================================================
URDF saved to temp_urdf\being_10708.urdf
Connecting to PyBullet, GUI: False
CreatureEnv Inicijalizacija: 12 motora. OBS_dim=40, frame_skip=1
[Fitness run Gen16Creature2] reward=104.51±312.20  dist=0.13±0.08  upright=0.44±0.24  → FITNESS=0.1636
URDF saved to temp_urdf\being_10708.urdf
Connecting to PyBullet, GUI: False
CreatureEnv Inicijalizacija: 12 motora. OBS_dim=40, frame_skip=1
[Fitness run Gen16Creature3] reward=864.00±431.48  dist=0.00±0.00  upright=0.86±0.31  → FITNESS=0.3562
URDF saved to temp_urdf\being_10708.urdf
Connecting to PyBullet, GUI: False
CreatureEnv Inicijalizacija: 12 motora. OBS_dim=40, frame_skip=1
[Fitness run Gen16Creature4] reward=0.57±0.33  dist=0.11±0.06  upright=0.35±0.12  → FITNESS=0.1266
URDF saved to temp_urdf\being_10708.urdf
Connecting to PyBullet, GUI: False
CreatureEnv Inicijalizacija: 12 motora. OBS_dim=40, frame_skip=1
[Fitness run Gen16Creature5] reward=936.61±311.70  dist=0.00±0.01  upright=0.90±0.30  → FITNESS=0.3734
URDF saved to temp_urdf\being_10708.urdf
Connecting to PyBullet, GUI: False
CreatureEnv Inicijalizacija: 12 motora. OBS_dim=40, frame_skip=1
[Fitness run Gen16Creature6] reward=926.27±308.25  dist=0.02±0.01  upright=0.90±0.30  → FITNESS=0.3729
URDF saved to temp_urdf\being_10708.urdf
Connecting to PyBullet, GUI: False
CreatureEnv Inicijalizacija: 12 motora. OBS_dim=40, frame_skip=1
[Fitness run Gen16Creature8] reward=915.48±304.66  dist=0.05±0.12  upright=0.90±0.30  → FITNESS=0.3726
URDF saved to temp_urdf\being_10708.urdf
Connecting to PyBullet, GUI: False
CreatureEnv Inicijalizacija: 12 motora. OBS_dim=40, frame_skip=1
[Fitness run Gen16Creature10] reward=939.93±312.80  dist=0.03±0.01  upright=0.90±0.30  → FITNESS=0.3743
URDF saved to temp_urdf\being_10708.urdf
Connecting to PyBullet, GUI: False
CreatureEnv Inicijalizacija: 12 motora. OBS_dim=40, frame_skip=1
[Fitness run Gen16Creature11] reward=1.66±0.01  dist=0.04±0.11  upright=0.03±0.01  → FITNESS=0.0280
URDF saved to temp_urdf\being_10708.urdf
Connecting to PyBullet, GUI: False
CreatureEnv Inicijalizacija: 12 motora. OBS_dim=40, frame_skip=1
[Fitness run Gen16Creature12] reward=0.87±0.23  dist=0.00±0.00  upright=0.31±0.11  → FITNESS=0.1121
URDF saved to temp_urdf\being_10708.urdf
Connecting to PyBullet, GUI: False
CreatureEnv Inicijalizacija: 12 motora. OBS_dim=40, frame_skip=1
[Fitness run Gen16Creature13] reward=966.89±321.74  dist=0.01±0.02  upright=0.90±0.30  → FITNESS=0.3764
URDF saved to temp_urdf\being_10708.urdf
Connecting to PyBullet, GUI: False
CreatureEnv Inicijalizacija: 12 motora. OBS_dim=40, frame_skip=1
[Fitness run Gen16Creature14] reward=1.53±0.02  dist=0.00±0.00  upright=0.06±0.02  → FITNESS=0.0357
URDF saved to temp_urdf\being_10708.urdf
Connecting to PyBullet, GUI: False
CreatureEnv Inicijalizacija: 12 motora. OBS_dim=40, frame_skip=1
[Fitness run Gen16Creature15] reward=1.47±0.19  dist=0.00±0.00  upright=0.13±0.18  → FITNESS=0.0561
URDF saved to temp_urdf\being_10708.urdf
Connecting to PyBullet, GUI: False
CreatureEnv Inicijalizacija: 12 motora. OBS_dim=40, frame_skip=1
[Fitness run Gen16Creature17] reward=1.62±0.03  dist=0.00±0.00  upright=0.00±0.00  → FITNESS=0.0183
URDF saved to temp_urdf\being_10708.urdf
Connecting to PyBullet, GUI: False
CreatureEnv Inicijalizacija: 12 motora. OBS_dim=40, frame_skip=1
[Fitness run Gen16Creature18] reward=105.65±314.76  dist=0.01±0.02  upright=0.42±0.20  → FITNESS=0.1537
URDF saved to temp_urdf\being_10708.urdf
Connecting to PyBullet, GUI: False
CreatureEnv Inicijalizacija: 12 motora. OBS_dim=40, frame_skip=1
[Fitness run Gen16Creature20] reward=849.27±424.59  dist=0.03±0.10  upright=0.85±0.33  → FITNESS=0.3498
URDF saved to temp_urdf\being_10708.urdf
Connecting to PyBullet, GUI: False
CreatureEnv Inicijalizacija: 12 motora. OBS_dim=40, frame_skip=1
[Fitness run Gen16Creature21] reward=967.97±322.15  dist=0.02±0.06  upright=0.90±0.30  → FITNESS=0.3767
URDF saved to temp_urdf\being_10708.urdf
Connecting to PyBullet, GUI: False
CreatureEnv Inicijalizacija: 12 motora. OBS_dim=40, frame_skip=1
[Fitness run Gen16Creature23] reward=903.43±300.64  dist=0.05±0.03  upright=0.90±0.30  → FITNESS=0.3716
URDF saved to temp_urdf\being_10708.urdf
Connecting to PyBullet, GUI: False
CreatureEnv Inicijalizacija: 12 motora. OBS_dim=40, frame_skip=1
[Fitness run Gen16Creature24] reward=845.58±422.01  dist=0.06±0.16  upright=0.88±0.30  → FITNESS=0.3607
URDF saved to temp_urdf\being_10708.urdf
Connecting to PyBullet, GUI: False
CreatureEnv Inicijalizacija: 12 motora. OBS_dim=40, frame_skip=1
[Fitness run Gen16Creature25] reward=969.94±322.81  dist=0.00±0.00  upright=0.90±0.30  → FITNESS=0.3764
URDF saved to temp_urdf\being_10708.urdf
Connecting to PyBullet, GUI: False
CreatureEnv Inicijalizacija: 12 motora. OBS_dim=40, frame_skip=1
[Fitness run Gen16Creature26] reward=1.33±0.02  dist=0.00±0.00  upright=0.00±0.00  → FITNESS=0.0183
URDF saved to temp_urdf\being_10708.urdf
Connecting to PyBullet, GUI: False
CreatureEnv Inicijalizacija: 12 motora. OBS_dim=40, frame_skip=1
[Fitness run Gen16Creature27] reward=0.55±0.14  dist=0.31±0.51  upright=0.33±0.11  → FITNESS=0.1246
URDF saved to temp_urdf\being_10708.urdf
Connecting to PyBullet, GUI: False
CreatureEnv Inicijalizacija: 12 motora. OBS_dim=40, frame_skip=1
[Fitness run Gen16Creature28] reward=968.08±322.18  dist=0.00±0.00  upright=0.90±0.30  → FITNESS=0.3762
URDF saved to temp_urdf\being_10708.urdf
Connecting to PyBullet, GUI: False
CreatureEnv Inicijalizacija: 12 motora. OBS_dim=40, frame_skip=1
[Fitness run Gen16Creature29] reward=1.55±0.11  dist=0.01±0.03  upright=0.19±0.07  → FITNESS=0.0747
Genome saved to results\distanceBased500Steps5DifferentSeeds\run_2\run_2_best_creature.json
[plot] Summary saved → results\distanceBased500Steps5DifferentSeeds\run_2\run_2_summary.png
URDF saved to temp_urdf\being_10708.urdf
Connecting to PyBullet, GUI: False
CreatureEnv Inicijalizacija: 12 motora. OBS_dim=40, frame_skip=1
[Fitness run Gen17Creature2] reward=104.51±312.20  dist=0.13±0.08  upright=0.44±0.24  → FITNESS=0.1636
URDF saved to temp_urdf\being_10708.urdf
Connecting to PyBullet, GUI: False
CreatureEnv Inicijalizacija: 12 motora. OBS_dim=40, frame_skip=1
[Fitness run Gen17Creature3] reward=864.00±431.48  dist=0.00±0.00  upright=0.86±0.31  → FITNESS=0.3562
URDF saved to temp_urdf\being_10708.urdf
Connecting to PyBullet, GUI: False
CreatureEnv Inicijalizacija: 12 motora. OBS_dim=40, frame_skip=1
[Fitness run Gen17Creature4] reward=0.57±0.33  dist=0.11±0.06  upright=0.35±0.12  → FITNESS=0.1266
URDF saved to temp_urdf\being_10708.urdf
Connecting to PyBullet, GUI: False
CreatureEnv Inicijalizacija: 12 motora. OBS_dim=40, frame_skip=1
[Fitness run Gen17Creature6] reward=1.50±0.05  dist=0.00±0.00  upright=0.08±0.03  → FITNESS=0.0435
URDF saved to temp_urdf\being_10708.urdf
Connecting to PyBullet, GUI: False
CreatureEnv Inicijalizacija: 12 motora. OBS_dim=40, frame_skip=1
[Fitness run Gen17Creature7] reward=1.52±0.00  dist=0.00±0.00  upright=0.03±0.01  → FITNESS=0.0270
URDF saved to temp_urdf\being_10708.urdf
Connecting to PyBullet, GUI: False
CreatureEnv Inicijalizacija: 12 motora. OBS_dim=40, frame_skip=1
[Fitness run Gen17Creature8] reward=915.48±304.66  dist=0.05±0.12  upright=0.90±0.30  → FITNESS=0.3726
URDF saved to temp_urdf\being_10708.urdf
Connecting to PyBullet, GUI: False
CreatureEnv Inicijalizacija: 12 motora. OBS_dim=40, frame_skip=1
[Fitness run Gen17Creature10] reward=939.93±312.80  dist=0.03±0.01  upright=0.90±0.30  → FITNESS=0.3743
URDF saved to temp_urdf\being_10708.urdf
Connecting to PyBullet, GUI: False
CreatureEnv Inicijalizacija: 12 motora. OBS_dim=40, frame_skip=1
[Fitness run Gen17Creature11] reward=1.66±0.01  dist=0.04±0.11  upright=0.03±0.01  → FITNESS=0.0280
URDF saved to temp_urdf\being_10708.urdf
Connecting to PyBullet, GUI: False
CreatureEnv Inicijalizacija: 12 motora. OBS_dim=40, frame_skip=1
[Fitness run Gen17Creature12] reward=0.92±0.27  dist=0.15±0.04  upright=0.29±0.10  → FITNESS=0.1090
URDF saved to temp_urdf\being_10708.urdf
Connecting to PyBullet, GUI: False
CreatureEnv Inicijalizacija: 12 motora. OBS_dim=40, frame_skip=1
[Fitness run Gen17Creature13] reward=1.41±0.49  dist=0.00±0.00  upright=0.37±0.17  → FITNESS=0.1296
URDF saved to temp_urdf\being_10708.urdf
Connecting to PyBullet, GUI: False
CreatureEnv Inicijalizacija: 12 motora. OBS_dim=40, frame_skip=1
[Fitness run Gen17Creature14] reward=1.53±0.02  dist=0.00±0.00  upright=0.06±0.02  → FITNESS=0.0357
URDF saved to temp_urdf\being_10708.urdf
Connecting to PyBullet, GUI: False
CreatureEnv Inicijalizacija: 12 motora. OBS_dim=40, frame_skip=1
[Fitness run Gen17Creature15] reward=1.47±0.19  dist=0.00±0.00  upright=0.13±0.18  → FITNESS=0.0561
URDF saved to temp_urdf\being_10708.urdf
Connecting to PyBullet, GUI: False
CreatureEnv Inicijalizacija: 12 motora. OBS_dim=40, frame_skip=1
[Fitness run Gen17Creature16] reward=885.72±295.40  dist=0.20±0.60  upright=0.90±0.30  → FITNESS=0.3737
URDF saved to temp_urdf\being_10708.urdf
Connecting to PyBullet, GUI: False
CreatureEnv Inicijalizacija: 12 motora. OBS_dim=40, frame_skip=1
[Fitness run Gen17Creature17] reward=1.62±0.03  dist=0.00±0.00  upright=0.00±0.00  → FITNESS=0.0183
URDF saved to temp_urdf\being_10708.urdf
Connecting to PyBullet, GUI: False
CreatureEnv Inicijalizacija: 12 motora. OBS_dim=40, frame_skip=1
[Fitness run Gen17Creature18] reward=105.65±314.76  dist=0.01±0.02  upright=0.42±0.20  → FITNESS=0.1537
URDF saved to temp_urdf\being_10708.urdf
Connecting to PyBullet, GUI: False
CreatureEnv Inicijalizacija: 12 motora. OBS_dim=40, frame_skip=1
[Fitness run Gen17Creature20] reward=849.27±424.59  dist=0.03±0.10  upright=0.85±0.33  → FITNESS=0.3498
URDF saved to temp_urdf\being_10708.urdf
Connecting to PyBullet, GUI: False
CreatureEnv Inicijalizacija: 12 motora. OBS_dim=40, frame_skip=1
[Fitness run Gen17Creature21] reward=967.97±322.15  dist=0.02±0.06  upright=0.90±0.30  → FITNESS=0.3767
URDF saved to temp_urdf\being_10708.urdf
Connecting to PyBullet, GUI: False
CreatureEnv Inicijalizacija: 12 motora. OBS_dim=40, frame_skip=1
[Fitness run Gen17Creature22] reward=936.40±311.63  dist=0.01±0.02  upright=0.90±0.30  → FITNESS=0.3736
URDF saved to temp_urdf\being_10708.urdf
Connecting to PyBullet, GUI: False
CreatureEnv Inicijalizacija: 12 motora. OBS_dim=40, frame_skip=1
[Fitness run Gen17Creature23] reward=903.43±300.64  dist=0.05±0.03  upright=0.90±0.30  → FITNESS=0.3716
URDF saved to temp_urdf\being_10708.urdf
Connecting to PyBullet, GUI: False
CreatureEnv Inicijalizacija: 12 motora. OBS_dim=40, frame_skip=1
[Fitness run Gen17Creature24] reward=845.58±422.01  dist=0.06±0.16  upright=0.88±0.30  → FITNESS=0.3607
URDF saved to temp_urdf\being_10708.urdf
Connecting to PyBullet, GUI: False
CreatureEnv Inicijalizacija: 12 motora. OBS_dim=40, frame_skip=1
[Fitness run Gen17Creature25] reward=969.94±322.81  dist=0.00±0.00  upright=0.90±0.30  → FITNESS=0.3764
URDF saved to temp_urdf\being_10708.urdf
Connecting to PyBullet, GUI: False
CreatureEnv Inicijalizacija: 12 motora. OBS_dim=40, frame_skip=1
[Fitness run Gen17Creature26] reward=1.39±0.09  dist=0.00±0.00  upright=0.00±0.00  → FITNESS=0.0183
URDF saved to temp_urdf\being_10708.urdf
Connecting to PyBullet, GUI: False
CreatureEnv Inicijalizacija: 12 motora. OBS_dim=40, frame_skip=1
[Fitness run Gen17Creature27] reward=0.55±0.14  dist=0.31±0.51  upright=0.33±0.11  → FITNESS=0.1246
URDF saved to temp_urdf\being_10708.urdf
Connecting to PyBullet, GUI: False
CreatureEnv Inicijalizacija: 12 motora. OBS_dim=40, frame_skip=1
[Fitness run Gen17Creature28] reward=968.08±322.18  dist=0.00±0.00  upright=0.90±0.30  → FITNESS=0.3762
URDF saved to temp_urdf\being_10708.urdf
Connecting to PyBullet, GUI: False
CreatureEnv Inicijalizacija: 12 motora. OBS_dim=40, frame_skip=1
[Fitness run Gen17Creature29] reward=1.55±0.11  dist=0.01±0.03  upright=0.19±0.07  → FITNESS=0.0747

==================================================
Generacija 17/20  |  Best = 0.4003  |  Mean = 0.2357  |  Std = 0.1508
==================================================
URDF saved to temp_urdf\being_10708.urdf
Connecting to PyBullet, GUI: False
CreatureEnv Inicijalizacija: 12 motora. OBS_dim=40, frame_skip=1
[Fitness run Gen17Creature2] reward=104.51±312.20  dist=0.13±0.08  upright=0.44±0.24  → FITNESS=0.1636
URDF saved to temp_urdf\being_10708.urdf
Connecting to PyBullet, GUI: False
CreatureEnv Inicijalizacija: 12 motora. OBS_dim=40, frame_skip=1
[Fitness run Gen17Creature3] reward=864.00±431.48  dist=0.00±0.00  upright=0.86±0.31  → FITNESS=0.3562
URDF saved to temp_urdf\being_10708.urdf
Connecting to PyBullet, GUI: False
CreatureEnv Inicijalizacija: 12 motora. OBS_dim=40, frame_skip=1
[Fitness run Gen17Creature4] reward=0.57±0.33  dist=0.11±0.06  upright=0.35±0.12  → FITNESS=0.1266
URDF saved to temp_urdf\being_10708.urdf
Connecting to PyBullet, GUI: False
CreatureEnv Inicijalizacija: 12 motora. OBS_dim=40, frame_skip=1
[Fitness run Gen17Creature6] reward=1.50±0.05  dist=0.00±0.00  upright=0.08±0.03  → FITNESS=0.0435
URDF saved to temp_urdf\being_10708.urdf
Connecting to PyBullet, GUI: False
CreatureEnv Inicijalizacija: 12 motora. OBS_dim=40, frame_skip=1
[Fitness run Gen17Creature7] reward=1.52±0.00  dist=0.00±0.00  upright=0.03±0.01  → FITNESS=0.0270
URDF saved to temp_urdf\being_10708.urdf
Connecting to PyBullet, GUI: False
CreatureEnv Inicijalizacija: 12 motora. OBS_dim=40, frame_skip=1
[Fitness run Gen17Creature8] reward=915.48±304.66  dist=0.05±0.12  upright=0.90±0.30  → FITNESS=0.3726
URDF saved to temp_urdf\being_10708.urdf
Connecting to PyBullet, GUI: False
CreatureEnv Inicijalizacija: 12 motora. OBS_dim=40, frame_skip=1
[Fitness run Gen17Creature10] reward=939.93±312.80  dist=0.03±0.01  upright=0.90±0.30  → FITNESS=0.3743
URDF saved to temp_urdf\being_10708.urdf
Connecting to PyBullet, GUI: False
CreatureEnv Inicijalizacija: 12 motora. OBS_dim=40, frame_skip=1
[Fitness run Gen17Creature11] reward=1.66±0.01  dist=0.04±0.11  upright=0.03±0.01  → FITNESS=0.0280
URDF saved to temp_urdf\being_10708.urdf
Connecting to PyBullet, GUI: False
CreatureEnv Inicijalizacija: 12 motora. OBS_dim=40, frame_skip=1
[Fitness run Gen17Creature12] reward=0.92±0.27  dist=0.15±0.04  upright=0.29±0.10  → FITNESS=0.1090
URDF saved to temp_urdf\being_10708.urdf
Connecting to PyBullet, GUI: False
CreatureEnv Inicijalizacija: 12 motora. OBS_dim=40, frame_skip=1
[Fitness run Gen17Creature13] reward=1.41±0.49  dist=0.00±0.00  upright=0.37±0.17  → FITNESS=0.1296
URDF saved to temp_urdf\being_10708.urdf
Connecting to PyBullet, GUI: False
CreatureEnv Inicijalizacija: 12 motora. OBS_dim=40, frame_skip=1
[Fitness run Gen17Creature14] reward=1.53±0.02  dist=0.00±0.00  upright=0.06±0.02  → FITNESS=0.0357
URDF saved to temp_urdf\being_10708.urdf
Connecting to PyBullet, GUI: False
CreatureEnv Inicijalizacija: 12 motora. OBS_dim=40, frame_skip=1
[Fitness run Gen17Creature15] reward=1.47±0.19  dist=0.00±0.00  upright=0.13±0.18  → FITNESS=0.0561
URDF saved to temp_urdf\being_10708.urdf
Connecting to PyBullet, GUI: False
CreatureEnv Inicijalizacija: 12 motora. OBS_dim=40, frame_skip=1
[Fitness run Gen17Creature16] reward=885.72±295.40  dist=0.20±0.60  upright=0.90±0.30  → FITNESS=0.3737
URDF saved to temp_urdf\being_10708.urdf
Connecting to PyBullet, GUI: False
CreatureEnv Inicijalizacija: 12 motora. OBS_dim=40, frame_skip=1
[Fitness run Gen17Creature17] reward=1.62±0.03  dist=0.00±0.00  upright=0.00±0.00  → FITNESS=0.0183
URDF saved to temp_urdf\being_10708.urdf
Connecting to PyBullet, GUI: False
CreatureEnv Inicijalizacija: 12 motora. OBS_dim=40, frame_skip=1
[Fitness run Gen17Creature18] reward=105.65±314.76  dist=0.01±0.02  upright=0.42±0.20  → FITNESS=0.1537
URDF saved to temp_urdf\being_10708.urdf
Connecting to PyBullet, GUI: False
CreatureEnv Inicijalizacija: 12 motora. OBS_dim=40, frame_skip=1
[Fitness run Gen17Creature20] reward=849.27±424.59  dist=0.03±0.10  upright=0.85±0.33  → FITNESS=0.3498
URDF saved to temp_urdf\being_10708.urdf
Connecting to PyBullet, GUI: False
CreatureEnv Inicijalizacija: 12 motora. OBS_dim=40, frame_skip=1
[Fitness run Gen17Creature21] reward=967.97±322.15  dist=0.02±0.06  upright=0.90±0.30  → FITNESS=0.3767
URDF saved to temp_urdf\being_10708.urdf
Connecting to PyBullet, GUI: False
CreatureEnv Inicijalizacija: 12 motora. OBS_dim=40, frame_skip=1
[Fitness run Gen17Creature22] reward=936.40±311.63  dist=0.01±0.02  upright=0.90±0.30  → FITNESS=0.3736
URDF saved to temp_urdf\being_10708.urdf
Connecting to PyBullet, GUI: False
CreatureEnv Inicijalizacija: 12 motora. OBS_dim=40, frame_skip=1
[Fitness run Gen17Creature23] reward=903.43±300.64  dist=0.05±0.03  upright=0.90±0.30  → FITNESS=0.3716
URDF saved to temp_urdf\being_10708.urdf
Connecting to PyBullet, GUI: False
CreatureEnv Inicijalizacija: 12 motora. OBS_dim=40, frame_skip=1
[Fitness run Gen17Creature24] reward=845.58±422.01  dist=0.06±0.16  upright=0.88±0.30  → FITNESS=0.3607
URDF saved to temp_urdf\being_10708.urdf
Connecting to PyBullet, GUI: False
CreatureEnv Inicijalizacija: 12 motora. OBS_dim=40, frame_skip=1
[Fitness run Gen17Creature25] reward=969.94±322.81  dist=0.00±0.00  upright=0.90±0.30  → FITNESS=0.3764
URDF saved to temp_urdf\being_10708.urdf
Connecting to PyBullet, GUI: False
CreatureEnv Inicijalizacija: 12 motora. OBS_dim=40, frame_skip=1
[Fitness run Gen17Creature26] reward=1.39±0.09  dist=0.00±0.00  upright=0.00±0.00  → FITNESS=0.0183
URDF saved to temp_urdf\being_10708.urdf
Connecting to PyBullet, GUI: False
CreatureEnv Inicijalizacija: 12 motora. OBS_dim=40, frame_skip=1
[Fitness run Gen17Creature27] reward=0.55±0.14  dist=0.31±0.51  upright=0.33±0.11  → FITNESS=0.1246
URDF saved to temp_urdf\being_10708.urdf
Connecting to PyBullet, GUI: False
CreatureEnv Inicijalizacija: 12 motora. OBS_dim=40, frame_skip=1
[Fitness run Gen17Creature28] reward=968.08±322.18  dist=0.00±0.00  upright=0.90±0.30  → FITNESS=0.3762
URDF saved to temp_urdf\being_10708.urdf
Connecting to PyBullet, GUI: False
CreatureEnv Inicijalizacija: 12 motora. OBS_dim=40, frame_skip=1
[Fitness run Gen17Creature29] reward=1.55±0.11  dist=0.01±0.03  upright=0.19±0.07  → FITNESS=0.0747
Genome saved to results\distanceBased500Steps5DifferentSeeds\run_2\run_2_best_creature.json
[plot] Summary saved → results\distanceBased500Steps5DifferentSeeds\run_2\run_2_summary.png
URDF saved to temp_urdf\being_10708.urdf
Connecting to PyBullet, GUI: False
CreatureEnv Inicijalizacija: 12 motora. OBS_dim=40, frame_skip=1
[Fitness run Gen18Creature2] reward=1.66±0.05  dist=0.00±0.00  upright=0.03±0.01  → FITNESS=0.0261
URDF saved to temp_urdf\being_10708.urdf
Connecting to PyBullet, GUI: False
CreatureEnv Inicijalizacija: 12 motora. OBS_dim=40, frame_skip=1
[Fitness run Gen18Creature3] reward=864.00±431.48  dist=0.00±0.00  upright=0.86±0.31  → FITNESS=0.3562
URDF saved to temp_urdf\being_10708.urdf
Connecting to PyBullet, GUI: False
CreatureEnv Inicijalizacija: 12 motora. OBS_dim=40, frame_skip=1
[Fitness run Gen18Creature4] reward=0.57±0.33  dist=0.11±0.06  upright=0.35±0.12  → FITNESS=0.1266
URDF saved to temp_urdf\being_10708.urdf
Connecting to PyBullet, GUI: False
CreatureEnv Inicijalizacija: 12 motora. OBS_dim=40, frame_skip=1
[Fitness run Gen18Creature5] reward=0.91±0.23  dist=0.03±0.04  upright=0.35±0.13  → FITNESS=0.1244
URDF saved to temp_urdf\being_10708.urdf
Connecting to PyBullet, GUI: False
CreatureEnv Inicijalizacija: 12 motora. OBS_dim=40, frame_skip=1
[Fitness run Gen18Creature6] reward=1.26±0.27  dist=0.00±0.00  upright=0.09±0.03  → FITNESS=0.0454
URDF saved to temp_urdf\being_10708.urdf
Connecting to PyBullet, GUI: False
CreatureEnv Inicijalizacija: 12 motora. OBS_dim=40, frame_skip=1
[Fitness run Gen18Creature7] reward=1.16±0.38  dist=0.00±0.00  upright=0.35±0.14  → FITNESS=0.1247
URDF saved to temp_urdf\being_10708.urdf
Connecting to PyBullet, GUI: False
CreatureEnv Inicijalizacija: 12 motora. OBS_dim=40, frame_skip=1
[Fitness run Gen18Creature8] reward=915.48±304.66  dist=0.05±0.12  upright=0.90±0.30  → FITNESS=0.3726
URDF saved to temp_urdf\being_10708.urdf
Connecting to PyBullet, GUI: False
CreatureEnv Inicijalizacija: 12 motora. OBS_dim=40, frame_skip=1
[Fitness run Gen18Creature9] reward=939.29±312.60  dist=0.00±0.01  upright=0.90±0.30  → FITNESS=0.3736
URDF saved to temp_urdf\being_10708.urdf
Connecting to PyBullet, GUI: False
CreatureEnv Inicijalizacija: 12 motora. OBS_dim=40, frame_skip=1
[Fitness run Gen18Creature10] reward=922.11±306.86  dist=0.02±0.02  upright=0.90±0.30  → FITNESS=0.3725
URDF saved to temp_urdf\being_10708.urdf
Connecting to PyBullet, GUI: False
CreatureEnv Inicijalizacija: 12 motora. OBS_dim=40, frame_skip=1
[Fitness run Gen18Creature11] reward=1.65±0.00  dist=0.05±0.16  upright=0.03±0.01  → FITNESS=0.0284
URDF saved to temp_urdf\being_10708.urdf
Connecting to PyBullet, GUI: False
CreatureEnv Inicijalizacija: 12 motora. OBS_dim=40, frame_skip=1
[Fitness run Gen18Creature12] reward=0.92±0.27  dist=0.15±0.04  upright=0.29±0.10  → FITNESS=0.1090
URDF saved to temp_urdf\being_10708.urdf
Connecting to PyBullet, GUI: False
CreatureEnv Inicijalizacija: 12 motora. OBS_dim=40, frame_skip=1
[Fitness run Gen18Creature13] reward=1.41±0.49  dist=0.00±0.00  upright=0.37±0.17  → FITNESS=0.1296
URDF saved to temp_urdf\being_10708.urdf
Connecting to PyBullet, GUI: False
CreatureEnv Inicijalizacija: 12 motora. OBS_dim=40, frame_skip=1
[Fitness run Gen18Creature14] reward=1.36±0.11  dist=0.06±0.02  upright=0.52±0.18  → FITNESS=0.1756
URDF saved to temp_urdf\being_10708.urdf
Connecting to PyBullet, GUI: False
CreatureEnv Inicijalizacija: 12 motora. OBS_dim=40, frame_skip=1
[Fitness run Gen18Creature15] reward=1.39±0.46  dist=0.03±0.08  upright=0.39±0.20  → FITNESS=0.1370
URDF saved to temp_urdf\being_10708.urdf
Connecting to PyBullet, GUI: False
CreatureEnv Inicijalizacija: 12 motora. OBS_dim=40, frame_skip=1
[Fitness run Gen18Creature16] reward=930.04±309.95  dist=0.10±0.31  upright=0.90±0.30  → FITNESS=0.3753
URDF saved to temp_urdf\being_10708.urdf
Connecting to PyBullet, GUI: False
CreatureEnv Inicijalizacija: 12 motora. OBS_dim=40, frame_skip=1
[Fitness run Gen18Creature17] reward=1.50±0.01  dist=0.00±0.00  upright=0.00±0.00  → FITNESS=0.0183
URDF saved to temp_urdf\being_10708.urdf
Connecting to PyBullet, GUI: False
CreatureEnv Inicijalizacija: 12 motora. OBS_dim=40, frame_skip=1
[Fitness run Gen18Creature18] reward=105.65±314.76  dist=0.01±0.02  upright=0.42±0.20  → FITNESS=0.1537
URDF saved to temp_urdf\being_10708.urdf
Connecting to PyBullet, GUI: False
CreatureEnv Inicijalizacija: 12 motora. OBS_dim=40, frame_skip=1
[Fitness run Gen18Creature19] reward=947.79±315.42  dist=0.04±0.02  upright=0.90±0.30  → FITNESS=0.3752
URDF saved to temp_urdf\being_10708.urdf
Connecting to PyBullet, GUI: False
CreatureEnv Inicijalizacija: 12 motora. OBS_dim=40, frame_skip=1
[Fitness run Gen18Creature20] reward=316.03±480.90  dist=0.22±0.65  upright=0.74±0.29  → FITNESS=0.2742
URDF saved to temp_urdf\being_10708.urdf
Connecting to PyBullet, GUI: False
CreatureEnv Inicijalizacija: 12 motora. OBS_dim=40, frame_skip=1
[Fitness run Gen18Creature21] reward=1.62±0.03  dist=0.00±0.00  upright=0.24±0.08  → FITNESS=0.0890
URDF saved to temp_urdf\being_10708.urdf
Connecting to PyBullet, GUI: False
CreatureEnv Inicijalizacija: 12 motora. OBS_dim=40, frame_skip=1
[Fitness run Gen18Creature24] reward=423.26±514.20  dist=0.04±0.05  upright=0.87±0.29  → FITNESS=0.3191
URDF saved to temp_urdf\being_10708.urdf
Connecting to PyBullet, GUI: False
CreatureEnv Inicijalizacija: 12 motora. OBS_dim=40, frame_skip=1
[Fitness run Gen18Creature25] reward=5.01±10.28  dist=0.04±0.02  upright=0.65±0.24  → FITNESS=0.2155
URDF saved to temp_urdf\being_10708.urdf
Connecting to PyBullet, GUI: False
CreatureEnv Inicijalizacija: 12 motora. OBS_dim=40, frame_skip=1
[Fitness run Gen18Creature26] reward=1.29±0.07  dist=0.00±0.00  upright=0.00±0.00  → FITNESS=0.0183
URDF saved to temp_urdf\being_10708.urdf
Connecting to PyBullet, GUI: False
CreatureEnv Inicijalizacija: 12 motora. OBS_dim=40, frame_skip=1
[Fitness run Gen18Creature27] reward=0.72±1.09  dist=0.31±0.16  upright=0.17±0.06  → FITNESS=0.0773
URDF saved to temp_urdf\being_10708.urdf
Connecting to PyBullet, GUI: False
CreatureEnv Inicijalizacija: 12 motora. OBS_dim=40, frame_skip=1
[Fitness run Gen18Creature28] reward=938.90±312.56  dist=0.00±0.00  upright=0.90±0.30  → FITNESS=0.3735
URDF saved to temp_urdf\being_10708.urdf
Connecting to PyBullet, GUI: False
CreatureEnv Inicijalizacija: 12 motora. OBS_dim=40, frame_skip=1
[Fitness run Gen18Creature29] reward=1.26±0.52  dist=0.23±0.69  upright=0.12±0.04  → FITNESS=0.0589

==================================================
Generacija 18/20  |  Best = 0.4003  |  Mean = 0.2125  |  Std = 0.1398
==================================================
URDF saved to temp_urdf\being_10708.urdf
Connecting to PyBullet, GUI: False
CreatureEnv Inicijalizacija: 12 motora. OBS_dim=40, frame_skip=1
[Fitness run Gen18Creature2] reward=1.66±0.05  dist=0.00±0.00  upright=0.03±0.01  → FITNESS=0.0261
URDF saved to temp_urdf\being_10708.urdf
Connecting to PyBullet, GUI: False
CreatureEnv Inicijalizacija: 12 motora. OBS_dim=40, frame_skip=1
[Fitness run Gen18Creature3] reward=864.00±431.48  dist=0.00±0.00  upright=0.86±0.31  → FITNESS=0.3562
URDF saved to temp_urdf\being_10708.urdf
Connecting to PyBullet, GUI: False
CreatureEnv Inicijalizacija: 12 motora. OBS_dim=40, frame_skip=1
[Fitness run Gen18Creature4] reward=0.57±0.33  dist=0.11±0.06  upright=0.35±0.12  → FITNESS=0.1266
URDF saved to temp_urdf\being_10708.urdf
Connecting to PyBullet, GUI: False
CreatureEnv Inicijalizacija: 12 motora. OBS_dim=40, frame_skip=1
[Fitness run Gen18Creature5] reward=0.91±0.23  dist=0.03±0.04  upright=0.35±0.13  → FITNESS=0.1244
URDF saved to temp_urdf\being_10708.urdf
Connecting to PyBullet, GUI: False
CreatureEnv Inicijalizacija: 12 motora. OBS_dim=40, frame_skip=1
[Fitness run Gen18Creature6] reward=1.26±0.27  dist=0.00±0.00  upright=0.09±0.03  → FITNESS=0.0454
URDF saved to temp_urdf\being_10708.urdf
Connecting to PyBullet, GUI: False
CreatureEnv Inicijalizacija: 12 motora. OBS_dim=40, frame_skip=1
[Fitness run Gen18Creature7] reward=1.16±0.38  dist=0.00±0.00  upright=0.35±0.14  → FITNESS=0.1247
URDF saved to temp_urdf\being_10708.urdf
Connecting to PyBullet, GUI: False
CreatureEnv Inicijalizacija: 12 motora. OBS_dim=40, frame_skip=1
[Fitness run Gen18Creature8] reward=915.48±304.66  dist=0.05±0.12  upright=0.90±0.30  → FITNESS=0.3726
URDF saved to temp_urdf\being_10708.urdf
Connecting to PyBullet, GUI: False
CreatureEnv Inicijalizacija: 12 motora. OBS_dim=40, frame_skip=1
[Fitness run Gen18Creature9] reward=939.29±312.60  dist=0.00±0.01  upright=0.90±0.30  → FITNESS=0.3736
URDF saved to temp_urdf\being_10708.urdf
Connecting to PyBullet, GUI: False
CreatureEnv Inicijalizacija: 12 motora. OBS_dim=40, frame_skip=1
[Fitness run Gen18Creature10] reward=922.11±306.86  dist=0.02±0.02  upright=0.90±0.30  → FITNESS=0.3725
URDF saved to temp_urdf\being_10708.urdf
Connecting to PyBullet, GUI: False
CreatureEnv Inicijalizacija: 12 motora. OBS_dim=40, frame_skip=1
[Fitness run Gen18Creature11] reward=1.65±0.00  dist=0.05±0.16  upright=0.03±0.01  → FITNESS=0.0284
URDF saved to temp_urdf\being_10708.urdf
Connecting to PyBullet, GUI: False
CreatureEnv Inicijalizacija: 12 motora. OBS_dim=40, frame_skip=1
[Fitness run Gen18Creature12] reward=0.92±0.27  dist=0.15±0.04  upright=0.29±0.10  → FITNESS=0.1090
URDF saved to temp_urdf\being_10708.urdf
Connecting to PyBullet, GUI: False
CreatureEnv Inicijalizacija: 12 motora. OBS_dim=40, frame_skip=1
[Fitness run Gen18Creature13] reward=1.41±0.49  dist=0.00±0.00  upright=0.37±0.17  → FITNESS=0.1296
URDF saved to temp_urdf\being_10708.urdf
Connecting to PyBullet, GUI: False
CreatureEnv Inicijalizacija: 12 motora. OBS_dim=40, frame_skip=1
[Fitness run Gen18Creature14] reward=1.36±0.11  dist=0.06±0.02  upright=0.52±0.18  → FITNESS=0.1756
URDF saved to temp_urdf\being_10708.urdf
Connecting to PyBullet, GUI: False
CreatureEnv Inicijalizacija: 12 motora. OBS_dim=40, frame_skip=1
[Fitness run Gen18Creature15] reward=1.39±0.46  dist=0.03±0.08  upright=0.39±0.20  → FITNESS=0.1370
URDF saved to temp_urdf\being_10708.urdf
Connecting to PyBullet, GUI: False
CreatureEnv Inicijalizacija: 12 motora. OBS_dim=40, frame_skip=1
[Fitness run Gen18Creature16] reward=930.04±309.95  dist=0.10±0.31  upright=0.90±0.30  → FITNESS=0.3753
URDF saved to temp_urdf\being_10708.urdf
Connecting to PyBullet, GUI: False
CreatureEnv Inicijalizacija: 12 motora. OBS_dim=40, frame_skip=1
[Fitness run Gen18Creature17] reward=1.50±0.01  dist=0.00±0.00  upright=0.00±0.00  → FITNESS=0.0183
URDF saved to temp_urdf\being_10708.urdf
Connecting to PyBullet, GUI: False
CreatureEnv Inicijalizacija: 12 motora. OBS_dim=40, frame_skip=1
[Fitness run Gen18Creature18] reward=105.65±314.76  dist=0.01±0.02  upright=0.42±0.20  → FITNESS=0.1537
URDF saved to temp_urdf\being_10708.urdf
Connecting to PyBullet, GUI: False
CreatureEnv Inicijalizacija: 12 motora. OBS_dim=40, frame_skip=1
[Fitness run Gen18Creature19] reward=947.79±315.42  dist=0.04±0.02  upright=0.90±0.30  → FITNESS=0.3752
URDF saved to temp_urdf\being_10708.urdf
Connecting to PyBullet, GUI: False
CreatureEnv Inicijalizacija: 12 motora. OBS_dim=40, frame_skip=1
[Fitness run Gen18Creature20] reward=316.03±480.90  dist=0.22±0.65  upright=0.74±0.29  → FITNESS=0.2742
URDF saved to temp_urdf\being_10708.urdf
Connecting to PyBullet, GUI: False
CreatureEnv Inicijalizacija: 12 motora. OBS_dim=40, frame_skip=1
[Fitness run Gen18Creature21] reward=1.62±0.03  dist=0.00±0.00  upright=0.24±0.08  → FITNESS=0.0890
URDF saved to temp_urdf\being_10708.urdf
Connecting to PyBullet, GUI: False
CreatureEnv Inicijalizacija: 12 motora. OBS_dim=40, frame_skip=1
[Fitness run Gen18Creature24] reward=423.26±514.20  dist=0.04±0.05  upright=0.87±0.29  → FITNESS=0.3191
URDF saved to temp_urdf\being_10708.urdf
Connecting to PyBullet, GUI: False
CreatureEnv Inicijalizacija: 12 motora. OBS_dim=40, frame_skip=1
[Fitness run Gen18Creature25] reward=5.01±10.28  dist=0.04±0.02  upright=0.65±0.24  → FITNESS=0.2155
URDF saved to temp_urdf\being_10708.urdf
Connecting to PyBullet, GUI: False
CreatureEnv Inicijalizacija: 12 motora. OBS_dim=40, frame_skip=1
[Fitness run Gen18Creature26] reward=1.29±0.07  dist=0.00±0.00  upright=0.00±0.00  → FITNESS=0.0183
URDF saved to temp_urdf\being_10708.urdf
Connecting to PyBullet, GUI: False
CreatureEnv Inicijalizacija: 12 motora. OBS_dim=40, frame_skip=1
[Fitness run Gen18Creature27] reward=0.72±1.09  dist=0.31±0.16  upright=0.17±0.06  → FITNESS=0.0773
URDF saved to temp_urdf\being_10708.urdf
Connecting to PyBullet, GUI: False
CreatureEnv Inicijalizacija: 12 motora. OBS_dim=40, frame_skip=1
[Fitness run Gen18Creature28] reward=938.90±312.56  dist=0.00±0.00  upright=0.90±0.30  → FITNESS=0.3735
URDF saved to temp_urdf\being_10708.urdf
Connecting to PyBullet, GUI: False
CreatureEnv Inicijalizacija: 12 motora. OBS_dim=40, frame_skip=1
[Fitness run Gen18Creature29] reward=1.26±0.52  dist=0.23±0.69  upright=0.12±0.04  → FITNESS=0.0589
Genome saved to results\distanceBased500Steps5DifferentSeeds\run_2\run_2_best_creature.json
[plot] Summary saved → results\distanceBased500Steps5DifferentSeeds\run_2\run_2_summary.png
URDF saved to temp_urdf\being_10708.urdf
Connecting to PyBullet, GUI: False
CreatureEnv Inicijalizacija: 12 motora. OBS_dim=40, frame_skip=1
[Fitness run Gen19Creature2] reward=1.66±0.05  dist=0.00±0.00  upright=0.03±0.01  → FITNESS=0.0261
URDF saved to temp_urdf\being_10708.urdf
Connecting to PyBullet, GUI: False
CreatureEnv Inicijalizacija: 12 motora. OBS_dim=40, frame_skip=1
[Fitness run Gen19Creature3] reward=1.51±0.10  dist=0.00±0.00  upright=0.26±0.09  → FITNESS=0.0977
URDF saved to temp_urdf\being_10708.urdf
Connecting to PyBullet, GUI: False
CreatureEnv Inicijalizacija: 12 motora. OBS_dim=40, frame_skip=1
[Fitness run Gen19Creature4] reward=1.46±0.09  dist=0.03±0.07  upright=0.21±0.07  → FITNESS=0.0819
URDF saved to temp_urdf\being_10708.urdf
Connecting to PyBullet, GUI: False
CreatureEnv Inicijalizacija: 12 motora. OBS_dim=40, frame_skip=1
[Fitness run Gen19Creature5] reward=1.89±0.31  dist=0.00±0.00  upright=0.73±0.30  → FITNESS=0.2371
URDF saved to temp_urdf\being_10708.urdf
Connecting to PyBullet, GUI: False
CreatureEnv Inicijalizacija: 12 motora. OBS_dim=40, frame_skip=1
[Fitness run Gen19Creature6] reward=968.59±322.33  dist=0.01±0.01  upright=0.90±0.30  → FITNESS=0.3765
URDF saved to temp_urdf\being_10708.urdf
Connecting to PyBullet, GUI: False
CreatureEnv Inicijalizacija: 12 motora. OBS_dim=40, frame_skip=1
[Fitness run Gen19Creature7] reward=919.11±305.86  dist=0.10±0.03  upright=0.90±0.30  → FITNESS=0.3744
URDF saved to temp_urdf\being_10708.urdf
Connecting to PyBullet, GUI: False
CreatureEnv Inicijalizacija: 12 motora. OBS_dim=40, frame_skip=1
[Fitness run Gen19Creature10] reward=916.52±305.01  dist=0.01±0.02  upright=0.90±0.30  → FITNESS=0.3718
URDF saved to temp_urdf\being_10708.urdf
Connecting to PyBullet, GUI: False
CreatureEnv Inicijalizacija: 12 motora. OBS_dim=40, frame_skip=1
[Fitness run Gen19Creature11] reward=1.65±0.00  dist=0.05±0.16  upright=0.03±0.01  → FITNESS=0.0284
URDF saved to temp_urdf\being_10708.urdf
Connecting to PyBullet, GUI: False
CreatureEnv Inicijalizacija: 12 motora. OBS_dim=40, frame_skip=1
[Fitness run Gen19Creature12] reward=1.14±0.18  dist=0.08±0.04  upright=0.32±0.11  → FITNESS=0.1160
URDF saved to temp_urdf\being_10708.urdf
Connecting to PyBullet, GUI: False
CreatureEnv Inicijalizacija: 12 motora. OBS_dim=40, frame_skip=1
[Fitness run Gen19Creature13] reward=1.74±0.10  dist=0.00±0.00  upright=0.17±0.07  → FITNESS=0.0696
URDF saved to temp_urdf\being_10708.urdf
Connecting to PyBullet, GUI: False
CreatureEnv Inicijalizacija: 12 motora. OBS_dim=40, frame_skip=1
[Fitness run Gen19Creature14] reward=1.36±0.11  dist=0.06±0.02  upright=0.52±0.18  → FITNESS=0.1756
URDF saved to temp_urdf\being_10708.urdf
Connecting to PyBullet, GUI: False
CreatureEnv Inicijalizacija: 12 motora. OBS_dim=40, frame_skip=1
[Fitness run Gen19Creature15] reward=1.49±0.16  dist=0.04±0.11  upright=0.27±0.24  → FITNESS=0.1015
URDF saved to temp_urdf\being_10708.urdf
Connecting to PyBullet, GUI: False
CreatureEnv Inicijalizacija: 12 motora. OBS_dim=40, frame_skip=1
[Fitness run Gen19Creature16] reward=924.71±307.74  dist=0.02±0.04  upright=0.90±0.30  → FITNESS=0.3728
URDF saved to temp_urdf\being_10708.urdf
Connecting to PyBullet, GUI: False
CreatureEnv Inicijalizacija: 12 motora. OBS_dim=40, frame_skip=1
[Fitness run Gen19Creature17] reward=1.37±0.03  dist=0.00±0.00  upright=0.00±0.00  → FITNESS=0.0183
URDF saved to temp_urdf\being_10708.urdf
Connecting to PyBullet, GUI: False
CreatureEnv Inicijalizacija: 12 motora. OBS_dim=40, frame_skip=1
[Fitness run Gen19Creature18] reward=105.65±314.76  dist=0.01±0.02  upright=0.42±0.20  → FITNESS=0.1537
URDF saved to temp_urdf\being_10708.urdf
Connecting to PyBullet, GUI: False
CreatureEnv Inicijalizacija: 12 motora. OBS_dim=40, frame_skip=1
[Fitness run Gen19Creature20] reward=950.32±316.73  dist=0.01±0.02  upright=0.90±0.30  → FITNESS=0.3742
URDF saved to temp_urdf\being_10708.urdf
Connecting to PyBullet, GUI: False
CreatureEnv Inicijalizacija: 12 motora. OBS_dim=40, frame_skip=1
[Fitness run Gen19Creature21] reward=1.62±0.03  dist=0.00±0.00  upright=0.24±0.08  → FITNESS=0.0890
URDF saved to temp_urdf\being_10708.urdf
Connecting to PyBullet, GUI: False
CreatureEnv Inicijalizacija: 12 motora. OBS_dim=40, frame_skip=1
[Fitness run Gen19Creature22] reward=960.41±319.64  dist=0.00±0.00  upright=0.90±0.30  → FITNESS=0.3755
URDF saved to temp_urdf\being_10708.urdf
Connecting to PyBullet, GUI: False
CreatureEnv Inicijalizacija: 12 motora. OBS_dim=40, frame_skip=1
[Fitness run Gen19Creature23] reward=921.57±306.69  dist=0.02±0.02  upright=0.90±0.30  → FITNESS=0.3724
URDF saved to temp_urdf\being_10708.urdf
Connecting to PyBullet, GUI: False
CreatureEnv Inicijalizacija: 12 motora. OBS_dim=40, frame_skip=1
[Fitness run Gen19Creature24] reward=1.31±0.16  dist=0.02±0.06  upright=0.57±0.21  → FITNESS=0.1891
URDF saved to temp_urdf\being_10708.urdf
Connecting to PyBullet, GUI: False
CreatureEnv Inicijalizacija: 12 motora. OBS_dim=40, frame_skip=1
[Fitness run Gen19Creature25] reward=891.21±296.57  dist=0.04±0.02  upright=0.90±0.30  → FITNESS=0.3702
URDF saved to temp_urdf\being_10708.urdf
Connecting to PyBullet, GUI: False
CreatureEnv Inicijalizacija: 12 motora. OBS_dim=40, frame_skip=1
[Fitness run Gen19Creature26] reward=1.33±0.08  dist=0.00±0.00  upright=0.00±0.00  → FITNESS=0.0183
URDF saved to temp_urdf\being_10708.urdf
Connecting to PyBullet, GUI: False
CreatureEnv Inicijalizacija: 12 motora. OBS_dim=40, frame_skip=1
[Fitness run Gen19Creature27] reward=0.72±1.09  dist=0.31±0.16  upright=0.17±0.06  → FITNESS=0.0773
URDF saved to temp_urdf\being_10708.urdf
Connecting to PyBullet, GUI: False
CreatureEnv Inicijalizacija: 12 motora. OBS_dim=40, frame_skip=1
[Fitness run Gen19Creature28] reward=938.90±312.56  dist=0.00±0.00  upright=0.90±0.30  → FITNESS=0.3735
URDF saved to temp_urdf\being_10708.urdf
Connecting to PyBullet, GUI: False
CreatureEnv Inicijalizacija: 12 motora. OBS_dim=40, frame_skip=1
[Fitness run Gen19Creature29] reward=1.26±0.52  dist=0.23±0.69  upright=0.12±0.04  → FITNESS=0.0589

==================================================
Generacija 19/20  |  Best = 0.4003  |  Mean = 0.2267  |  Std = 0.1470
==================================================
URDF saved to temp_urdf\being_10708.urdf
Connecting to PyBullet, GUI: False
CreatureEnv Inicijalizacija: 12 motora. OBS_dim=40, frame_skip=1
[Fitness run Gen19Creature2] reward=1.66±0.05  dist=0.00±0.00  upright=0.03±0.01  → FITNESS=0.0261
URDF saved to temp_urdf\being_10708.urdf
Connecting to PyBullet, GUI: False
CreatureEnv Inicijalizacija: 12 motora. OBS_dim=40, frame_skip=1
[Fitness run Gen19Creature3] reward=1.51±0.10  dist=0.00±0.00  upright=0.26±0.09  → FITNESS=0.0977
URDF saved to temp_urdf\being_10708.urdf
Connecting to PyBullet, GUI: False
CreatureEnv Inicijalizacija: 12 motora. OBS_dim=40, frame_skip=1
[Fitness run Gen19Creature4] reward=1.46±0.09  dist=0.03±0.07  upright=0.21±0.07  → FITNESS=0.0819
URDF saved to temp_urdf\being_10708.urdf
Connecting to PyBullet, GUI: False
CreatureEnv Inicijalizacija: 12 motora. OBS_dim=40, frame_skip=1
[Fitness run Gen19Creature5] reward=1.89±0.31  dist=0.00±0.00  upright=0.73±0.30  → FITNESS=0.2371
URDF saved to temp_urdf\being_10708.urdf
Connecting to PyBullet, GUI: False
CreatureEnv Inicijalizacija: 12 motora. OBS_dim=40, frame_skip=1
[Fitness run Gen19Creature6] reward=968.59±322.33  dist=0.01±0.01  upright=0.90±0.30  → FITNESS=0.3765
URDF saved to temp_urdf\being_10708.urdf
Connecting to PyBullet, GUI: False
CreatureEnv Inicijalizacija: 12 motora. OBS_dim=40, frame_skip=1
[Fitness run Gen19Creature7] reward=919.11±305.86  dist=0.10±0.03  upright=0.90±0.30  → FITNESS=0.3744
URDF saved to temp_urdf\being_10708.urdf
Connecting to PyBullet, GUI: False
CreatureEnv Inicijalizacija: 12 motora. OBS_dim=40, frame_skip=1
[Fitness run Gen19Creature10] reward=916.52±305.01  dist=0.01±0.02  upright=0.90±0.30  → FITNESS=0.3718
URDF saved to temp_urdf\being_10708.urdf
Connecting to PyBullet, GUI: False
CreatureEnv Inicijalizacija: 12 motora. OBS_dim=40, frame_skip=1
[Fitness run Gen19Creature11] reward=1.65±0.00  dist=0.05±0.16  upright=0.03±0.01  → FITNESS=0.0284
URDF saved to temp_urdf\being_10708.urdf
Connecting to PyBullet, GUI: False
CreatureEnv Inicijalizacija: 12 motora. OBS_dim=40, frame_skip=1
[Fitness run Gen19Creature12] reward=1.14±0.18  dist=0.08±0.04  upright=0.32±0.11  → FITNESS=0.1160
URDF saved to temp_urdf\being_10708.urdf
Connecting to PyBullet, GUI: False
CreatureEnv Inicijalizacija: 12 motora. OBS_dim=40, frame_skip=1
[Fitness run Gen19Creature13] reward=1.74±0.10  dist=0.00±0.00  upright=0.17±0.07  → FITNESS=0.0696
URDF saved to temp_urdf\being_10708.urdf
Connecting to PyBullet, GUI: False
CreatureEnv Inicijalizacija: 12 motora. OBS_dim=40, frame_skip=1
[Fitness run Gen19Creature14] reward=1.36±0.11  dist=0.06±0.02  upright=0.52±0.18  → FITNESS=0.1756
URDF saved to temp_urdf\being_10708.urdf
Connecting to PyBullet, GUI: False
CreatureEnv Inicijalizacija: 12 motora. OBS_dim=40, frame_skip=1
[Fitness run Gen19Creature15] reward=1.49±0.16  dist=0.04±0.11  upright=0.27±0.24  → FITNESS=0.1015
URDF saved to temp_urdf\being_10708.urdf
Connecting to PyBullet, GUI: False
CreatureEnv Inicijalizacija: 12 motora. OBS_dim=40, frame_skip=1
[Fitness run Gen19Creature16] reward=924.71±307.74  dist=0.02±0.04  upright=0.90±0.30  → FITNESS=0.3728
URDF saved to temp_urdf\being_10708.urdf
Connecting to PyBullet, GUI: False
CreatureEnv Inicijalizacija: 12 motora. OBS_dim=40, frame_skip=1
[Fitness run Gen19Creature17] reward=1.37±0.03  dist=0.00±0.00  upright=0.00±0.00  → FITNESS=0.0183
URDF saved to temp_urdf\being_10708.urdf
Connecting to PyBullet, GUI: False
CreatureEnv Inicijalizacija: 12 motora. OBS_dim=40, frame_skip=1
[Fitness run Gen19Creature18] reward=105.65±314.76  dist=0.01±0.02  upright=0.42±0.20  → FITNESS=0.1537
URDF saved to temp_urdf\being_10708.urdf
Connecting to PyBullet, GUI: False
CreatureEnv Inicijalizacija: 12 motora. OBS_dim=40, frame_skip=1
[Fitness run Gen19Creature20] reward=950.32±316.73  dist=0.01±0.02  upright=0.90±0.30  → FITNESS=0.3742
URDF saved to temp_urdf\being_10708.urdf
Connecting to PyBullet, GUI: False
CreatureEnv Inicijalizacija: 12 motora. OBS_dim=40, frame_skip=1
[Fitness run Gen19Creature21] reward=1.62±0.03  dist=0.00±0.00  upright=0.24±0.08  → FITNESS=0.0890
URDF saved to temp_urdf\being_10708.urdf
Connecting to PyBullet, GUI: False
CreatureEnv Inicijalizacija: 12 motora. OBS_dim=40, frame_skip=1
[Fitness run Gen19Creature22] reward=960.41±319.64  dist=0.00±0.00  upright=0.90±0.30  → FITNESS=0.3755
URDF saved to temp_urdf\being_10708.urdf
Connecting to PyBullet, GUI: False
CreatureEnv Inicijalizacija: 12 motora. OBS_dim=40, frame_skip=1
[Fitness run Gen19Creature23] reward=921.57±306.69  dist=0.02±0.02  upright=0.90±0.30  → FITNESS=0.3724
URDF saved to temp_urdf\being_10708.urdf
Connecting to PyBullet, GUI: False
CreatureEnv Inicijalizacija: 12 motora. OBS_dim=40, frame_skip=1
[Fitness run Gen19Creature24] reward=1.31±0.16  dist=0.02±0.06  upright=0.57±0.21  → FITNESS=0.1891
URDF saved to temp_urdf\being_10708.urdf
Connecting to PyBullet, GUI: False
CreatureEnv Inicijalizacija: 12 motora. OBS_dim=40, frame_skip=1
[Fitness run Gen19Creature25] reward=891.21±296.57  dist=0.04±0.02  upright=0.90±0.30  → FITNESS=0.3702
URDF saved to temp_urdf\being_10708.urdf
Connecting to PyBullet, GUI: False
CreatureEnv Inicijalizacija: 12 motora. OBS_dim=40, frame_skip=1
[Fitness run Gen19Creature26] reward=1.33±0.08  dist=0.00±0.00  upright=0.00±0.00  → FITNESS=0.0183
URDF saved to temp_urdf\being_10708.urdf
Connecting to PyBullet, GUI: False
CreatureEnv Inicijalizacija: 12 motora. OBS_dim=40, frame_skip=1
[Fitness run Gen19Creature27] reward=0.72±1.09  dist=0.31±0.16  upright=0.17±0.06  → FITNESS=0.0773
URDF saved to temp_urdf\being_10708.urdf
Connecting to PyBullet, GUI: False
CreatureEnv Inicijalizacija: 12 motora. OBS_dim=40, frame_skip=1
[Fitness run Gen19Creature28] reward=938.90±312.56  dist=0.00±0.00  upright=0.90±0.30  → FITNESS=0.3735
URDF saved to temp_urdf\being_10708.urdf
Connecting to PyBullet, GUI: False
CreatureEnv Inicijalizacija: 12 motora. OBS_dim=40, frame_skip=1
[Fitness run Gen19Creature29] reward=1.26±0.52  dist=0.23±0.69  upright=0.12±0.04  → FITNESS=0.0589
Genome saved to results\distanceBased500Steps5DifferentSeeds\run_2\run_2_best_creature.json
[plot] Summary saved → results\distanceBased500Steps5DifferentSeeds\run_2\run_2_summary.png
URDF saved to temp_urdf\being_10708.urdf
Connecting to PyBullet, GUI: False
CreatureEnv Inicijalizacija: 12 motora. OBS_dim=40, frame_skip=1
[Fitness run Gen20Creature2] reward=108.11±322.59  dist=0.10±0.08  upright=0.50±0.18  → FITNESS=0.1815
URDF saved to temp_urdf\being_10708.urdf
Connecting to PyBullet, GUI: False
CreatureEnv Inicijalizacija: 12 motora. OBS_dim=40, frame_skip=1
[Fitness run Gen20Creature3] reward=919.02±305.83  dist=0.01±0.02  upright=0.90±0.30  → FITNESS=0.3721
URDF saved to temp_urdf\being_10708.urdf
Connecting to PyBullet, GUI: False
CreatureEnv Inicijalizacija: 12 motora. OBS_dim=40, frame_skip=1
[Fitness run Gen20Creature4] reward=1.46±0.09  dist=0.03±0.07  upright=0.21±0.07  → FITNESS=0.0819
URDF saved to temp_urdf\being_10708.urdf
Connecting to PyBullet, GUI: False
CreatureEnv Inicijalizacija: 12 motora. OBS_dim=40, frame_skip=1
[Fitness run Gen20Creature5] reward=1.12±0.31  dist=0.05±0.15  upright=0.36±0.18  → FITNESS=0.1289
URDF saved to temp_urdf\being_10708.urdf
Connecting to PyBullet, GUI: False
CreatureEnv Inicijalizacija: 12 motora. OBS_dim=40, frame_skip=1
[Fitness run Gen20Creature7] reward=946.10±314.86  dist=0.06±0.02  upright=0.90±0.30  → FITNESS=0.3758
URDF saved to temp_urdf\being_10708.urdf
Connecting to PyBullet, GUI: False
CreatureEnv Inicijalizacija: 12 motora. OBS_dim=40, frame_skip=1
[Fitness run Gen20Creature9] reward=940.08±312.86  dist=0.01±0.01  upright=0.90±0.30  → FITNESS=0.3740
URDF saved to temp_urdf\being_10708.urdf
Connecting to PyBullet, GUI: False
CreatureEnv Inicijalizacija: 12 motora. OBS_dim=40, frame_skip=1
[Fitness run Gen20Creature10] reward=1.40±0.13  dist=0.00±0.01  upright=0.15±0.05  → FITNESS=0.0639
URDF saved to temp_urdf\being_10708.urdf
Connecting to PyBullet, GUI: False
CreatureEnv Inicijalizacija: 12 motora. OBS_dim=40, frame_skip=1
[Fitness run Gen20Creature11] reward=1.65±0.00  dist=0.05±0.02  upright=0.00±0.00  → FITNESS=0.0196
URDF saved to temp_urdf\being_10708.urdf
Connecting to PyBullet, GUI: False
CreatureEnv Inicijalizacija: 12 motora. OBS_dim=40, frame_skip=1
[Fitness run Gen20Creature12] reward=1.57±0.02  dist=0.00±0.00  upright=0.14±0.05  → FITNESS=0.0590
URDF saved to temp_urdf\being_10708.urdf
Connecting to PyBullet, GUI: False
CreatureEnv Inicijalizacija: 12 motora. OBS_dim=40, frame_skip=1
[Fitness run Gen20Creature13] reward=1.71±0.01  dist=0.03±0.01  upright=0.26±0.09  → FITNESS=0.0965
URDF saved to temp_urdf\being_10708.urdf
Connecting to PyBullet, GUI: False
CreatureEnv Inicijalizacija: 12 motora. OBS_dim=40, frame_skip=1
[Fitness run Gen20Creature14] reward=942.78±313.74  dist=0.21±0.07  upright=0.90±0.30  → FITNESS=0.3790
URDF saved to temp_urdf\being_10708.urdf
Connecting to PyBullet, GUI: False
CreatureEnv Inicijalizacija: 12 motora. OBS_dim=40, frame_skip=1
[Fitness run Gen20Creature15] reward=1.43±0.31  dist=0.00±0.00  upright=0.06±0.14  → FITNESS=0.0377
URDF saved to temp_urdf\being_10708.urdf
Connecting to PyBullet, GUI: False
CreatureEnv Inicijalizacija: 12 motora. OBS_dim=40, frame_skip=1
[Fitness run Gen20Creature17] reward=1.32±0.05  dist=0.00±0.00  upright=0.00±0.00  → FITNESS=0.0183
URDF saved to temp_urdf\being_10708.urdf
Connecting to PyBullet, GUI: False
CreatureEnv Inicijalizacija: 12 motora. OBS_dim=40, frame_skip=1
[Fitness run Gen20Creature18] reward=105.65±314.76  dist=0.01±0.02  upright=0.42±0.20  → FITNESS=0.1537
URDF saved to temp_urdf\being_10708.urdf
Connecting to PyBullet, GUI: False
CreatureEnv Inicijalizacija: 12 motora. OBS_dim=40, frame_skip=1
[Fitness run Gen20Creature19] reward=957.17±318.54  dist=0.01±0.01  upright=0.90±0.30  → FITNESS=0.3755
URDF saved to temp_urdf\being_10708.urdf
Connecting to PyBullet, GUI: False
CreatureEnv Inicijalizacija: 12 motora. OBS_dim=40, frame_skip=1
[Fitness run Gen20Creature20] reward=952.03±316.85  dist=0.02±0.06  upright=0.90±0.30  → FITNESS=0.3752
URDF saved to temp_urdf\being_10708.urdf
Connecting to PyBullet, GUI: False
CreatureEnv Inicijalizacija: 12 motora. OBS_dim=40, frame_skip=1
[Fitness run Gen20Creature21] reward=967.97±322.15  dist=0.02±0.06  upright=0.90±0.30  → FITNESS=0.3767
URDF saved to temp_urdf\being_10708.urdf
Connecting to PyBullet, GUI: False
CreatureEnv Inicijalizacija: 12 motora. OBS_dim=40, frame_skip=1
[Fitness run Gen20Creature22] reward=839.55±419.08  dist=0.13±0.09  upright=0.82±0.35  → FITNESS=0.3446
URDF saved to temp_urdf\being_10708.urdf
Connecting to PyBullet, GUI: False
CreatureEnv Inicijalizacija: 12 motora. OBS_dim=40, frame_skip=1
[Fitness run Gen20Creature23] reward=921.57±306.69  dist=0.02±0.02  upright=0.90±0.30  → FITNESS=0.3724
URDF saved to temp_urdf\being_10708.urdf
Connecting to PyBullet, GUI: False
CreatureEnv Inicijalizacija: 12 motora. OBS_dim=40, frame_skip=1
[Fitness run Gen20Creature24] reward=1.49±0.03  dist=0.05±0.15  upright=0.32±0.11  → FITNESS=0.1144
URDF saved to temp_urdf\being_10708.urdf
Connecting to PyBullet, GUI: False
CreatureEnv Inicijalizacija: 12 motora. OBS_dim=40, frame_skip=1
[Fitness run Gen20Creature25] reward=944.67±314.39  dist=0.00±0.00  upright=0.90±0.30  → FITNESS=0.3742
URDF saved to temp_urdf\being_10708.urdf
Connecting to PyBullet, GUI: False
CreatureEnv Inicijalizacija: 12 motora. OBS_dim=40, frame_skip=1
[Fitness run Gen20Creature26] reward=1.33±0.08  dist=0.00±0.00  upright=0.00±0.00  → FITNESS=0.0183
URDF saved to temp_urdf\being_10708.urdf
Connecting to PyBullet, GUI: False
CreatureEnv Inicijalizacija: 12 motora. OBS_dim=40, frame_skip=1
[Fitness run Gen20Creature27] reward=0.82±0.47  dist=0.33±0.81  upright=0.28±0.12  → FITNESS=0.1097
URDF saved to temp_urdf\being_10708.urdf
Connecting to PyBullet, GUI: False
CreatureEnv Inicijalizacija: 12 motora. OBS_dim=40, frame_skip=1
[Fitness run Gen20Creature28] reward=967.92±322.13  dist=0.00±0.00  upright=0.90±0.30  → FITNESS=0.3762
URDF saved to temp_urdf\being_10708.urdf
Connecting to PyBullet, GUI: False
CreatureEnv Inicijalizacija: 12 motora. OBS_dim=40, frame_skip=1
[Fitness run Gen20Creature29] reward=1.55±0.11  dist=0.01±0.03  upright=0.19±0.07  → FITNESS=0.0747

==================================================
Generacija 20/20  |  Best = 0.4003  |  Mean = 0.2385  |  Std = 0.1498
==================================================
URDF saved to temp_urdf\being_10708.urdf
Connecting to PyBullet, GUI: False
CreatureEnv Inicijalizacija: 12 motora. OBS_dim=40, frame_skip=1
[Fitness run Gen20Creature2] reward=108.11±322.59  dist=0.10±0.08  upright=0.50±0.18  → FITNESS=0.1815
URDF saved to temp_urdf\being_10708.urdf
Connecting to PyBullet, GUI: False
CreatureEnv Inicijalizacija: 12 motora. OBS_dim=40, frame_skip=1
[Fitness run Gen20Creature3] reward=919.02±305.83  dist=0.01±0.02  upright=0.90±0.30  → FITNESS=0.3721
URDF saved to temp_urdf\being_10708.urdf
Connecting to PyBullet, GUI: False
CreatureEnv Inicijalizacija: 12 motora. OBS_dim=40, frame_skip=1
[Fitness run Gen20Creature4] reward=1.46±0.09  dist=0.03±0.07  upright=0.21±0.07  → FITNESS=0.0819
URDF saved to temp_urdf\being_10708.urdf
Connecting to PyBullet, GUI: False
CreatureEnv Inicijalizacija: 12 motora. OBS_dim=40, frame_skip=1
[Fitness run Gen20Creature5] reward=1.12±0.31  dist=0.05±0.15  upright=0.36±0.18  → FITNESS=0.1289
URDF saved to temp_urdf\being_10708.urdf
Connecting to PyBullet, GUI: False
CreatureEnv Inicijalizacija: 12 motora. OBS_dim=40, frame_skip=1
[Fitness run Gen20Creature7] reward=946.10±314.86  dist=0.06±0.02  upright=0.90±0.30  → FITNESS=0.3758
URDF saved to temp_urdf\being_10708.urdf
Connecting to PyBullet, GUI: False
CreatureEnv Inicijalizacija: 12 motora. OBS_dim=40, frame_skip=1
[Fitness run Gen20Creature9] reward=940.08±312.86  dist=0.01±0.01  upright=0.90±0.30  → FITNESS=0.3740
URDF saved to temp_urdf\being_10708.urdf
Connecting to PyBullet, GUI: False
CreatureEnv Inicijalizacija: 12 motora. OBS_dim=40, frame_skip=1
[Fitness run Gen20Creature10] reward=1.40±0.13  dist=0.00±0.01  upright=0.15±0.05  → FITNESS=0.0639
URDF saved to temp_urdf\being_10708.urdf
Connecting to PyBullet, GUI: False
CreatureEnv Inicijalizacija: 12 motora. OBS_dim=40, frame_skip=1
[Fitness run Gen20Creature11] reward=1.65±0.00  dist=0.05±0.02  upright=0.00±0.00  → FITNESS=0.0196
URDF saved to temp_urdf\being_10708.urdf
Connecting to PyBullet, GUI: False
CreatureEnv Inicijalizacija: 12 motora. OBS_dim=40, frame_skip=1
[Fitness run Gen20Creature12] reward=1.57±0.02  dist=0.00±0.00  upright=0.14±0.05  → FITNESS=0.0590
URDF saved to temp_urdf\being_10708.urdf
Connecting to PyBullet, GUI: False
CreatureEnv Inicijalizacija: 12 motora. OBS_dim=40, frame_skip=1
[Fitness run Gen20Creature13] reward=1.71±0.01  dist=0.03±0.01  upright=0.26±0.09  → FITNESS=0.0965
URDF saved to temp_urdf\being_10708.urdf
Connecting to PyBullet, GUI: False
CreatureEnv Inicijalizacija: 12 motora. OBS_dim=40, frame_skip=1
[Fitness run Gen20Creature14] reward=942.78±313.74  dist=0.21±0.07  upright=0.90±0.30  → FITNESS=0.3790
URDF saved to temp_urdf\being_10708.urdf
Connecting to PyBullet, GUI: False
CreatureEnv Inicijalizacija: 12 motora. OBS_dim=40, frame_skip=1
[Fitness run Gen20Creature15] reward=1.43±0.31  dist=0.00±0.00  upright=0.06±0.14  → FITNESS=0.0377
URDF saved to temp_urdf\being_10708.urdf
Connecting to PyBullet, GUI: False
CreatureEnv Inicijalizacija: 12 motora. OBS_dim=40, frame_skip=1
[Fitness run Gen20Creature17] reward=1.32±0.05  dist=0.00±0.00  upright=0.00±0.00  → FITNESS=0.0183
URDF saved to temp_urdf\being_10708.urdf
Connecting to PyBullet, GUI: False
CreatureEnv Inicijalizacija: 12 motora. OBS_dim=40, frame_skip=1
[Fitness run Gen20Creature18] reward=105.65±314.76  dist=0.01±0.02  upright=0.42±0.20  → FITNESS=0.1537
URDF saved to temp_urdf\being_10708.urdf
Connecting to PyBullet, GUI: False
CreatureEnv Inicijalizacija: 12 motora. OBS_dim=40, frame_skip=1
[Fitness run Gen20Creature19] reward=957.17±318.54  dist=0.01±0.01  upright=0.90±0.30  → FITNESS=0.3755
URDF saved to temp_urdf\being_10708.urdf
Connecting to PyBullet, GUI: False
CreatureEnv Inicijalizacija: 12 motora. OBS_dim=40, frame_skip=1
[Fitness run Gen20Creature20] reward=952.03±316.85  dist=0.02±0.06  upright=0.90±0.30  → FITNESS=0.3752
URDF saved to temp_urdf\being_10708.urdf
Connecting to PyBullet, GUI: False
CreatureEnv Inicijalizacija: 12 motora. OBS_dim=40, frame_skip=1
[Fitness run Gen20Creature21] reward=967.97±322.15  dist=0.02±0.06  upright=0.90±0.30  → FITNESS=0.3767
URDF saved to temp_urdf\being_10708.urdf
Connecting to PyBullet, GUI: False
CreatureEnv Inicijalizacija: 12 motora. OBS_dim=40, frame_skip=1
[Fitness run Gen20Creature22] reward=839.55±419.08  dist=0.13±0.09  upright=0.82±0.35  → FITNESS=0.3446
URDF saved to temp_urdf\being_10708.urdf
Connecting to PyBullet, GUI: False
CreatureEnv Inicijalizacija: 12 motora. OBS_dim=40, frame_skip=1
[Fitness run Gen20Creature23] reward=921.57±306.69  dist=0.02±0.02  upright=0.90±0.30  → FITNESS=0.3724
URDF saved to temp_urdf\being_10708.urdf
Connecting to PyBullet, GUI: False
CreatureEnv Inicijalizacija: 12 motora. OBS_dim=40, frame_skip=1
[Fitness run Gen20Creature24] reward=1.49±0.03  dist=0.05±0.15  upright=0.32±0.11  → FITNESS=0.1144
URDF saved to temp_urdf\being_10708.urdf
Connecting to PyBullet, GUI: False
CreatureEnv Inicijalizacija: 12 motora. OBS_dim=40, frame_skip=1
[Fitness run Gen20Creature25] reward=944.67±314.39  dist=0.00±0.00  upright=0.90±0.30  → FITNESS=0.3742
URDF saved to temp_urdf\being_10708.urdf
Connecting to PyBullet, GUI: False
CreatureEnv Inicijalizacija: 12 motora. OBS_dim=40, frame_skip=1
[Fitness run Gen20Creature26] reward=1.33±0.08  dist=0.00±0.00  upright=0.00±0.00  → FITNESS=0.0183
URDF saved to temp_urdf\being_10708.urdf
Connecting to PyBullet, GUI: False
CreatureEnv Inicijalizacija: 12 motora. OBS_dim=40, frame_skip=1
[Fitness run Gen20Creature27] reward=0.82±0.47  dist=0.33±0.81  upright=0.28±0.12  → FITNESS=0.1097
URDF saved to temp_urdf\being_10708.urdf
Connecting to PyBullet, GUI: False
CreatureEnv Inicijalizacija: 12 motora. OBS_dim=40, frame_skip=1
[Fitness run Gen20Creature28] reward=967.92±322.13  dist=0.00±0.00  upright=0.90±0.30  → FITNESS=0.3762
URDF saved to temp_urdf\being_10708.urdf
Connecting to PyBullet, GUI: False
CreatureEnv Inicijalizacija: 12 motora. OBS_dim=40, frame_skip=1
[Fitness run Gen20Creature29] reward=1.55±0.11  dist=0.01±0.03  upright=0.19±0.07  → FITNESS=0.0747
Genome saved to results\distanceBased500Steps5DifferentSeeds\run_2\run_2_best_creature.json
[plot] Summary saved → results\distanceBased500Steps5DifferentSeeds\run_2\run_2_summary.png
[log] Experiment finalised → ./results\distanceBased500Steps5DifferentSeeds\run_2\run_2.json
URDF saved to temp_urdf\being_10708.urdf
Connecting to PyBullet, GUI: False
CreatureEnv Inicijalizacija: 12 motora. OBS_dim=40, frame_skip=1
[Fitness run Gen20Creature2] reward=108.11±322.59  dist=0.10±0.08  upright=0.50±0.18  → FITNESS=0.1815
URDF saved to temp_urdf\being_10708.urdf
Connecting to PyBullet, GUI: False
CreatureEnv Inicijalizacija: 12 motora. OBS_dim=40, frame_skip=1
[Fitness run Gen20Creature4] reward=1.46±0.09  dist=0.03±0.07  upright=0.21±0.07  → FITNESS=0.0819
URDF saved to temp_urdf\being_10708.urdf
Connecting to PyBullet, GUI: False
CreatureEnv Inicijalizacija: 12 motora. OBS_dim=40, frame_skip=1
[Fitness run Gen20Creature5] reward=1.12±0.31  dist=0.05±0.15  upright=0.36±0.18  → FITNESS=0.1289
URDF saved to temp_urdf\being_10708.urdf
Connecting to PyBullet, GUI: False
CreatureEnv Inicijalizacija: 12 motora. OBS_dim=40, frame_skip=1
[Fitness run Gen20Creature9] reward=940.08±312.86  dist=0.01±0.01  upright=0.90±0.30  → FITNESS=0.3740
URDF saved to temp_urdf\being_10708.urdf
Connecting to PyBullet, GUI: False
CreatureEnv Inicijalizacija: 12 motora. OBS_dim=40, frame_skip=1
[Fitness run Gen20Creature10] reward=1.40±0.13  dist=0.00±0.01  upright=0.15±0.05  → FITNESS=0.0639
URDF saved to temp_urdf\being_10708.urdf
Connecting to PyBullet, GUI: False
CreatureEnv Inicijalizacija: 12 motora. OBS_dim=40, frame_skip=1
[Fitness run Gen20Creature11] reward=1.65±0.00  dist=0.05±0.02  upright=0.00±0.00  → FITNESS=0.0196
URDF saved to temp_urdf\being_10708.urdf
Connecting to PyBullet, GUI: False
CreatureEnv Inicijalizacija: 12 motora. OBS_dim=40, frame_skip=1
[Fitness run Gen20Creature12] reward=1.57±0.02  dist=0.00±0.00  upright=0.14±0.05  → FITNESS=0.0590
URDF saved to temp_urdf\being_10708.urdf
Connecting to PyBullet, GUI: False
CreatureEnv Inicijalizacija: 12 motora. OBS_dim=40, frame_skip=1
[Fitness run Gen20Creature13] reward=1.71±0.01  dist=0.03±0.01  upright=0.26±0.09  → FITNESS=0.0965
URDF saved to temp_urdf\being_10708.urdf
Connecting to PyBullet, GUI: False
CreatureEnv Inicijalizacija: 12 motora. OBS_dim=40, frame_skip=1
[Fitness run Gen20Creature14] reward=942.78±313.74  dist=0.21±0.07  upright=0.90±0.30  → FITNESS=0.3790
URDF saved to temp_urdf\being_10708.urdf
Connecting to PyBullet, GUI: False
CreatureEnv Inicijalizacija: 12 motora. OBS_dim=40, frame_skip=1
[Fitness run Gen20Creature15] reward=1.43±0.31  dist=0.00±0.00  upright=0.06±0.14  → FITNESS=0.0377
URDF saved to temp_urdf\being_10708.urdf
Connecting to PyBullet, GUI: False
CreatureEnv Inicijalizacija: 12 motora. OBS_dim=40, frame_skip=1
[Fitness run Gen20Creature17] reward=1.32±0.05  dist=0.00±0.00  upright=0.00±0.00  → FITNESS=0.0183
URDF saved to temp_urdf\being_10708.urdf
Connecting to PyBullet, GUI: False
CreatureEnv Inicijalizacija: 12 motora. OBS_dim=40, frame_skip=1
[Fitness run Gen20Creature18] reward=105.65±314.76  dist=0.01±0.02  upright=0.42±0.20  → FITNESS=0.1537
URDF saved to temp_urdf\being_10708.urdf
Connecting to PyBullet, GUI: False
CreatureEnv Inicijalizacija: 12 motora. OBS_dim=40, frame_skip=1
[Fitness run Gen20Creature20] reward=952.03±316.85  dist=0.02±0.06  upright=0.90±0.30  → FITNESS=0.3752
URDF saved to temp_urdf\being_10708.urdf
Connecting to PyBullet, GUI: False
CreatureEnv Inicijalizacija: 12 motora. OBS_dim=40, frame_skip=1
[Fitness run Gen20Creature21] reward=967.97±322.15  dist=0.02±0.06  upright=0.90±0.30  → FITNESS=0.3767
URDF saved to temp_urdf\being_10708.urdf
Connecting to PyBullet, GUI: False
CreatureEnv Inicijalizacija: 12 motora. OBS_dim=40, frame_skip=1
[Fitness run Gen20Creature23] reward=921.57±306.69  dist=0.02±0.02  upright=0.90±0.30  → FITNESS=0.3724
URDF saved to temp_urdf\being_10708.urdf
Connecting to PyBullet, GUI: False
CreatureEnv Inicijalizacija: 12 motora. OBS_dim=40, frame_skip=1
[Fitness run Gen20Creature24] reward=1.49±0.03  dist=0.05±0.15  upright=0.32±0.11  → FITNESS=0.1144
URDF saved to temp_urdf\being_10708.urdf
Connecting to PyBullet, GUI: False
CreatureEnv Inicijalizacija: 12 motora. OBS_dim=40, frame_skip=1
[Fitness run Gen20Creature25] reward=944.67±314.39  dist=0.00±0.00  upright=0.90±0.30  → FITNESS=0.3742
URDF saved to temp_urdf\being_10708.urdf
Connecting to PyBullet, GUI: False
CreatureEnv Inicijalizacija: 12 motora. OBS_dim=40, frame_skip=1
[Fitness run Gen20Creature26] reward=1.33±0.08  dist=0.00±0.00  upright=0.00±0.00  → FITNESS=0.0183
URDF saved to temp_urdf\being_10708.urdf
Connecting to PyBullet, GUI: False
CreatureEnv Inicijalizacija: 12 motora. OBS_dim=40, frame_skip=1
[Fitness run Gen20Creature27] reward=0.82±0.47  dist=0.33±0.81  upright=0.28±0.12  → FITNESS=0.1097
URDF saved to temp_urdf\being_10708.urdf
Connecting to PyBullet, GUI: False
CreatureEnv Inicijalizacija: 12 motora. OBS_dim=40, frame_skip=1
[Fitness run Gen20Creature28] reward=967.92±322.13  dist=0.00±0.00  upright=0.90±0.30  → FITNESS=0.3762
URDF saved to temp_urdf\being_10708.urdf
Connecting to PyBullet, GUI: False
CreatureEnv Inicijalizacija: 12 motora. OBS_dim=40, frame_skip=1
[Fitness run Gen20Creature29] reward=1.55±0.11  dist=0.01±0.03  upright=0.19±0.07  → FITNESS=0.0747

BEST FITNESS: 0.4003
Genome saved to results\distanceBased500Steps5DifferentSeeds\run_2\run_2_best_creature.json
[plot] Progress saved → results\distanceBased500Steps5DifferentSeeds\run_2\run_2_progress.png
[0m