pybullet build time: Dec  5 2025 14:05:30
[power] Windows sleep/throttle prevention active
[distanceBased500Steps5DifferentSeeds/run_4] starting  seed=3
NUM_GENES: 48  (BODY=4 + 4 noge x 11 = 48)
Pop: 30  |  Gen: 20  |  Train koraci: 500

[log] Experiment log created → ./results\distanceBased500Steps5DifferentSeeds\run_4\run_4.json
URDF saved to temp_urdf\being_9472.urdf
Connecting to PyBullet, GUI: False
CreatureEnv Inicijalizacija: 12 motora. OBS_dim=40, frame_skip=1
[Fitness run Gen0Creature0] reward=1.56±0.15  dist=0.11±0.22  upright=0.51±0.43  → FITNESS=0.1749
URDF saved to temp_urdf\being_9472.urdf
Connecting to PyBullet, GUI: False
CreatureEnv Inicijalizacija: 12 motora. OBS_dim=40, frame_skip=1
[Fitness run Gen0Creature1] reward=1.57±0.07  dist=0.02±0.05  upright=0.00±0.00  → FITNESS=0.0188
URDF saved to temp_urdf\being_9472.urdf
Connecting to PyBullet, GUI: False
CreatureEnv Inicijalizacija: 12 motora. OBS_dim=40, frame_skip=1
[Fitness run Gen0Creature2] reward=1.67±0.03  dist=0.07±0.22  upright=0.00±0.00  → FITNESS=0.0202
URDF saved to temp_urdf\being_9472.urdf
Connecting to PyBullet, GUI: False
CreatureEnv Inicijalizacija: 12 motora. OBS_dim=40, frame_skip=1
[Fitness run Gen0Creature3] reward=1.51±0.00  dist=0.03±0.08  upright=0.01±0.03  → FITNESS=0.0219
URDF saved to temp_urdf\being_9472.urdf
Connecting to PyBullet, GUI: False
CreatureEnv Inicijalizacija: 12 motora. OBS_dim=40, frame_skip=1
[Fitness run Gen0Creature4] reward=1.61±0.01  dist=0.03±0.10  upright=0.01±0.02  → FITNESS=0.0211
URDF saved to temp_urdf\being_9472.urdf
Connecting to PyBullet, GUI: False
CreatureEnv Inicijalizacija: 12 motora. OBS_dim=40, frame_skip=1
[Fitness run Gen0Creature5] reward=1.57±0.15  dist=0.02±0.04  upright=0.01±0.02  → FITNESS=0.0209
URDF saved to temp_urdf\being_9472.urdf
Connecting to PyBullet, GUI: False
CreatureEnv Inicijalizacija: 12 motora. OBS_dim=40, frame_skip=1
[Fitness run Gen0Creature6] reward=1.56±0.02  dist=0.05±0.12  upright=0.00±0.00  → FITNESS=0.0196
URDF saved to temp_urdf\being_9472.urdf
Connecting to PyBullet, GUI: False
CreatureEnv Inicijalizacija: 12 motora. OBS_dim=40, frame_skip=1
[Fitness run Gen0Creature7] reward=1.45±0.08  dist=0.60±0.06  upright=0.02±0.05  → FITNESS=0.0381
URDF saved to temp_urdf\being_9472.urdf
Connecting to PyBullet, GUI: False
CreatureEnv Inicijalizacija: 12 motora. OBS_dim=40, frame_skip=1
[Fitness run Gen0Creature8] reward=1.61±0.04  dist=1.71±0.39  upright=0.01±0.02  → FITNESS=0.0629
URDF saved to temp_urdf\being_9472.urdf
Connecting to PyBullet, GUI: False
CreatureEnv Inicijalizacija: 12 motora. OBS_dim=40, frame_skip=1
[Fitness run Gen0Creature9] reward=1.41±0.21  dist=0.01±0.04  upright=0.00±0.00  → FITNESS=0.0187
URDF saved to temp_urdf\being_9472.urdf
Connecting to PyBullet, GUI: False
CreatureEnv Inicijalizacija: 12 motora. OBS_dim=40, frame_skip=1
[Fitness run Gen0Creature10] reward=1.75±0.05  dist=0.00±0.00  upright=0.18±0.06  → FITNESS=0.0716
URDF saved to temp_urdf\being_9472.urdf
Connecting to PyBullet, GUI: False
CreatureEnv Inicijalizacija: 12 motora. OBS_dim=40, frame_skip=1
[Fitness run Gen0Creature11] reward=1.89±0.32  dist=0.18±0.12  upright=0.01±0.03  → FITNESS=0.0257
URDF saved to temp_urdf\being_9472.urdf
Connecting to PyBullet, GUI: False
CreatureEnv Inicijalizacija: 12 motora. OBS_dim=40, frame_skip=1
[Fitness run Gen0Creature12] reward=1.47±0.02  dist=0.08±0.08  upright=0.00±0.00  → FITNESS=0.0203
URDF saved to temp_urdf\being_9472.urdf
Connecting to PyBullet, GUI: False
CreatureEnv Inicijalizacija: 12 motora. OBS_dim=40, frame_skip=1
[Fitness run Gen0Creature13] reward=1.40±0.27  dist=0.00±0.00  upright=0.20±0.07  → FITNESS=0.0773
URDF saved to temp_urdf\being_9472.urdf
Connecting to PyBullet, GUI: False
CreatureEnv Inicijalizacija: 12 motora. OBS_dim=40, frame_skip=1
[Fitness run Gen0Creature14] reward=1.47±0.12  dist=0.17±0.08  upright=0.10±0.30  → FITNESS=0.0527
URDF saved to temp_urdf\being_9472.urdf
Connecting to PyBullet, GUI: False
CreatureEnv Inicijalizacija: 12 motora. OBS_dim=40, frame_skip=1
[Fitness run Gen0Creature15] reward=1.58±0.30  dist=0.00±0.00  upright=0.30±0.04  → FITNESS=0.1074
URDF saved to temp_urdf\being_9472.urdf
Connecting to PyBullet, GUI: False
CreatureEnv Inicijalizacija: 12 motora. OBS_dim=40, frame_skip=1
[Fitness run Gen0Creature16] reward=1.50±0.13  dist=0.24±0.10  upright=0.09±0.03  → FITNESS=0.0505
URDF saved to temp_urdf\being_9472.urdf
Connecting to PyBullet, GUI: False
CreatureEnv Inicijalizacija: 12 motora. OBS_dim=40, frame_skip=1
[Fitness run Gen0Creature17] reward=1.59±0.00  dist=0.04±0.11  upright=0.00±0.00  → FITNESS=0.0193
URDF saved to temp_urdf\being_9472.urdf
Connecting to PyBullet, GUI: False
CreatureEnv Inicijalizacija: 12 motora. OBS_dim=40, frame_skip=1
[Fitness run Gen0Creature18] reward=0.04±0.09  dist=0.15±0.05  upright=0.27±0.03  → FITNESS=0.1024
URDF saved to temp_urdf\being_9472.urdf
Connecting to PyBullet, GUI: False
CreatureEnv Inicijalizacija: 12 motora. OBS_dim=40, frame_skip=1
[Fitness run Gen0Creature19] reward=1.72±0.01  dist=0.34±0.05  upright=0.00±0.00  → FITNESS=0.0268
URDF saved to temp_urdf\being_9472.urdf
Connecting to PyBullet, GUI: False
CreatureEnv Inicijalizacija: 12 motora. OBS_dim=40, frame_skip=1
[Fitness run Gen0Creature20] reward=1.73±0.03  dist=0.00±0.01  upright=0.00±0.00  → FITNESS=0.0184
URDF saved to temp_urdf\being_9472.urdf
Connecting to PyBullet, GUI: False
CreatureEnv Inicijalizacija: 12 motora. OBS_dim=40, frame_skip=1
[Fitness run Gen0Creature21] reward=2.01±0.14  dist=0.00±0.00  upright=0.90±0.30  → FITNESS=0.2884
URDF saved to temp_urdf\being_9472.urdf
Connecting to PyBullet, GUI: False
CreatureEnv Inicijalizacija: 12 motora. OBS_dim=40, frame_skip=1
[Fitness run Gen0Creature22] reward=1.69±0.02  dist=0.00±0.00  upright=0.05±0.07  → FITNESS=0.0348
URDF saved to temp_urdf\being_9472.urdf
Connecting to PyBullet, GUI: False
CreatureEnv Inicijalizacija: 12 motora. OBS_dim=40, frame_skip=1
[Fitness run Gen0Creature23] reward=1.60±0.01  dist=0.07±0.03  upright=0.00±0.01  → FITNESS=0.0210
URDF saved to temp_urdf\being_9472.urdf
Connecting to PyBullet, GUI: False
CreatureEnv Inicijalizacija: 12 motora. OBS_dim=40, frame_skip=1
[Fitness run Gen0Creature24] reward=1.61±0.01  dist=0.00±0.00  upright=0.00±0.00  → FITNESS=0.0183
URDF saved to temp_urdf\being_9472.urdf
Connecting to PyBullet, GUI: False
CreatureEnv Inicijalizacija: 12 motora. OBS_dim=40, frame_skip=1
[Fitness run Gen0Creature25] reward=1.48±0.01  dist=0.00±0.00  upright=0.00±0.00  → FITNESS=0.0183
URDF saved to temp_urdf\being_9472.urdf
Connecting to PyBullet, GUI: False
CreatureEnv Inicijalizacija: 12 motora. OBS_dim=40, frame_skip=1
[Fitness run Gen0Creature26] reward=1.78±0.00  dist=0.01±0.04  upright=0.00±0.00  → FITNESS=0.0187
URDF saved to temp_urdf\being_9472.urdf
Connecting to PyBullet, GUI: False
CreatureEnv Inicijalizacija: 12 motora. OBS_dim=40, frame_skip=1
[Fitness run Gen0Creature27] reward=1.55±0.07  dist=0.01±0.03  upright=0.00±0.00  → FITNESS=0.0186
URDF saved to temp_urdf\being_9472.urdf
Connecting to PyBullet, GUI: False
CreatureEnv Inicijalizacija: 12 motora. OBS_dim=40, frame_skip=1
[Fitness run Gen0Creature28] reward=1.67±0.03  dist=0.02±0.06  upright=0.00±0.00  → FITNESS=0.0188
URDF saved to temp_urdf\being_9472.urdf
Connecting to PyBullet, GUI: False
CreatureEnv Inicijalizacija: 12 motora. OBS_dim=40, frame_skip=1
[Fitness run Gen0Creature29] reward=1.72±0.00  dist=0.26±0.01  upright=0.00±0.00  → FITNESS=0.0249
URDF saved to temp_urdf\being_9472.urdf
Connecting to PyBullet, GUI: False
CreatureEnv Inicijalizacija: 12 motora. OBS_dim=40, frame_skip=1
[Fitness run Gen1Creature2] reward=1.63±0.06  dist=0.00±0.00  upright=0.03±0.01  → FITNESS=0.0270
URDF saved to temp_urdf\being_9472.urdf
Connecting to PyBullet, GUI: False
CreatureEnv Inicijalizacija: 12 motora. OBS_dim=40, frame_skip=1
[Fitness run Gen1Creature3] reward=208.04±413.69  dist=0.00±0.00  upright=0.65±0.30  → FITNESS=0.2335
URDF saved to temp_urdf\being_9472.urdf
Connecting to PyBullet, GUI: False
CreatureEnv Inicijalizacija: 12 motora. OBS_dim=40, frame_skip=1
[Fitness run Gen1Creature4] reward=1.74±0.09  dist=0.14±0.03  upright=0.11±0.06  → FITNESS=0.0556
URDF saved to temp_urdf\being_9472.urdf
Connecting to PyBullet, GUI: False
CreatureEnv Inicijalizacija: 12 motora. OBS_dim=40, frame_skip=1
[Fitness run Gen1Creature5] reward=1.51±0.01  dist=0.18±0.03  upright=0.00±0.00  → FITNESS=0.0228
URDF saved to temp_urdf\being_9472.urdf
Connecting to PyBullet, GUI: False
CreatureEnv Inicijalizacija: 12 motora. OBS_dim=40, frame_skip=1
[Fitness run Gen1Creature6] reward=1.46±0.06  dist=0.10±0.08  upright=0.79±0.26  → FITNESS=0.2578
URDF saved to temp_urdf\being_9472.urdf
Connecting to PyBullet, GUI: False
CreatureEnv Inicijalizacija: 12 motora. OBS_dim=40, frame_skip=1
[Fitness run Gen1Creature7] reward=1.76±0.03  dist=0.00±0.00  upright=0.43±0.08  → FITNESS=0.1461
URDF saved to temp_urdf\being_9472.urdf
Connecting to PyBullet, GUI: False
CreatureEnv Inicijalizacija: 12 motora. OBS_dim=40, frame_skip=1
[Fitness run Gen1Creature8] reward=1.46±0.05  dist=0.04±0.13  upright=0.01±0.03  → FITNESS=0.0223
URDF saved to temp_urdf\being_9472.urdf
Connecting to PyBullet, GUI: False
CreatureEnv Inicijalizacija: 12 motora. OBS_dim=40, frame_skip=1
[Fitness run Gen1Creature9] reward=1.78±0.03  dist=0.55±0.01  upright=0.00±0.00  → FITNESS=0.0322
URDF saved to temp_urdf\being_9472.urdf
Connecting to PyBullet, GUI: False
CreatureEnv Inicijalizacija: 12 motora. OBS_dim=40, frame_skip=1
[Fitness run Gen1Creature10] reward=1.62±0.18  dist=0.11±0.14  upright=0.33±0.32  → FITNESS=0.1198
URDF saved to temp_urdf\being_9472.urdf
Connecting to PyBullet, GUI: False
CreatureEnv Inicijalizacija: 12 motora. OBS_dim=40, frame_skip=1
[Fitness run Gen1Creature11] reward=1.43±0.20  dist=0.05±0.11  upright=0.00±0.01  → FITNESS=0.0206
URDF saved to temp_urdf\being_9472.urdf
Connecting to PyBullet, GUI: False
CreatureEnv Inicijalizacija: 12 motora. OBS_dim=40, frame_skip=1
[Fitness run Gen1Creature12] reward=911.77±303.36  dist=0.02±0.06  upright=0.90±0.30  → FITNESS=0.3716
URDF saved to temp_urdf\being_9472.urdf
Connecting to PyBullet, GUI: False
CreatureEnv Inicijalizacija: 12 motora. OBS_dim=40, frame_skip=1
[Fitness run Gen1Creature13] reward=1.69±0.02  dist=0.00±0.00  upright=0.00±0.00  → FITNESS=0.0183
URDF saved to temp_urdf\being_9472.urdf
Connecting to PyBullet, GUI: False
CreatureEnv Inicijalizacija: 12 motora. OBS_dim=40, frame_skip=1
[Fitness run Gen1Creature14] reward=1.83±0.10  dist=0.00±0.01  upright=0.00±0.01  → FITNESS=0.0194
URDF saved to temp_urdf\being_9472.urdf
Connecting to PyBullet, GUI: False
CreatureEnv Inicijalizacija: 12 motora. OBS_dim=40, frame_skip=1
[Fitness run Gen1Creature15] reward=1036.05±0.39  dist=1.57±0.07  upright=1.00±0.00  → FITNESS=0.4516
URDF saved to temp_urdf\being_9472.urdf
Connecting to PyBullet, GUI: False
CreatureEnv Inicijalizacija: 12 motora. OBS_dim=40, frame_skip=1
[Fitness run Gen1Creature16] reward=1.71±0.10  dist=0.00±0.00  upright=0.00±0.01  → FITNESS=0.0193
URDF saved to temp_urdf\being_9472.urdf
Connecting to PyBullet, GUI: False
CreatureEnv Inicijalizacija: 12 motora. OBS_dim=40, frame_skip=1
[Fitness run Gen1Creature17] reward=1.59±0.03  dist=0.01±0.04  upright=0.02±0.07  → FITNESS=0.0254
URDF saved to temp_urdf\being_9472.urdf
Connecting to PyBullet, GUI: False
CreatureEnv Inicijalizacija: 12 motora. OBS_dim=40, frame_skip=1
[Fitness run Gen1Creature18] reward=1.50±0.10  dist=0.06±0.17  upright=0.03±0.01  → FITNESS=0.0275
URDF saved to temp_urdf\being_9472.urdf
Connecting to PyBullet, GUI: False
CreatureEnv Inicijalizacija: 12 motora. OBS_dim=40, frame_skip=1
[Fitness run Gen1Creature19] reward=1.65±0.16  dist=0.00±0.00  upright=0.18±0.07  → FITNESS=0.0725
URDF saved to temp_urdf\being_9472.urdf
Connecting to PyBullet, GUI: False
CreatureEnv Inicijalizacija: 12 motora. OBS_dim=40, frame_skip=1
[Fitness run Gen1Creature20] reward=1.83±0.16  dist=0.13±0.09  upright=0.00±0.00  → FITNESS=0.0216
URDF saved to temp_urdf\being_9472.urdf
Connecting to PyBullet, GUI: False
CreatureEnv Inicijalizacija: 12 motora. OBS_dim=40, frame_skip=1
[Fitness run Gen1Creature21] reward=0.45±0.34  dist=0.09±0.27  upright=0.45±0.13  → FITNESS=0.1540
URDF saved to temp_urdf\being_9472.urdf
Connecting to PyBullet, GUI: False
CreatureEnv Inicijalizacija: 12 motora. OBS_dim=40, frame_skip=1
[Fitness run Gen1Creature22] reward=897.78±298.74  dist=0.00±0.00  upright=0.90±0.30  → FITNESS=0.3698
URDF saved to temp_urdf\being_9472.urdf
Connecting to PyBullet, GUI: False
CreatureEnv Inicijalizacija: 12 motora. OBS_dim=40, frame_skip=1
[Fitness run Gen1Creature23] reward=1.70±0.03  dist=0.01±0.01  upright=0.12±0.04  → FITNESS=0.0533
URDF saved to temp_urdf\being_9472.urdf
Connecting to PyBullet, GUI: False
CreatureEnv Inicijalizacija: 12 motora. OBS_dim=40, frame_skip=1
[Fitness run Gen1Creature24] reward=989.73±329.31  dist=0.00±0.00  upright=0.93±0.21  → FITNESS=0.3869
URDF saved to temp_urdf\being_9472.urdf
Connecting to PyBullet, GUI: False
CreatureEnv Inicijalizacija: 12 motora. OBS_dim=40, frame_skip=1
[Fitness run Gen1Creature25] reward=1.59±0.52  dist=0.00±0.00  upright=0.43±0.12  → FITNESS=0.1461
URDF saved to temp_urdf\being_9472.urdf
Connecting to PyBullet, GUI: False
CreatureEnv Inicijalizacija: 12 motora. OBS_dim=40, frame_skip=1
[Fitness run Gen1Creature26] reward=1.61±0.00  dist=0.08±0.08  upright=0.01±0.02  → FITNESS=0.0222
URDF saved to temp_urdf\being_9472.urdf
Connecting to PyBullet, GUI: False
CreatureEnv Inicijalizacija: 12 motora. OBS_dim=40, frame_skip=1
[Fitness run Gen1Creature27] reward=1.74±0.00  dist=0.26±0.03  upright=0.00±0.00  → FITNESS=0.0247
URDF saved to temp_urdf\being_9472.urdf
Connecting to PyBullet, GUI: False
CreatureEnv Inicijalizacija: 12 motora. OBS_dim=40, frame_skip=1
[Fitness run Gen1Creature28] reward=1.73±0.08  dist=0.06±0.18  upright=0.00±0.00  → FITNESS=0.0199
URDF saved to temp_urdf\being_9472.urdf
Connecting to PyBullet, GUI: False
CreatureEnv Inicijalizacija: 12 motora. OBS_dim=40, frame_skip=1
[Fitness run Gen1Creature29] reward=1.83±0.00  dist=0.00±0.00  upright=0.00±0.00  → FITNESS=0.0183

==================================================
Generacija 1/20  |  Best = 0.4516  |  Mean = 0.1208  |  Std = 0.1323
==================================================
URDF saved to temp_urdf\being_9472.urdf
Connecting to PyBullet, GUI: False
CreatureEnv Inicijalizacija: 12 motora. OBS_dim=40, frame_skip=1
[Fitness run Gen1Creature2] reward=1.63±0.06  dist=0.00±0.00  upright=0.03±0.01  → FITNESS=0.0270
URDF saved to temp_urdf\being_9472.urdf
Connecting to PyBullet, GUI: False
CreatureEnv Inicijalizacija: 12 motora. OBS_dim=40, frame_skip=1
[Fitness run Gen1Creature3] reward=208.04±413.69  dist=0.00±0.00  upright=0.65±0.30  → FITNESS=0.2335
URDF saved to temp_urdf\being_9472.urdf
Connecting to PyBullet, GUI: False
CreatureEnv Inicijalizacija: 12 motora. OBS_dim=40, frame_skip=1
[Fitness run Gen1Creature4] reward=1.74±0.09  dist=0.14±0.03  upright=0.11±0.06  → FITNESS=0.0556
URDF saved to temp_urdf\being_9472.urdf
Connecting to PyBullet, GUI: False
CreatureEnv Inicijalizacija: 12 motora. OBS_dim=40, frame_skip=1
[Fitness run Gen1Creature5] reward=1.51±0.01  dist=0.18±0.03  upright=0.00±0.00  → FITNESS=0.0228
URDF saved to temp_urdf\being_9472.urdf
Connecting to PyBullet, GUI: False
CreatureEnv Inicijalizacija: 12 motora. OBS_dim=40, frame_skip=1
[Fitness run Gen1Creature6] reward=1.46±0.06  dist=0.10±0.08  upright=0.79±0.26  → FITNESS=0.2578
URDF saved to temp_urdf\being_9472.urdf
Connecting to PyBullet, GUI: False
CreatureEnv Inicijalizacija: 12 motora. OBS_dim=40, frame_skip=1
[Fitness run Gen1Creature7] reward=1.76±0.03  dist=0.00±0.00  upright=0.43±0.08  → FITNESS=0.1461
URDF saved to temp_urdf\being_9472.urdf
Connecting to PyBullet, GUI: False
CreatureEnv Inicijalizacija: 12 motora. OBS_dim=40, frame_skip=1
[Fitness run Gen1Creature8] reward=1.46±0.05  dist=0.04±0.13  upright=0.01±0.03  → FITNESS=0.0223
URDF saved to temp_urdf\being_9472.urdf
Connecting to PyBullet, GUI: False
CreatureEnv Inicijalizacija: 12 motora. OBS_dim=40, frame_skip=1
[Fitness run Gen1Creature9] reward=1.78±0.03  dist=0.55±0.01  upright=0.00±0.00  → FITNESS=0.0322
URDF saved to temp_urdf\being_9472.urdf
Connecting to PyBullet, GUI: False
CreatureEnv Inicijalizacija: 12 motora. OBS_dim=40, frame_skip=1
[Fitness run Gen1Creature10] reward=1.62±0.18  dist=0.11±0.14  upright=0.33±0.32  → FITNESS=0.1198
URDF saved to temp_urdf\being_9472.urdf
Connecting to PyBullet, GUI: False
CreatureEnv Inicijalizacija: 12 motora. OBS_dim=40, frame_skip=1
[Fitness run Gen1Creature11] reward=1.43±0.20  dist=0.05±0.11  upright=0.00±0.01  → FITNESS=0.0206
URDF saved to temp_urdf\being_9472.urdf
Connecting to PyBullet, GUI: False
CreatureEnv Inicijalizacija: 12 motora. OBS_dim=40, frame_skip=1
[Fitness run Gen1Creature12] reward=911.77±303.36  dist=0.02±0.06  upright=0.90±0.30  → FITNESS=0.3716
URDF saved to temp_urdf\being_9472.urdf
Connecting to PyBullet, GUI: False
CreatureEnv Inicijalizacija: 12 motora. OBS_dim=40, frame_skip=1
[Fitness run Gen1Creature13] reward=1.69±0.02  dist=0.00±0.00  upright=0.00±0.00  → FITNESS=0.0183
URDF saved to temp_urdf\being_9472.urdf
Connecting to PyBullet, GUI: False
CreatureEnv Inicijalizacija: 12 motora. OBS_dim=40, frame_skip=1
[Fitness run Gen1Creature14] reward=1.83±0.10  dist=0.00±0.01  upright=0.00±0.01  → FITNESS=0.0194
URDF saved to temp_urdf\being_9472.urdf
Connecting to PyBullet, GUI: False
CreatureEnv Inicijalizacija: 12 motora. OBS_dim=40, frame_skip=1
[Fitness run Gen1Creature15] reward=1036.05±0.39  dist=1.57±0.07  upright=1.00±0.00  → FITNESS=0.4516
URDF saved to temp_urdf\being_9472.urdf
Connecting to PyBullet, GUI: False
CreatureEnv Inicijalizacija: 12 motora. OBS_dim=40, frame_skip=1
[Fitness run Gen1Creature16] reward=1.71±0.10  dist=0.00±0.00  upright=0.00±0.01  → FITNESS=0.0193
URDF saved to temp_urdf\being_9472.urdf
Connecting to PyBullet, GUI: False
CreatureEnv Inicijalizacija: 12 motora. OBS_dim=40, frame_skip=1
[Fitness run Gen1Creature17] reward=1.59±0.03  dist=0.01±0.04  upright=0.02±0.07  → FITNESS=0.0254
URDF saved to temp_urdf\being_9472.urdf
Connecting to PyBullet, GUI: False
CreatureEnv Inicijalizacija: 12 motora. OBS_dim=40, frame_skip=1
[Fitness run Gen1Creature18] reward=1.50±0.10  dist=0.06±0.17  upright=0.03±0.01  → FITNESS=0.0275
URDF saved to temp_urdf\being_9472.urdf
Connecting to PyBullet, GUI: False
CreatureEnv Inicijalizacija: 12 motora. OBS_dim=40, frame_skip=1
[Fitness run Gen1Creature19] reward=1.65±0.16  dist=0.00±0.00  upright=0.18±0.07  → FITNESS=0.0725
URDF saved to temp_urdf\being_9472.urdf
Connecting to PyBullet, GUI: False
CreatureEnv Inicijalizacija: 12 motora. OBS_dim=40, frame_skip=1
[Fitness run Gen1Creature20] reward=1.83±0.16  dist=0.13±0.09  upright=0.00±0.00  → FITNESS=0.0216
URDF saved to temp_urdf\being_9472.urdf
Connecting to PyBullet, GUI: False
CreatureEnv Inicijalizacija: 12 motora. OBS_dim=40, frame_skip=1
[Fitness run Gen1Creature21] reward=0.45±0.34  dist=0.09±0.27  upright=0.45±0.13  → FITNESS=0.1540
URDF saved to temp_urdf\being_9472.urdf
Connecting to PyBullet, GUI: False
CreatureEnv Inicijalizacija: 12 motora. OBS_dim=40, frame_skip=1
[Fitness run Gen1Creature22] reward=897.78±298.74  dist=0.00±0.00  upright=0.90±0.30  → FITNESS=0.3698
URDF saved to temp_urdf\being_9472.urdf
Connecting to PyBullet, GUI: False
CreatureEnv Inicijalizacija: 12 motora. OBS_dim=40, frame_skip=1
[Fitness run Gen1Creature23] reward=1.70±0.03  dist=0.01±0.01  upright=0.12±0.04  → FITNESS=0.0533
URDF saved to temp_urdf\being_9472.urdf
Connecting to PyBullet, GUI: False
CreatureEnv Inicijalizacija: 12 motora. OBS_dim=40, frame_skip=1
[Fitness run Gen1Creature24] reward=989.73±329.31  dist=0.00±0.00  upright=0.93±0.21  → FITNESS=0.3869
URDF saved to temp_urdf\being_9472.urdf
Connecting to PyBullet, GUI: False
CreatureEnv Inicijalizacija: 12 motora. OBS_dim=40, frame_skip=1
[Fitness run Gen1Creature25] reward=1.59±0.52  dist=0.00±0.00  upright=0.43±0.12  → FITNESS=0.1461
URDF saved to temp_urdf\being_9472.urdf
Connecting to PyBullet, GUI: False
CreatureEnv Inicijalizacija: 12 motora. OBS_dim=40, frame_skip=1
[Fitness run Gen1Creature26] reward=1.61±0.00  dist=0.08±0.08  upright=0.01±0.02  → FITNESS=0.0222
URDF saved to temp_urdf\being_9472.urdf
Connecting to PyBullet, GUI: False
CreatureEnv Inicijalizacija: 12 motora. OBS_dim=40, frame_skip=1
[Fitness run Gen1Creature27] reward=1.74±0.00  dist=0.26±0.03  upright=0.00±0.00  → FITNESS=0.0247
URDF saved to temp_urdf\being_9472.urdf
Connecting to PyBullet, GUI: False
CreatureEnv Inicijalizacija: 12 motora. OBS_dim=40, frame_skip=1
[Fitness run Gen1Creature28] reward=1.73±0.08  dist=0.06±0.18  upright=0.00±0.00  → FITNESS=0.0199
URDF saved to temp_urdf\being_9472.urdf
Connecting to PyBullet, GUI: False
CreatureEnv Inicijalizacija: 12 motora. OBS_dim=40, frame_skip=1
[Fitness run Gen1Creature29] reward=1.83±0.00  dist=0.00±0.00  upright=0.00±0.00  → FITNESS=0.0183
Genome saved to results\distanceBased500Steps5DifferentSeeds\run_4\run_4_best_creature.json
[plot] Summary saved → results\distanceBased500Steps5DifferentSeeds\run_4\run_4_summary.png
URDF saved to temp_urdf\being_9472.urdf
Connecting to PyBullet, GUI: False
CreatureEnv Inicijalizacija: 12 motora. OBS_dim=40, frame_skip=1
[Fitness run Gen2Creature2] reward=1.37±0.42  dist=0.00±0.00  upright=0.21±0.05  → FITNESS=0.0802
URDF saved to temp_urdf\being_9472.urdf
Connecting to PyBullet, GUI: False
CreatureEnv Inicijalizacija: 12 motora. OBS_dim=40, frame_skip=1
[Fitness run Gen2Creature3] reward=1.62±0.29  dist=0.00±0.00  upright=0.29±0.08  → FITNESS=0.1045
URDF saved to temp_urdf\being_9472.urdf
Connecting to PyBullet, GUI: False
CreatureEnv Inicijalizacija: 12 motora. OBS_dim=40, frame_skip=1
[Fitness run Gen2Creature4] reward=1.77±0.14  dist=0.00±0.00  upright=0.13±0.05  → FITNESS=0.0580
URDF saved to temp_urdf\being_9472.urdf
Connecting to PyBullet, GUI: False
CreatureEnv Inicijalizacija: 12 motora. OBS_dim=40, frame_skip=1
[Fitness run Gen2Creature5] reward=1.68±0.05  dist=0.00±0.00  upright=0.00±0.00  → FITNESS=0.0183
URDF saved to temp_urdf\being_9472.urdf
Connecting to PyBullet, GUI: False
CreatureEnv Inicijalizacija: 12 motora. OBS_dim=40, frame_skip=1
[Fitness run Gen2Creature6] reward=1.66±0.00  dist=0.08±0.17  upright=1.00±0.00  → FITNESS=0.3203
URDF saved to temp_urdf\being_9472.urdf
Connecting to PyBullet, GUI: False
CreatureEnv Inicijalizacija: 12 motora. OBS_dim=40, frame_skip=1
[Fitness run Gen2Creature7] reward=1.45±0.10  dist=0.18±0.08  upright=0.50±0.18  → FITNESS=0.1728
URDF saved to temp_urdf\being_9472.urdf
Connecting to PyBullet, GUI: False
CreatureEnv Inicijalizacija: 12 motora. OBS_dim=40, frame_skip=1
[Fitness run Gen2Creature8] reward=1.91±0.02  dist=0.09±0.06  upright=0.00±0.00  → FITNESS=0.0207
URDF saved to temp_urdf\being_9472.urdf
Connecting to PyBullet, GUI: False
CreatureEnv Inicijalizacija: 12 motora. OBS_dim=40, frame_skip=1
[Fitness run Gen2Creature9] reward=1.53±0.40  dist=0.10±0.06  upright=0.12±0.04  → FITNESS=0.0556
URDF saved to temp_urdf\being_9472.urdf
Connecting to PyBullet, GUI: False
CreatureEnv Inicijalizacija: 12 motora. OBS_dim=40, frame_skip=1
[Fitness run Gen2Creature10] reward=1.74±0.11  dist=0.00±0.00  upright=0.09±0.03  → FITNESS=0.0445
URDF saved to temp_urdf\being_9472.urdf
Connecting to PyBullet, GUI: False
CreatureEnv Inicijalizacija: 12 motora. OBS_dim=40, frame_skip=1
[Fitness run Gen2Creature11] reward=1.84±0.79  dist=0.05±0.13  upright=0.90±0.30  → FITNESS=0.2895
URDF saved to temp_urdf\being_9472.urdf
Connecting to PyBullet, GUI: False
CreatureEnv Inicijalizacija: 12 motora. OBS_dim=40, frame_skip=1
[Fitness run Gen2Creature12] reward=1.48±0.09  dist=0.08±0.23  upright=0.03±0.08  → FITNESS=0.0280
URDF saved to temp_urdf\being_9472.urdf
Connecting to PyBullet, GUI: False
CreatureEnv Inicijalizacija: 12 motora. OBS_dim=40, frame_skip=1
[Fitness run Gen2Creature13] reward=1.80±0.66  dist=0.12±0.23  upright=0.02±0.07  → FITNESS=0.0281
URDF saved to temp_urdf\being_9472.urdf
Connecting to PyBullet, GUI: False
CreatureEnv Inicijalizacija: 12 motora. OBS_dim=40, frame_skip=1
[Fitness run Gen2Creature14] reward=1.54±0.36  dist=0.01±0.03  upright=0.48±0.31  → FITNESS=0.1618
URDF saved to temp_urdf\being_9472.urdf
Connecting to PyBullet, GUI: False
CreatureEnv Inicijalizacija: 12 motora. OBS_dim=40, frame_skip=1
[Fitness run Gen2Creature15] reward=1.53±0.06  dist=0.00±0.00  upright=0.12±0.04  → FITNESS=0.0532
URDF saved to temp_urdf\being_9472.urdf
Connecting to PyBullet, GUI: False
CreatureEnv Inicijalizacija: 12 motora. OBS_dim=40, frame_skip=1
[Fitness run Gen2Creature16] reward=0.70±0.52  dist=0.02±0.04  upright=0.08±0.02  → FITNESS=0.0440
URDF saved to temp_urdf\being_9472.urdf
Connecting to PyBullet, GUI: False
CreatureEnv Inicijalizacija: 12 motora. OBS_dim=40, frame_skip=1
[Fitness run Gen2Creature17] reward=1.39±0.36  dist=0.00±0.00  upright=0.55±0.17  → FITNESS=0.1819
URDF saved to temp_urdf\being_9472.urdf
Connecting to PyBullet, GUI: False
CreatureEnv Inicijalizacija: 12 motora. OBS_dim=40, frame_skip=1
[Fitness run Gen2Creature18] reward=1.51±0.12  dist=0.14±0.05  upright=0.02±0.07  → FITNESS=0.0285
URDF saved to temp_urdf\being_9472.urdf
Connecting to PyBullet, GUI: False
CreatureEnv Inicijalizacija: 12 motora. OBS_dim=40, frame_skip=1
[Fitness run Gen2Creature19] reward=0.95±0.23  dist=0.00±0.00  upright=0.23±0.08  → FITNESS=0.0880
URDF saved to temp_urdf\being_9472.urdf
Connecting to PyBullet, GUI: False
CreatureEnv Inicijalizacija: 12 motora. OBS_dim=40, frame_skip=1
[Fitness run Gen2Creature20] reward=1.65±0.07  dist=0.05±0.02  upright=0.00±0.00  → FITNESS=0.0195
URDF saved to temp_urdf\being_9472.urdf
Connecting to PyBullet, GUI: False
CreatureEnv Inicijalizacija: 12 motora. OBS_dim=40, frame_skip=1
[Fitness run Gen2Creature21] reward=1.50±0.06  dist=0.19±0.09  upright=0.09±0.03  → FITNESS=0.0503
URDF saved to temp_urdf\being_9472.urdf
Connecting to PyBullet, GUI: False
CreatureEnv Inicijalizacija: 12 motora. OBS_dim=40, frame_skip=1
[Fitness run Gen2Creature22] reward=1.69±0.06  dist=0.00±0.00  upright=0.03±0.01  → FITNESS=0.0280
URDF saved to temp_urdf\being_9472.urdf
Connecting to PyBullet, GUI: False
CreatureEnv Inicijalizacija: 12 motora. OBS_dim=40, frame_skip=1
[Fitness run Gen2Creature23] reward=907.48±301.96  dist=0.00±0.01  upright=0.90±0.30  → FITNESS=0.3707
URDF saved to temp_urdf\being_9472.urdf
Connecting to PyBullet, GUI: False
CreatureEnv Inicijalizacija: 12 motora. OBS_dim=40, frame_skip=1
[Fitness run Gen2Creature24] reward=1.47±0.07  dist=0.04±0.13  upright=0.00±0.00  → FITNESS=0.0194
URDF saved to temp_urdf\being_9472.urdf
Connecting to PyBullet, GUI: False
CreatureEnv Inicijalizacija: 12 motora. OBS_dim=40, frame_skip=1
[Fitness run Gen2Creature25] reward=-0.28±0.36  dist=1.36±0.55  upright=0.00±0.00  → FITNESS=0.0521
URDF saved to temp_urdf\being_9472.urdf
Connecting to PyBullet, GUI: False
CreatureEnv Inicijalizacija: 12 motora. OBS_dim=40, frame_skip=1
[Fitness run Gen2Creature26] reward=1.67±0.01  dist=0.03±0.09  upright=0.27±0.03  → FITNESS=0.0994
URDF saved to temp_urdf\being_9472.urdf
Connecting to PyBullet, GUI: False
CreatureEnv Inicijalizacija: 12 motora. OBS_dim=40, frame_skip=1
[Fitness run Gen2Creature27] reward=1.54±0.03  dist=0.00±0.00  upright=0.27±0.07  → FITNESS=0.1006
URDF saved to temp_urdf\being_9472.urdf
Connecting to PyBullet, GUI: False
CreatureEnv Inicijalizacija: 12 motora. OBS_dim=40, frame_skip=1
[Fitness run Gen2Creature28] reward=1.10±0.56  dist=0.04±0.06  upright=0.32±0.12  → FITNESS=0.1142
URDF saved to temp_urdf\being_9472.urdf
Connecting to PyBullet, GUI: False
CreatureEnv Inicijalizacija: 12 motora. OBS_dim=40, frame_skip=1
[Fitness run Gen2Creature29] reward=1.34±0.01  dist=0.02±0.07  upright=0.00±0.00  → FITNESS=0.0189

==================================================
Generacija 2/20  |  Best = 0.4516  |  Mean = 0.1163  |  Std = 0.1214
==================================================
URDF saved to temp_urdf\being_9472.urdf
Connecting to PyBullet, GUI: False
CreatureEnv Inicijalizacija: 12 motora. OBS_dim=40, frame_skip=1
[Fitness run Gen2Creature2] reward=1.37±0.42  dist=0.00±0.00  upright=0.21±0.05  → FITNESS=0.0802
URDF saved to temp_urdf\being_9472.urdf
Connecting to PyBullet, GUI: False
CreatureEnv Inicijalizacija: 12 motora. OBS_dim=40, frame_skip=1
[Fitness run Gen2Creature3] reward=1.62±0.29  dist=0.00±0.00  upright=0.29±0.08  → FITNESS=0.1045
URDF saved to temp_urdf\being_9472.urdf
Connecting to PyBullet, GUI: False
CreatureEnv Inicijalizacija: 12 motora. OBS_dim=40, frame_skip=1
[Fitness run Gen2Creature4] reward=1.77±0.14  dist=0.00±0.00  upright=0.13±0.05  → FITNESS=0.0580
URDF saved to temp_urdf\being_9472.urdf
Connecting to PyBullet, GUI: False
CreatureEnv Inicijalizacija: 12 motora. OBS_dim=40, frame_skip=1
[Fitness run Gen2Creature5] reward=1.68±0.05  dist=0.00±0.00  upright=0.00±0.00  → FITNESS=0.0183
URDF saved to temp_urdf\being_9472.urdf
Connecting to PyBullet, GUI: False
CreatureEnv Inicijalizacija: 12 motora. OBS_dim=40, frame_skip=1
[Fitness run Gen2Creature6] reward=1.66±0.00  dist=0.08±0.17  upright=1.00±0.00  → FITNESS=0.3203
URDF saved to temp_urdf\being_9472.urdf
Connecting to PyBullet, GUI: False
CreatureEnv Inicijalizacija: 12 motora. OBS_dim=40, frame_skip=1
[Fitness run Gen2Creature7] reward=1.45±0.10  dist=0.18±0.08  upright=0.50±0.18  → FITNESS=0.1728
URDF saved to temp_urdf\being_9472.urdf
Connecting to PyBullet, GUI: False
CreatureEnv Inicijalizacija: 12 motora. OBS_dim=40, frame_skip=1
[Fitness run Gen2Creature8] reward=1.91±0.02  dist=0.09±0.06  upright=0.00±0.00  → FITNESS=0.0207
URDF saved to temp_urdf\being_9472.urdf
Connecting to PyBullet, GUI: False
CreatureEnv Inicijalizacija: 12 motora. OBS_dim=40, frame_skip=1
[Fitness run Gen2Creature9] reward=1.53±0.40  dist=0.10±0.06  upright=0.12±0.04  → FITNESS=0.0556
URDF saved to temp_urdf\being_9472.urdf
Connecting to PyBullet, GUI: False
CreatureEnv Inicijalizacija: 12 motora. OBS_dim=40, frame_skip=1
[Fitness run Gen2Creature10] reward=1.74±0.11  dist=0.00±0.00  upright=0.09±0.03  → FITNESS=0.0445
URDF saved to temp_urdf\being_9472.urdf
Connecting to PyBullet, GUI: False
CreatureEnv Inicijalizacija: 12 motora. OBS_dim=40, frame_skip=1
[Fitness run Gen2Creature11] reward=1.84±0.79  dist=0.05±0.13  upright=0.90±0.30  → FITNESS=0.2895
URDF saved to temp_urdf\being_9472.urdf
Connecting to PyBullet, GUI: False
CreatureEnv Inicijalizacija: 12 motora. OBS_dim=40, frame_skip=1
[Fitness run Gen2Creature12] reward=1.48±0.09  dist=0.08±0.23  upright=0.03±0.08  → FITNESS=0.0280
URDF saved to temp_urdf\being_9472.urdf
Connecting to PyBullet, GUI: False
CreatureEnv Inicijalizacija: 12 motora. OBS_dim=40, frame_skip=1
[Fitness run Gen2Creature13] reward=1.80±0.66  dist=0.12±0.23  upright=0.02±0.07  → FITNESS=0.0281
URDF saved to temp_urdf\being_9472.urdf
Connecting to PyBullet, GUI: False
CreatureEnv Inicijalizacija: 12 motora. OBS_dim=40, frame_skip=1
[Fitness run Gen2Creature14] reward=1.54±0.36  dist=0.01±0.03  upright=0.48±0.31  → FITNESS=0.1618
URDF saved to temp_urdf\being_9472.urdf
Connecting to PyBullet, GUI: False
CreatureEnv Inicijalizacija: 12 motora. OBS_dim=40, frame_skip=1
[Fitness run Gen2Creature15] reward=1.53±0.06  dist=0.00±0.00  upright=0.12±0.04  → FITNESS=0.0532
URDF saved to temp_urdf\being_9472.urdf
Connecting to PyBullet, GUI: False
CreatureEnv Inicijalizacija: 12 motora. OBS_dim=40, frame_skip=1
[Fitness run Gen2Creature16] reward=0.70±0.52  dist=0.02±0.04  upright=0.08±0.02  → FITNESS=0.0440
URDF saved to temp_urdf\being_9472.urdf
Connecting to PyBullet, GUI: False
CreatureEnv Inicijalizacija: 12 motora. OBS_dim=40, frame_skip=1
[Fitness run Gen2Creature17] reward=1.39±0.36  dist=0.00±0.00  upright=0.55±0.17  → FITNESS=0.1819
URDF saved to temp_urdf\being_9472.urdf
Connecting to PyBullet, GUI: False
CreatureEnv Inicijalizacija: 12 motora. OBS_dim=40, frame_skip=1
[Fitness run Gen2Creature18] reward=1.51±0.12  dist=0.14±0.05  upright=0.02±0.07  → FITNESS=0.0285
URDF saved to temp_urdf\being_9472.urdf
Connecting to PyBullet, GUI: False
CreatureEnv Inicijalizacija: 12 motora. OBS_dim=40, frame_skip=1
[Fitness run Gen2Creature19] reward=0.95±0.23  dist=0.00±0.00  upright=0.23±0.08  → FITNESS=0.0880
URDF saved to temp_urdf\being_9472.urdf
Connecting to PyBullet, GUI: False
CreatureEnv Inicijalizacija: 12 motora. OBS_dim=40, frame_skip=1
[Fitness run Gen2Creature20] reward=1.65±0.07  dist=0.05±0.02  upright=0.00±0.00  → FITNESS=0.0195
URDF saved to temp_urdf\being_9472.urdf
Connecting to PyBullet, GUI: False
CreatureEnv Inicijalizacija: 12 motora. OBS_dim=40, frame_skip=1
[Fitness run Gen2Creature21] reward=1.50±0.06  dist=0.19±0.09  upright=0.09±0.03  → FITNESS=0.0503
URDF saved to temp_urdf\being_9472.urdf
Connecting to PyBullet, GUI: False
CreatureEnv Inicijalizacija: 12 motora. OBS_dim=40, frame_skip=1
[Fitness run Gen2Creature22] reward=1.69±0.06  dist=0.00±0.00  upright=0.03±0.01  → FITNESS=0.0280
URDF saved to temp_urdf\being_9472.urdf
Connecting to PyBullet, GUI: False
CreatureEnv Inicijalizacija: 12 motora. OBS_dim=40, frame_skip=1
[Fitness run Gen2Creature23] reward=907.48±301.96  dist=0.00±0.01  upright=0.90±0.30  → FITNESS=0.3707
URDF saved to temp_urdf\being_9472.urdf
Connecting to PyBullet, GUI: False
CreatureEnv Inicijalizacija: 12 motora. OBS_dim=40, frame_skip=1
[Fitness run Gen2Creature24] reward=1.47±0.07  dist=0.04±0.13  upright=0.00±0.00  → FITNESS=0.0194
URDF saved to temp_urdf\being_9472.urdf
Connecting to PyBullet, GUI: False
CreatureEnv Inicijalizacija: 12 motora. OBS_dim=40, frame_skip=1
[Fitness run Gen2Creature25] reward=-0.28±0.36  dist=1.36±0.55  upright=0.00±0.00  → FITNESS=0.0521
URDF saved to temp_urdf\being_9472.urdf
Connecting to PyBullet, GUI: False
CreatureEnv Inicijalizacija: 12 motora. OBS_dim=40, frame_skip=1
[Fitness run Gen2Creature26] reward=1.67±0.01  dist=0.03±0.09  upright=0.27±0.03  → FITNESS=0.0994
URDF saved to temp_urdf\being_9472.urdf
Connecting to PyBullet, GUI: False
CreatureEnv Inicijalizacija: 12 motora. OBS_dim=40, frame_skip=1
[Fitness run Gen2Creature27] reward=1.54±0.03  dist=0.00±0.00  upright=0.27±0.07  → FITNESS=0.1006
URDF saved to temp_urdf\being_9472.urdf
Connecting to PyBullet, GUI: False
CreatureEnv Inicijalizacija: 12 motora. OBS_dim=40, frame_skip=1
[Fitness run Gen2Creature28] reward=1.10±0.56  dist=0.04±0.06  upright=0.32±0.12  → FITNESS=0.1142
URDF saved to temp_urdf\being_9472.urdf
Connecting to PyBullet, GUI: False
CreatureEnv Inicijalizacija: 12 motora. OBS_dim=40, frame_skip=1
[Fitness run Gen2Creature29] reward=1.34±0.01  dist=0.02±0.07  upright=0.00±0.00  → FITNESS=0.0189
Genome saved to results\distanceBased500Steps5DifferentSeeds\run_4\run_4_best_creature.json
[plot] Summary saved → results\distanceBased500Steps5DifferentSeeds\run_4\run_4_summary.png
URDF saved to temp_urdf\being_9472.urdf
Connecting to PyBullet, GUI: False
CreatureEnv Inicijalizacija: 12 motora. OBS_dim=40, frame_skip=1
[Fitness run Gen3Creature2] reward=854.70±284.45  dist=0.00±0.01  upright=0.89±0.30  → FITNESS=0.3638
URDF saved to temp_urdf\being_9472.urdf
Connecting to PyBullet, GUI: False
CreatureEnv Inicijalizacija: 12 motora. OBS_dim=40, frame_skip=1
[Fitness run Gen3Creature3] reward=1.66±0.03  dist=0.00±0.00  upright=0.07±0.02  → FITNESS=0.0396
URDF saved to temp_urdf\being_9472.urdf
Connecting to PyBullet, GUI: False
CreatureEnv Inicijalizacija: 12 motora. OBS_dim=40, frame_skip=1
[Fitness run Gen3Creature4] reward=1.69±0.06  dist=0.11±0.07  upright=0.03±0.01  → FITNESS=0.0297
URDF saved to temp_urdf\being_9472.urdf
Connecting to PyBullet, GUI: False
CreatureEnv Inicijalizacija: 12 motora. OBS_dim=40, frame_skip=1
[Fitness run Gen3Creature5] reward=914.10±304.24  dist=0.00±0.01  upright=0.90±0.29  → FITNESS=0.3723
URDF saved to temp_urdf\being_9472.urdf
Connecting to PyBullet, GUI: False
CreatureEnv Inicijalizacija: 12 motora. OBS_dim=40, frame_skip=1
[Fitness run Gen3Creature6] reward=1.14±0.13  dist=0.00±0.00  upright=0.27±0.07  → FITNESS=0.0986
URDF saved to temp_urdf\being_9472.urdf
Connecting to PyBullet, GUI: False
CreatureEnv Inicijalizacija: 12 motora. OBS_dim=40, frame_skip=1
[Fitness run Gen3Creature7] reward=1.66±0.01  dist=0.10±0.06  upright=0.08±0.05  → FITNESS=0.0451
URDF saved to temp_urdf\being_9472.urdf
Connecting to PyBullet, GUI: False
CreatureEnv Inicijalizacija: 12 motora. OBS_dim=40, frame_skip=1
[Fitness run Gen3Creature8] reward=1.66±0.16  dist=0.02±0.05  upright=0.12±0.04  → FITNESS=0.0536
URDF saved to temp_urdf\being_9472.urdf
Connecting to PyBullet, GUI: False
CreatureEnv Inicijalizacija: 12 motora. OBS_dim=40, frame_skip=1
[Fitness run Gen3Creature9] reward=1.78±0.00  dist=0.12±0.01  upright=0.00±0.00  → FITNESS=0.0212
URDF saved to temp_urdf\being_9472.urdf
Connecting to PyBullet, GUI: False
CreatureEnv Inicijalizacija: 12 motora. OBS_dim=40, frame_skip=1
[Fitness run Gen3Creature10] reward=955.06±317.83  dist=0.05±0.14  upright=0.90±0.30  → FITNESS=0.3762
URDF saved to temp_urdf\being_9472.urdf
Connecting to PyBullet, GUI: False
CreatureEnv Inicijalizacija: 12 motora. OBS_dim=40, frame_skip=1
[Fitness run Gen3Creature11] reward=1.44±0.47  dist=0.07±0.16  upright=0.00±0.00  → FITNESS=0.0200
URDF saved to temp_urdf\being_9472.urdf
Connecting to PyBullet, GUI: False
CreatureEnv Inicijalizacija: 12 motora. OBS_dim=40, frame_skip=1
[Fitness run Gen3Creature12] reward=1.26±0.20  dist=0.11±0.13  upright=0.20±0.06  → FITNESS=0.0812
URDF saved to temp_urdf\being_9472.urdf
Connecting to PyBullet, GUI: False
CreatureEnv Inicijalizacija: 12 motora. OBS_dim=40, frame_skip=1
[Fitness run Gen3Creature13] reward=2.01±0.13  dist=0.04±0.11  upright=0.00±0.01  → FITNESS=0.0204
URDF saved to temp_urdf\being_9472.urdf
Connecting to PyBullet, GUI: False
CreatureEnv Inicijalizacija: 12 motora. OBS_dim=40, frame_skip=1
[Fitness run Gen3Creature14] reward=1.51±0.35  dist=0.03±0.05  upright=0.23±0.14  → FITNESS=0.0878
URDF saved to temp_urdf\being_9472.urdf
Connecting to PyBullet, GUI: False
CreatureEnv Inicijalizacija: 12 motora. OBS_dim=40, frame_skip=1
[Fitness run Gen3Creature15] reward=1.62±0.05  dist=0.00±0.00  upright=0.00±0.00  → FITNESS=0.0183
URDF saved to temp_urdf\being_9472.urdf
Connecting to PyBullet, GUI: False
CreatureEnv Inicijalizacija: 12 motora. OBS_dim=40, frame_skip=1
[Fitness run Gen3Creature16] reward=970.67±322.97  dist=0.02±0.03  upright=0.92±0.24  → FITNESS=0.3827
URDF saved to temp_urdf\being_9472.urdf
Connecting to PyBullet, GUI: False
CreatureEnv Inicijalizacija: 12 motora. OBS_dim=40, frame_skip=1
[Fitness run Gen3Creature17] reward=884.45±294.28  dist=0.03±0.02  upright=0.90±0.30  → FITNESS=0.3692
URDF saved to temp_urdf\being_9472.urdf
Connecting to PyBullet, GUI: False
CreatureEnv Inicijalizacija: 12 motora. OBS_dim=40, frame_skip=1
[Fitness run Gen3Creature18] reward=1.85±0.74  dist=0.09±0.10  upright=0.00±0.00  → FITNESS=0.0207
URDF saved to temp_urdf\being_9472.urdf
Connecting to PyBullet, GUI: False
CreatureEnv Inicijalizacija: 12 motora. OBS_dim=40, frame_skip=1
[Fitness run Gen3Creature19] reward=1.65±0.00  dist=0.01±0.03  upright=0.03±0.01  → FITNESS=0.0273
URDF saved to temp_urdf\being_9472.urdf
Connecting to PyBullet, GUI: False
CreatureEnv Inicijalizacija: 12 motora. OBS_dim=40, frame_skip=1
[Fitness run Gen3Creature20] reward=1.57±0.02  dist=0.09±0.26  upright=0.41±0.13  → FITNESS=0.1434
URDF saved to temp_urdf\being_9472.urdf
Connecting to PyBullet, GUI: False
CreatureEnv Inicijalizacija: 12 motora. OBS_dim=40, frame_skip=1
[Fitness run Gen3Creature21] reward=1.69±0.00  dist=0.00±0.00  upright=0.00±0.00  → FITNESS=0.0183
URDF saved to temp_urdf\being_9472.urdf
Connecting to PyBullet, GUI: False
CreatureEnv Inicijalizacija: 12 motora. OBS_dim=40, frame_skip=1
[Fitness run Gen3Creature22] reward=1.94±0.19  dist=0.14±0.05  upright=0.00±0.00  → FITNESS=0.0218
URDF saved to temp_urdf\being_9472.urdf
Connecting to PyBullet, GUI: False
CreatureEnv Inicijalizacija: 12 motora. OBS_dim=40, frame_skip=1
[Fitness run Gen3Creature23] reward=806.66±402.65  dist=0.07±0.04  upright=0.85±0.32  → FITNESS=0.3489
URDF saved to temp_urdf\being_9472.urdf
Connecting to PyBullet, GUI: False
CreatureEnv Inicijalizacija: 12 motora. OBS_dim=40, frame_skip=1
[Fitness run Gen3Creature24] reward=1.72±0.03  dist=0.02±0.06  upright=0.04±0.12  → FITNESS=0.0305
URDF saved to temp_urdf\being_9472.urdf
Connecting to PyBullet, GUI: False
CreatureEnv Inicijalizacija: 12 motora. OBS_dim=40, frame_skip=1
[Fitness run Gen3Creature25] reward=1.88±0.06  dist=0.03±0.08  upright=0.11±0.05  → FITNESS=0.0529
URDF saved to temp_urdf\being_9472.urdf
Connecting to PyBullet, GUI: False
CreatureEnv Inicijalizacija: 12 motora. OBS_dim=40, frame_skip=1
[Fitness run Gen3Creature26] reward=1.57±0.03  dist=0.00±0.00  upright=0.01±0.02  → FITNESS=0.0203
URDF saved to temp_urdf\being_9472.urdf
Connecting to PyBullet, GUI: False
CreatureEnv Inicijalizacija: 12 motora. OBS_dim=40, frame_skip=1
[Fitness run Gen3Creature27] reward=1.56±0.02  dist=0.00±0.00  upright=0.03±0.01  → FITNESS=0.0270
URDF saved to temp_urdf\being_9472.urdf
Connecting to PyBullet, GUI: False
CreatureEnv Inicijalizacija: 12 motora. OBS_dim=40, frame_skip=1
[Fitness run Gen3Creature28] reward=0.21±0.64  dist=0.92±0.43  upright=0.00±0.00  → FITNESS=0.0413
URDF saved to temp_urdf\being_9472.urdf
Connecting to PyBullet, GUI: False
CreatureEnv Inicijalizacija: 12 motora. OBS_dim=40, frame_skip=1
[Fitness run Gen3Creature29] reward=1.71±0.04  dist=0.00±0.00  upright=0.30±0.07  → FITNESS=0.1074

==================================================
Generacija 3/20  |  Best = 0.4516  |  Mean = 0.1359  |  Std = 0.1516
==================================================
URDF saved to temp_urdf\being_9472.urdf
Connecting to PyBullet, GUI: False
CreatureEnv Inicijalizacija: 12 motora. OBS_dim=40, frame_skip=1
[Fitness run Gen3Creature2] reward=854.70±284.45  dist=0.00±0.01  upright=0.89±0.30  → FITNESS=0.3638
URDF saved to temp_urdf\being_9472.urdf
Connecting to PyBullet, GUI: False
CreatureEnv Inicijalizacija: 12 motora. OBS_dim=40, frame_skip=1
[Fitness run Gen3Creature3] reward=1.66±0.03  dist=0.00±0.00  upright=0.07±0.02  → FITNESS=0.0396
URDF saved to temp_urdf\being_9472.urdf
Connecting to PyBullet, GUI: False
CreatureEnv Inicijalizacija: 12 motora. OBS_dim=40, frame_skip=1
[Fitness run Gen3Creature4] reward=1.69±0.06  dist=0.11±0.07  upright=0.03±0.01  → FITNESS=0.0297
URDF saved to temp_urdf\being_9472.urdf
Connecting to PyBullet, GUI: False
CreatureEnv Inicijalizacija: 12 motora. OBS_dim=40, frame_skip=1
[Fitness run Gen3Creature5] reward=914.10±304.24  dist=0.00±0.01  upright=0.90±0.29  → FITNESS=0.3723
URDF saved to temp_urdf\being_9472.urdf
Connecting to PyBullet, GUI: False
CreatureEnv Inicijalizacija: 12 motora. OBS_dim=40, frame_skip=1
[Fitness run Gen3Creature6] reward=1.14±0.13  dist=0.00±0.00  upright=0.27±0.07  → FITNESS=0.0986
URDF saved to temp_urdf\being_9472.urdf
Connecting to PyBullet, GUI: False
CreatureEnv Inicijalizacija: 12 motora. OBS_dim=40, frame_skip=1
[Fitness run Gen3Creature7] reward=1.66±0.01  dist=0.10±0.06  upright=0.08±0.05  → FITNESS=0.0451
URDF saved to temp_urdf\being_9472.urdf
Connecting to PyBullet, GUI: False
CreatureEnv Inicijalizacija: 12 motora. OBS_dim=40, frame_skip=1
[Fitness run Gen3Creature8] reward=1.66±0.16  dist=0.02±0.05  upright=0.12±0.04  → FITNESS=0.0536
URDF saved to temp_urdf\being_9472.urdf
Connecting to PyBullet, GUI: False
CreatureEnv Inicijalizacija: 12 motora. OBS_dim=40, frame_skip=1
[Fitness run Gen3Creature9] reward=1.78±0.00  dist=0.12±0.01  upright=0.00±0.00  → FITNESS=0.0212
URDF saved to temp_urdf\being_9472.urdf
Connecting to PyBullet, GUI: False
CreatureEnv Inicijalizacija: 12 motora. OBS_dim=40, frame_skip=1
[Fitness run Gen3Creature10] reward=955.06±317.83  dist=0.05±0.14  upright=0.90±0.30  → FITNESS=0.3762
URDF saved to temp_urdf\being_9472.urdf
Connecting to PyBullet, GUI: False
CreatureEnv Inicijalizacija: 12 motora. OBS_dim=40, frame_skip=1
[Fitness run Gen3Creature11] reward=1.44±0.47  dist=0.07±0.16  upright=0.00±0.00  → FITNESS=0.0200
URDF saved to temp_urdf\being_9472.urdf
Connecting to PyBullet, GUI: False
CreatureEnv Inicijalizacija: 12 motora. OBS_dim=40, frame_skip=1
[Fitness run Gen3Creature12] reward=1.26±0.20  dist=0.11±0.13  upright=0.20±0.06  → FITNESS=0.0812
URDF saved to temp_urdf\being_9472.urdf
Connecting to PyBullet, GUI: False
CreatureEnv Inicijalizacija: 12 motora. OBS_dim=40, frame_skip=1
[Fitness run Gen3Creature13] reward=2.01±0.13  dist=0.04±0.11  upright=0.00±0.01  → FITNESS=0.0204
URDF saved to temp_urdf\being_9472.urdf
Connecting to PyBullet, GUI: False
CreatureEnv Inicijalizacija: 12 motora. OBS_dim=40, frame_skip=1
[Fitness run Gen3Creature14] reward=1.51±0.35  dist=0.03±0.05  upright=0.23±0.14  → FITNESS=0.0878
URDF saved to temp_urdf\being_9472.urdf
Connecting to PyBullet, GUI: False
CreatureEnv Inicijalizacija: 12 motora. OBS_dim=40, frame_skip=1
[Fitness run Gen3Creature15] reward=1.62±0.05  dist=0.00±0.00  upright=0.00±0.00  → FITNESS=0.0183
URDF saved to temp_urdf\being_9472.urdf
Connecting to PyBullet, GUI: False
CreatureEnv Inicijalizacija: 12 motora. OBS_dim=40, frame_skip=1
[Fitness run Gen3Creature16] reward=970.67±322.97  dist=0.02±0.03  upright=0.92±0.24  → FITNESS=0.3827
URDF saved to temp_urdf\being_9472.urdf
Connecting to PyBullet, GUI: False
CreatureEnv Inicijalizacija: 12 motora. OBS_dim=40, frame_skip=1
[Fitness run Gen3Creature17] reward=884.45±294.28  dist=0.03±0.02  upright=0.90±0.30  → FITNESS=0.3692
URDF saved to temp_urdf\being_9472.urdf
Connecting to PyBullet, GUI: False
CreatureEnv Inicijalizacija: 12 motora. OBS_dim=40, frame_skip=1
[Fitness run Gen3Creature18] reward=1.85±0.74  dist=0.09±0.10  upright=0.00±0.00  → FITNESS=0.0207
URDF saved to temp_urdf\being_9472.urdf
Connecting to PyBullet, GUI: False
CreatureEnv Inicijalizacija: 12 motora. OBS_dim=40, frame_skip=1
[Fitness run Gen3Creature19] reward=1.65±0.00  dist=0.01±0.03  upright=0.03±0.01  → FITNESS=0.0273
URDF saved to temp_urdf\being_9472.urdf
Connecting to PyBullet, GUI: False
CreatureEnv Inicijalizacija: 12 motora. OBS_dim=40, frame_skip=1
[Fitness run Gen3Creature20] reward=1.57±0.02  dist=0.09±0.26  upright=0.41±0.13  → FITNESS=0.1434
URDF saved to temp_urdf\being_9472.urdf
Connecting to PyBullet, GUI: False
CreatureEnv Inicijalizacija: 12 motora. OBS_dim=40, frame_skip=1
[Fitness run Gen3Creature21] reward=1.69±0.00  dist=0.00±0.00  upright=0.00±0.00  → FITNESS=0.0183
URDF saved to temp_urdf\being_9472.urdf
Connecting to PyBullet, GUI: False
CreatureEnv Inicijalizacija: 12 motora. OBS_dim=40, frame_skip=1
[Fitness run Gen3Creature22] reward=1.94±0.19  dist=0.14±0.05  upright=0.00±0.00  → FITNESS=0.0218
URDF saved to temp_urdf\being_9472.urdf
Connecting to PyBullet, GUI: False
CreatureEnv Inicijalizacija: 12 motora. OBS_dim=40, frame_skip=1
[Fitness run Gen3Creature23] reward=806.66±402.65  dist=0.07±0.04  upright=0.85±0.32  → FITNESS=0.3489
URDF saved to temp_urdf\being_9472.urdf
Connecting to PyBullet, GUI: False
CreatureEnv Inicijalizacija: 12 motora. OBS_dim=40, frame_skip=1
[Fitness run Gen3Creature24] reward=1.72±0.03  dist=0.02±0.06  upright=0.04±0.12  → FITNESS=0.0305
URDF saved to temp_urdf\being_9472.urdf
Connecting to PyBullet, GUI: False
CreatureEnv Inicijalizacija: 12 motora. OBS_dim=40, frame_skip=1
[Fitness run Gen3Creature25] reward=1.88±0.06  dist=0.03±0.08  upright=0.11±0.05  → FITNESS=0.0529
URDF saved to temp_urdf\being_9472.urdf
Connecting to PyBullet, GUI: False
CreatureEnv Inicijalizacija: 12 motora. OBS_dim=40, frame_skip=1
[Fitness run Gen3Creature26] reward=1.57±0.03  dist=0.00±0.00  upright=0.01±0.02  → FITNESS=0.0203
URDF saved to temp_urdf\being_9472.urdf
Connecting to PyBullet, GUI: False
CreatureEnv Inicijalizacija: 12 motora. OBS_dim=40, frame_skip=1
[Fitness run Gen3Creature27] reward=1.56±0.02  dist=0.00±0.00  upright=0.03±0.01  → FITNESS=0.0270
URDF saved to temp_urdf\being_9472.urdf
Connecting to PyBullet, GUI: False
CreatureEnv Inicijalizacija: 12 motora. OBS_dim=40, frame_skip=1
[Fitness run Gen3Creature28] reward=0.21±0.64  dist=0.92±0.43  upright=0.00±0.00  → FITNESS=0.0413
URDF saved to temp_urdf\being_9472.urdf
Connecting to PyBullet, GUI: False
CreatureEnv Inicijalizacija: 12 motora. OBS_dim=40, frame_skip=1
[Fitness run Gen3Creature29] reward=1.71±0.04  dist=0.00±0.00  upright=0.30±0.07  → FITNESS=0.1074
Genome saved to results\distanceBased500Steps5DifferentSeeds\run_4\run_4_best_creature.json
[plot] Summary saved → results\distanceBased500Steps5DifferentSeeds\run_4\run_4_summary.png
URDF saved to temp_urdf\being_9472.urdf
Connecting to PyBullet, GUI: False
CreatureEnv Inicijalizacija: 12 motora. OBS_dim=40, frame_skip=1
[Fitness run Gen4Creature2] reward=1.43±0.07  dist=0.05±0.15  upright=0.09±0.03  → FITNESS=0.0466
URDF saved to temp_urdf\being_9472.urdf
Connecting to PyBullet, GUI: False
CreatureEnv Inicijalizacija: 12 motora. OBS_dim=40, frame_skip=1
[Fitness run Gen4Creature3] reward=1.63±0.01  dist=0.11±0.06  upright=0.06±0.02  → FITNESS=0.0384
URDF saved to temp_urdf\being_9472.urdf
Connecting to PyBullet, GUI: False
CreatureEnv Inicijalizacija: 12 motora. OBS_dim=40, frame_skip=1
[Fitness run Gen4Creature4] reward=1.69±0.03  dist=0.06±0.17  upright=0.41±0.13  → FITNESS=0.1436
URDF saved to temp_urdf\being_9472.urdf
Connecting to PyBullet, GUI: False
CreatureEnv Inicijalizacija: 12 motora. OBS_dim=40, frame_skip=1
[Fitness run Gen4Creature5] reward=0.54±0.40  dist=0.12±0.05  upright=0.41±0.07  → FITNESS=0.1430
URDF saved to temp_urdf\being_9472.urdf
Connecting to PyBullet, GUI: False
CreatureEnv Inicijalizacija: 12 motora. OBS_dim=40, frame_skip=1
[Fitness run Gen4Creature6] reward=1.56±0.03  dist=0.00±0.00  upright=0.24±0.05  → FITNESS=0.0909
URDF saved to temp_urdf\being_9472.urdf
Connecting to PyBullet, GUI: False
CreatureEnv Inicijalizacija: 12 motora. OBS_dim=40, frame_skip=1
[Fitness run Gen4Creature7] reward=1.67±0.00  dist=0.12±0.07  upright=0.00±0.01  → FITNESS=0.0222
URDF saved to temp_urdf\being_9472.urdf
Connecting to PyBullet, GUI: False
CreatureEnv Inicijalizacija: 12 motora. OBS_dim=40, frame_skip=1
[Fitness run Gen4Creature8] reward=1.47±0.11  dist=0.06±0.08  upright=0.04±0.05  → FITNESS=0.0323
URDF saved to temp_urdf\being_9472.urdf
Connecting to PyBullet, GUI: False
CreatureEnv Inicijalizacija: 12 motora. OBS_dim=40, frame_skip=1
[Fitness run Gen4Creature9] reward=1.58±0.16  dist=0.09±0.04  upright=0.00±0.00  → FITNESS=0.0205
URDF saved to temp_urdf\being_9472.urdf
Connecting to PyBullet, GUI: False
CreatureEnv Inicijalizacija: 12 motora. OBS_dim=40, frame_skip=1
[Fitness run Gen4Creature11] reward=924.92±307.80  dist=0.05±0.04  upright=0.90±0.30  → FITNESS=0.3734
URDF saved to temp_urdf\being_9472.urdf
Connecting to PyBullet, GUI: False
CreatureEnv Inicijalizacija: 12 motora. OBS_dim=40, frame_skip=1
[Fitness run Gen4Creature12] reward=1.47±0.00  dist=0.02±0.06  upright=0.00±0.00  → FITNESS=0.0188
URDF saved to temp_urdf\being_9472.urdf
Connecting to PyBullet, GUI: False
CreatureEnv Inicijalizacija: 12 motora. OBS_dim=40, frame_skip=1
[Fitness run Gen4Creature13] reward=-0.34±0.59  dist=0.92±0.04  upright=0.00±0.00  → FITNESS=0.0412
URDF saved to temp_urdf\being_9472.urdf
Connecting to PyBullet, GUI: False
CreatureEnv Inicijalizacija: 12 motora. OBS_dim=40, frame_skip=1
[Fitness run Gen4Creature14] reward=1.54±0.36  dist=0.01±0.03  upright=0.48±0.31  → FITNESS=0.1618
URDF saved to temp_urdf\being_9472.urdf
Connecting to PyBullet, GUI: False
CreatureEnv Inicijalizacija: 12 motora. OBS_dim=40, frame_skip=1
[Fitness run Gen4Creature15] reward=1.65±0.03  dist=0.02±0.04  upright=0.08±0.02  → FITNESS=0.0439
URDF saved to temp_urdf\being_9472.urdf
Connecting to PyBullet, GUI: False
CreatureEnv Inicijalizacija: 12 motora. OBS_dim=40, frame_skip=1
[Fitness run Gen4Creature16] reward=1.70±0.04  dist=0.07±0.04  upright=0.09±0.15  → FITNESS=0.0461
URDF saved to temp_urdf\being_9472.urdf
Connecting to PyBullet, GUI: False
CreatureEnv Inicijalizacija: 12 motora. OBS_dim=40, frame_skip=1
[Fitness run Gen4Creature17] reward=1.55±0.17  dist=0.00±0.00  upright=0.19±0.08  → FITNESS=0.0764
URDF saved to temp_urdf\being_9472.urdf
Connecting to PyBullet, GUI: False
CreatureEnv Inicijalizacija: 12 motora. OBS_dim=40, frame_skip=1
[Fitness run Gen4Creature18] reward=-0.50±0.09  dist=0.35±0.11  upright=0.10±0.06  → FITNESS=0.0568
URDF saved to temp_urdf\being_9472.urdf
Connecting to PyBullet, GUI: False
CreatureEnv Inicijalizacija: 12 motora. OBS_dim=40, frame_skip=1
[Fitness run Gen4Creature19] reward=1.38±0.15  dist=0.07±0.07  upright=0.57±0.22  → FITNESS=0.1914
URDF saved to temp_urdf\being_9472.urdf
Connecting to PyBullet, GUI: False
CreatureEnv Inicijalizacija: 12 motora. OBS_dim=40, frame_skip=1
[Fitness run Gen4Creature20] reward=1.57±0.02  dist=0.09±0.26  upright=0.41±0.13  → FITNESS=0.1434
URDF saved to temp_urdf\being_9472.urdf
Connecting to PyBullet, GUI: False
CreatureEnv Inicijalizacija: 12 motora. OBS_dim=40, frame_skip=1
[Fitness run Gen4Creature21] reward=1.70±0.02  dist=0.00±0.00  upright=0.03±0.01  → FITNESS=0.0270
URDF saved to temp_urdf\being_9472.urdf
Connecting to PyBullet, GUI: False
CreatureEnv Inicijalizacija: 12 motora. OBS_dim=40, frame_skip=1
[Fitness run Gen4Creature22] reward=1.49±0.13  dist=0.03±0.04  upright=0.35±0.00  → FITNESS=0.1256
URDF saved to temp_urdf\being_9472.urdf
Connecting to PyBullet, GUI: False
CreatureEnv Inicijalizacija: 12 motora. OBS_dim=40, frame_skip=1
[Fitness run Gen4Creature23] reward=901.42±299.94  dist=0.10±0.04  upright=0.90±0.30  → FITNESS=0.3725
URDF saved to temp_urdf\being_9472.urdf
Connecting to PyBullet, GUI: False
CreatureEnv Inicijalizacija: 12 motora. OBS_dim=40, frame_skip=1
[Fitness run Gen4Creature24] reward=1.50±0.04  dist=0.19±0.02  upright=0.01±0.03  → FITNESS=0.0260
URDF saved to temp_urdf\being_9472.urdf
Connecting to PyBullet, GUI: False
CreatureEnv Inicijalizacija: 12 motora. OBS_dim=40, frame_skip=1
[Fitness run Gen4Creature25] reward=1.98±0.00  dist=0.05±0.05  upright=1.00±0.00  → FITNESS=0.3197
URDF saved to temp_urdf\being_9472.urdf
Connecting to PyBullet, GUI: False
CreatureEnv Inicijalizacija: 12 motora. OBS_dim=40, frame_skip=1
[Fitness run Gen4Creature26] reward=1.63±0.00  dist=0.01±0.04  upright=0.00±0.01  → FITNESS=0.0196
URDF saved to temp_urdf\being_9472.urdf
Connecting to PyBullet, GUI: False
CreatureEnv Inicijalizacija: 12 motora. OBS_dim=40, frame_skip=1
[Fitness run Gen4Creature27] reward=1.68±0.04  dist=0.00±0.00  upright=0.25±0.09  → FITNESS=0.0939
URDF saved to temp_urdf\being_9472.urdf
Connecting to PyBullet, GUI: False
CreatureEnv Inicijalizacija: 12 motora. OBS_dim=40, frame_skip=1
[Fitness run Gen4Creature28] reward=0.35±0.45  dist=0.14±0.43  upright=0.47±0.11  → FITNESS=0.1621
URDF saved to temp_urdf\being_9472.urdf
Connecting to PyBullet, GUI: False
CreatureEnv Inicijalizacija: 12 motora. OBS_dim=40, frame_skip=1
[Fitness run Gen4Creature29] reward=902.61±300.34  dist=0.02±0.01  upright=0.90±0.30  → FITNESS=0.3708

==================================================
Generacija 4/20  |  Best = 0.4516  |  Mean = 0.1474  |  Std = 0.1375
==================================================
URDF saved to temp_urdf\being_9472.urdf
Connecting to PyBullet, GUI: False
CreatureEnv Inicijalizacija: 12 motora. OBS_dim=40, frame_skip=1
[Fitness run Gen4Creature2] reward=1.43±0.07  dist=0.05±0.15  upright=0.09±0.03  → FITNESS=0.0466
URDF saved to temp_urdf\being_9472.urdf
Connecting to PyBullet, GUI: False
CreatureEnv Inicijalizacija: 12 motora. OBS_dim=40, frame_skip=1
[Fitness run Gen4Creature3] reward=1.63±0.01  dist=0.11±0.06  upright=0.06±0.02  → FITNESS=0.0384
URDF saved to temp_urdf\being_9472.urdf
Connecting to PyBullet, GUI: False
CreatureEnv Inicijalizacija: 12 motora. OBS_dim=40, frame_skip=1
[Fitness run Gen4Creature4] reward=1.69±0.03  dist=0.06±0.17  upright=0.41±0.13  → FITNESS=0.1436
URDF saved to temp_urdf\being_9472.urdf
Connecting to PyBullet, GUI: False
CreatureEnv Inicijalizacija: 12 motora. OBS_dim=40, frame_skip=1
[Fitness run Gen4Creature5] reward=0.54±0.40  dist=0.12±0.05  upright=0.41±0.07  → FITNESS=0.1430
URDF saved to temp_urdf\being_9472.urdf
Connecting to PyBullet, GUI: False
CreatureEnv Inicijalizacija: 12 motora. OBS_dim=40, frame_skip=1
[Fitness run Gen4Creature6] reward=1.56±0.03  dist=0.00±0.00  upright=0.24±0.05  → FITNESS=0.0909
URDF saved to temp_urdf\being_9472.urdf
Connecting to PyBullet, GUI: False
CreatureEnv Inicijalizacija: 12 motora. OBS_dim=40, frame_skip=1
[Fitness run Gen4Creature7] reward=1.67±0.00  dist=0.12±0.07  upright=0.00±0.01  → FITNESS=0.0222
URDF saved to temp_urdf\being_9472.urdf
Connecting to PyBullet, GUI: False
CreatureEnv Inicijalizacija: 12 motora. OBS_dim=40, frame_skip=1
[Fitness run Gen4Creature8] reward=1.47±0.11  dist=0.06±0.08  upright=0.04±0.05  → FITNESS=0.0323
URDF saved to temp_urdf\being_9472.urdf
Connecting to PyBullet, GUI: False
CreatureEnv Inicijalizacija: 12 motora. OBS_dim=40, frame_skip=1
[Fitness run Gen4Creature9] reward=1.58±0.16  dist=0.09±0.04  upright=0.00±0.00  → FITNESS=0.0205
URDF saved to temp_urdf\being_9472.urdf
Connecting to PyBullet, GUI: False
CreatureEnv Inicijalizacija: 12 motora. OBS_dim=40, frame_skip=1
[Fitness run Gen4Creature11] reward=924.92±307.80  dist=0.05±0.04  upright=0.90±0.30  → FITNESS=0.3734
URDF saved to temp_urdf\being_9472.urdf
Connecting to PyBullet, GUI: False
CreatureEnv Inicijalizacija: 12 motora. OBS_dim=40, frame_skip=1
[Fitness run Gen4Creature12] reward=1.47±0.00  dist=0.02±0.06  upright=0.00±0.00  → FITNESS=0.0188
URDF saved to temp_urdf\being_9472.urdf
Connecting to PyBullet, GUI: False
CreatureEnv Inicijalizacija: 12 motora. OBS_dim=40, frame_skip=1
[Fitness run Gen4Creature13] reward=-0.34±0.59  dist=0.92±0.04  upright=0.00±0.00  → FITNESS=0.0412
URDF saved to temp_urdf\being_9472.urdf
Connecting to PyBullet, GUI: False
CreatureEnv Inicijalizacija: 12 motora. OBS_dim=40, frame_skip=1
[Fitness run Gen4Creature14] reward=1.54±0.36  dist=0.01±0.03  upright=0.48±0.31  → FITNESS=0.1618
URDF saved to temp_urdf\being_9472.urdf
Connecting to PyBullet, GUI: False
CreatureEnv Inicijalizacija: 12 motora. OBS_dim=40, frame_skip=1
[Fitness run Gen4Creature15] reward=1.65±0.03  dist=0.02±0.04  upright=0.08±0.02  → FITNESS=0.0439
URDF saved to temp_urdf\being_9472.urdf
Connecting to PyBullet, GUI: False
CreatureEnv Inicijalizacija: 12 motora. OBS_dim=40, frame_skip=1
[Fitness run Gen4Creature16] reward=1.70±0.04  dist=0.07±0.04  upright=0.09±0.15  → FITNESS=0.0461
URDF saved to temp_urdf\being_9472.urdf
Connecting to PyBullet, GUI: False
CreatureEnv Inicijalizacija: 12 motora. OBS_dim=40, frame_skip=1
[Fitness run Gen4Creature17] reward=1.55±0.17  dist=0.00±0.00  upright=0.19±0.08  → FITNESS=0.0764
URDF saved to temp_urdf\being_9472.urdf
Connecting to PyBullet, GUI: False
CreatureEnv Inicijalizacija: 12 motora. OBS_dim=40, frame_skip=1
[Fitness run Gen4Creature18] reward=-0.50±0.09  dist=0.35±0.11  upright=0.10±0.06  → FITNESS=0.0568
URDF saved to temp_urdf\being_9472.urdf
Connecting to PyBullet, GUI: False
CreatureEnv Inicijalizacija: 12 motora. OBS_dim=40, frame_skip=1
[Fitness run Gen4Creature19] reward=1.38±0.15  dist=0.07±0.07  upright=0.57±0.22  → FITNESS=0.1914
URDF saved to temp_urdf\being_9472.urdf
Connecting to PyBullet, GUI: False
CreatureEnv Inicijalizacija: 12 motora. OBS_dim=40, frame_skip=1
[Fitness run Gen4Creature20] reward=1.57±0.02  dist=0.09±0.26  upright=0.41±0.13  → FITNESS=0.1434
URDF saved to temp_urdf\being_9472.urdf
Connecting to PyBullet, GUI: False
CreatureEnv Inicijalizacija: 12 motora. OBS_dim=40, frame_skip=1
[Fitness run Gen4Creature21] reward=1.70±0.02  dist=0.00±0.00  upright=0.03±0.01  → FITNESS=0.0270
URDF saved to temp_urdf\being_9472.urdf
Connecting to PyBullet, GUI: False
CreatureEnv Inicijalizacija: 12 motora. OBS_dim=40, frame_skip=1
[Fitness run Gen4Creature22] reward=1.49±0.13  dist=0.03±0.04  upright=0.35±0.00  → FITNESS=0.1256
URDF saved to temp_urdf\being_9472.urdf
Connecting to PyBullet, GUI: False
CreatureEnv Inicijalizacija: 12 motora. OBS_dim=40, frame_skip=1
[Fitness run Gen4Creature23] reward=901.42±299.94  dist=0.10±0.04  upright=0.90±0.30  → FITNESS=0.3725
URDF saved to temp_urdf\being_9472.urdf
Connecting to PyBullet, GUI: False
CreatureEnv Inicijalizacija: 12 motora. OBS_dim=40, frame_skip=1
[Fitness run Gen4Creature24] reward=1.50±0.04  dist=0.19±0.02  upright=0.01±0.03  → FITNESS=0.0260
URDF saved to temp_urdf\being_9472.urdf
Connecting to PyBullet, GUI: False
CreatureEnv Inicijalizacija: 12 motora. OBS_dim=40, frame_skip=1
[Fitness run Gen4Creature25] reward=1.98±0.00  dist=0.05±0.05  upright=1.00±0.00  → FITNESS=0.3197
URDF saved to temp_urdf\being_9472.urdf
Connecting to PyBullet, GUI: False
CreatureEnv Inicijalizacija: 12 motora. OBS_dim=40, frame_skip=1
[Fitness run Gen4Creature26] reward=1.63±0.00  dist=0.01±0.04  upright=0.00±0.01  → FITNESS=0.0196
URDF saved to temp_urdf\being_9472.urdf
Connecting to PyBullet, GUI: False
CreatureEnv Inicijalizacija: 12 motora. OBS_dim=40, frame_skip=1
[Fitness run Gen4Creature27] reward=1.68±0.04  dist=0.00±0.00  upright=0.25±0.09  → FITNESS=0.0939
URDF saved to temp_urdf\being_9472.urdf
Connecting to PyBullet, GUI: False
CreatureEnv Inicijalizacija: 12 motora. OBS_dim=40, frame_skip=1
[Fitness run Gen4Creature28] reward=0.35±0.45  dist=0.14±0.43  upright=0.47±0.11  → FITNESS=0.1621
URDF saved to temp_urdf\being_9472.urdf
Connecting to PyBullet, GUI: False
CreatureEnv Inicijalizacija: 12 motora. OBS_dim=40, frame_skip=1
[Fitness run Gen4Creature29] reward=902.61±300.34  dist=0.02±0.01  upright=0.90±0.30  → FITNESS=0.3708
Genome saved to results\distanceBased500Steps5DifferentSeeds\run_4\run_4_best_creature.json
[plot] Summary saved → results\distanceBased500Steps5DifferentSeeds\run_4\run_4_summary.png
URDF saved to temp_urdf\being_9472.urdf
Connecting to PyBullet, GUI: False
CreatureEnv Inicijalizacija: 12 motora. OBS_dim=40, frame_skip=1
[Fitness run Gen5Creature2] reward=871.87±435.16  dist=0.19±0.09  upright=0.89±0.30  → FITNESS=0.3684
URDF saved to temp_urdf\being_9472.urdf
Connecting to PyBullet, GUI: False
CreatureEnv Inicijalizacija: 12 motora. OBS_dim=40, frame_skip=1
[Fitness run Gen5Creature3] reward=1.63±0.01  dist=0.11±0.06  upright=0.06±0.02  → FITNESS=0.0384
URDF saved to temp_urdf\being_9472.urdf
Connecting to PyBullet, GUI: False
CreatureEnv Inicijalizacija: 12 motora. OBS_dim=40, frame_skip=1
[Fitness run Gen5Creature4] reward=213.89±424.71  dist=0.16±0.11  upright=0.70±0.26  → FITNESS=0.2507
URDF saved to temp_urdf\being_9472.urdf
Connecting to PyBullet, GUI: False
CreatureEnv Inicijalizacija: 12 motora. OBS_dim=40, frame_skip=1
[Fitness run Gen5Creature5] reward=-0.58±0.27  dist=0.64±0.32  upright=0.00±0.01  → FITNESS=0.0351
URDF saved to temp_urdf\being_9472.urdf
Connecting to PyBullet, GUI: False
CreatureEnv Inicijalizacija: 12 motora. OBS_dim=40, frame_skip=1
[Fitness run Gen5Creature6] reward=0.83±0.26  dist=0.07±0.03  upright=0.45±0.12  → FITNESS=0.1535
URDF saved to temp_urdf\being_9472.urdf
Connecting to PyBullet, GUI: False
CreatureEnv Inicijalizacija: 12 motora. OBS_dim=40, frame_skip=1
[Fitness run Gen5Creature7] reward=997.72±332.59  dist=1.79±1.01  upright=0.96±0.13  → FITNESS=0.4410
URDF saved to temp_urdf\being_9472.urdf
Connecting to PyBullet, GUI: False
CreatureEnv Inicijalizacija: 12 motora. OBS_dim=40, frame_skip=1
[Fitness run Gen5Creature8] reward=1.46±0.01  dist=0.06±0.17  upright=0.23±0.08  → FITNESS=0.0894
URDF saved to temp_urdf\being_9472.urdf
Connecting to PyBullet, GUI: False
CreatureEnv Inicijalizacija: 12 motora. OBS_dim=40, frame_skip=1
[Fitness run Gen5Creature9] reward=1.72±0.00  dist=0.00±0.00  upright=0.00±0.00  → FITNESS=0.0183
URDF saved to temp_urdf\being_9472.urdf
Connecting to PyBullet, GUI: False
CreatureEnv Inicijalizacija: 12 motora. OBS_dim=40, frame_skip=1
[Fitness run Gen5Creature12] reward=1.38±0.03  dist=0.02±0.05  upright=0.00±0.00  → FITNESS=0.0187
URDF saved to temp_urdf\being_9472.urdf
Connecting to PyBullet, GUI: False
CreatureEnv Inicijalizacija: 12 motora. OBS_dim=40, frame_skip=1
[Fitness run Gen5Creature13] reward=-0.34±0.59  dist=0.92±0.04  upright=0.00±0.00  → FITNESS=0.0412
URDF saved to temp_urdf\being_9472.urdf
Connecting to PyBullet, GUI: False
CreatureEnv Inicijalizacija: 12 motora. OBS_dim=40, frame_skip=1
[Fitness run Gen5Creature14] reward=1.52±0.54  dist=0.00±0.00  upright=0.25±0.10  → FITNESS=0.0928
URDF saved to temp_urdf\being_9472.urdf
Connecting to PyBullet, GUI: False
CreatureEnv Inicijalizacija: 12 motora. OBS_dim=40, frame_skip=1
[Fitness run Gen5Creature15] reward=1.54±0.01  dist=0.03±0.02  upright=0.16±0.06  → FITNESS=0.0675
URDF saved to temp_urdf\being_9472.urdf
Connecting to PyBullet, GUI: False
CreatureEnv Inicijalizacija: 12 motora. OBS_dim=40, frame_skip=1
[Fitness run Gen5Creature16] reward=918.95±305.80  dist=0.09±0.03  upright=0.93±0.22  → FITNESS=0.3816
URDF saved to temp_urdf\being_9472.urdf
Connecting to PyBullet, GUI: False
CreatureEnv Inicijalizacija: 12 motora. OBS_dim=40, frame_skip=1
[Fitness run Gen5Creature17] reward=1.47±0.03  dist=0.00±0.00  upright=0.00±0.00  → FITNESS=0.0183
URDF saved to temp_urdf\being_9472.urdf
Connecting to PyBullet, GUI: False
CreatureEnv Inicijalizacija: 12 motora. OBS_dim=40, frame_skip=1
[Fitness run Gen5Creature18] reward=1.57±0.07  dist=0.01±0.04  upright=0.00±0.00  → FITNESS=0.0187
URDF saved to temp_urdf\being_9472.urdf
Connecting to PyBullet, GUI: False
CreatureEnv Inicijalizacija: 12 motora. OBS_dim=40, frame_skip=1
[Fitness run Gen5Creature19] reward=1.66±0.02  dist=0.00±0.00  upright=0.16±0.11  → FITNESS=0.0677
URDF saved to temp_urdf\being_9472.urdf
Connecting to PyBullet, GUI: False
CreatureEnv Inicijalizacija: 12 motora. OBS_dim=40, frame_skip=1
[Fitness run Gen5Creature20] reward=1.57±0.02  dist=0.09±0.26  upright=0.41±0.13  → FITNESS=0.1434
URDF saved to temp_urdf\being_9472.urdf
Connecting to PyBullet, GUI: False
CreatureEnv Inicijalizacija: 12 motora. OBS_dim=40, frame_skip=1
[Fitness run Gen5Creature21] reward=1.70±0.02  dist=0.00±0.00  upright=0.03±0.01  → FITNESS=0.0270
URDF saved to temp_urdf\being_9472.urdf
Connecting to PyBullet, GUI: False
CreatureEnv Inicijalizacija: 12 motora. OBS_dim=40, frame_skip=1
[Fitness run Gen5Creature22] reward=1.40±0.23  dist=0.18±0.10  upright=0.55±0.17  → FITNESS=0.1883
URDF saved to temp_urdf\being_9472.urdf
Connecting to PyBullet, GUI: False
CreatureEnv Inicijalizacija: 12 motora. OBS_dim=40, frame_skip=1
[Fitness run Gen5Creature24] reward=1.58±0.00  dist=0.05±0.04  upright=0.00±0.00  → FITNESS=0.0195
URDF saved to temp_urdf\being_9472.urdf
Connecting to PyBullet, GUI: False
CreatureEnv Inicijalizacija: 12 motora. OBS_dim=40, frame_skip=1
[Fitness run Gen5Creature25] reward=894.36±298.22  dist=0.08±0.23  upright=0.90±0.29  → FITNESS=0.3723
URDF saved to temp_urdf\being_9472.urdf
Connecting to PyBullet, GUI: False
CreatureEnv Inicijalizacija: 12 motora. OBS_dim=40, frame_skip=1
[Fitness run Gen5Creature26] reward=1.61±0.06  dist=0.00±0.00  upright=0.05±0.08  → FITNESS=0.0348
URDF saved to temp_urdf\being_9472.urdf
Connecting to PyBullet, GUI: False
CreatureEnv Inicijalizacija: 12 motora. OBS_dim=40, frame_skip=1
[Fitness run Gen5Creature27] reward=944.60±314.32  dist=0.11±0.04  upright=0.90±0.30  → FITNESS=0.3769
URDF saved to temp_urdf\being_9472.urdf
Connecting to PyBullet, GUI: False
CreatureEnv Inicijalizacija: 12 motora. OBS_dim=40, frame_skip=1
[Fitness run Gen5Creature28] reward=1.49±0.07  dist=0.01±0.04  upright=0.00±0.00  → FITNESS=0.0186
URDF saved to temp_urdf\being_9472.urdf
Connecting to PyBullet, GUI: False
CreatureEnv Inicijalizacija: 12 motora. OBS_dim=40, frame_skip=1
[Fitness run Gen5Creature29] reward=1.76±0.01  dist=0.02±0.07  upright=0.45±0.09  → FITNESS=0.1554

==================================================
Generacija 5/20  |  Best = 0.4516  |  Mean = 0.1799  |  Std = 0.1591
==================================================
URDF saved to temp_urdf\being_9472.urdf
Connecting to PyBullet, GUI: False
CreatureEnv Inicijalizacija: 12 motora. OBS_dim=40, frame_skip=1
[Fitness run Gen5Creature2] reward=871.87±435.16  dist=0.19±0.09  upright=0.89±0.30  → FITNESS=0.3684
URDF saved to temp_urdf\being_9472.urdf
Connecting to PyBullet, GUI: False
CreatureEnv Inicijalizacija: 12 motora. OBS_dim=40, frame_skip=1
[Fitness run Gen5Creature3] reward=1.63±0.01  dist=0.11±0.06  upright=0.06±0.02  → FITNESS=0.0384
URDF saved to temp_urdf\being_9472.urdf
Connecting to PyBullet, GUI: False
CreatureEnv Inicijalizacija: 12 motora. OBS_dim=40, frame_skip=1
[Fitness run Gen5Creature4] reward=213.89±424.71  dist=0.16±0.11  upright=0.70±0.26  → FITNESS=0.2507
URDF saved to temp_urdf\being_9472.urdf
Connecting to PyBullet, GUI: False
CreatureEnv Inicijalizacija: 12 motora. OBS_dim=40, frame_skip=1
[Fitness run Gen5Creature5] reward=-0.58±0.27  dist=0.64±0.32  upright=0.00±0.01  → FITNESS=0.0351
URDF saved to temp_urdf\being_9472.urdf
Connecting to PyBullet, GUI: False
CreatureEnv Inicijalizacija: 12 motora. OBS_dim=40, frame_skip=1
[Fitness run Gen5Creature6] reward=0.83±0.26  dist=0.07±0.03  upright=0.45±0.12  → FITNESS=0.1535
URDF saved to temp_urdf\being_9472.urdf
Connecting to PyBullet, GUI: False
CreatureEnv Inicijalizacija: 12 motora. OBS_dim=40, frame_skip=1
[Fitness run Gen5Creature7] reward=997.72±332.59  dist=1.79±1.01  upright=0.96±0.13  → FITNESS=0.4410
URDF saved to temp_urdf\being_9472.urdf
Connecting to PyBullet, GUI: False
CreatureEnv Inicijalizacija: 12 motora. OBS_dim=40, frame_skip=1
[Fitness run Gen5Creature8] reward=1.46±0.01  dist=0.06±0.17  upright=0.23±0.08  → FITNESS=0.0894
URDF saved to temp_urdf\being_9472.urdf
Connecting to PyBullet, GUI: False
CreatureEnv Inicijalizacija: 12 motora. OBS_dim=40, frame_skip=1
[Fitness run Gen5Creature9] reward=1.72±0.00  dist=0.00±0.00  upright=0.00±0.00  → FITNESS=0.0183
URDF saved to temp_urdf\being_9472.urdf
Connecting to PyBullet, GUI: False
CreatureEnv Inicijalizacija: 12 motora. OBS_dim=40, frame_skip=1
[Fitness run Gen5Creature12] reward=1.38±0.03  dist=0.02±0.05  upright=0.00±0.00  → FITNESS=0.0187
URDF saved to temp_urdf\being_9472.urdf
Connecting to PyBullet, GUI: False
CreatureEnv Inicijalizacija: 12 motora. OBS_dim=40, frame_skip=1
[Fitness run Gen5Creature13] reward=-0.34±0.59  dist=0.92±0.04  upright=0.00±0.00  → FITNESS=0.0412
URDF saved to temp_urdf\being_9472.urdf
Connecting to PyBullet, GUI: False
CreatureEnv Inicijalizacija: 12 motora. OBS_dim=40, frame_skip=1
[Fitness run Gen5Creature14] reward=1.52±0.54  dist=0.00±0.00  upright=0.25±0.10  → FITNESS=0.0928
URDF saved to temp_urdf\being_9472.urdf
Connecting to PyBullet, GUI: False
CreatureEnv Inicijalizacija: 12 motora. OBS_dim=40, frame_skip=1
[Fitness run Gen5Creature15] reward=1.54±0.01  dist=0.03±0.02  upright=0.16±0.06  → FITNESS=0.0675
URDF saved to temp_urdf\being_9472.urdf
Connecting to PyBullet, GUI: False
CreatureEnv Inicijalizacija: 12 motora. OBS_dim=40, frame_skip=1
[Fitness run Gen5Creature16] reward=918.95±305.80  dist=0.09±0.03  upright=0.93±0.22  → FITNESS=0.3816
URDF saved to temp_urdf\being_9472.urdf
Connecting to PyBullet, GUI: False
CreatureEnv Inicijalizacija: 12 motora. OBS_dim=40, frame_skip=1
[Fitness run Gen5Creature17] reward=1.47±0.03  dist=0.00±0.00  upright=0.00±0.00  → FITNESS=0.0183
URDF saved to temp_urdf\being_9472.urdf
Connecting to PyBullet, GUI: False
CreatureEnv Inicijalizacija: 12 motora. OBS_dim=40, frame_skip=1
[Fitness run Gen5Creature18] reward=1.57±0.07  dist=0.01±0.04  upright=0.00±0.00  → FITNESS=0.0187
URDF saved to temp_urdf\being_9472.urdf
Connecting to PyBullet, GUI: False
CreatureEnv Inicijalizacija: 12 motora. OBS_dim=40, frame_skip=1
[Fitness run Gen5Creature19] reward=1.66±0.02  dist=0.00±0.00  upright=0.16±0.11  → FITNESS=0.0677
URDF saved to temp_urdf\being_9472.urdf
Connecting to PyBullet, GUI: False
CreatureEnv Inicijalizacija: 12 motora. OBS_dim=40, frame_skip=1
[Fitness run Gen5Creature20] reward=1.57±0.02  dist=0.09±0.26  upright=0.41±0.13  → FITNESS=0.1434
URDF saved to temp_urdf\being_9472.urdf
Connecting to PyBullet, GUI: False
CreatureEnv Inicijalizacija: 12 motora. OBS_dim=40, frame_skip=1
[Fitness run Gen5Creature21] reward=1.70±0.02  dist=0.00±0.00  upright=0.03±0.01  → FITNESS=0.0270
URDF saved to temp_urdf\being_9472.urdf
Connecting to PyBullet, GUI: False
CreatureEnv Inicijalizacija: 12 motora. OBS_dim=40, frame_skip=1
[Fitness run Gen5Creature22] reward=1.40±0.23  dist=0.18±0.10  upright=0.55±0.17  → FITNESS=0.1883
URDF saved to temp_urdf\being_9472.urdf
Connecting to PyBullet, GUI: False
CreatureEnv Inicijalizacija: 12 motora. OBS_dim=40, frame_skip=1
[Fitness run Gen5Creature24] reward=1.58±0.00  dist=0.05±0.04  upright=0.00±0.00  → FITNESS=0.0195
URDF saved to temp_urdf\being_9472.urdf
Connecting to PyBullet, GUI: False
CreatureEnv Inicijalizacija: 12 motora. OBS_dim=40, frame_skip=1
[Fitness run Gen5Creature25] reward=894.36±298.22  dist=0.08±0.23  upright=0.90±0.29  → FITNESS=0.3723
URDF saved to temp_urdf\being_9472.urdf
Connecting to PyBullet, GUI: False
CreatureEnv Inicijalizacija: 12 motora. OBS_dim=40, frame_skip=1
[Fitness run Gen5Creature26] reward=1.61±0.06  dist=0.00±0.00  upright=0.05±0.08  → FITNESS=0.0348
URDF saved to temp_urdf\being_9472.urdf
Connecting to PyBullet, GUI: False
CreatureEnv Inicijalizacija: 12 motora. OBS_dim=40, frame_skip=1
[Fitness run Gen5Creature27] reward=944.60±314.32  dist=0.11±0.04  upright=0.90±0.30  → FITNESS=0.3769
URDF saved to temp_urdf\being_9472.urdf
Connecting to PyBullet, GUI: False
CreatureEnv Inicijalizacija: 12 motora. OBS_dim=40, frame_skip=1
[Fitness run Gen5Creature28] reward=1.49±0.07  dist=0.01±0.04  upright=0.00±0.00  → FITNESS=0.0186
URDF saved to temp_urdf\being_9472.urdf
Connecting to PyBullet, GUI: False
CreatureEnv Inicijalizacija: 12 motora. OBS_dim=40, frame_skip=1
[Fitness run Gen5Creature29] reward=1.76±0.01  dist=0.02±0.07  upright=0.45±0.09  → FITNESS=0.1554
Genome saved to results\distanceBased500Steps5DifferentSeeds\run_4\run_4_best_creature.json
[plot] Summary saved → results\distanceBased500Steps5DifferentSeeds\run_4\run_4_summary.png
URDF saved to temp_urdf\being_9472.urdf
Connecting to PyBullet, GUI: False
CreatureEnv Inicijalizacija: 12 motora. OBS_dim=40, frame_skip=1
[Fitness run Gen6Creature2] reward=871.87±435.16  dist=0.19±0.09  upright=0.89±0.30  → FITNESS=0.3684
URDF saved to temp_urdf\being_9472.urdf
Connecting to PyBullet, GUI: False
CreatureEnv Inicijalizacija: 12 motora. OBS_dim=40, frame_skip=1
[Fitness run Gen6Creature3] reward=1.63±0.01  dist=0.11±0.06  upright=0.06±0.02  → FITNESS=0.0384
URDF saved to temp_urdf\being_9472.urdf
Connecting to PyBullet, GUI: False
CreatureEnv Inicijalizacija: 12 motora. OBS_dim=40, frame_skip=1
[Fitness run Gen6Creature4] reward=1.78±0.00  dist=0.03±0.10  upright=0.30±0.08  → FITNESS=0.1082
URDF saved to temp_urdf\being_9472.urdf
Connecting to PyBullet, GUI: False
CreatureEnv Inicijalizacija: 12 motora. OBS_dim=40, frame_skip=1
[Fitness run Gen6Creature5] reward=-0.58±0.27  dist=0.64±0.32  upright=0.00±0.01  → FITNESS=0.0351
URDF saved to temp_urdf\being_9472.urdf
Connecting to PyBullet, GUI: False
CreatureEnv Inicijalizacija: 12 motora. OBS_dim=40, frame_skip=1
[Fitness run Gen6Creature6] reward=0.83±0.26  dist=0.07±0.03  upright=0.45±0.12  → FITNESS=0.1535
URDF saved to temp_urdf\being_9472.urdf
Connecting to PyBullet, GUI: False
CreatureEnv Inicijalizacija: 12 motora. OBS_dim=40, frame_skip=1
[Fitness run Gen6Creature8] reward=1.70±0.00  dist=0.02±0.06  upright=0.10±0.02  → FITNESS=0.0498
URDF saved to temp_urdf\being_9472.urdf
Connecting to PyBullet, GUI: False
CreatureEnv Inicijalizacija: 12 motora. OBS_dim=40, frame_skip=1
[Fitness run Gen6Creature9] reward=1.73±0.00  dist=0.01±0.03  upright=0.00±0.00  → FITNESS=0.0186
URDF saved to temp_urdf\being_9472.urdf
Connecting to PyBullet, GUI: False
CreatureEnv Inicijalizacija: 12 motora. OBS_dim=40, frame_skip=1
[Fitness run Gen6Creature10] reward=968.16±322.19  dist=0.09±0.21  upright=0.90±0.30  → FITNESS=0.3784
URDF saved to temp_urdf\being_9472.urdf
Connecting to PyBullet, GUI: False
CreatureEnv Inicijalizacija: 12 motora. OBS_dim=40, frame_skip=1
[Fitness run Gen6Creature11] reward=1055.13±0.03  dist=0.13±0.19  upright=1.00±0.00  → FITNESS=0.4174
URDF saved to temp_urdf\being_9472.urdf
Connecting to PyBullet, GUI: False
CreatureEnv Inicijalizacija: 12 motora. OBS_dim=40, frame_skip=1
[Fitness run Gen6Creature12] reward=1.38±0.03  dist=0.02±0.05  upright=0.00±0.00  → FITNESS=0.0187
URDF saved to temp_urdf\being_9472.urdf
Connecting to PyBullet, GUI: False
CreatureEnv Inicijalizacija: 12 motora. OBS_dim=40, frame_skip=1
[Fitness run Gen6Creature13] reward=-0.34±0.59  dist=0.92±0.04  upright=0.00±0.00  → FITNESS=0.0412
URDF saved to temp_urdf\being_9472.urdf
Connecting to PyBullet, GUI: False
CreatureEnv Inicijalizacija: 12 motora. OBS_dim=40, frame_skip=1
[Fitness run Gen6Creature14] reward=1.56±0.01  dist=0.00±0.01  upright=0.12±0.04  → FITNESS=0.0532
URDF saved to temp_urdf\being_9472.urdf
Connecting to PyBullet, GUI: False
CreatureEnv Inicijalizacija: 12 motora. OBS_dim=40, frame_skip=1
[Fitness run Gen6Creature15] reward=1.54±0.01  dist=0.03±0.02  upright=0.16±0.06  → FITNESS=0.0675
URDF saved to temp_urdf\being_9472.urdf
Connecting to PyBullet, GUI: False
CreatureEnv Inicijalizacija: 12 motora. OBS_dim=40, frame_skip=1
[Fitness run Gen6Creature16] reward=918.95±305.80  dist=0.09±0.03  upright=0.93±0.22  → FITNESS=0.3816
URDF saved to temp_urdf\being_9472.urdf
Connecting to PyBullet, GUI: False
CreatureEnv Inicijalizacija: 12 motora. OBS_dim=40, frame_skip=1
[Fitness run Gen6Creature17] reward=1.72±0.00  dist=0.15±0.07  upright=0.12±0.07  → FITNESS=0.0570
URDF saved to temp_urdf\being_9472.urdf
Connecting to PyBullet, GUI: False
CreatureEnv Inicijalizacija: 12 motora. OBS_dim=40, frame_skip=1
[Fitness run Gen6Creature18] reward=1.73±0.00  dist=0.15±0.15  upright=0.06±0.01  → FITNESS=0.0404
URDF saved to temp_urdf\being_9472.urdf
Connecting to PyBullet, GUI: False
CreatureEnv Inicijalizacija: 12 motora. OBS_dim=40, frame_skip=1
[Fitness run Gen6Creature19] reward=1.64±0.02  dist=0.01±0.03  upright=0.15±0.07  → FITNESS=0.0631
URDF saved to temp_urdf\being_9472.urdf
Connecting to PyBullet, GUI: False
CreatureEnv Inicijalizacija: 12 motora. OBS_dim=40, frame_skip=1
[Fitness run Gen6Creature20] reward=453.86±554.49  dist=0.33±0.38  upright=0.82±0.23  → FITNESS=0.3146
URDF saved to temp_urdf\being_9472.urdf
Connecting to PyBullet, GUI: False
CreatureEnv Inicijalizacija: 12 motora. OBS_dim=40, frame_skip=1
[Fitness run Gen6Creature21] reward=975.15±324.54  dist=0.16±0.04  upright=0.96±0.13  → FITNESS=0.3984
URDF saved to temp_urdf\being_9472.urdf
Connecting to PyBullet, GUI: False
CreatureEnv Inicijalizacija: 12 motora. OBS_dim=40, frame_skip=1
[Fitness run Gen6Creature22] reward=1.40±0.23  dist=0.18±0.10  upright=0.55±0.17  → FITNESS=0.1883
URDF saved to temp_urdf\being_9472.urdf
Connecting to PyBullet, GUI: False
CreatureEnv Inicijalizacija: 12 motora. OBS_dim=40, frame_skip=1
[Fitness run Gen6Creature24] reward=1.56±0.00  dist=0.02±0.01  upright=0.00±0.00  → FITNESS=0.0189
URDF saved to temp_urdf\being_9472.urdf
Connecting to PyBullet, GUI: False
CreatureEnv Inicijalizacija: 12 motora. OBS_dim=40, frame_skip=1
[Fitness run Gen6Creature26] reward=1.61±0.06  dist=0.00±0.00  upright=0.05±0.08  → FITNESS=0.0348
URDF saved to temp_urdf\being_9472.urdf
Connecting to PyBullet, GUI: False
CreatureEnv Inicijalizacija: 12 motora. OBS_dim=40, frame_skip=1
[Fitness run Gen6Creature27] reward=1.68±0.01  dist=0.00±0.00  upright=0.00±0.00  → FITNESS=0.0183
URDF saved to temp_urdf\being_9472.urdf
Connecting to PyBullet, GUI: False
CreatureEnv Inicijalizacija: 12 motora. OBS_dim=40, frame_skip=1
[Fitness run Gen6Creature28] reward=1.68±0.04  dist=0.13±0.06  upright=0.00±0.00  → FITNESS=0.0216
URDF saved to temp_urdf\being_9472.urdf
Connecting to PyBullet, GUI: False
CreatureEnv Inicijalizacija: 12 motora. OBS_dim=40, frame_skip=1
[Fitness run Gen6Creature29] reward=1.81±0.00  dist=0.04±0.13  upright=0.27±0.04  → FITNESS=0.1007

==================================================
Generacija 6/20  |  Best = 0.4516  |  Mean = 0.1822  |  Std = 0.1672
==================================================
URDF saved to temp_urdf\being_9472.urdf
Connecting to PyBullet, GUI: False
CreatureEnv Inicijalizacija: 12 motora. OBS_dim=40, frame_skip=1
[Fitness run Gen6Creature2] reward=871.87±435.16  dist=0.19±0.09  upright=0.89±0.30  → FITNESS=0.3684
URDF saved to temp_urdf\being_9472.urdf
Connecting to PyBullet, GUI: False
CreatureEnv Inicijalizacija: 12 motora. OBS_dim=40, frame_skip=1
[Fitness run Gen6Creature3] reward=1.63±0.01  dist=0.11±0.06  upright=0.06±0.02  → FITNESS=0.0384
URDF saved to temp_urdf\being_9472.urdf
Connecting to PyBullet, GUI: False
CreatureEnv Inicijalizacija: 12 motora. OBS_dim=40, frame_skip=1
[Fitness run Gen6Creature4] reward=1.78±0.00  dist=0.03±0.10  upright=0.30±0.08  → FITNESS=0.1082
URDF saved to temp_urdf\being_9472.urdf
Connecting to PyBullet, GUI: False
CreatureEnv Inicijalizacija: 12 motora. OBS_dim=40, frame_skip=1
[Fitness run Gen6Creature5] reward=-0.58±0.27  dist=0.64±0.32  upright=0.00±0.01  → FITNESS=0.0351
URDF saved to temp_urdf\being_9472.urdf
Connecting to PyBullet, GUI: False
CreatureEnv Inicijalizacija: 12 motora. OBS_dim=40, frame_skip=1
[Fitness run Gen6Creature6] reward=0.83±0.26  dist=0.07±0.03  upright=0.45±0.12  → FITNESS=0.1535
URDF saved to temp_urdf\being_9472.urdf
Connecting to PyBullet, GUI: False
CreatureEnv Inicijalizacija: 12 motora. OBS_dim=40, frame_skip=1
[Fitness run Gen6Creature8] reward=1.70±0.00  dist=0.02±0.06  upright=0.10±0.02  → FITNESS=0.0498
URDF saved to temp_urdf\being_9472.urdf
Connecting to PyBullet, GUI: False
CreatureEnv Inicijalizacija: 12 motora. OBS_dim=40, frame_skip=1
[Fitness run Gen6Creature9] reward=1.73±0.00  dist=0.01±0.03  upright=0.00±0.00  → FITNESS=0.0186
URDF saved to temp_urdf\being_9472.urdf
Connecting to PyBullet, GUI: False
CreatureEnv Inicijalizacija: 12 motora. OBS_dim=40, frame_skip=1
[Fitness run Gen6Creature10] reward=968.16±322.19  dist=0.09±0.21  upright=0.90±0.30  → FITNESS=0.3784
URDF saved to temp_urdf\being_9472.urdf
Connecting to PyBullet, GUI: False
CreatureEnv Inicijalizacija: 12 motora. OBS_dim=40, frame_skip=1
[Fitness run Gen6Creature11] reward=1055.13±0.03  dist=0.13±0.19  upright=1.00±0.00  → FITNESS=0.4174
URDF saved to temp_urdf\being_9472.urdf
Connecting to PyBullet, GUI: False
CreatureEnv Inicijalizacija: 12 motora. OBS_dim=40, frame_skip=1
[Fitness run Gen6Creature12] reward=1.38±0.03  dist=0.02±0.05  upright=0.00±0.00  → FITNESS=0.0187
URDF saved to temp_urdf\being_9472.urdf
Connecting to PyBullet, GUI: False
CreatureEnv Inicijalizacija: 12 motora. OBS_dim=40, frame_skip=1
[Fitness run Gen6Creature13] reward=-0.34±0.59  dist=0.92±0.04  upright=0.00±0.00  → FITNESS=0.0412
URDF saved to temp_urdf\being_9472.urdf
Connecting to PyBullet, GUI: False
CreatureEnv Inicijalizacija: 12 motora. OBS_dim=40, frame_skip=1
[Fitness run Gen6Creature14] reward=1.56±0.01  dist=0.00±0.01  upright=0.12±0.04  → FITNESS=0.0532
URDF saved to temp_urdf\being_9472.urdf
Connecting to PyBullet, GUI: False
CreatureEnv Inicijalizacija: 12 motora. OBS_dim=40, frame_skip=1
[Fitness run Gen6Creature15] reward=1.54±0.01  dist=0.03±0.02  upright=0.16±0.06  → FITNESS=0.0675
URDF saved to temp_urdf\being_9472.urdf
Connecting to PyBullet, GUI: False
CreatureEnv Inicijalizacija: 12 motora. OBS_dim=40, frame_skip=1
[Fitness run Gen6Creature16] reward=918.95±305.80  dist=0.09±0.03  upright=0.93±0.22  → FITNESS=0.3816
URDF saved to temp_urdf\being_9472.urdf
Connecting to PyBullet, GUI: False
CreatureEnv Inicijalizacija: 12 motora. OBS_dim=40, frame_skip=1
[Fitness run Gen6Creature17] reward=1.72±0.00  dist=0.15±0.07  upright=0.12±0.07  → FITNESS=0.0570
URDF saved to temp_urdf\being_9472.urdf
Connecting to PyBullet, GUI: False
CreatureEnv Inicijalizacija: 12 motora. OBS_dim=40, frame_skip=1
[Fitness run Gen6Creature18] reward=1.73±0.00  dist=0.15±0.15  upright=0.06±0.01  → FITNESS=0.0404
URDF saved to temp_urdf\being_9472.urdf
Connecting to PyBullet, GUI: False
CreatureEnv Inicijalizacija: 12 motora. OBS_dim=40, frame_skip=1
[Fitness run Gen6Creature19] reward=1.64±0.02  dist=0.01±0.03  upright=0.15±0.07  → FITNESS=0.0631
URDF saved to temp_urdf\being_9472.urdf
Connecting to PyBullet, GUI: False
CreatureEnv Inicijalizacija: 12 motora. OBS_dim=40, frame_skip=1
[Fitness run Gen6Creature20] reward=453.86±554.49  dist=0.33±0.38  upright=0.82±0.23  → FITNESS=0.3146
URDF saved to temp_urdf\being_9472.urdf
Connecting to PyBullet, GUI: False
CreatureEnv Inicijalizacija: 12 motora. OBS_dim=40, frame_skip=1
[Fitness run Gen6Creature21] reward=975.15±324.54  dist=0.16±0.04  upright=0.96±0.13  → FITNESS=0.3984
URDF saved to temp_urdf\being_9472.urdf
Connecting to PyBullet, GUI: False
CreatureEnv Inicijalizacija: 12 motora. OBS_dim=40, frame_skip=1
[Fitness run Gen6Creature22] reward=1.40±0.23  dist=0.18±0.10  upright=0.55±0.17  → FITNESS=0.1883
URDF saved to temp_urdf\being_9472.urdf
Connecting to PyBullet, GUI: False
CreatureEnv Inicijalizacija: 12 motora. OBS_dim=40, frame_skip=1
[Fitness run Gen6Creature24] reward=1.56±0.00  dist=0.02±0.01  upright=0.00±0.00  → FITNESS=0.0189
URDF saved to temp_urdf\being_9472.urdf
Connecting to PyBullet, GUI: False
CreatureEnv Inicijalizacija: 12 motora. OBS_dim=40, frame_skip=1
[Fitness run Gen6Creature26] reward=1.61±0.06  dist=0.00±0.00  upright=0.05±0.08  → FITNESS=0.0348
URDF saved to temp_urdf\being_9472.urdf
Connecting to PyBullet, GUI: False
CreatureEnv Inicijalizacija: 12 motora. OBS_dim=40, frame_skip=1
[Fitness run Gen6Creature27] reward=1.68±0.01  dist=0.00±0.00  upright=0.00±0.00  → FITNESS=0.0183
URDF saved to temp_urdf\being_9472.urdf
Connecting to PyBullet, GUI: False
CreatureEnv Inicijalizacija: 12 motora. OBS_dim=40, frame_skip=1
[Fitness run Gen6Creature28] reward=1.68±0.04  dist=0.13±0.06  upright=0.00±0.00  → FITNESS=0.0216
URDF saved to temp_urdf\being_9472.urdf
Connecting to PyBullet, GUI: False
CreatureEnv Inicijalizacija: 12 motora. OBS_dim=40, frame_skip=1
[Fitness run Gen6Creature29] reward=1.81±0.00  dist=0.04±0.13  upright=0.27±0.04  → FITNESS=0.1007
Genome saved to results\distanceBased500Steps5DifferentSeeds\run_4\run_4_best_creature.json
[plot] Summary saved → results\distanceBased500Steps5DifferentSeeds\run_4\run_4_summary.png
URDF saved to temp_urdf\being_9472.urdf
Connecting to PyBullet, GUI: False
CreatureEnv Inicijalizacija: 12 motora. OBS_dim=40, frame_skip=1
[Fitness run Gen7Creature2] reward=1.61±0.01  dist=0.01±0.03  upright=0.00±0.00  → FITNESS=0.0186
URDF saved to temp_urdf\being_9472.urdf
Connecting to PyBullet, GUI: False
CreatureEnv Inicijalizacija: 12 motora. OBS_dim=40, frame_skip=1
[Fitness run Gen7Creature3] reward=1.37±0.43  dist=0.00±0.00  upright=0.13±0.06  → FITNESS=0.0580
URDF saved to temp_urdf\being_9472.urdf
Connecting to PyBullet, GUI: False
CreatureEnv Inicijalizacija: 12 motora. OBS_dim=40, frame_skip=1
[Fitness run Gen7Creature5] reward=-0.58±0.27  dist=0.64±0.32  upright=0.00±0.01  → FITNESS=0.0351
URDF saved to temp_urdf\being_9472.urdf
Connecting to PyBullet, GUI: False
CreatureEnv Inicijalizacija: 12 motora. OBS_dim=40, frame_skip=1
[Fitness run Gen7Creature6] reward=1.54±0.08  dist=0.40±0.13  upright=0.12±0.03  → FITNESS=0.0640
URDF saved to temp_urdf\being_9472.urdf
Connecting to PyBullet, GUI: False
CreatureEnv Inicijalizacija: 12 motora. OBS_dim=40, frame_skip=1
[Fitness run Gen7Creature8] reward=1.70±0.00  dist=0.02±0.06  upright=0.09±0.03  → FITNESS=0.0450
URDF saved to temp_urdf\being_9472.urdf
Connecting to PyBullet, GUI: False
CreatureEnv Inicijalizacija: 12 motora. OBS_dim=40, frame_skip=1
[Fitness run Gen7Creature9] reward=1.73±0.00  dist=0.01±0.02  upright=0.00±0.00  → FITNESS=0.0185
URDF saved to temp_urdf\being_9472.urdf
Connecting to PyBullet, GUI: False
CreatureEnv Inicijalizacija: 12 motora. OBS_dim=40, frame_skip=1
[Fitness run Gen7Creature11] reward=1059.57±0.22  dist=0.16±0.09  upright=1.00±0.00  → FITNESS=0.4185
URDF saved to temp_urdf\being_9472.urdf
Connecting to PyBullet, GUI: False
CreatureEnv Inicijalizacija: 12 motora. OBS_dim=40, frame_skip=1
[Fitness run Gen7Creature12] reward=1.28±0.00  dist=0.03±0.09  upright=0.00±0.00  → FITNESS=0.0190
URDF saved to temp_urdf\being_9472.urdf
Connecting to PyBullet, GUI: False
CreatureEnv Inicijalizacija: 12 motora. OBS_dim=40, frame_skip=1
[Fitness run Gen7Creature13] reward=-0.21±0.68  dist=0.76±0.36  upright=0.02±0.07  → FITNESS=0.0438
URDF saved to temp_urdf\being_9472.urdf
Connecting to PyBullet, GUI: False
CreatureEnv Inicijalizacija: 12 motora. OBS_dim=40, frame_skip=1
[Fitness run Gen7Creature14] reward=1.56±0.01  dist=0.00±0.01  upright=0.12±0.04  → FITNESS=0.0532
URDF saved to temp_urdf\being_9472.urdf
Connecting to PyBullet, GUI: False
CreatureEnv Inicijalizacija: 12 motora. OBS_dim=40, frame_skip=1
[Fitness run Gen7Creature15] reward=1.61±0.00  dist=0.01±0.03  upright=0.02±0.07  → FITNESS=0.0254
URDF saved to temp_urdf\being_9472.urdf
Connecting to PyBullet, GUI: False
CreatureEnv Inicijalizacija: 12 motora. OBS_dim=40, frame_skip=1
[Fitness run Gen7Creature16] reward=551.64±536.97  dist=0.04±0.03  upright=0.89±0.29  → FITNESS=0.3371
URDF saved to temp_urdf\being_9472.urdf
Connecting to PyBullet, GUI: False
CreatureEnv Inicijalizacija: 12 motora. OBS_dim=40, frame_skip=1
[Fitness run Gen7Creature17] reward=1.72±0.00  dist=0.15±0.07  upright=0.12±0.07  → FITNESS=0.0570
URDF saved to temp_urdf\being_9472.urdf
Connecting to PyBullet, GUI: False
CreatureEnv Inicijalizacija: 12 motora. OBS_dim=40, frame_skip=1
[Fitness run Gen7Creature18] reward=1.72±0.00  dist=0.05±0.14  upright=0.05±0.06  → FITNESS=0.0350
URDF saved to temp_urdf\being_9472.urdf
Connecting to PyBullet, GUI: False
CreatureEnv Inicijalizacija: 12 motora. OBS_dim=40, frame_skip=1
[Fitness run Gen7Creature19] reward=1.64±0.02  dist=0.01±0.03  upright=0.15±0.07  → FITNESS=0.0631
URDF saved to temp_urdf\being_9472.urdf
Connecting to PyBullet, GUI: False
CreatureEnv Inicijalizacija: 12 motora. OBS_dim=40, frame_skip=1
[Fitness run Gen7Creature20] reward=453.86±554.49  dist=0.33±0.38  upright=0.82±0.23  → FITNESS=0.3146
URDF saved to temp_urdf\being_9472.urdf
Connecting to PyBullet, GUI: False
CreatureEnv Inicijalizacija: 12 motora. OBS_dim=40, frame_skip=1
[Fitness run Gen7Creature22] reward=1.69±0.15  dist=0.05±0.04  upright=0.34±0.11  → FITNESS=0.1212
URDF saved to temp_urdf\being_9472.urdf
Connecting to PyBullet, GUI: False
CreatureEnv Inicijalizacija: 12 motora. OBS_dim=40, frame_skip=1
[Fitness run Gen7Creature24] reward=1.56±0.00  dist=0.02±0.01  upright=0.00±0.00  → FITNESS=0.0189
URDF saved to temp_urdf\being_9472.urdf
Connecting to PyBullet, GUI: False
CreatureEnv Inicijalizacija: 12 motora. OBS_dim=40, frame_skip=1
[Fitness run Gen7Creature26] reward=1.62±0.00  dist=0.04±0.12  upright=0.01±0.04  → FITNESS=0.0232
URDF saved to temp_urdf\being_9472.urdf
Connecting to PyBullet, GUI: False
CreatureEnv Inicijalizacija: 12 motora. OBS_dim=40, frame_skip=1
[Fitness run Gen7Creature27] reward=1.73±0.00  dist=0.00±0.00  upright=0.00±0.00  → FITNESS=0.0184
URDF saved to temp_urdf\being_9472.urdf
Connecting to PyBullet, GUI: False
CreatureEnv Inicijalizacija: 12 motora. OBS_dim=40, frame_skip=1
[Fitness run Gen7Creature28] reward=1.60±0.04  dist=0.05±0.14  upright=0.00±0.00  → FITNESS=0.0195
URDF saved to temp_urdf\being_9472.urdf
Connecting to PyBullet, GUI: False
CreatureEnv Inicijalizacija: 12 motora. OBS_dim=40, frame_skip=1
[Fitness run Gen7Creature29] reward=1.80±0.00  dist=0.06±0.19  upright=0.29±0.01  → FITNESS=0.1080

==================================================
Generacija 7/20  |  Best = 0.4516  |  Mean = 0.1626  |  Std = 0.1665
==================================================
URDF saved to temp_urdf\being_9472.urdf
Connecting to PyBullet, GUI: False
CreatureEnv Inicijalizacija: 12 motora. OBS_dim=40, frame_skip=1
[Fitness run Gen7Creature2] reward=1.61±0.01  dist=0.01±0.03  upright=0.00±0.00  → FITNESS=0.0186
URDF saved to temp_urdf\being_9472.urdf
Connecting to PyBullet, GUI: False
CreatureEnv Inicijalizacija: 12 motora. OBS_dim=40, frame_skip=1
[Fitness run Gen7Creature3] reward=1.37±0.43  dist=0.00±0.00  upright=0.13±0.06  → FITNESS=0.0580
URDF saved to temp_urdf\being_9472.urdf
Connecting to PyBullet, GUI: False
CreatureEnv Inicijalizacija: 12 motora. OBS_dim=40, frame_skip=1
[Fitness run Gen7Creature5] reward=-0.58±0.27  dist=0.64±0.32  upright=0.00±0.01  → FITNESS=0.0351
URDF saved to temp_urdf\being_9472.urdf
Connecting to PyBullet, GUI: False
CreatureEnv Inicijalizacija: 12 motora. OBS_dim=40, frame_skip=1
[Fitness run Gen7Creature6] reward=1.54±0.08  dist=0.40±0.13  upright=0.12±0.03  → FITNESS=0.0640
URDF saved to temp_urdf\being_9472.urdf
Connecting to PyBullet, GUI: False
CreatureEnv Inicijalizacija: 12 motora. OBS_dim=40, frame_skip=1
[Fitness run Gen7Creature8] reward=1.70±0.00  dist=0.02±0.06  upright=0.09±0.03  → FITNESS=0.0450
URDF saved to temp_urdf\being_9472.urdf
Connecting to PyBullet, GUI: False
CreatureEnv Inicijalizacija: 12 motora. OBS_dim=40, frame_skip=1
[Fitness run Gen7Creature9] reward=1.73±0.00  dist=0.01±0.02  upright=0.00±0.00  → FITNESS=0.0185
URDF saved to temp_urdf\being_9472.urdf
Connecting to PyBullet, GUI: False
CreatureEnv Inicijalizacija: 12 motora. OBS_dim=40, frame_skip=1
[Fitness run Gen7Creature11] reward=1059.57±0.22  dist=0.16±0.09  upright=1.00±0.00  → FITNESS=0.4185
URDF saved to temp_urdf\being_9472.urdf
Connecting to PyBullet, GUI: False
CreatureEnv Inicijalizacija: 12 motora. OBS_dim=40, frame_skip=1
[Fitness run Gen7Creature12] reward=1.28±0.00  dist=0.03±0.09  upright=0.00±0.00  → FITNESS=0.0190
URDF saved to temp_urdf\being_9472.urdf
Connecting to PyBullet, GUI: False
CreatureEnv Inicijalizacija: 12 motora. OBS_dim=40, frame_skip=1
[Fitness run Gen7Creature13] reward=-0.21±0.68  dist=0.76±0.36  upright=0.02±0.07  → FITNESS=0.0438
URDF saved to temp_urdf\being_9472.urdf
Connecting to PyBullet, GUI: False
CreatureEnv Inicijalizacija: 12 motora. OBS_dim=40, frame_skip=1
[Fitness run Gen7Creature14] reward=1.56±0.01  dist=0.00±0.01  upright=0.12±0.04  → FITNESS=0.0532
URDF saved to temp_urdf\being_9472.urdf
Connecting to PyBullet, GUI: False
CreatureEnv Inicijalizacija: 12 motora. OBS_dim=40, frame_skip=1
[Fitness run Gen7Creature15] reward=1.61±0.00  dist=0.01±0.03  upright=0.02±0.07  → FITNESS=0.0254
URDF saved to temp_urdf\being_9472.urdf
Connecting to PyBullet, GUI: False
CreatureEnv Inicijalizacija: 12 motora. OBS_dim=40, frame_skip=1
[Fitness run Gen7Creature16] reward=551.64±536.97  dist=0.04±0.03  upright=0.89±0.29  → FITNESS=0.3371
URDF saved to temp_urdf\being_9472.urdf
Connecting to PyBullet, GUI: False
CreatureEnv Inicijalizacija: 12 motora. OBS_dim=40, frame_skip=1
[Fitness run Gen7Creature17] reward=1.72±0.00  dist=0.15±0.07  upright=0.12±0.07  → FITNESS=0.0570
URDF saved to temp_urdf\being_9472.urdf
Connecting to PyBullet, GUI: False
CreatureEnv Inicijalizacija: 12 motora. OBS_dim=40, frame_skip=1
[Fitness run Gen7Creature18] reward=1.72±0.00  dist=0.05±0.14  upright=0.05±0.06  → FITNESS=0.0350
URDF saved to temp_urdf\being_9472.urdf
Connecting to PyBullet, GUI: False
CreatureEnv Inicijalizacija: 12 motora. OBS_dim=40, frame_skip=1
[Fitness run Gen7Creature19] reward=1.64±0.02  dist=0.01±0.03  upright=0.15±0.07  → FITNESS=0.0631
URDF saved to temp_urdf\being_9472.urdf
Connecting to PyBullet, GUI: False
CreatureEnv Inicijalizacija: 12 motora. OBS_dim=40, frame_skip=1
[Fitness run Gen7Creature20] reward=453.86±554.49  dist=0.33±0.38  upright=0.82±0.23  → FITNESS=0.3146
URDF saved to temp_urdf\being_9472.urdf
Connecting to PyBullet, GUI: False
CreatureEnv Inicijalizacija: 12 motora. OBS_dim=40, frame_skip=1
[Fitness run Gen7Creature22] reward=1.69±0.15  dist=0.05±0.04  upright=0.34±0.11  → FITNESS=0.1212
URDF saved to temp_urdf\being_9472.urdf
Connecting to PyBullet, GUI: False
CreatureEnv Inicijalizacija: 12 motora. OBS_dim=40, frame_skip=1
[Fitness run Gen7Creature24] reward=1.56±0.00  dist=0.02±0.01  upright=0.00±0.00  → FITNESS=0.0189
URDF saved to temp_urdf\being_9472.urdf
Connecting to PyBullet, GUI: False
CreatureEnv Inicijalizacija: 12 motora. OBS_dim=40, frame_skip=1
[Fitness run Gen7Creature26] reward=1.62±0.00  dist=0.04±0.12  upright=0.01±0.04  → FITNESS=0.0232
URDF saved to temp_urdf\being_9472.urdf
Connecting to PyBullet, GUI: False
CreatureEnv Inicijalizacija: 12 motora. OBS_dim=40, frame_skip=1
[Fitness run Gen7Creature27] reward=1.73±0.00  dist=0.00±0.00  upright=0.00±0.00  → FITNESS=0.0184
URDF saved to temp_urdf\being_9472.urdf
Connecting to PyBullet, GUI: False
CreatureEnv Inicijalizacija: 12 motora. OBS_dim=40, frame_skip=1
[Fitness run Gen7Creature28] reward=1.60±0.04  dist=0.05±0.14  upright=0.00±0.00  → FITNESS=0.0195
URDF saved to temp_urdf\being_9472.urdf
Connecting to PyBullet, GUI: False
CreatureEnv Inicijalizacija: 12 motora. OBS_dim=40, frame_skip=1
[Fitness run Gen7Creature29] reward=1.80±0.00  dist=0.06±0.19  upright=0.29±0.01  → FITNESS=0.1080
Genome saved to results\distanceBased500Steps5DifferentSeeds\run_4\run_4_best_creature.json
[plot] Summary saved → results\distanceBased500Steps5DifferentSeeds\run_4\run_4_summary.png
URDF saved to temp_urdf\being_9472.urdf
Connecting to PyBullet, GUI: False
CreatureEnv Inicijalizacija: 12 motora. OBS_dim=40, frame_skip=1
[Fitness run Gen8Creature2] reward=1.61±0.01  dist=0.01±0.03  upright=0.00±0.00  → FITNESS=0.0186
URDF saved to temp_urdf\being_9472.urdf
Connecting to PyBullet, GUI: False
CreatureEnv Inicijalizacija: 12 motora. OBS_dim=40, frame_skip=1
[Fitness run Gen8Creature3] reward=1.37±0.43  dist=0.00±0.00  upright=0.13±0.06  → FITNESS=0.0580
URDF saved to temp_urdf\being_9472.urdf
Connecting to PyBullet, GUI: False
CreatureEnv Inicijalizacija: 12 motora. OBS_dim=40, frame_skip=1
[Fitness run Gen8Creature5] reward=-0.27±0.24  dist=0.26±0.24  upright=0.04±0.02  → FITNESS=0.0354
URDF saved to temp_urdf\being_9472.urdf
Connecting to PyBullet, GUI: False
CreatureEnv Inicijalizacija: 12 motora. OBS_dim=40, frame_skip=1
[Fitness run Gen8Creature6] reward=1.54±0.08  dist=0.40±0.13  upright=0.12±0.03  → FITNESS=0.0640
URDF saved to temp_urdf\being_9472.urdf
Connecting to PyBullet, GUI: False
CreatureEnv Inicijalizacija: 12 motora. OBS_dim=40, frame_skip=1
[Fitness run Gen8Creature8] reward=1.70±0.00  dist=0.02±0.06  upright=0.09±0.03  → FITNESS=0.0450
URDF saved to temp_urdf\being_9472.urdf
Connecting to PyBullet, GUI: False
CreatureEnv Inicijalizacija: 12 motora. OBS_dim=40, frame_skip=1
[Fitness run Gen8Creature9] reward=1.73±0.00  dist=0.01±0.02  upright=0.00±0.00  → FITNESS=0.0185
URDF saved to temp_urdf\being_9472.urdf
Connecting to PyBullet, GUI: False
CreatureEnv Inicijalizacija: 12 motora. OBS_dim=40, frame_skip=1
[Fitness run Gen8Creature12] reward=1.28±0.00  dist=0.03±0.09  upright=0.00±0.00  → FITNESS=0.0190
URDF saved to temp_urdf\being_9472.urdf
Connecting to PyBullet, GUI: False
CreatureEnv Inicijalizacija: 12 motora. OBS_dim=40, frame_skip=1
[Fitness run Gen8Creature13] reward=-0.21±0.68  dist=0.76±0.36  upright=0.02±0.07  → FITNESS=0.0438
URDF saved to temp_urdf\being_9472.urdf
Connecting to PyBullet, GUI: False
CreatureEnv Inicijalizacija: 12 motora. OBS_dim=40, frame_skip=1
[Fitness run Gen8Creature14] reward=1.56±0.01  dist=0.00±0.01  upright=0.12±0.04  → FITNESS=0.0532
URDF saved to temp_urdf\being_9472.urdf
Connecting to PyBullet, GUI: False
CreatureEnv Inicijalizacija: 12 motora. OBS_dim=40, frame_skip=1
[Fitness run Gen8Creature15] reward=1.56±0.00  dist=0.00±0.00  upright=0.01±0.02  → FITNESS=0.0203
URDF saved to temp_urdf\being_9472.urdf
Connecting to PyBullet, GUI: False
CreatureEnv Inicijalizacija: 12 motora. OBS_dim=40, frame_skip=1
[Fitness run Gen8Creature16] reward=921.94±306.78  dist=0.09±0.05  upright=0.91±0.28  → FITNESS=0.3761
URDF saved to temp_urdf\being_9472.urdf
Connecting to PyBullet, GUI: False
CreatureEnv Inicijalizacija: 12 motora. OBS_dim=40, frame_skip=1
[Fitness run Gen8Creature17] reward=1.72±0.00  dist=0.15±0.07  upright=0.12±0.07  → FITNESS=0.0570
URDF saved to temp_urdf\being_9472.urdf
Connecting to PyBullet, GUI: False
CreatureEnv Inicijalizacija: 12 motora. OBS_dim=40, frame_skip=1
[Fitness run Gen8Creature18] reward=1.72±0.00  dist=0.05±0.14  upright=0.05±0.06  → FITNESS=0.0350
URDF saved to temp_urdf\being_9472.urdf
Connecting to PyBullet, GUI: False
CreatureEnv Inicijalizacija: 12 motora. OBS_dim=40, frame_skip=1
[Fitness run Gen8Creature19] reward=1.64±0.02  dist=0.01±0.03  upright=0.15±0.07  → FITNESS=0.0631
URDF saved to temp_urdf\being_9472.urdf
Connecting to PyBullet, GUI: False
CreatureEnv Inicijalizacija: 12 motora. OBS_dim=40, frame_skip=1
[Fitness run Gen8Creature20] reward=453.86±554.49  dist=0.33±0.38  upright=0.82±0.23  → FITNESS=0.3146
URDF saved to temp_urdf\being_9472.urdf
Connecting to PyBullet, GUI: False
CreatureEnv Inicijalizacija: 12 motora. OBS_dim=40, frame_skip=1
[Fitness run Gen8Creature22] reward=1.69±0.15  dist=0.05±0.04  upright=0.34±0.11  → FITNESS=0.1212
URDF saved to temp_urdf\being_9472.urdf
Connecting to PyBullet, GUI: False
CreatureEnv Inicijalizacija: 12 motora. OBS_dim=40, frame_skip=1
[Fitness run Gen8Creature24] reward=1.56±0.00  dist=0.02±0.01  upright=0.00±0.00  → FITNESS=0.0189
URDF saved to temp_urdf\being_9472.urdf
Connecting to PyBullet, GUI: False
CreatureEnv Inicijalizacija: 12 motora. OBS_dim=40, frame_skip=1
[Fitness run Gen8Creature25] reward=1.83±0.62  dist=0.08±0.24  upright=0.90±0.29  → FITNESS=0.2913
URDF saved to temp_urdf\being_9472.urdf
Connecting to PyBullet, GUI: False
CreatureEnv Inicijalizacija: 12 motora. OBS_dim=40, frame_skip=1
[Fitness run Gen8Creature26] reward=1.62±0.00  dist=0.04±0.12  upright=0.01±0.04  → FITNESS=0.0232
URDF saved to temp_urdf\being_9472.urdf
Connecting to PyBullet, GUI: False
CreatureEnv Inicijalizacija: 12 motora. OBS_dim=40, frame_skip=1
[Fitness run Gen8Creature27] reward=1.73±0.00  dist=0.00±0.00  upright=0.00±0.00  → FITNESS=0.0184
URDF saved to temp_urdf\being_9472.urdf
Connecting to PyBullet, GUI: False
CreatureEnv Inicijalizacija: 12 motora. OBS_dim=40, frame_skip=1
[Fitness run Gen8Creature28] reward=1.60±0.04  dist=0.05±0.14  upright=0.00±0.00  → FITNESS=0.0195
URDF saved to temp_urdf\being_9472.urdf
Connecting to PyBullet, GUI: False
CreatureEnv Inicijalizacija: 12 motora. OBS_dim=40, frame_skip=1
[Fitness run Gen8Creature29] reward=1.80±0.00  dist=0.06±0.19  upright=0.29±0.01  → FITNESS=0.1080

==================================================
Generacija 8/20  |  Best = 0.4516  |  Mean = 0.1611  |  Std = 0.1654
==================================================
URDF saved to temp_urdf\being_9472.urdf
Connecting to PyBullet, GUI: False
CreatureEnv Inicijalizacija: 12 motora. OBS_dim=40, frame_skip=1
[Fitness run Gen8Creature2] reward=1.61±0.01  dist=0.01±0.03  upright=0.00±0.00  → FITNESS=0.0186
URDF saved to temp_urdf\being_9472.urdf
Connecting to PyBullet, GUI: False
CreatureEnv Inicijalizacija: 12 motora. OBS_dim=40, frame_skip=1
[Fitness run Gen8Creature3] reward=1.37±0.43  dist=0.00±0.00  upright=0.13±0.06  → FITNESS=0.0580
URDF saved to temp_urdf\being_9472.urdf
Connecting to PyBullet, GUI: False
CreatureEnv Inicijalizacija: 12 motora. OBS_dim=40, frame_skip=1
[Fitness run Gen8Creature5] reward=-0.27±0.24  dist=0.26±0.24  upright=0.04±0.02  → FITNESS=0.0354
URDF saved to temp_urdf\being_9472.urdf
Connecting to PyBullet, GUI: False
CreatureEnv Inicijalizacija: 12 motora. OBS_dim=40, frame_skip=1
[Fitness run Gen8Creature6] reward=1.54±0.08  dist=0.40±0.13  upright=0.12±0.03  → FITNESS=0.0640
URDF saved to temp_urdf\being_9472.urdf
Connecting to PyBullet, GUI: False
CreatureEnv Inicijalizacija: 12 motora. OBS_dim=40, frame_skip=1
[Fitness run Gen8Creature8] reward=1.70±0.00  dist=0.02±0.06  upright=0.09±0.03  → FITNESS=0.0450
URDF saved to temp_urdf\being_9472.urdf
Connecting to PyBullet, GUI: False
CreatureEnv Inicijalizacija: 12 motora. OBS_dim=40, frame_skip=1
[Fitness run Gen8Creature9] reward=1.73±0.00  dist=0.01±0.02  upright=0.00±0.00  → FITNESS=0.0185
URDF saved to temp_urdf\being_9472.urdf
Connecting to PyBullet, GUI: False
CreatureEnv Inicijalizacija: 12 motora. OBS_dim=40, frame_skip=1
[Fitness run Gen8Creature12] reward=1.28±0.00  dist=0.03±0.09  upright=0.00±0.00  → FITNESS=0.0190
URDF saved to temp_urdf\being_9472.urdf
Connecting to PyBullet, GUI: False
CreatureEnv Inicijalizacija: 12 motora. OBS_dim=40, frame_skip=1
[Fitness run Gen8Creature13] reward=-0.21±0.68  dist=0.76±0.36  upright=0.02±0.07  → FITNESS=0.0438
URDF saved to temp_urdf\being_9472.urdf
Connecting to PyBullet, GUI: False
CreatureEnv Inicijalizacija: 12 motora. OBS_dim=40, frame_skip=1
[Fitness run Gen8Creature14] reward=1.56±0.01  dist=0.00±0.01  upright=0.12±0.04  → FITNESS=0.0532
URDF saved to temp_urdf\being_9472.urdf
Connecting to PyBullet, GUI: False
CreatureEnv Inicijalizacija: 12 motora. OBS_dim=40, frame_skip=1
[Fitness run Gen8Creature15] reward=1.56±0.00  dist=0.00±0.00  upright=0.01±0.02  → FITNESS=0.0203
URDF saved to temp_urdf\being_9472.urdf
Connecting to PyBullet, GUI: False
CreatureEnv Inicijalizacija: 12 motora. OBS_dim=40, frame_skip=1
[Fitness run Gen8Creature16] reward=921.94±306.78  dist=0.09±0.05  upright=0.91±0.28  → FITNESS=0.3761
URDF saved to temp_urdf\being_9472.urdf
Connecting to PyBullet, GUI: False
CreatureEnv Inicijalizacija: 12 motora. OBS_dim=40, frame_skip=1
[Fitness run Gen8Creature17] reward=1.72±0.00  dist=0.15±0.07  upright=0.12±0.07  → FITNESS=0.0570
URDF saved to temp_urdf\being_9472.urdf
Connecting to PyBullet, GUI: False
CreatureEnv Inicijalizacija: 12 motora. OBS_dim=40, frame_skip=1
[Fitness run Gen8Creature18] reward=1.72±0.00  dist=0.05±0.14  upright=0.05±0.06  → FITNESS=0.0350
URDF saved to temp_urdf\being_9472.urdf
Connecting to PyBullet, GUI: False
CreatureEnv Inicijalizacija: 12 motora. OBS_dim=40, frame_skip=1
[Fitness run Gen8Creature19] reward=1.64±0.02  dist=0.01±0.03  upright=0.15±0.07  → FITNESS=0.0631
URDF saved to temp_urdf\being_9472.urdf
Connecting to PyBullet, GUI: False
CreatureEnv Inicijalizacija: 12 motora. OBS_dim=40, frame_skip=1
[Fitness run Gen8Creature20] reward=453.86±554.49  dist=0.33±0.38  upright=0.82±0.23  → FITNESS=0.3146
URDF saved to temp_urdf\being_9472.urdf
Connecting to PyBullet, GUI: False
CreatureEnv Inicijalizacija: 12 motora. OBS_dim=40, frame_skip=1
[Fitness run Gen8Creature22] reward=1.69±0.15  dist=0.05±0.04  upright=0.34±0.11  → FITNESS=0.1212
URDF saved to temp_urdf\being_9472.urdf
Connecting to PyBullet, GUI: False
CreatureEnv Inicijalizacija: 12 motora. OBS_dim=40, frame_skip=1
[Fitness run Gen8Creature24] reward=1.56±0.00  dist=0.02±0.01  upright=0.00±0.00  → FITNESS=0.0189
URDF saved to temp_urdf\being_9472.urdf
Connecting to PyBullet, GUI: False
CreatureEnv Inicijalizacija: 12 motora. OBS_dim=40, frame_skip=1
[Fitness run Gen8Creature25] reward=1.83±0.62  dist=0.08±0.24  upright=0.90±0.29  → FITNESS=0.2913
URDF saved to temp_urdf\being_9472.urdf
Connecting to PyBullet, GUI: False
CreatureEnv Inicijalizacija: 12 motora. OBS_dim=40, frame_skip=1
[Fitness run Gen8Creature26] reward=1.62±0.00  dist=0.04±0.12  upright=0.01±0.04  → FITNESS=0.0232
URDF saved to temp_urdf\being_9472.urdf
Connecting to PyBullet, GUI: False
CreatureEnv Inicijalizacija: 12 motora. OBS_dim=40, frame_skip=1
[Fitness run Gen8Creature27] reward=1.73±0.00  dist=0.00±0.00  upright=0.00±0.00  → FITNESS=0.0184
URDF saved to temp_urdf\being_9472.urdf
Connecting to PyBullet, GUI: False
CreatureEnv Inicijalizacija: 12 motora. OBS_dim=40, frame_skip=1
[Fitness run Gen8Creature28] reward=1.60±0.04  dist=0.05±0.14  upright=0.00±0.00  → FITNESS=0.0195
URDF saved to temp_urdf\being_9472.urdf
Connecting to PyBullet, GUI: False
CreatureEnv Inicijalizacija: 12 motora. OBS_dim=40, frame_skip=1
[Fitness run Gen8Creature29] reward=1.80±0.00  dist=0.06±0.19  upright=0.29±0.01  → FITNESS=0.1080
Genome saved to results\distanceBased500Steps5DifferentSeeds\run_4\run_4_best_creature.json
[plot] Summary saved → results\distanceBased500Steps5DifferentSeeds\run_4\run_4_summary.png
URDF saved to temp_urdf\being_9472.urdf
Connecting to PyBullet, GUI: False
CreatureEnv Inicijalizacija: 12 motora. OBS_dim=40, frame_skip=1
[Fitness run Gen9Creature2] reward=1.61±0.01  dist=0.01±0.03  upright=0.00±0.00  → FITNESS=0.0186
URDF saved to temp_urdf\being_9472.urdf
Connecting to PyBullet, GUI: False
CreatureEnv Inicijalizacija: 12 motora. OBS_dim=40, frame_skip=1
[Fitness run Gen9Creature3] reward=1.37±0.43  dist=0.00±0.00  upright=0.13±0.06  → FITNESS=0.0580
URDF saved to temp_urdf\being_9472.urdf
Connecting to PyBullet, GUI: False
CreatureEnv Inicijalizacija: 12 motora. OBS_dim=40, frame_skip=1
[Fitness run Gen9Creature4] reward=1.74±0.00  dist=0.07±0.20  upright=0.01±0.02  → FITNESS=0.0220
URDF saved to temp_urdf\being_9472.urdf
Connecting to PyBullet, GUI: False
CreatureEnv Inicijalizacija: 12 motora. OBS_dim=40, frame_skip=1
[Fitness run Gen9Creature5] reward=-0.27±0.24  dist=0.26±0.24  upright=0.04±0.02  → FITNESS=0.0354
URDF saved to temp_urdf\being_9472.urdf
Connecting to PyBullet, GUI: False
CreatureEnv Inicijalizacija: 12 motora. OBS_dim=40, frame_skip=1
[Fitness run Gen9Creature6] reward=1.54±0.08  dist=0.40±0.13  upright=0.12±0.03  → FITNESS=0.0640
URDF saved to temp_urdf\being_9472.urdf
Connecting to PyBullet, GUI: False
CreatureEnv Inicijalizacija: 12 motora. OBS_dim=40, frame_skip=1
[Fitness run Gen9Creature8] reward=1.70±0.00  dist=0.02±0.06  upright=0.09±0.03  → FITNESS=0.0450
URDF saved to temp_urdf\being_9472.urdf
Connecting to PyBullet, GUI: False
CreatureEnv Inicijalizacija: 12 motora. OBS_dim=40, frame_skip=1
[Fitness run Gen9Creature9] reward=1.73±0.00  dist=0.01±0.02  upright=0.00±0.00  → FITNESS=0.0185
URDF saved to temp_urdf\being_9472.urdf
Connecting to PyBullet, GUI: False
CreatureEnv Inicijalizacija: 12 motora. OBS_dim=40, frame_skip=1
[Fitness run Gen9Creature12] reward=1.28±0.00  dist=0.03±0.09  upright=0.00±0.00  → FITNESS=0.0190
URDF saved to temp_urdf\being_9472.urdf
Connecting to PyBullet, GUI: False
CreatureEnv Inicijalizacija: 12 motora. OBS_dim=40, frame_skip=1
[Fitness run Gen9Creature13] reward=-0.21±0.68  dist=0.76±0.36  upright=0.02±0.07  → FITNESS=0.0438
URDF saved to temp_urdf\being_9472.urdf
Connecting to PyBullet, GUI: False
CreatureEnv Inicijalizacija: 12 motora. OBS_dim=40, frame_skip=1
[Fitness run Gen9Creature14] reward=947.97±315.47  dist=0.11±0.04  upright=0.90±0.30  → FITNESS=0.3770
URDF saved to temp_urdf\being_9472.urdf
Connecting to PyBullet, GUI: False
CreatureEnv Inicijalizacija: 12 motora. OBS_dim=40, frame_skip=1
[Fitness run Gen9Creature15] reward=1.56±0.00  dist=0.00±0.00  upright=0.01±0.02  → FITNESS=0.0203
URDF saved to temp_urdf\being_9472.urdf
Connecting to PyBullet, GUI: False
CreatureEnv Inicijalizacija: 12 motora. OBS_dim=40, frame_skip=1
[Fitness run Gen9Creature16] reward=921.94±306.78  dist=0.09±0.05  upright=0.91±0.28  → FITNESS=0.3761
URDF saved to temp_urdf\being_9472.urdf
Connecting to PyBullet, GUI: False
CreatureEnv Inicijalizacija: 12 motora. OBS_dim=40, frame_skip=1
[Fitness run Gen9Creature17] reward=1.72±0.00  dist=0.15±0.07  upright=0.12±0.07  → FITNESS=0.0570
URDF saved to temp_urdf\being_9472.urdf
Connecting to PyBullet, GUI: False
CreatureEnv Inicijalizacija: 12 motora. OBS_dim=40, frame_skip=1
[Fitness run Gen9Creature18] reward=1.72±0.00  dist=0.05±0.14  upright=0.05±0.06  → FITNESS=0.0350
URDF saved to temp_urdf\being_9472.urdf
Connecting to PyBullet, GUI: False
CreatureEnv Inicijalizacija: 12 motora. OBS_dim=40, frame_skip=1
[Fitness run Gen9Creature19] reward=1.64±0.02  dist=0.01±0.03  upright=0.15±0.07  → FITNESS=0.0631
URDF saved to temp_urdf\being_9472.urdf
Connecting to PyBullet, GUI: False
CreatureEnv Inicijalizacija: 12 motora. OBS_dim=40, frame_skip=1
[Fitness run Gen9Creature20] reward=453.86±554.49  dist=0.33±0.38  upright=0.82±0.23  → FITNESS=0.3146
URDF saved to temp_urdf\being_9472.urdf
Connecting to PyBullet, GUI: False
CreatureEnv Inicijalizacija: 12 motora. OBS_dim=40, frame_skip=1
[Fitness run Gen9Creature22] reward=1.69±0.15  dist=0.05±0.04  upright=0.34±0.11  → FITNESS=0.1212
URDF saved to temp_urdf\being_9472.urdf
Connecting to PyBullet, GUI: False
CreatureEnv Inicijalizacija: 12 motora. OBS_dim=40, frame_skip=1
[Fitness run Gen9Creature24] reward=1.54±0.00  dist=0.21±0.08  upright=0.00±0.00  → FITNESS=0.0236
URDF saved to temp_urdf\being_9472.urdf
Connecting to PyBullet, GUI: False
CreatureEnv Inicijalizacija: 12 motora. OBS_dim=40, frame_skip=1
[Fitness run Gen9Creature26] reward=1.62±0.00  dist=0.04±0.12  upright=0.01±0.04  → FITNESS=0.0232
URDF saved to temp_urdf\being_9472.urdf
Connecting to PyBullet, GUI: False
CreatureEnv Inicijalizacija: 12 motora. OBS_dim=40, frame_skip=1
[Fitness run Gen9Creature27] reward=1.73±0.00  dist=0.00±0.00  upright=0.00±0.00  → FITNESS=0.0184
URDF saved to temp_urdf\being_9472.urdf
Connecting to PyBullet, GUI: False
CreatureEnv Inicijalizacija: 12 motora. OBS_dim=40, frame_skip=1
[Fitness run Gen9Creature28] reward=1.60±0.04  dist=0.05±0.14  upright=0.00±0.00  → FITNESS=0.0195
URDF saved to temp_urdf\being_9472.urdf
Connecting to PyBullet, GUI: False
CreatureEnv Inicijalizacija: 12 motora. OBS_dim=40, frame_skip=1
[Fitness run Gen9Creature29] reward=1.80±0.00  dist=0.06±0.19  upright=0.29±0.01  → FITNESS=0.1080

==================================================
Generacija 9/20  |  Best = 0.4516  |  Mean = 0.1691  |  Std = 0.1702
==================================================
URDF saved to temp_urdf\being_9472.urdf
Connecting to PyBullet, GUI: False
CreatureEnv Inicijalizacija: 12 motora. OBS_dim=40, frame_skip=1
[Fitness run Gen9Creature2] reward=1.61±0.01  dist=0.01±0.03  upright=0.00±0.00  → FITNESS=0.0186
URDF saved to temp_urdf\being_9472.urdf
Connecting to PyBullet, GUI: False
CreatureEnv Inicijalizacija: 12 motora. OBS_dim=40, frame_skip=1
[Fitness run Gen9Creature3] reward=1.37±0.43  dist=0.00±0.00  upright=0.13±0.06  → FITNESS=0.0580
URDF saved to temp_urdf\being_9472.urdf
Connecting to PyBullet, GUI: False
CreatureEnv Inicijalizacija: 12 motora. OBS_dim=40, frame_skip=1
[Fitness run Gen9Creature4] reward=1.74±0.00  dist=0.07±0.20  upright=0.01±0.02  → FITNESS=0.0220
URDF saved to temp_urdf\being_9472.urdf
Connecting to PyBullet, GUI: False
CreatureEnv Inicijalizacija: 12 motora. OBS_dim=40, frame_skip=1
[Fitness run Gen9Creature5] reward=-0.27±0.24  dist=0.26±0.24  upright=0.04±0.02  → FITNESS=0.0354
URDF saved to temp_urdf\being_9472.urdf
Connecting to PyBullet, GUI: False
CreatureEnv Inicijalizacija: 12 motora. OBS_dim=40, frame_skip=1
[Fitness run Gen9Creature6] reward=1.54±0.08  dist=0.40±0.13  upright=0.12±0.03  → FITNESS=0.0640
URDF saved to temp_urdf\being_9472.urdf
Connecting to PyBullet, GUI: False
CreatureEnv Inicijalizacija: 12 motora. OBS_dim=40, frame_skip=1
[Fitness run Gen9Creature8] reward=1.70±0.00  dist=0.02±0.06  upright=0.09±0.03  → FITNESS=0.0450
URDF saved to temp_urdf\being_9472.urdf
Connecting to PyBullet, GUI: False
CreatureEnv Inicijalizacija: 12 motora. OBS_dim=40, frame_skip=1
[Fitness run Gen9Creature9] reward=1.73±0.00  dist=0.01±0.02  upright=0.00±0.00  → FITNESS=0.0185
URDF saved to temp_urdf\being_9472.urdf
Connecting to PyBullet, GUI: False
CreatureEnv Inicijalizacija: 12 motora. OBS_dim=40, frame_skip=1
[Fitness run Gen9Creature12] reward=1.28±0.00  dist=0.03±0.09  upright=0.00±0.00  → FITNESS=0.0190
URDF saved to temp_urdf\being_9472.urdf
Connecting to PyBullet, GUI: False
CreatureEnv Inicijalizacija: 12 motora. OBS_dim=40, frame_skip=1
[Fitness run Gen9Creature13] reward=-0.21±0.68  dist=0.76±0.36  upright=0.02±0.07  → FITNESS=0.0438
URDF saved to temp_urdf\being_9472.urdf
Connecting to PyBullet, GUI: False
CreatureEnv Inicijalizacija: 12 motora. OBS_dim=40, frame_skip=1
[Fitness run Gen9Creature14] reward=947.97±315.47  dist=0.11±0.04  upright=0.90±0.30  → FITNESS=0.3770
URDF saved to temp_urdf\being_9472.urdf
Connecting to PyBullet, GUI: False
CreatureEnv Inicijalizacija: 12 motora. OBS_dim=40, frame_skip=1
[Fitness run Gen9Creature15] reward=1.56±0.00  dist=0.00±0.00  upright=0.01±0.02  → FITNESS=0.0203
URDF saved to temp_urdf\being_9472.urdf
Connecting to PyBullet, GUI: False
CreatureEnv Inicijalizacija: 12 motora. OBS_dim=40, frame_skip=1
[Fitness run Gen9Creature16] reward=921.94±306.78  dist=0.09±0.05  upright=0.91±0.28  → FITNESS=0.3761
URDF saved to temp_urdf\being_9472.urdf
Connecting to PyBullet, GUI: False
CreatureEnv Inicijalizacija: 12 motora. OBS_dim=40, frame_skip=1
[Fitness run Gen9Creature17] reward=1.72±0.00  dist=0.15±0.07  upright=0.12±0.07  → FITNESS=0.0570
URDF saved to temp_urdf\being_9472.urdf
Connecting to PyBullet, GUI: False
CreatureEnv Inicijalizacija: 12 motora. OBS_dim=40, frame_skip=1
[Fitness run Gen9Creature18] reward=1.72±0.00  dist=0.05±0.14  upright=0.05±0.06  → FITNESS=0.0350
URDF saved to temp_urdf\being_9472.urdf
Connecting to PyBullet, GUI: False
CreatureEnv Inicijalizacija: 12 motora. OBS_dim=40, frame_skip=1
[Fitness run Gen9Creature19] reward=1.64±0.02  dist=0.01±0.03  upright=0.15±0.07  → FITNESS=0.0631
URDF saved to temp_urdf\being_9472.urdf
Connecting to PyBullet, GUI: False
CreatureEnv Inicijalizacija: 12 motora. OBS_dim=40, frame_skip=1
[Fitness run Gen9Creature20] reward=453.86±554.49  dist=0.33±0.38  upright=0.82±0.23  → FITNESS=0.3146
URDF saved to temp_urdf\being_9472.urdf
Connecting to PyBullet, GUI: False
CreatureEnv Inicijalizacija: 12 motora. OBS_dim=40, frame_skip=1
[Fitness run Gen9Creature22] reward=1.69±0.15  dist=0.05±0.04  upright=0.34±0.11  → FITNESS=0.1212
URDF saved to temp_urdf\being_9472.urdf
Connecting to PyBullet, GUI: False
CreatureEnv Inicijalizacija: 12 motora. OBS_dim=40, frame_skip=1
[Fitness run Gen9Creature24] reward=1.54±0.00  dist=0.21±0.08  upright=0.00±0.00  → FITNESS=0.0236
URDF saved to temp_urdf\being_9472.urdf
Connecting to PyBullet, GUI: False
CreatureEnv Inicijalizacija: 12 motora. OBS_dim=40, frame_skip=1
[Fitness run Gen9Creature26] reward=1.62±0.00  dist=0.04±0.12  upright=0.01±0.04  → FITNESS=0.0232
URDF saved to temp_urdf\being_9472.urdf
Connecting to PyBullet, GUI: False
CreatureEnv Inicijalizacija: 12 motora. OBS_dim=40, frame_skip=1
[Fitness run Gen9Creature27] reward=1.73±0.00  dist=0.00±0.00  upright=0.00±0.00  → FITNESS=0.0184
URDF saved to temp_urdf\being_9472.urdf
Connecting to PyBullet, GUI: False
CreatureEnv Inicijalizacija: 12 motora. OBS_dim=40, frame_skip=1
[Fitness run Gen9Creature28] reward=1.60±0.04  dist=0.05±0.14  upright=0.00±0.00  → FITNESS=0.0195
URDF saved to temp_urdf\being_9472.urdf
Connecting to PyBullet, GUI: False
CreatureEnv Inicijalizacija: 12 motora. OBS_dim=40, frame_skip=1
[Fitness run Gen9Creature29] reward=1.80±0.00  dist=0.06±0.19  upright=0.29±0.01  → FITNESS=0.1080
Genome saved to results\distanceBased500Steps5DifferentSeeds\run_4\run_4_best_creature.json
[plot] Summary saved → results\distanceBased500Steps5DifferentSeeds\run_4\run_4_summary.png
URDF saved to temp_urdf\being_9472.urdf
Connecting to PyBullet, GUI: False
CreatureEnv Inicijalizacija: 12 motora. OBS_dim=40, frame_skip=1
[Fitness run Gen10Creature2] reward=1.61±0.01  dist=0.01±0.03  upright=0.00±0.00  → FITNESS=0.0186
URDF saved to temp_urdf\being_9472.urdf
Connecting to PyBullet, GUI: False
CreatureEnv Inicijalizacija: 12 motora. OBS_dim=40, frame_skip=1
[Fitness run Gen10Creature3] reward=1.37±0.43  dist=0.00±0.00  upright=0.13±0.06  → FITNESS=0.0580
URDF saved to temp_urdf\being_9472.urdf
Connecting to PyBullet, GUI: False
CreatureEnv Inicijalizacija: 12 motora. OBS_dim=40, frame_skip=1
[Fitness run Gen10Creature4] reward=1.75±0.00  dist=0.24±0.09  upright=0.00±0.00  → FITNESS=0.0243
URDF saved to temp_urdf\being_9472.urdf
Connecting to PyBullet, GUI: False
CreatureEnv Inicijalizacija: 12 motora. OBS_dim=40, frame_skip=1
[Fitness run Gen10Creature5] reward=1.44±0.04  dist=0.33±0.23  upright=0.15±0.05  → FITNESS=0.0701
URDF saved to temp_urdf\being_9472.urdf
Connecting to PyBullet, GUI: False
CreatureEnv Inicijalizacija: 12 motora. OBS_dim=40, frame_skip=1
[Fitness run Gen10Creature6] reward=1.54±0.08  dist=0.40±0.13  upright=0.12±0.03  → FITNESS=0.0640
URDF saved to temp_urdf\being_9472.urdf
Connecting to PyBullet, GUI: False
CreatureEnv Inicijalizacija: 12 motora. OBS_dim=40, frame_skip=1
[Fitness run Gen10Creature8] reward=1.68±0.14  dist=0.00±0.00  upright=0.11±0.05  → FITNESS=0.0513
URDF saved to temp_urdf\being_9472.urdf
Connecting to PyBullet, GUI: False
CreatureEnv Inicijalizacija: 12 motora. OBS_dim=40, frame_skip=1
[Fitness run Gen10Creature9] reward=1.50±0.11  dist=0.00±0.00  upright=0.03±0.09  → FITNESS=0.0270
URDF saved to temp_urdf\being_9472.urdf
Connecting to PyBullet, GUI: False
CreatureEnv Inicijalizacija: 12 motora. OBS_dim=40, frame_skip=1
[Fitness run Gen10Creature12] reward=1.28±0.00  dist=0.03±0.09  upright=0.00±0.00  → FITNESS=0.0190
URDF saved to temp_urdf\being_9472.urdf
Connecting to PyBullet, GUI: False
CreatureEnv Inicijalizacija: 12 motora. OBS_dim=40, frame_skip=1
[Fitness run Gen10Creature15] reward=1.58±0.05  dist=0.04±0.13  upright=0.02±0.06  → FITNESS=0.0252
URDF saved to temp_urdf\being_9472.urdf
Connecting to PyBullet, GUI: False
CreatureEnv Inicijalizacija: 12 motora. OBS_dim=40, frame_skip=1
[Fitness run Gen10Creature16] reward=921.94±306.78  dist=0.09±0.05  upright=0.91±0.28  → FITNESS=0.3761
URDF saved to temp_urdf\being_9472.urdf
Connecting to PyBullet, GUI: False
CreatureEnv Inicijalizacija: 12 motora. OBS_dim=40, frame_skip=1
[Fitness run Gen10Creature17] reward=1.72±0.00  dist=0.15±0.07  upright=0.12±0.07  → FITNESS=0.0570
URDF saved to temp_urdf\being_9472.urdf
Connecting to PyBullet, GUI: False
CreatureEnv Inicijalizacija: 12 motora. OBS_dim=40, frame_skip=1
[Fitness run Gen10Creature18] reward=1.68±0.02  dist=0.05±0.16  upright=0.00±0.00  → FITNESS=0.0197
URDF saved to temp_urdf\being_9472.urdf
Connecting to PyBullet, GUI: False
CreatureEnv Inicijalizacija: 12 motora. OBS_dim=40, frame_skip=1
[Fitness run Gen10Creature19] reward=447.11±520.75  dist=0.20±0.43  upright=0.88±0.27  → FITNESS=0.3292
URDF saved to temp_urdf\being_9472.urdf
Connecting to PyBullet, GUI: False
CreatureEnv Inicijalizacija: 12 motora. OBS_dim=40, frame_skip=1
[Fitness run Gen10Creature20] reward=453.86±554.49  dist=0.33±0.38  upright=0.82±0.23  → FITNESS=0.3146
URDF saved to temp_urdf\being_9472.urdf
Connecting to PyBullet, GUI: False
CreatureEnv Inicijalizacija: 12 motora. OBS_dim=40, frame_skip=1
[Fitness run Gen10Creature22] reward=1.69±0.15  dist=0.05±0.04  upright=0.34±0.11  → FITNESS=0.1212
URDF saved to temp_urdf\being_9472.urdf
Connecting to PyBullet, GUI: False
CreatureEnv Inicijalizacija: 12 motora. OBS_dim=40, frame_skip=1
[Fitness run Gen10Creature24] reward=1.54±0.00  dist=0.21±0.08  upright=0.00±0.00  → FITNESS=0.0236
URDF saved to temp_urdf\being_9472.urdf
Connecting to PyBullet, GUI: False
CreatureEnv Inicijalizacija: 12 motora. OBS_dim=40, frame_skip=1
[Fitness run Gen10Creature25] reward=107.54±318.05  dist=0.00±0.00  upright=0.57±0.25  → FITNESS=0.1992
URDF saved to temp_urdf\being_9472.urdf
Connecting to PyBullet, GUI: False
CreatureEnv Inicijalizacija: 12 motora. OBS_dim=40, frame_skip=1
[Fitness run Gen10Creature26] reward=1.62±0.00  dist=0.04±0.12  upright=0.01±0.04  → FITNESS=0.0232
URDF saved to temp_urdf\being_9472.urdf
Connecting to PyBullet, GUI: False
CreatureEnv Inicijalizacija: 12 motora. OBS_dim=40, frame_skip=1
[Fitness run Gen10Creature27] reward=1.73±0.00  dist=0.00±0.00  upright=0.00±0.00  → FITNESS=0.0184
URDF saved to temp_urdf\being_9472.urdf
Connecting to PyBullet, GUI: False
CreatureEnv Inicijalizacija: 12 motora. OBS_dim=40, frame_skip=1
[Fitness run Gen10Creature28] reward=1.71±0.01  dist=0.03±0.02  upright=0.07±0.01  → FITNESS=0.0395
URDF saved to temp_urdf\being_9472.urdf
Connecting to PyBullet, GUI: False
CreatureEnv Inicijalizacija: 12 motora. OBS_dim=40, frame_skip=1
[Fitness run Gen10Creature29] reward=0.66±0.98  dist=0.39±0.37  upright=0.05±0.02  → FITNESS=0.0444

==================================================
Generacija 10/20  |  Best = 0.4516  |  Mean = 0.1749  |  Std = 0.1698
==================================================
URDF saved to temp_urdf\being_9472.urdf
Connecting to PyBullet, GUI: False
CreatureEnv Inicijalizacija: 12 motora. OBS_dim=40, frame_skip=1
[Fitness run Gen10Creature2] reward=1.61±0.01  dist=0.01±0.03  upright=0.00±0.00  → FITNESS=0.0186
URDF saved to temp_urdf\being_9472.urdf
Connecting to PyBullet, GUI: False
CreatureEnv Inicijalizacija: 12 motora. OBS_dim=40, frame_skip=1
[Fitness run Gen10Creature3] reward=1.37±0.43  dist=0.00±0.00  upright=0.13±0.06  → FITNESS=0.0580
URDF saved to temp_urdf\being_9472.urdf
Connecting to PyBullet, GUI: False
CreatureEnv Inicijalizacija: 12 motora. OBS_dim=40, frame_skip=1
[Fitness run Gen10Creature4] reward=1.75±0.00  dist=0.24±0.09  upright=0.00±0.00  → FITNESS=0.0243
URDF saved to temp_urdf\being_9472.urdf
Connecting to PyBullet, GUI: False
CreatureEnv Inicijalizacija: 12 motora. OBS_dim=40, frame_skip=1
[Fitness run Gen10Creature5] reward=1.44±0.04  dist=0.33±0.23  upright=0.15±0.05  → FITNESS=0.0701
URDF saved to temp_urdf\being_9472.urdf
Connecting to PyBullet, GUI: False
CreatureEnv Inicijalizacija: 12 motora. OBS_dim=40, frame_skip=1
[Fitness run Gen10Creature6] reward=1.54±0.08  dist=0.40±0.13  upright=0.12±0.03  → FITNESS=0.0640
URDF saved to temp_urdf\being_9472.urdf
Connecting to PyBullet, GUI: False
CreatureEnv Inicijalizacija: 12 motora. OBS_dim=40, frame_skip=1
[Fitness run Gen10Creature8] reward=1.68±0.14  dist=0.00±0.00  upright=0.11±0.05  → FITNESS=0.0513
URDF saved to temp_urdf\being_9472.urdf
Connecting to PyBullet, GUI: False
CreatureEnv Inicijalizacija: 12 motora. OBS_dim=40, frame_skip=1
[Fitness run Gen10Creature9] reward=1.50±0.11  dist=0.00±0.00  upright=0.03±0.09  → FITNESS=0.0270
URDF saved to temp_urdf\being_9472.urdf
Connecting to PyBullet, GUI: False
CreatureEnv Inicijalizacija: 12 motora. OBS_dim=40, frame_skip=1
[Fitness run Gen10Creature12] reward=1.28±0.00  dist=0.03±0.09  upright=0.00±0.00  → FITNESS=0.0190
URDF saved to temp_urdf\being_9472.urdf
Connecting to PyBullet, GUI: False
CreatureEnv Inicijalizacija: 12 motora. OBS_dim=40, frame_skip=1
[Fitness run Gen10Creature15] reward=1.58±0.05  dist=0.04±0.13  upright=0.02±0.06  → FITNESS=0.0252
URDF saved to temp_urdf\being_9472.urdf
Connecting to PyBullet, GUI: False
CreatureEnv Inicijalizacija: 12 motora. OBS_dim=40, frame_skip=1
[Fitness run Gen10Creature16] reward=921.94±306.78  dist=0.09±0.05  upright=0.91±0.28  → FITNESS=0.3761
URDF saved to temp_urdf\being_9472.urdf
Connecting to PyBullet, GUI: False
CreatureEnv Inicijalizacija: 12 motora. OBS_dim=40, frame_skip=1
[Fitness run Gen10Creature17] reward=1.72±0.00  dist=0.15±0.07  upright=0.12±0.07  → FITNESS=0.0570
URDF saved to temp_urdf\being_9472.urdf
Connecting to PyBullet, GUI: False
CreatureEnv Inicijalizacija: 12 motora. OBS_dim=40, frame_skip=1
[Fitness run Gen10Creature18] reward=1.68±0.02  dist=0.05±0.16  upright=0.00±0.00  → FITNESS=0.0197
URDF saved to temp_urdf\being_9472.urdf
Connecting to PyBullet, GUI: False
CreatureEnv Inicijalizacija: 12 motora. OBS_dim=40, frame_skip=1
[Fitness run Gen10Creature19] reward=447.11±520.75  dist=0.20±0.43  upright=0.88±0.27  → FITNESS=0.3292
URDF saved to temp_urdf\being_9472.urdf
Connecting to PyBullet, GUI: False
CreatureEnv Inicijalizacija: 12 motora. OBS_dim=40, frame_skip=1
[Fitness run Gen10Creature20] reward=453.86±554.49  dist=0.33±0.38  upright=0.82±0.23  → FITNESS=0.3146
URDF saved to temp_urdf\being_9472.urdf
Connecting to PyBullet, GUI: False
CreatureEnv Inicijalizacija: 12 motora. OBS_dim=40, frame_skip=1
[Fitness run Gen10Creature22] reward=1.69±0.15  dist=0.05±0.04  upright=0.34±0.11  → FITNESS=0.1212
URDF saved to temp_urdf\being_9472.urdf
Connecting to PyBullet, GUI: False
CreatureEnv Inicijalizacija: 12 motora. OBS_dim=40, frame_skip=1
[Fitness run Gen10Creature24] reward=1.54±0.00  dist=0.21±0.08  upright=0.00±0.00  → FITNESS=0.0236
URDF saved to temp_urdf\being_9472.urdf
Connecting to PyBullet, GUI: False
CreatureEnv Inicijalizacija: 12 motora. OBS_dim=40, frame_skip=1
[Fitness run Gen10Creature25] reward=107.54±318.05  dist=0.00±0.00  upright=0.57±0.25  → FITNESS=0.1992
URDF saved to temp_urdf\being_9472.urdf
Connecting to PyBullet, GUI: False
CreatureEnv Inicijalizacija: 12 motora. OBS_dim=40, frame_skip=1
[Fitness run Gen10Creature26] reward=1.62±0.00  dist=0.04±0.12  upright=0.01±0.04  → FITNESS=0.0232
URDF saved to temp_urdf\being_9472.urdf
Connecting to PyBullet, GUI: False
CreatureEnv Inicijalizacija: 12 motora. OBS_dim=40, frame_skip=1
[Fitness run Gen10Creature27] reward=1.73±0.00  dist=0.00±0.00  upright=0.00±0.00  → FITNESS=0.0184
URDF saved to temp_urdf\being_9472.urdf
Connecting to PyBullet, GUI: False
CreatureEnv Inicijalizacija: 12 motora. OBS_dim=40, frame_skip=1
[Fitness run Gen10Creature28] reward=1.71±0.01  dist=0.03±0.02  upright=0.07±0.01  → FITNESS=0.0395
URDF saved to temp_urdf\being_9472.urdf
Connecting to PyBullet, GUI: False
CreatureEnv Inicijalizacija: 12 motora. OBS_dim=40, frame_skip=1
[Fitness run Gen10Creature29] reward=0.66±0.98  dist=0.39±0.37  upright=0.05±0.02  → FITNESS=0.0444
Genome saved to results\distanceBased500Steps5DifferentSeeds\run_4\run_4_best_creature.json
[plot] Summary saved → results\distanceBased500Steps5DifferentSeeds\run_4\run_4_summary.png
URDF saved to temp_urdf\being_9472.urdf
Connecting to PyBullet, GUI: False
CreatureEnv Inicijalizacija: 12 motora. OBS_dim=40, frame_skip=1
[Fitness run Gen11Creature2] reward=1.61±0.01  dist=0.01±0.03  upright=0.00±0.00  → FITNESS=0.0186
URDF saved to temp_urdf\being_9472.urdf
Connecting to PyBullet, GUI: False
CreatureEnv Inicijalizacija: 12 motora. OBS_dim=40, frame_skip=1
[Fitness run Gen11Creature3] reward=1.37±0.43  dist=0.00±0.00  upright=0.13±0.06  → FITNESS=0.0580
URDF saved to temp_urdf\being_9472.urdf
Connecting to PyBullet, GUI: False
CreatureEnv Inicijalizacija: 12 motora. OBS_dim=40, frame_skip=1
[Fitness run Gen11Creature4] reward=1.75±0.00  dist=0.24±0.09  upright=0.00±0.00  → FITNESS=0.0243
URDF saved to temp_urdf\being_9472.urdf
Connecting to PyBullet, GUI: False
CreatureEnv Inicijalizacija: 12 motora. OBS_dim=40, frame_skip=1
[Fitness run Gen11Creature6] reward=1.54±0.08  dist=0.40±0.13  upright=0.12±0.03  → FITNESS=0.0640
URDF saved to temp_urdf\being_9472.urdf
Connecting to PyBullet, GUI: False
CreatureEnv Inicijalizacija: 12 motora. OBS_dim=40, frame_skip=1
[Fitness run Gen11Creature8] reward=1.63±0.04  dist=0.02±0.06  upright=0.10±0.04  → FITNESS=0.0488
URDF saved to temp_urdf\being_9472.urdf
Connecting to PyBullet, GUI: False
CreatureEnv Inicijalizacija: 12 motora. OBS_dim=40, frame_skip=1
[Fitness run Gen11Creature9] reward=1.52±0.05  dist=0.19±0.15  upright=0.03±0.10  → FITNESS=0.0328
URDF saved to temp_urdf\being_9472.urdf
Connecting to PyBullet, GUI: False
CreatureEnv Inicijalizacija: 12 motora. OBS_dim=40, frame_skip=1
[Fitness run Gen11Creature12] reward=1.28±0.00  dist=0.03±0.09  upright=0.00±0.00  → FITNESS=0.0190
URDF saved to temp_urdf\being_9472.urdf
Connecting to PyBullet, GUI: False
CreatureEnv Inicijalizacija: 12 motora. OBS_dim=40, frame_skip=1
[Fitness run Gen11Creature13] reward=-0.21±0.68  dist=0.76±0.36  upright=0.02±0.07  → FITNESS=0.0438
URDF saved to temp_urdf\being_9472.urdf
Connecting to PyBullet, GUI: False
CreatureEnv Inicijalizacija: 12 motora. OBS_dim=40, frame_skip=1
[Fitness run Gen11Creature15] reward=1.58±0.05  dist=0.04±0.13  upright=0.02±0.06  → FITNESS=0.0252
URDF saved to temp_urdf\being_9472.urdf
Connecting to PyBullet, GUI: False
CreatureEnv Inicijalizacija: 12 motora. OBS_dim=40, frame_skip=1
[Fitness run Gen11Creature16] reward=921.94±306.78  dist=0.09±0.05  upright=0.91±0.28  → FITNESS=0.3761
URDF saved to temp_urdf\being_9472.urdf
Connecting to PyBullet, GUI: False
CreatureEnv Inicijalizacija: 12 motora. OBS_dim=40, frame_skip=1
[Fitness run Gen11Creature17] reward=1.72±0.00  dist=0.15±0.07  upright=0.12±0.07  → FITNESS=0.0570
URDF saved to temp_urdf\being_9472.urdf
Connecting to PyBullet, GUI: False
CreatureEnv Inicijalizacija: 12 motora. OBS_dim=40, frame_skip=1
[Fitness run Gen11Creature18] reward=1.56±0.40  dist=0.04±0.11  upright=0.21±0.08  → FITNESS=0.0831
URDF saved to temp_urdf\being_9472.urdf
Connecting to PyBullet, GUI: False
CreatureEnv Inicijalizacija: 12 motora. OBS_dim=40, frame_skip=1
[Fitness run Gen11Creature19] reward=1.38±0.15  dist=0.07±0.07  upright=0.57±0.22  → FITNESS=0.1914
URDF saved to temp_urdf\being_9472.urdf
Connecting to PyBullet, GUI: False
CreatureEnv Inicijalizacija: 12 motora. OBS_dim=40, frame_skip=1
[Fitness run Gen11Creature20] reward=453.86±554.49  dist=0.33±0.38  upright=0.82±0.23  → FITNESS=0.3146
URDF saved to temp_urdf\being_9472.urdf
Connecting to PyBullet, GUI: False
CreatureEnv Inicijalizacija: 12 motora. OBS_dim=40, frame_skip=1
[Fitness run Gen11Creature22] reward=1.69±0.15  dist=0.05±0.04  upright=0.34±0.11  → FITNESS=0.1212
URDF saved to temp_urdf\being_9472.urdf
Connecting to PyBullet, GUI: False
CreatureEnv Inicijalizacija: 12 motora. OBS_dim=40, frame_skip=1
[Fitness run Gen11Creature24] reward=1.54±0.00  dist=0.21±0.08  upright=0.00±0.00  → FITNESS=0.0236
URDF saved to temp_urdf\being_9472.urdf
Connecting to PyBullet, GUI: False
CreatureEnv Inicijalizacija: 12 motora. OBS_dim=40, frame_skip=1
[Fitness run Gen11Creature25] reward=107.54±318.05  dist=0.00±0.00  upright=0.57±0.25  → FITNESS=0.1992
URDF saved to temp_urdf\being_9472.urdf
Connecting to PyBullet, GUI: False
CreatureEnv Inicijalizacija: 12 motora. OBS_dim=40, frame_skip=1
[Fitness run Gen11Creature26] reward=1.62±0.00  dist=0.04±0.12  upright=0.01±0.04  → FITNESS=0.0232
URDF saved to temp_urdf\being_9472.urdf
Connecting to PyBullet, GUI: False
CreatureEnv Inicijalizacija: 12 motora. OBS_dim=40, frame_skip=1
[Fitness run Gen11Creature27] reward=1.73±0.00  dist=0.00±0.00  upright=0.00±0.00  → FITNESS=0.0184
URDF saved to temp_urdf\being_9472.urdf
Connecting to PyBullet, GUI: False
CreatureEnv Inicijalizacija: 12 motora. OBS_dim=40, frame_skip=1
[Fitness run Gen11Creature28] reward=1.74±0.01  dist=0.05±0.02  upright=0.00±0.00  → FITNESS=0.0195
URDF saved to temp_urdf\being_9472.urdf
Connecting to PyBullet, GUI: False
CreatureEnv Inicijalizacija: 12 motora. OBS_dim=40, frame_skip=1
[Fitness run Gen11Creature29] reward=1.56±0.03  dist=0.29±0.18  upright=0.02±0.06  → FITNESS=0.0315

==================================================
Generacija 11/20  |  Best = 0.4516  |  Mean = 0.1714  |  Std = 0.1667
==================================================
URDF saved to temp_urdf\being_9472.urdf
Connecting to PyBullet, GUI: False
CreatureEnv Inicijalizacija: 12 motora. OBS_dim=40, frame_skip=1
[Fitness run Gen11Creature2] reward=1.61±0.01  dist=0.01±0.03  upright=0.00±0.00  → FITNESS=0.0186
URDF saved to temp_urdf\being_9472.urdf
Connecting to PyBullet, GUI: False
CreatureEnv Inicijalizacija: 12 motora. OBS_dim=40, frame_skip=1
[Fitness run Gen11Creature3] reward=1.37±0.43  dist=0.00±0.00  upright=0.13±0.06  → FITNESS=0.0580
URDF saved to temp_urdf\being_9472.urdf
Connecting to PyBullet, GUI: False
CreatureEnv Inicijalizacija: 12 motora. OBS_dim=40, frame_skip=1
[Fitness run Gen11Creature4] reward=1.75±0.00  dist=0.24±0.09  upright=0.00±0.00  → FITNESS=0.0243
URDF saved to temp_urdf\being_9472.urdf
Connecting to PyBullet, GUI: False
CreatureEnv Inicijalizacija: 12 motora. OBS_dim=40, frame_skip=1
[Fitness run Gen11Creature6] reward=1.54±0.08  dist=0.40±0.13  upright=0.12±0.03  → FITNESS=0.0640
URDF saved to temp_urdf\being_9472.urdf
Connecting to PyBullet, GUI: False
CreatureEnv Inicijalizacija: 12 motora. OBS_dim=40, frame_skip=1
[Fitness run Gen11Creature8] reward=1.63±0.04  dist=0.02±0.06  upright=0.10±0.04  → FITNESS=0.0488
URDF saved to temp_urdf\being_9472.urdf
Connecting to PyBullet, GUI: False
CreatureEnv Inicijalizacija: 12 motora. OBS_dim=40, frame_skip=1
[Fitness run Gen11Creature9] reward=1.52±0.05  dist=0.19±0.15  upright=0.03±0.10  → FITNESS=0.0328
URDF saved to temp_urdf\being_9472.urdf
Connecting to PyBullet, GUI: False
CreatureEnv Inicijalizacija: 12 motora. OBS_dim=40, frame_skip=1
[Fitness run Gen11Creature12] reward=1.28±0.00  dist=0.03±0.09  upright=0.00±0.00  → FITNESS=0.0190
URDF saved to temp_urdf\being_9472.urdf
Connecting to PyBullet, GUI: False
CreatureEnv Inicijalizacija: 12 motora. OBS_dim=40, frame_skip=1
[Fitness run Gen11Creature13] reward=-0.21±0.68  dist=0.76±0.36  upright=0.02±0.07  → FITNESS=0.0438
URDF saved to temp_urdf\being_9472.urdf
Connecting to PyBullet, GUI: False
CreatureEnv Inicijalizacija: 12 motora. OBS_dim=40, frame_skip=1
[Fitness run Gen11Creature15] reward=1.58±0.05  dist=0.04±0.13  upright=0.02±0.06  → FITNESS=0.0252
URDF saved to temp_urdf\being_9472.urdf
Connecting to PyBullet, GUI: False
CreatureEnv Inicijalizacija: 12 motora. OBS_dim=40, frame_skip=1
[Fitness run Gen11Creature16] reward=921.94±306.78  dist=0.09±0.05  upright=0.91±0.28  → FITNESS=0.3761
URDF saved to temp_urdf\being_9472.urdf
Connecting to PyBullet, GUI: False
CreatureEnv Inicijalizacija: 12 motora. OBS_dim=40, frame_skip=1
[Fitness run Gen11Creature17] reward=1.72±0.00  dist=0.15±0.07  upright=0.12±0.07  → FITNESS=0.0570
URDF saved to temp_urdf\being_9472.urdf
Connecting to PyBullet, GUI: False
CreatureEnv Inicijalizacija: 12 motora. OBS_dim=40, frame_skip=1
[Fitness run Gen11Creature18] reward=1.56±0.40  dist=0.04±0.11  upright=0.21±0.08  → FITNESS=0.0831
URDF saved to temp_urdf\being_9472.urdf
Connecting to PyBullet, GUI: False
CreatureEnv Inicijalizacija: 12 motora. OBS_dim=40, frame_skip=1
[Fitness run Gen11Creature19] reward=1.38±0.15  dist=0.07±0.07  upright=0.57±0.22  → FITNESS=0.1914
URDF saved to temp_urdf\being_9472.urdf
Connecting to PyBullet, GUI: False
CreatureEnv Inicijalizacija: 12 motora. OBS_dim=40, frame_skip=1
[Fitness run Gen11Creature20] reward=453.86±554.49  dist=0.33±0.38  upright=0.82±0.23  → FITNESS=0.3146
URDF saved to temp_urdf\being_9472.urdf
Connecting to PyBullet, GUI: False
CreatureEnv Inicijalizacija: 12 motora. OBS_dim=40, frame_skip=1
[Fitness run Gen11Creature22] reward=1.69±0.15  dist=0.05±0.04  upright=0.34±0.11  → FITNESS=0.1212
URDF saved to temp_urdf\being_9472.urdf
Connecting to PyBullet, GUI: False
CreatureEnv Inicijalizacija: 12 motora. OBS_dim=40, frame_skip=1
[Fitness run Gen11Creature24] reward=1.54±0.00  dist=0.21±0.08  upright=0.00±0.00  → FITNESS=0.0236
URDF saved to temp_urdf\being_9472.urdf
Connecting to PyBullet, GUI: False
CreatureEnv Inicijalizacija: 12 motora. OBS_dim=40, frame_skip=1
[Fitness run Gen11Creature25] reward=107.54±318.05  dist=0.00±0.00  upright=0.57±0.25  → FITNESS=0.1992
URDF saved to temp_urdf\being_9472.urdf
Connecting to PyBullet, GUI: False
CreatureEnv Inicijalizacija: 12 motora. OBS_dim=40, frame_skip=1
[Fitness run Gen11Creature26] reward=1.62±0.00  dist=0.04±0.12  upright=0.01±0.04  → FITNESS=0.0232
URDF saved to temp_urdf\being_9472.urdf
Connecting to PyBullet, GUI: False
CreatureEnv Inicijalizacija: 12 motora. OBS_dim=40, frame_skip=1
[Fitness run Gen11Creature27] reward=1.73±0.00  dist=0.00±0.00  upright=0.00±0.00  → FITNESS=0.0184
URDF saved to temp_urdf\being_9472.urdf
Connecting to PyBullet, GUI: False
CreatureEnv Inicijalizacija: 12 motora. OBS_dim=40, frame_skip=1
[Fitness run Gen11Creature28] reward=1.74±0.01  dist=0.05±0.02  upright=0.00±0.00  → FITNESS=0.0195
URDF saved to temp_urdf\being_9472.urdf
Connecting to PyBullet, GUI: False
CreatureEnv Inicijalizacija: 12 motora. OBS_dim=40, frame_skip=1
[Fitness run Gen11Creature29] reward=1.56±0.03  dist=0.29±0.18  upright=0.02±0.06  → FITNESS=0.0315
Genome saved to results\distanceBased500Steps5DifferentSeeds\run_4\run_4_best_creature.json
[plot] Summary saved → results\distanceBased500Steps5DifferentSeeds\run_4\run_4_summary.png
URDF saved to temp_urdf\being_9472.urdf
Connecting to PyBullet, GUI: False
CreatureEnv Inicijalizacija: 12 motora. OBS_dim=40, frame_skip=1
[Fitness run Gen12Creature2] reward=1.61±0.01  dist=0.01±0.03  upright=0.00±0.00  → FITNESS=0.0186
URDF saved to temp_urdf\being_9472.urdf
Connecting to PyBullet, GUI: False
CreatureEnv Inicijalizacija: 12 motora. OBS_dim=40, frame_skip=1
[Fitness run Gen12Creature3] reward=1.37±0.43  dist=0.00±0.00  upright=0.13±0.06  → FITNESS=0.0580
URDF saved to temp_urdf\being_9472.urdf
Connecting to PyBullet, GUI: False
CreatureEnv Inicijalizacija: 12 motora. OBS_dim=40, frame_skip=1
[Fitness run Gen12Creature4] reward=1.75±0.00  dist=0.24±0.09  upright=0.00±0.00  → FITNESS=0.0243
URDF saved to temp_urdf\being_9472.urdf
Connecting to PyBullet, GUI: False
CreatureEnv Inicijalizacija: 12 motora. OBS_dim=40, frame_skip=1
[Fitness run Gen12Creature6] reward=1.54±0.08  dist=0.40±0.13  upright=0.12±0.03  → FITNESS=0.0640
URDF saved to temp_urdf\being_9472.urdf
Connecting to PyBullet, GUI: False
CreatureEnv Inicijalizacija: 12 motora. OBS_dim=40, frame_skip=1
[Fitness run Gen12Creature8] reward=1.63±0.04  dist=0.02±0.06  upright=0.10±0.04  → FITNESS=0.0488
URDF saved to temp_urdf\being_9472.urdf
Connecting to PyBullet, GUI: False
CreatureEnv Inicijalizacija: 12 motora. OBS_dim=40, frame_skip=1
[Fitness run Gen12Creature9] reward=1.52±0.05  dist=0.19±0.15  upright=0.03±0.10  → FITNESS=0.0328
URDF saved to temp_urdf\being_9472.urdf
Connecting to PyBullet, GUI: False
CreatureEnv Inicijalizacija: 12 motora. OBS_dim=40, frame_skip=1
[Fitness run Gen12Creature12] reward=1.28±0.00  dist=0.03±0.09  upright=0.00±0.00  → FITNESS=0.0190
URDF saved to temp_urdf\being_9472.urdf
Connecting to PyBullet, GUI: False
CreatureEnv Inicijalizacija: 12 motora. OBS_dim=40, frame_skip=1
[Fitness run Gen12Creature13] reward=-0.21±0.68  dist=0.76±0.36  upright=0.02±0.07  → FITNESS=0.0438
URDF saved to temp_urdf\being_9472.urdf
Connecting to PyBullet, GUI: False
CreatureEnv Inicijalizacija: 12 motora. OBS_dim=40, frame_skip=1
[Fitness run Gen12Creature15] reward=1.58±0.05  dist=0.04±0.13  upright=0.02±0.06  → FITNESS=0.0252
URDF saved to temp_urdf\being_9472.urdf
Connecting to PyBullet, GUI: False
CreatureEnv Inicijalizacija: 12 motora. OBS_dim=40, frame_skip=1
[Fitness run Gen12Creature16] reward=921.94±306.78  dist=0.09±0.05  upright=0.91±0.28  → FITNESS=0.3761
URDF saved to temp_urdf\being_9472.urdf
Connecting to PyBullet, GUI: False
CreatureEnv Inicijalizacija: 12 motora. OBS_dim=40, frame_skip=1
[Fitness run Gen12Creature17] reward=1.72±0.00  dist=0.15±0.07  upright=0.12±0.07  → FITNESS=0.0570
URDF saved to temp_urdf\being_9472.urdf
Connecting to PyBullet, GUI: False
CreatureEnv Inicijalizacija: 12 motora. OBS_dim=40, frame_skip=1
[Fitness run Gen12Creature18] reward=1.56±0.40  dist=0.04±0.11  upright=0.21±0.08  → FITNESS=0.0831
URDF saved to temp_urdf\being_9472.urdf
Connecting to PyBullet, GUI: False
CreatureEnv Inicijalizacija: 12 motora. OBS_dim=40, frame_skip=1
[Fitness run Gen12Creature19] reward=1.38±0.15  dist=0.07±0.07  upright=0.57±0.22  → FITNESS=0.1914
URDF saved to temp_urdf\being_9472.urdf
Connecting to PyBullet, GUI: False
CreatureEnv Inicijalizacija: 12 motora. OBS_dim=40, frame_skip=1
[Fitness run Gen12Creature20] reward=453.86±554.49  dist=0.33±0.38  upright=0.82±0.23  → FITNESS=0.3146
URDF saved to temp_urdf\being_9472.urdf
Connecting to PyBullet, GUI: False
CreatureEnv Inicijalizacija: 12 motora. OBS_dim=40, frame_skip=1
[Fitness run Gen12Creature22] reward=1.69±0.15  dist=0.05±0.04  upright=0.34±0.11  → FITNESS=0.1212
URDF saved to temp_urdf\being_9472.urdf
Connecting to PyBullet, GUI: False
CreatureEnv Inicijalizacija: 12 motora. OBS_dim=40, frame_skip=1
[Fitness run Gen12Creature24] reward=1.54±0.00  dist=0.21±0.08  upright=0.00±0.00  → FITNESS=0.0236
URDF saved to temp_urdf\being_9472.urdf
Connecting to PyBullet, GUI: False
CreatureEnv Inicijalizacija: 12 motora. OBS_dim=40, frame_skip=1
[Fitness run Gen12Creature25] reward=107.54±318.05  dist=0.00±0.00  upright=0.57±0.25  → FITNESS=0.1992
URDF saved to temp_urdf\being_9472.urdf
Connecting to PyBullet, GUI: False
CreatureEnv Inicijalizacija: 12 motora. OBS_dim=40, frame_skip=1
[Fitness run Gen12Creature26] reward=1.62±0.00  dist=0.04±0.12  upright=0.01±0.04  → FITNESS=0.0232
URDF saved to temp_urdf\being_9472.urdf
Connecting to PyBullet, GUI: False
CreatureEnv Inicijalizacija: 12 motora. OBS_dim=40, frame_skip=1
[Fitness run Gen12Creature27] reward=1.73±0.00  dist=0.00±0.00  upright=0.00±0.00  → FITNESS=0.0184
URDF saved to temp_urdf\being_9472.urdf
Connecting to PyBullet, GUI: False
CreatureEnv Inicijalizacija: 12 motora. OBS_dim=40, frame_skip=1
[Fitness run Gen12Creature28] reward=1.74±0.01  dist=0.05±0.02  upright=0.00±0.00  → FITNESS=0.0195
URDF saved to temp_urdf\being_9472.urdf
Connecting to PyBullet, GUI: False
CreatureEnv Inicijalizacija: 12 motora. OBS_dim=40, frame_skip=1
[Fitness run Gen12Creature29] reward=1.56±0.03  dist=0.29±0.18  upright=0.02±0.06  → FITNESS=0.0315

==================================================
Generacija 12/20  |  Best = 0.4516  |  Mean = 0.1714  |  Std = 0.1667
==================================================
URDF saved to temp_urdf\being_9472.urdf
Connecting to PyBullet, GUI: False
CreatureEnv Inicijalizacija: 12 motora. OBS_dim=40, frame_skip=1
[Fitness run Gen12Creature2] reward=1.61±0.01  dist=0.01±0.03  upright=0.00±0.00  → FITNESS=0.0186
URDF saved to temp_urdf\being_9472.urdf
Connecting to PyBullet, GUI: False
CreatureEnv Inicijalizacija: 12 motora. OBS_dim=40, frame_skip=1
[Fitness run Gen12Creature3] reward=1.37±0.43  dist=0.00±0.00  upright=0.13±0.06  → FITNESS=0.0580
URDF saved to temp_urdf\being_9472.urdf
Connecting to PyBullet, GUI: False
CreatureEnv Inicijalizacija: 12 motora. OBS_dim=40, frame_skip=1
[Fitness run Gen12Creature4] reward=1.75±0.00  dist=0.24±0.09  upright=0.00±0.00  → FITNESS=0.0243
URDF saved to temp_urdf\being_9472.urdf
Connecting to PyBullet, GUI: False
CreatureEnv Inicijalizacija: 12 motora. OBS_dim=40, frame_skip=1
[Fitness run Gen12Creature6] reward=1.54±0.08  dist=0.40±0.13  upright=0.12±0.03  → FITNESS=0.0640
URDF saved to temp_urdf\being_9472.urdf
Connecting to PyBullet, GUI: False
CreatureEnv Inicijalizacija: 12 motora. OBS_dim=40, frame_skip=1
[Fitness run Gen12Creature8] reward=1.63±0.04  dist=0.02±0.06  upright=0.10±0.04  → FITNESS=0.0488
URDF saved to temp_urdf\being_9472.urdf
Connecting to PyBullet, GUI: False
CreatureEnv Inicijalizacija: 12 motora. OBS_dim=40, frame_skip=1
[Fitness run Gen12Creature9] reward=1.52±0.05  dist=0.19±0.15  upright=0.03±0.10  → FITNESS=0.0328
URDF saved to temp_urdf\being_9472.urdf
Connecting to PyBullet, GUI: False
CreatureEnv Inicijalizacija: 12 motora. OBS_dim=40, frame_skip=1
[Fitness run Gen12Creature12] reward=1.28±0.00  dist=0.03±0.09  upright=0.00±0.00  → FITNESS=0.0190
URDF saved to temp_urdf\being_9472.urdf
Connecting to PyBullet, GUI: False
CreatureEnv Inicijalizacija: 12 motora. OBS_dim=40, frame_skip=1
[Fitness run Gen12Creature13] reward=-0.21±0.68  dist=0.76±0.36  upright=0.02±0.07  → FITNESS=0.0438
URDF saved to temp_urdf\being_9472.urdf
Connecting to PyBullet, GUI: False
CreatureEnv Inicijalizacija: 12 motora. OBS_dim=40, frame_skip=1
[Fitness run Gen12Creature15] reward=1.58±0.05  dist=0.04±0.13  upright=0.02±0.06  → FITNESS=0.0252
URDF saved to temp_urdf\being_9472.urdf
Connecting to PyBullet, GUI: False
CreatureEnv Inicijalizacija: 12 motora. OBS_dim=40, frame_skip=1
[Fitness run Gen12Creature16] reward=921.94±306.78  dist=0.09±0.05  upright=0.91±0.28  → FITNESS=0.3761
URDF saved to temp_urdf\being_9472.urdf
Connecting to PyBullet, GUI: False
CreatureEnv Inicijalizacija: 12 motora. OBS_dim=40, frame_skip=1
[Fitness run Gen12Creature17] reward=1.72±0.00  dist=0.15±0.07  upright=0.12±0.07  → FITNESS=0.0570
URDF saved to temp_urdf\being_9472.urdf
Connecting to PyBullet, GUI: False
CreatureEnv Inicijalizacija: 12 motora. OBS_dim=40, frame_skip=1
[Fitness run Gen12Creature18] reward=1.56±0.40  dist=0.04±0.11  upright=0.21±0.08  → FITNESS=0.0831
URDF saved to temp_urdf\being_9472.urdf
Connecting to PyBullet, GUI: False
CreatureEnv Inicijalizacija: 12 motora. OBS_dim=40, frame_skip=1
[Fitness run Gen12Creature19] reward=1.38±0.15  dist=0.07±0.07  upright=0.57±0.22  → FITNESS=0.1914
URDF saved to temp_urdf\being_9472.urdf
Connecting to PyBullet, GUI: False
CreatureEnv Inicijalizacija: 12 motora. OBS_dim=40, frame_skip=1
[Fitness run Gen12Creature20] reward=453.86±554.49  dist=0.33±0.38  upright=0.82±0.23  → FITNESS=0.3146
URDF saved to temp_urdf\being_9472.urdf
Connecting to PyBullet, GUI: False
CreatureEnv Inicijalizacija: 12 motora. OBS_dim=40, frame_skip=1
[Fitness run Gen12Creature22] reward=1.69±0.15  dist=0.05±0.04  upright=0.34±0.11  → FITNESS=0.1212
URDF saved to temp_urdf\being_9472.urdf
Connecting to PyBullet, GUI: False
CreatureEnv Inicijalizacija: 12 motora. OBS_dim=40, frame_skip=1
[Fitness run Gen12Creature24] reward=1.54±0.00  dist=0.21±0.08  upright=0.00±0.00  → FITNESS=0.0236
URDF saved to temp_urdf\being_9472.urdf
Connecting to PyBullet, GUI: False
CreatureEnv Inicijalizacija: 12 motora. OBS_dim=40, frame_skip=1
[Fitness run Gen12Creature25] reward=107.54±318.05  dist=0.00±0.00  upright=0.57±0.25  → FITNESS=0.1992
URDF saved to temp_urdf\being_9472.urdf
Connecting to PyBullet, GUI: False
CreatureEnv Inicijalizacija: 12 motora. OBS_dim=40, frame_skip=1
[Fitness run Gen12Creature26] reward=1.62±0.00  dist=0.04±0.12  upright=0.01±0.04  → FITNESS=0.0232
URDF saved to temp_urdf\being_9472.urdf
Connecting to PyBullet, GUI: False
CreatureEnv Inicijalizacija: 12 motora. OBS_dim=40, frame_skip=1
[Fitness run Gen12Creature27] reward=1.73±0.00  dist=0.00±0.00  upright=0.00±0.00  → FITNESS=0.0184
URDF saved to temp_urdf\being_9472.urdf
Connecting to PyBullet, GUI: False
CreatureEnv Inicijalizacija: 12 motora. OBS_dim=40, frame_skip=1
[Fitness run Gen12Creature28] reward=1.74±0.01  dist=0.05±0.02  upright=0.00±0.00  → FITNESS=0.0195
URDF saved to temp_urdf\being_9472.urdf
Connecting to PyBullet, GUI: False
CreatureEnv Inicijalizacija: 12 motora. OBS_dim=40, frame_skip=1
[Fitness run Gen12Creature29] reward=1.56±0.03  dist=0.29±0.18  upright=0.02±0.06  → FITNESS=0.0315
Genome saved to results\distanceBased500Steps5DifferentSeeds\run_4\run_4_best_creature.json
[plot] Summary saved → results\distanceBased500Steps5DifferentSeeds\run_4\run_4_summary.png
URDF saved to temp_urdf\being_9472.urdf
Connecting to PyBullet, GUI: False
CreatureEnv Inicijalizacija: 12 motora. OBS_dim=40, frame_skip=1
[Fitness run Gen13Creature2] reward=1.61±0.01  dist=0.01±0.03  upright=0.00±0.00  → FITNESS=0.0186
URDF saved to temp_urdf\being_9472.urdf
Connecting to PyBullet, GUI: False
CreatureEnv Inicijalizacija: 12 motora. OBS_dim=40, frame_skip=1
[Fitness run Gen13Creature3] reward=1.37±0.43  dist=0.00±0.00  upright=0.13±0.06  → FITNESS=0.0580
URDF saved to temp_urdf\being_9472.urdf
Connecting to PyBullet, GUI: False
CreatureEnv Inicijalizacija: 12 motora. OBS_dim=40, frame_skip=1
[Fitness run Gen13Creature4] reward=1.75±0.00  dist=0.24±0.09  upright=0.00±0.00  → FITNESS=0.0243
URDF saved to temp_urdf\being_9472.urdf
Connecting to PyBullet, GUI: False
CreatureEnv Inicijalizacija: 12 motora. OBS_dim=40, frame_skip=1
[Fitness run Gen13Creature6] reward=1.54±0.08  dist=0.40±0.13  upright=0.12±0.03  → FITNESS=0.0640
URDF saved to temp_urdf\being_9472.urdf
Connecting to PyBullet, GUI: False
CreatureEnv Inicijalizacija: 12 motora. OBS_dim=40, frame_skip=1
[Fitness run Gen13Creature8] reward=1.63±0.04  dist=0.02±0.06  upright=0.10±0.04  → FITNESS=0.0488
URDF saved to temp_urdf\being_9472.urdf
Connecting to PyBullet, GUI: False
CreatureEnv Inicijalizacija: 12 motora. OBS_dim=40, frame_skip=1
[Fitness run Gen13Creature9] reward=1.52±0.05  dist=0.19±0.15  upright=0.03±0.10  → FITNESS=0.0328
URDF saved to temp_urdf\being_9472.urdf
Connecting to PyBullet, GUI: False
CreatureEnv Inicijalizacija: 12 motora. OBS_dim=40, frame_skip=1
[Fitness run Gen13Creature12] reward=1.28±0.00  dist=0.03±0.09  upright=0.00±0.00  → FITNESS=0.0190
URDF saved to temp_urdf\being_9472.urdf
Connecting to PyBullet, GUI: False
CreatureEnv Inicijalizacija: 12 motora. OBS_dim=40, frame_skip=1
[Fitness run Gen13Creature13] reward=-0.21±0.68  dist=0.76±0.36  upright=0.02±0.07  → FITNESS=0.0438
URDF saved to temp_urdf\being_9472.urdf
Connecting to PyBullet, GUI: False
CreatureEnv Inicijalizacija: 12 motora. OBS_dim=40, frame_skip=1
[Fitness run Gen13Creature15] reward=1.58±0.05  dist=0.04±0.13  upright=0.02±0.06  → FITNESS=0.0252
URDF saved to temp_urdf\being_9472.urdf
Connecting to PyBullet, GUI: False
CreatureEnv Inicijalizacija: 12 motora. OBS_dim=40, frame_skip=1
[Fitness run Gen13Creature16] reward=921.94±306.78  dist=0.09±0.05  upright=0.91±0.28  → FITNESS=0.3761
URDF saved to temp_urdf\being_9472.urdf
Connecting to PyBullet, GUI: False
CreatureEnv Inicijalizacija: 12 motora. OBS_dim=40, frame_skip=1
[Fitness run Gen13Creature17] reward=1.72±0.00  dist=0.15±0.07  upright=0.12±0.07  → FITNESS=0.0570
URDF saved to temp_urdf\being_9472.urdf
Connecting to PyBullet, GUI: False
CreatureEnv Inicijalizacija: 12 motora. OBS_dim=40, frame_skip=1
[Fitness run Gen13Creature18] reward=1.56±0.40  dist=0.04±0.11  upright=0.21±0.08  → FITNESS=0.0831
URDF saved to temp_urdf\being_9472.urdf
Connecting to PyBullet, GUI: False
CreatureEnv Inicijalizacija: 12 motora. OBS_dim=40, frame_skip=1
[Fitness run Gen13Creature19] reward=1.38±0.15  dist=0.07±0.07  upright=0.57±0.22  → FITNESS=0.1914
URDF saved to temp_urdf\being_9472.urdf
Connecting to PyBullet, GUI: False
CreatureEnv Inicijalizacija: 12 motora. OBS_dim=40, frame_skip=1
[Fitness run Gen13Creature20] reward=453.86±554.49  dist=0.33±0.38  upright=0.82±0.23  → FITNESS=0.3146
URDF saved to temp_urdf\being_9472.urdf
Connecting to PyBullet, GUI: False
CreatureEnv Inicijalizacija: 12 motora. OBS_dim=40, frame_skip=1
[Fitness run Gen13Creature22] reward=1.69±0.15  dist=0.05±0.04  upright=0.34±0.11  → FITNESS=0.1212
URDF saved to temp_urdf\being_9472.urdf
Connecting to PyBullet, GUI: False
CreatureEnv Inicijalizacija: 12 motora. OBS_dim=40, frame_skip=1
[Fitness run Gen13Creature24] reward=1.54±0.00  dist=0.21±0.08  upright=0.00±0.00  → FITNESS=0.0236
URDF saved to temp_urdf\being_9472.urdf
Connecting to PyBullet, GUI: False
CreatureEnv Inicijalizacija: 12 motora. OBS_dim=40, frame_skip=1
[Fitness run Gen13Creature25] reward=107.54±318.05  dist=0.00±0.00  upright=0.57±0.25  → FITNESS=0.1992
URDF saved to temp_urdf\being_9472.urdf
Connecting to PyBullet, GUI: False
CreatureEnv Inicijalizacija: 12 motora. OBS_dim=40, frame_skip=1
[Fitness run Gen13Creature26] reward=1.62±0.00  dist=0.04±0.12  upright=0.01±0.04  → FITNESS=0.0232
URDF saved to temp_urdf\being_9472.urdf
Connecting to PyBullet, GUI: False
CreatureEnv Inicijalizacija: 12 motora. OBS_dim=40, frame_skip=1
[Fitness run Gen13Creature27] reward=1.73±0.00  dist=0.00±0.00  upright=0.00±0.00  → FITNESS=0.0184
URDF saved to temp_urdf\being_9472.urdf
Connecting to PyBullet, GUI: False
CreatureEnv Inicijalizacija: 12 motora. OBS_dim=40, frame_skip=1
[Fitness run Gen13Creature28] reward=1.74±0.01  dist=0.05±0.02  upright=0.00±0.00  → FITNESS=0.0195
URDF saved to temp_urdf\being_9472.urdf
Connecting to PyBullet, GUI: False
CreatureEnv Inicijalizacija: 12 motora. OBS_dim=40, frame_skip=1
[Fitness run Gen13Creature29] reward=1.56±0.03  dist=0.29±0.18  upright=0.02±0.06  → FITNESS=0.0315

==================================================
Generacija 13/20  |  Best = 0.4516  |  Mean = 0.1714  |  Std = 0.1667
==================================================
URDF saved to temp_urdf\being_9472.urdf
Connecting to PyBullet, GUI: False
CreatureEnv Inicijalizacija: 12 motora. OBS_dim=40, frame_skip=1
[Fitness run Gen13Creature2] reward=1.61±0.01  dist=0.01±0.03  upright=0.00±0.00  → FITNESS=0.0186
URDF saved to temp_urdf\being_9472.urdf
Connecting to PyBullet, GUI: False
CreatureEnv Inicijalizacija: 12 motora. OBS_dim=40, frame_skip=1
[Fitness run Gen13Creature3] reward=1.37±0.43  dist=0.00±0.00  upright=0.13±0.06  → FITNESS=0.0580
URDF saved to temp_urdf\being_9472.urdf
Connecting to PyBullet, GUI: False
CreatureEnv Inicijalizacija: 12 motora. OBS_dim=40, frame_skip=1
[Fitness run Gen13Creature4] reward=1.75±0.00  dist=0.24±0.09  upright=0.00±0.00  → FITNESS=0.0243
URDF saved to temp_urdf\being_9472.urdf
Connecting to PyBullet, GUI: False
CreatureEnv Inicijalizacija: 12 motora. OBS_dim=40, frame_skip=1
[Fitness run Gen13Creature6] reward=1.54±0.08  dist=0.40±0.13  upright=0.12±0.03  → FITNESS=0.0640
URDF saved to temp_urdf\being_9472.urdf
Connecting to PyBullet, GUI: False
CreatureEnv Inicijalizacija: 12 motora. OBS_dim=40, frame_skip=1
[Fitness run Gen13Creature8] reward=1.63±0.04  dist=0.02±0.06  upright=0.10±0.04  → FITNESS=0.0488
URDF saved to temp_urdf\being_9472.urdf
Connecting to PyBullet, GUI: False
CreatureEnv Inicijalizacija: 12 motora. OBS_dim=40, frame_skip=1
[Fitness run Gen13Creature9] reward=1.52±0.05  dist=0.19±0.15  upright=0.03±0.10  → FITNESS=0.0328
URDF saved to temp_urdf\being_9472.urdf
Connecting to PyBullet, GUI: False
CreatureEnv Inicijalizacija: 12 motora. OBS_dim=40, frame_skip=1
[Fitness run Gen13Creature12] reward=1.28±0.00  dist=0.03±0.09  upright=0.00±0.00  → FITNESS=0.0190
URDF saved to temp_urdf\being_9472.urdf
Connecting to PyBullet, GUI: False
CreatureEnv Inicijalizacija: 12 motora. OBS_dim=40, frame_skip=1
[Fitness run Gen13Creature13] reward=-0.21±0.68  dist=0.76±0.36  upright=0.02±0.07  → FITNESS=0.0438
URDF saved to temp_urdf\being_9472.urdf
Connecting to PyBullet, GUI: False
CreatureEnv Inicijalizacija: 12 motora. OBS_dim=40, frame_skip=1
[Fitness run Gen13Creature15] reward=1.58±0.05  dist=0.04±0.13  upright=0.02±0.06  → FITNESS=0.0252
URDF saved to temp_urdf\being_9472.urdf
Connecting to PyBullet, GUI: False
CreatureEnv Inicijalizacija: 12 motora. OBS_dim=40, frame_skip=1
[Fitness run Gen13Creature16] reward=921.94±306.78  dist=0.09±0.05  upright=0.91±0.28  → FITNESS=0.3761
URDF saved to temp_urdf\being_9472.urdf
Connecting to PyBullet, GUI: False
CreatureEnv Inicijalizacija: 12 motora. OBS_dim=40, frame_skip=1
[Fitness run Gen13Creature17] reward=1.72±0.00  dist=0.15±0.07  upright=0.12±0.07  → FITNESS=0.0570
URDF saved to temp_urdf\being_9472.urdf
Connecting to PyBullet, GUI: False
CreatureEnv Inicijalizacija: 12 motora. OBS_dim=40, frame_skip=1
[Fitness run Gen13Creature18] reward=1.56±0.40  dist=0.04±0.11  upright=0.21±0.08  → FITNESS=0.0831
URDF saved to temp_urdf\being_9472.urdf
Connecting to PyBullet, GUI: False
CreatureEnv Inicijalizacija: 12 motora. OBS_dim=40, frame_skip=1
[Fitness run Gen13Creature19] reward=1.38±0.15  dist=0.07±0.07  upright=0.57±0.22  → FITNESS=0.1914
URDF saved to temp_urdf\being_9472.urdf
Connecting to PyBullet, GUI: False
CreatureEnv Inicijalizacija: 12 motora. OBS_dim=40, frame_skip=1
[Fitness run Gen13Creature20] reward=453.86±554.49  dist=0.33±0.38  upright=0.82±0.23  → FITNESS=0.3146
URDF saved to temp_urdf\being_9472.urdf
Connecting to PyBullet, GUI: False
CreatureEnv Inicijalizacija: 12 motora. OBS_dim=40, frame_skip=1
[Fitness run Gen13Creature22] reward=1.69±0.15  dist=0.05±0.04  upright=0.34±0.11  → FITNESS=0.1212
URDF saved to temp_urdf\being_9472.urdf
Connecting to PyBullet, GUI: False
CreatureEnv Inicijalizacija: 12 motora. OBS_dim=40, frame_skip=1
[Fitness run Gen13Creature24] reward=1.54±0.00  dist=0.21±0.08  upright=0.00±0.00  → FITNESS=0.0236
URDF saved to temp_urdf\being_9472.urdf
Connecting to PyBullet, GUI: False
CreatureEnv Inicijalizacija: 12 motora. OBS_dim=40, frame_skip=1
[Fitness run Gen13Creature25] reward=107.54±318.05  dist=0.00±0.00  upright=0.57±0.25  → FITNESS=0.1992
URDF saved to temp_urdf\being_9472.urdf
Connecting to PyBullet, GUI: False
CreatureEnv Inicijalizacija: 12 motora. OBS_dim=40, frame_skip=1
[Fitness run Gen13Creature26] reward=1.62±0.00  dist=0.04±0.12  upright=0.01±0.04  → FITNESS=0.0232
URDF saved to temp_urdf\being_9472.urdf
Connecting to PyBullet, GUI: False
CreatureEnv Inicijalizacija: 12 motora. OBS_dim=40, frame_skip=1
[Fitness run Gen13Creature27] reward=1.73±0.00  dist=0.00±0.00  upright=0.00±0.00  → FITNESS=0.0184
URDF saved to temp_urdf\being_9472.urdf
Connecting to PyBullet, GUI: False
CreatureEnv Inicijalizacija: 12 motora. OBS_dim=40, frame_skip=1
[Fitness run Gen13Creature28] reward=1.74±0.01  dist=0.05±0.02  upright=0.00±0.00  → FITNESS=0.0195
URDF saved to temp_urdf\being_9472.urdf
Connecting to PyBullet, GUI: False
CreatureEnv Inicijalizacija: 12 motora. OBS_dim=40, frame_skip=1
[Fitness run Gen13Creature29] reward=1.56±0.03  dist=0.29±0.18  upright=0.02±0.06  → FITNESS=0.0315
Genome saved to results\distanceBased500Steps5DifferentSeeds\run_4\run_4_best_creature.json
[plot] Summary saved → results\distanceBased500Steps5DifferentSeeds\run_4\run_4_summary.png
URDF saved to temp_urdf\being_9472.urdf
Connecting to PyBullet, GUI: False
CreatureEnv Inicijalizacija: 12 motora. OBS_dim=40, frame_skip=1
[Fitness run Gen14Creature2] reward=1.61±0.01  dist=0.01±0.03  upright=0.00±0.00  → FITNESS=0.0186
URDF saved to temp_urdf\being_9472.urdf
Connecting to PyBullet, GUI: False
CreatureEnv Inicijalizacija: 12 motora. OBS_dim=40, frame_skip=1
[Fitness run Gen14Creature3] reward=1.37±0.43  dist=0.00±0.00  upright=0.13±0.06  → FITNESS=0.0580
URDF saved to temp_urdf\being_9472.urdf
Connecting to PyBullet, GUI: False
CreatureEnv Inicijalizacija: 12 motora. OBS_dim=40, frame_skip=1
[Fitness run Gen14Creature4] reward=1.75±0.00  dist=0.24±0.09  upright=0.00±0.00  → FITNESS=0.0243
URDF saved to temp_urdf\being_9472.urdf
Connecting to PyBullet, GUI: False
CreatureEnv Inicijalizacija: 12 motora. OBS_dim=40, frame_skip=1
[Fitness run Gen14Creature6] reward=1.54±0.08  dist=0.40±0.13  upright=0.12±0.03  → FITNESS=0.0640
URDF saved to temp_urdf\being_9472.urdf
Connecting to PyBullet, GUI: False
CreatureEnv Inicijalizacija: 12 motora. OBS_dim=40, frame_skip=1
[Fitness run Gen14Creature8] reward=1.63±0.04  dist=0.02±0.06  upright=0.10±0.04  → FITNESS=0.0488
URDF saved to temp_urdf\being_9472.urdf
Connecting to PyBullet, GUI: False
CreatureEnv Inicijalizacija: 12 motora. OBS_dim=40, frame_skip=1
[Fitness run Gen14Creature9] reward=1.52±0.05  dist=0.19±0.15  upright=0.03±0.10  → FITNESS=0.0328
URDF saved to temp_urdf\being_9472.urdf
Connecting to PyBullet, GUI: False
CreatureEnv Inicijalizacija: 12 motora. OBS_dim=40, frame_skip=1
[Fitness run Gen14Creature12] reward=1.28±0.00  dist=0.03±0.09  upright=0.00±0.00  → FITNESS=0.0190
URDF saved to temp_urdf\being_9472.urdf
Connecting to PyBullet, GUI: False
CreatureEnv Inicijalizacija: 12 motora. OBS_dim=40, frame_skip=1
[Fitness run Gen14Creature13] reward=-0.21±0.68  dist=0.76±0.36  upright=0.02±0.07  → FITNESS=0.0438
URDF saved to temp_urdf\being_9472.urdf
Connecting to PyBullet, GUI: False
CreatureEnv Inicijalizacija: 12 motora. OBS_dim=40, frame_skip=1
[Fitness run Gen14Creature15] reward=1.58±0.05  dist=0.04±0.13  upright=0.02±0.06  → FITNESS=0.0252
URDF saved to temp_urdf\being_9472.urdf
Connecting to PyBullet, GUI: False
CreatureEnv Inicijalizacija: 12 motora. OBS_dim=40, frame_skip=1
[Fitness run Gen14Creature16] reward=921.94±306.78  dist=0.09±0.05  upright=0.91±0.28  → FITNESS=0.3761
URDF saved to temp_urdf\being_9472.urdf
Connecting to PyBullet, GUI: False
CreatureEnv Inicijalizacija: 12 motora. OBS_dim=40, frame_skip=1
[Fitness run Gen14Creature17] reward=1.72±0.00  dist=0.15±0.07  upright=0.12±0.07  → FITNESS=0.0570
URDF saved to temp_urdf\being_9472.urdf
Connecting to PyBullet, GUI: False
CreatureEnv Inicijalizacija: 12 motora. OBS_dim=40, frame_skip=1
[Fitness run Gen14Creature18] reward=1.56±0.40  dist=0.04±0.11  upright=0.21±0.08  → FITNESS=0.0831
URDF saved to temp_urdf\being_9472.urdf
Connecting to PyBullet, GUI: False
CreatureEnv Inicijalizacija: 12 motora. OBS_dim=40, frame_skip=1
[Fitness run Gen14Creature19] reward=1.38±0.15  dist=0.07±0.07  upright=0.57±0.22  → FITNESS=0.1914
URDF saved to temp_urdf\being_9472.urdf
Connecting to PyBullet, GUI: False
CreatureEnv Inicijalizacija: 12 motora. OBS_dim=40, frame_skip=1
[Fitness run Gen14Creature20] reward=453.86±554.49  dist=0.33±0.38  upright=0.82±0.23  → FITNESS=0.3146
URDF saved to temp_urdf\being_9472.urdf
Connecting to PyBullet, GUI: False
CreatureEnv Inicijalizacija: 12 motora. OBS_dim=40, frame_skip=1
[Fitness run Gen14Creature22] reward=1.69±0.15  dist=0.05±0.04  upright=0.34±0.11  → FITNESS=0.1212
URDF saved to temp_urdf\being_9472.urdf
Connecting to PyBullet, GUI: False
CreatureEnv Inicijalizacija: 12 motora. OBS_dim=40, frame_skip=1
[Fitness run Gen14Creature24] reward=1.54±0.00  dist=0.21±0.08  upright=0.00±0.00  → FITNESS=0.0236
URDF saved to temp_urdf\being_9472.urdf
Connecting to PyBullet, GUI: False
CreatureEnv Inicijalizacija: 12 motora. OBS_dim=40, frame_skip=1
[Fitness run Gen14Creature25] reward=107.54±318.05  dist=0.00±0.00  upright=0.57±0.25  → FITNESS=0.1992
URDF saved to temp_urdf\being_9472.urdf
Connecting to PyBullet, GUI: False
CreatureEnv Inicijalizacija: 12 motora. OBS_dim=40, frame_skip=1
[Fitness run Gen14Creature26] reward=1.62±0.00  dist=0.04±0.12  upright=0.01±0.04  → FITNESS=0.0232
URDF saved to temp_urdf\being_9472.urdf
Connecting to PyBullet, GUI: False
CreatureEnv Inicijalizacija: 12 motora. OBS_dim=40, frame_skip=1
[Fitness run Gen14Creature27] reward=1.73±0.00  dist=0.00±0.00  upright=0.00±0.00  → FITNESS=0.0184
URDF saved to temp_urdf\being_9472.urdf
Connecting to PyBullet, GUI: False
CreatureEnv Inicijalizacija: 12 motora. OBS_dim=40, frame_skip=1
[Fitness run Gen14Creature28] reward=1.74±0.01  dist=0.05±0.02  upright=0.00±0.00  → FITNESS=0.0195
URDF saved to temp_urdf\being_9472.urdf
Connecting to PyBullet, GUI: False
CreatureEnv Inicijalizacija: 12 motora. OBS_dim=40, frame_skip=1
[Fitness run Gen14Creature29] reward=1.56±0.03  dist=0.29±0.18  upright=0.02±0.06  → FITNESS=0.0315

==================================================
Generacija 14/20  |  Best = 0.4516  |  Mean = 0.1714  |  Std = 0.1667
==================================================
URDF saved to temp_urdf\being_9472.urdf
Connecting to PyBullet, GUI: False
CreatureEnv Inicijalizacija: 12 motora. OBS_dim=40, frame_skip=1
[Fitness run Gen14Creature2] reward=1.61±0.01  dist=0.01±0.03  upright=0.00±0.00  → FITNESS=0.0186
URDF saved to temp_urdf\being_9472.urdf
Connecting to PyBullet, GUI: False
CreatureEnv Inicijalizacija: 12 motora. OBS_dim=40, frame_skip=1
[Fitness run Gen14Creature3] reward=1.37±0.43  dist=0.00±0.00  upright=0.13±0.06  → FITNESS=0.0580
URDF saved to temp_urdf\being_9472.urdf
Connecting to PyBullet, GUI: False
CreatureEnv Inicijalizacija: 12 motora. OBS_dim=40, frame_skip=1
[Fitness run Gen14Creature4] reward=1.75±0.00  dist=0.24±0.09  upright=0.00±0.00  → FITNESS=0.0243
URDF saved to temp_urdf\being_9472.urdf
Connecting to PyBullet, GUI: False
CreatureEnv Inicijalizacija: 12 motora. OBS_dim=40, frame_skip=1
[Fitness run Gen14Creature6] reward=1.54±0.08  dist=0.40±0.13  upright=0.12±0.03  → FITNESS=0.0640
URDF saved to temp_urdf\being_9472.urdf
Connecting to PyBullet, GUI: False
CreatureEnv Inicijalizacija: 12 motora. OBS_dim=40, frame_skip=1
[Fitness run Gen14Creature8] reward=1.63±0.04  dist=0.02±0.06  upright=0.10±0.04  → FITNESS=0.0488
URDF saved to temp_urdf\being_9472.urdf
Connecting to PyBullet, GUI: False
CreatureEnv Inicijalizacija: 12 motora. OBS_dim=40, frame_skip=1
[Fitness run Gen14Creature9] reward=1.52±0.05  dist=0.19±0.15  upright=0.03±0.10  → FITNESS=0.0328
URDF saved to temp_urdf\being_9472.urdf
Connecting to PyBullet, GUI: False
CreatureEnv Inicijalizacija: 12 motora. OBS_dim=40, frame_skip=1
[Fitness run Gen14Creature12] reward=1.28±0.00  dist=0.03±0.09  upright=0.00±0.00  → FITNESS=0.0190
URDF saved to temp_urdf\being_9472.urdf
Connecting to PyBullet, GUI: False
CreatureEnv Inicijalizacija: 12 motora. OBS_dim=40, frame_skip=1
[Fitness run Gen14Creature13] reward=-0.21±0.68  dist=0.76±0.36  upright=0.02±0.07  → FITNESS=0.0438
URDF saved to temp_urdf\being_9472.urdf
Connecting to PyBullet, GUI: False
CreatureEnv Inicijalizacija: 12 motora. OBS_dim=40, frame_skip=1
[Fitness run Gen14Creature15] reward=1.58±0.05  dist=0.04±0.13  upright=0.02±0.06  → FITNESS=0.0252
URDF saved to temp_urdf\being_9472.urdf
Connecting to PyBullet, GUI: False
CreatureEnv Inicijalizacija: 12 motora. OBS_dim=40, frame_skip=1
[Fitness run Gen14Creature16] reward=921.94±306.78  dist=0.09±0.05  upright=0.91±0.28  → FITNESS=0.3761
URDF saved to temp_urdf\being_9472.urdf
Connecting to PyBullet, GUI: False
CreatureEnv Inicijalizacija: 12 motora. OBS_dim=40, frame_skip=1
[Fitness run Gen14Creature17] reward=1.72±0.00  dist=0.15±0.07  upright=0.12±0.07  → FITNESS=0.0570
URDF saved to temp_urdf\being_9472.urdf
Connecting to PyBullet, GUI: False
CreatureEnv Inicijalizacija: 12 motora. OBS_dim=40, frame_skip=1
[Fitness run Gen14Creature18] reward=1.56±0.40  dist=0.04±0.11  upright=0.21±0.08  → FITNESS=0.0831
URDF saved to temp_urdf\being_9472.urdf
Connecting to PyBullet, GUI: False
CreatureEnv Inicijalizacija: 12 motora. OBS_dim=40, frame_skip=1
[Fitness run Gen14Creature19] reward=1.38±0.15  dist=0.07±0.07  upright=0.57±0.22  → FITNESS=0.1914
URDF saved to temp_urdf\being_9472.urdf
Connecting to PyBullet, GUI: False
CreatureEnv Inicijalizacija: 12 motora. OBS_dim=40, frame_skip=1
[Fitness run Gen14Creature20] reward=453.86±554.49  dist=0.33±0.38  upright=0.82±0.23  → FITNESS=0.3146
URDF saved to temp_urdf\being_9472.urdf
Connecting to PyBullet, GUI: False
CreatureEnv Inicijalizacija: 12 motora. OBS_dim=40, frame_skip=1
[Fitness run Gen14Creature22] reward=1.69±0.15  dist=0.05±0.04  upright=0.34±0.11  → FITNESS=0.1212
URDF saved to temp_urdf\being_9472.urdf
Connecting to PyBullet, GUI: False
CreatureEnv Inicijalizacija: 12 motora. OBS_dim=40, frame_skip=1
[Fitness run Gen14Creature24] reward=1.54±0.00  dist=0.21±0.08  upright=0.00±0.00  → FITNESS=0.0236
URDF saved to temp_urdf\being_9472.urdf
Connecting to PyBullet, GUI: False
CreatureEnv Inicijalizacija: 12 motora. OBS_dim=40, frame_skip=1
[Fitness run Gen14Creature25] reward=107.54±318.05  dist=0.00±0.00  upright=0.57±0.25  → FITNESS=0.1992
URDF saved to temp_urdf\being_9472.urdf
Connecting to PyBullet, GUI: False
CreatureEnv Inicijalizacija: 12 motora. OBS_dim=40, frame_skip=1
[Fitness run Gen14Creature26] reward=1.62±0.00  dist=0.04±0.12  upright=0.01±0.04  → FITNESS=0.0232
URDF saved to temp_urdf\being_9472.urdf
Connecting to PyBullet, GUI: False
CreatureEnv Inicijalizacija: 12 motora. OBS_dim=40, frame_skip=1
[Fitness run Gen14Creature27] reward=1.73±0.00  dist=0.00±0.00  upright=0.00±0.00  → FITNESS=0.0184
URDF saved to temp_urdf\being_9472.urdf
Connecting to PyBullet, GUI: False
CreatureEnv Inicijalizacija: 12 motora. OBS_dim=40, frame_skip=1
[Fitness run Gen14Creature28] reward=1.74±0.01  dist=0.05±0.02  upright=0.00±0.00  → FITNESS=0.0195
URDF saved to temp_urdf\being_9472.urdf
Connecting to PyBullet, GUI: False
CreatureEnv Inicijalizacija: 12 motora. OBS_dim=40, frame_skip=1
[Fitness run Gen14Creature29] reward=1.56±0.03  dist=0.29±0.18  upright=0.02±0.06  → FITNESS=0.0315
Genome saved to results\distanceBased500Steps5DifferentSeeds\run_4\run_4_best_creature.json
[plot] Summary saved → results\distanceBased500Steps5DifferentSeeds\run_4\run_4_summary.png
URDF saved to temp_urdf\being_9472.urdf
Connecting to PyBullet, GUI: False
CreatureEnv Inicijalizacija: 12 motora. OBS_dim=40, frame_skip=1
[Fitness run Gen15Creature2] reward=1.61±0.01  dist=0.01±0.03  upright=0.00±0.00  → FITNESS=0.0186
URDF saved to temp_urdf\being_9472.urdf
Connecting to PyBullet, GUI: False
CreatureEnv Inicijalizacija: 12 motora. OBS_dim=40, frame_skip=1
[Fitness run Gen15Creature3] reward=1.37±0.43  dist=0.00±0.00  upright=0.13±0.06  → FITNESS=0.0580
URDF saved to temp_urdf\being_9472.urdf
Connecting to PyBullet, GUI: False
CreatureEnv Inicijalizacija: 12 motora. OBS_dim=40, frame_skip=1
[Fitness run Gen15Creature4] reward=1.75±0.00  dist=0.24±0.09  upright=0.00±0.00  → FITNESS=0.0243
URDF saved to temp_urdf\being_9472.urdf
Connecting to PyBullet, GUI: False
CreatureEnv Inicijalizacija: 12 motora. OBS_dim=40, frame_skip=1
[Fitness run Gen15Creature6] reward=1.54±0.08  dist=0.40±0.13  upright=0.12±0.03  → FITNESS=0.0640
URDF saved to temp_urdf\being_9472.urdf
Connecting to PyBullet, GUI: False
CreatureEnv Inicijalizacija: 12 motora. OBS_dim=40, frame_skip=1
[Fitness run Gen15Creature8] reward=1.63±0.04  dist=0.02±0.06  upright=0.10±0.04  → FITNESS=0.0488
URDF saved to temp_urdf\being_9472.urdf
Connecting to PyBullet, GUI: False
CreatureEnv Inicijalizacija: 12 motora. OBS_dim=40, frame_skip=1
[Fitness run Gen15Creature9] reward=1.52±0.05  dist=0.19±0.15  upright=0.03±0.10  → FITNESS=0.0328
URDF saved to temp_urdf\being_9472.urdf
Connecting to PyBullet, GUI: False
CreatureEnv Inicijalizacija: 12 motora. OBS_dim=40, frame_skip=1
[Fitness run Gen15Creature12] reward=1.28±0.00  dist=0.03±0.09  upright=0.00±0.00  → FITNESS=0.0190
URDF saved to temp_urdf\being_9472.urdf
Connecting to PyBullet, GUI: False
CreatureEnv Inicijalizacija: 12 motora. OBS_dim=40, frame_skip=1
[Fitness run Gen15Creature13] reward=-0.21±0.68  dist=0.76±0.36  upright=0.02±0.07  → FITNESS=0.0438
URDF saved to temp_urdf\being_9472.urdf
Connecting to PyBullet, GUI: False
CreatureEnv Inicijalizacija: 12 motora. OBS_dim=40, frame_skip=1
[Fitness run Gen15Creature15] reward=1.58±0.05  dist=0.04±0.13  upright=0.02±0.06  → FITNESS=0.0252
URDF saved to temp_urdf\being_9472.urdf
Connecting to PyBullet, GUI: False
CreatureEnv Inicijalizacija: 12 motora. OBS_dim=40, frame_skip=1
[Fitness run Gen15Creature16] reward=921.94±306.78  dist=0.09±0.05  upright=0.91±0.28  → FITNESS=0.3761
URDF saved to temp_urdf\being_9472.urdf
Connecting to PyBullet, GUI: False
CreatureEnv Inicijalizacija: 12 motora. OBS_dim=40, frame_skip=1
[Fitness run Gen15Creature17] reward=1.72±0.00  dist=0.15±0.07  upright=0.12±0.07  → FITNESS=0.0570
URDF saved to temp_urdf\being_9472.urdf
Connecting to PyBullet, GUI: False
CreatureEnv Inicijalizacija: 12 motora. OBS_dim=40, frame_skip=1
[Fitness run Gen15Creature18] reward=1.56±0.40  dist=0.04±0.11  upright=0.21±0.08  → FITNESS=0.0831
URDF saved to temp_urdf\being_9472.urdf
Connecting to PyBullet, GUI: False
CreatureEnv Inicijalizacija: 12 motora. OBS_dim=40, frame_skip=1
[Fitness run Gen15Creature19] reward=1.38±0.15  dist=0.07±0.07  upright=0.57±0.22  → FITNESS=0.1914
URDF saved to temp_urdf\being_9472.urdf
Connecting to PyBullet, GUI: False
CreatureEnv Inicijalizacija: 12 motora. OBS_dim=40, frame_skip=1
[Fitness run Gen15Creature20] reward=453.86±554.49  dist=0.33±0.38  upright=0.82±0.23  → FITNESS=0.3146
URDF saved to temp_urdf\being_9472.urdf
Connecting to PyBullet, GUI: False
CreatureEnv Inicijalizacija: 12 motora. OBS_dim=40, frame_skip=1
[Fitness run Gen15Creature22] reward=1.69±0.15  dist=0.05±0.04  upright=0.34±0.11  → FITNESS=0.1212
URDF saved to temp_urdf\being_9472.urdf
Connecting to PyBullet, GUI: False
CreatureEnv Inicijalizacija: 12 motora. OBS_dim=40, frame_skip=1
[Fitness run Gen15Creature24] reward=1.54±0.00  dist=0.21±0.08  upright=0.00±0.00  → FITNESS=0.0236
URDF saved to temp_urdf\being_9472.urdf
Connecting to PyBullet, GUI: False
CreatureEnv Inicijalizacija: 12 motora. OBS_dim=40, frame_skip=1
[Fitness run Gen15Creature25] reward=107.54±318.05  dist=0.00±0.00  upright=0.57±0.25  → FITNESS=0.1992
URDF saved to temp_urdf\being_9472.urdf
Connecting to PyBullet, GUI: False
CreatureEnv Inicijalizacija: 12 motora. OBS_dim=40, frame_skip=1
[Fitness run Gen15Creature26] reward=1.62±0.00  dist=0.04±0.12  upright=0.01±0.04  → FITNESS=0.0232
URDF saved to temp_urdf\being_9472.urdf
Connecting to PyBullet, GUI: False
CreatureEnv Inicijalizacija: 12 motora. OBS_dim=40, frame_skip=1
[Fitness run Gen15Creature27] reward=1.73±0.00  dist=0.00±0.00  upright=0.00±0.00  → FITNESS=0.0184
URDF saved to temp_urdf\being_9472.urdf
Connecting to PyBullet, GUI: False
CreatureEnv Inicijalizacija: 12 motora. OBS_dim=40, frame_skip=1
[Fitness run Gen15Creature28] reward=1.74±0.01  dist=0.05±0.02  upright=0.00±0.00  → FITNESS=0.0195
URDF saved to temp_urdf\being_9472.urdf
Connecting to PyBullet, GUI: False
CreatureEnv Inicijalizacija: 12 motora. OBS_dim=40, frame_skip=1
[Fitness run Gen15Creature29] reward=1.56±0.03  dist=0.29±0.18  upright=0.02±0.06  → FITNESS=0.0315

==================================================
Generacija 15/20  |  Best = 0.4516  |  Mean = 0.1714  |  Std = 0.1667
==================================================
URDF saved to temp_urdf\being_9472.urdf
Connecting to PyBullet, GUI: False
CreatureEnv Inicijalizacija: 12 motora. OBS_dim=40, frame_skip=1
[Fitness run Gen15Creature2] reward=1.61±0.01  dist=0.01±0.03  upright=0.00±0.00  → FITNESS=0.0186
URDF saved to temp_urdf\being_9472.urdf
Connecting to PyBullet, GUI: False
CreatureEnv Inicijalizacija: 12 motora. OBS_dim=40, frame_skip=1
[Fitness run Gen15Creature3] reward=1.37±0.43  dist=0.00±0.00  upright=0.13±0.06  → FITNESS=0.0580
URDF saved to temp_urdf\being_9472.urdf
Connecting to PyBullet, GUI: False
CreatureEnv Inicijalizacija: 12 motora. OBS_dim=40, frame_skip=1
[Fitness run Gen15Creature4] reward=1.75±0.00  dist=0.24±0.09  upright=0.00±0.00  → FITNESS=0.0243
URDF saved to temp_urdf\being_9472.urdf
Connecting to PyBullet, GUI: False
CreatureEnv Inicijalizacija: 12 motora. OBS_dim=40, frame_skip=1
[Fitness run Gen15Creature6] reward=1.54±0.08  dist=0.40±0.13  upright=0.12±0.03  → FITNESS=0.0640
URDF saved to temp_urdf\being_9472.urdf
Connecting to PyBullet, GUI: False
CreatureEnv Inicijalizacija: 12 motora. OBS_dim=40, frame_skip=1
[Fitness run Gen15Creature8] reward=1.63±0.04  dist=0.02±0.06  upright=0.10±0.04  → FITNESS=0.0488
URDF saved to temp_urdf\being_9472.urdf
Connecting to PyBullet, GUI: False
CreatureEnv Inicijalizacija: 12 motora. OBS_dim=40, frame_skip=1
[Fitness run Gen15Creature9] reward=1.52±0.05  dist=0.19±0.15  upright=0.03±0.10  → FITNESS=0.0328
URDF saved to temp_urdf\being_9472.urdf
Connecting to PyBullet, GUI: False
CreatureEnv Inicijalizacija: 12 motora. OBS_dim=40, frame_skip=1
[Fitness run Gen15Creature12] reward=1.28±0.00  dist=0.03±0.09  upright=0.00±0.00  → FITNESS=0.0190
URDF saved to temp_urdf\being_9472.urdf
Connecting to PyBullet, GUI: False
CreatureEnv Inicijalizacija: 12 motora. OBS_dim=40, frame_skip=1
[Fitness run Gen15Creature13] reward=-0.21±0.68  dist=0.76±0.36  upright=0.02±0.07  → FITNESS=0.0438
URDF saved to temp_urdf\being_9472.urdf
Connecting to PyBullet, GUI: False
CreatureEnv Inicijalizacija: 12 motora. OBS_dim=40, frame_skip=1
[Fitness run Gen15Creature15] reward=1.58±0.05  dist=0.04±0.13  upright=0.02±0.06  → FITNESS=0.0252
URDF saved to temp_urdf\being_9472.urdf
Connecting to PyBullet, GUI: False
CreatureEnv Inicijalizacija: 12 motora. OBS_dim=40, frame_skip=1
[Fitness run Gen15Creature16] reward=921.94±306.78  dist=0.09±0.05  upright=0.91±0.28  → FITNESS=0.3761
URDF saved to temp_urdf\being_9472.urdf
Connecting to PyBullet, GUI: False
CreatureEnv Inicijalizacija: 12 motora. OBS_dim=40, frame_skip=1
[Fitness run Gen15Creature17] reward=1.72±0.00  dist=0.15±0.07  upright=0.12±0.07  → FITNESS=0.0570
URDF saved to temp_urdf\being_9472.urdf
Connecting to PyBullet, GUI: False
CreatureEnv Inicijalizacija: 12 motora. OBS_dim=40, frame_skip=1
[Fitness run Gen15Creature18] reward=1.56±0.40  dist=0.04±0.11  upright=0.21±0.08  → FITNESS=0.0831
URDF saved to temp_urdf\being_9472.urdf
Connecting to PyBullet, GUI: False
CreatureEnv Inicijalizacija: 12 motora. OBS_dim=40, frame_skip=1
[Fitness run Gen15Creature19] reward=1.38±0.15  dist=0.07±0.07  upright=0.57±0.22  → FITNESS=0.1914
URDF saved to temp_urdf\being_9472.urdf
Connecting to PyBullet, GUI: False
CreatureEnv Inicijalizacija: 12 motora. OBS_dim=40, frame_skip=1
[Fitness run Gen15Creature20] reward=453.86±554.49  dist=0.33±0.38  upright=0.82±0.23  → FITNESS=0.3146
URDF saved to temp_urdf\being_9472.urdf
Connecting to PyBullet, GUI: False
CreatureEnv Inicijalizacija: 12 motora. OBS_dim=40, frame_skip=1
[Fitness run Gen15Creature22] reward=1.69±0.15  dist=0.05±0.04  upright=0.34±0.11  → FITNESS=0.1212
URDF saved to temp_urdf\being_9472.urdf
Connecting to PyBullet, GUI: False
CreatureEnv Inicijalizacija: 12 motora. OBS_dim=40, frame_skip=1
[Fitness run Gen15Creature24] reward=1.54±0.00  dist=0.21±0.08  upright=0.00±0.00  → FITNESS=0.0236
URDF saved to temp_urdf\being_9472.urdf
Connecting to PyBullet, GUI: False
CreatureEnv Inicijalizacija: 12 motora. OBS_dim=40, frame_skip=1
[Fitness run Gen15Creature25] reward=107.54±318.05  dist=0.00±0.00  upright=0.57±0.25  → FITNESS=0.1992
URDF saved to temp_urdf\being_9472.urdf
Connecting to PyBullet, GUI: False
CreatureEnv Inicijalizacija: 12 motora. OBS_dim=40, frame_skip=1
[Fitness run Gen15Creature26] reward=1.62±0.00  dist=0.04±0.12  upright=0.01±0.04  → FITNESS=0.0232
URDF saved to temp_urdf\being_9472.urdf
Connecting to PyBullet, GUI: False
CreatureEnv Inicijalizacija: 12 motora. OBS_dim=40, frame_skip=1
[Fitness run Gen15Creature27] reward=1.73±0.00  dist=0.00±0.00  upright=0.00±0.00  → FITNESS=0.0184
URDF saved to temp_urdf\being_9472.urdf
Connecting to PyBullet, GUI: False
CreatureEnv Inicijalizacija: 12 motora. OBS_dim=40, frame_skip=1
[Fitness run Gen15Creature28] reward=1.74±0.01  dist=0.05±0.02  upright=0.00±0.00  → FITNESS=0.0195
URDF saved to temp_urdf\being_9472.urdf
Connecting to PyBullet, GUI: False
CreatureEnv Inicijalizacija: 12 motora. OBS_dim=40, frame_skip=1
[Fitness run Gen15Creature29] reward=1.56±0.03  dist=0.29±0.18  upright=0.02±0.06  → FITNESS=0.0315
Genome saved to results\distanceBased500Steps5DifferentSeeds\run_4\run_4_best_creature.json
[plot] Summary saved → results\distanceBased500Steps5DifferentSeeds\run_4\run_4_summary.png
URDF saved to temp_urdf\being_9472.urdf
Connecting to PyBullet, GUI: False
CreatureEnv Inicijalizacija: 12 motora. OBS_dim=40, frame_skip=1
[Fitness run Gen16Creature2] reward=1.61±0.01  dist=0.01±0.03  upright=0.00±0.00  → FITNESS=0.0186
URDF saved to temp_urdf\being_9472.urdf
Connecting to PyBullet, GUI: False
CreatureEnv Inicijalizacija: 12 motora. OBS_dim=40, frame_skip=1
[Fitness run Gen16Creature3] reward=1.37±0.43  dist=0.00±0.00  upright=0.13±0.06  → FITNESS=0.0580
URDF saved to temp_urdf\being_9472.urdf
Connecting to PyBullet, GUI: False
CreatureEnv Inicijalizacija: 12 motora. OBS_dim=40, frame_skip=1
[Fitness run Gen16Creature4] reward=1.75±0.00  dist=0.24±0.09  upright=0.00±0.00  → FITNESS=0.0243
URDF saved to temp_urdf\being_9472.urdf
Connecting to PyBullet, GUI: False
CreatureEnv Inicijalizacija: 12 motora. OBS_dim=40, frame_skip=1
[Fitness run Gen16Creature6] reward=1.54±0.08  dist=0.40±0.13  upright=0.12±0.03  → FITNESS=0.0640
URDF saved to temp_urdf\being_9472.urdf
Connecting to PyBullet, GUI: False
CreatureEnv Inicijalizacija: 12 motora. OBS_dim=40, frame_skip=1
[Fitness run Gen16Creature8] reward=1.63±0.04  dist=0.02±0.06  upright=0.10±0.04  → FITNESS=0.0488
URDF saved to temp_urdf\being_9472.urdf
Connecting to PyBullet, GUI: False
CreatureEnv Inicijalizacija: 12 motora. OBS_dim=40, frame_skip=1
[Fitness run Gen16Creature9] reward=1.52±0.05  dist=0.19±0.15  upright=0.03±0.10  → FITNESS=0.0328
URDF saved to temp_urdf\being_9472.urdf
Connecting to PyBullet, GUI: False
CreatureEnv Inicijalizacija: 12 motora. OBS_dim=40, frame_skip=1
[Fitness run Gen16Creature12] reward=1.28±0.00  dist=0.03±0.09  upright=0.00±0.00  → FITNESS=0.0190
URDF saved to temp_urdf\being_9472.urdf
Connecting to PyBullet, GUI: False
CreatureEnv Inicijalizacija: 12 motora. OBS_dim=40, frame_skip=1
[Fitness run Gen16Creature13] reward=-0.21±0.68  dist=0.76±0.36  upright=0.02±0.07  → FITNESS=0.0438
URDF saved to temp_urdf\being_9472.urdf
Connecting to PyBullet, GUI: False
CreatureEnv Inicijalizacija: 12 motora. OBS_dim=40, frame_skip=1
[Fitness run Gen16Creature15] reward=1.58±0.05  dist=0.04±0.13  upright=0.02±0.06  → FITNESS=0.0252
URDF saved to temp_urdf\being_9472.urdf
Connecting to PyBullet, GUI: False
CreatureEnv Inicijalizacija: 12 motora. OBS_dim=40, frame_skip=1
[Fitness run Gen16Creature16] reward=921.94±306.78  dist=0.09±0.05  upright=0.91±0.28  → FITNESS=0.3761
URDF saved to temp_urdf\being_9472.urdf
Connecting to PyBullet, GUI: False
CreatureEnv Inicijalizacija: 12 motora. OBS_dim=40, frame_skip=1
[Fitness run Gen16Creature17] reward=1.72±0.00  dist=0.15±0.07  upright=0.12±0.07  → FITNESS=0.0570
URDF saved to temp_urdf\being_9472.urdf
Connecting to PyBullet, GUI: False
CreatureEnv Inicijalizacija: 12 motora. OBS_dim=40, frame_skip=1
[Fitness run Gen16Creature18] reward=1.56±0.40  dist=0.04±0.11  upright=0.21±0.08  → FITNESS=0.0831
URDF saved to temp_urdf\being_9472.urdf
Connecting to PyBullet, GUI: False
CreatureEnv Inicijalizacija: 12 motora. OBS_dim=40, frame_skip=1
[Fitness run Gen16Creature19] reward=1.38±0.15  dist=0.07±0.07  upright=0.57±0.22  → FITNESS=0.1914
URDF saved to temp_urdf\being_9472.urdf
Connecting to PyBullet, GUI: False
CreatureEnv Inicijalizacija: 12 motora. OBS_dim=40, frame_skip=1
[Fitness run Gen16Creature20] reward=453.86±554.49  dist=0.33±0.38  upright=0.82±0.23  → FITNESS=0.3146
URDF saved to temp_urdf\being_9472.urdf
Connecting to PyBullet, GUI: False
CreatureEnv Inicijalizacija: 12 motora. OBS_dim=40, frame_skip=1
[Fitness run Gen16Creature22] reward=1.69±0.15  dist=0.05±0.04  upright=0.34±0.11  → FITNESS=0.1212
URDF saved to temp_urdf\being_9472.urdf
Connecting to PyBullet, GUI: False
CreatureEnv Inicijalizacija: 12 motora. OBS_dim=40, frame_skip=1
[Fitness run Gen16Creature24] reward=1.54±0.00  dist=0.21±0.08  upright=0.00±0.00  → FITNESS=0.0236
URDF saved to temp_urdf\being_9472.urdf
Connecting to PyBullet, GUI: False
CreatureEnv Inicijalizacija: 12 motora. OBS_dim=40, frame_skip=1
[Fitness run Gen16Creature25] reward=107.54±318.05  dist=0.00±0.00  upright=0.57±0.25  → FITNESS=0.1992
URDF saved to temp_urdf\being_9472.urdf
Connecting to PyBullet, GUI: False
CreatureEnv Inicijalizacija: 12 motora. OBS_dim=40, frame_skip=1
[Fitness run Gen16Creature26] reward=1.62±0.00  dist=0.04±0.12  upright=0.01±0.04  → FITNESS=0.0232
URDF saved to temp_urdf\being_9472.urdf
Connecting to PyBullet, GUI: False
CreatureEnv Inicijalizacija: 12 motora. OBS_dim=40, frame_skip=1
[Fitness run Gen16Creature27] reward=1.73±0.00  dist=0.00±0.00  upright=0.00±0.00  → FITNESS=0.0184
URDF saved to temp_urdf\being_9472.urdf
Connecting to PyBullet, GUI: False
CreatureEnv Inicijalizacija: 12 motora. OBS_dim=40, frame_skip=1
[Fitness run Gen16Creature28] reward=1.74±0.01  dist=0.05±0.02  upright=0.00±0.00  → FITNESS=0.0195
URDF saved to temp_urdf\being_9472.urdf
Connecting to PyBullet, GUI: False
CreatureEnv Inicijalizacija: 12 motora. OBS_dim=40, frame_skip=1
[Fitness run Gen16Creature29] reward=1.56±0.03  dist=0.29±0.18  upright=0.02±0.06  → FITNESS=0.0315

==================================================
Generacija 16/20  |  Best = 0.4516  |  Mean = 0.1714  |  Std = 0.1667
==================================================
URDF saved to temp_urdf\being_9472.urdf
Connecting to PyBullet, GUI: False
CreatureEnv Inicijalizacija: 12 motora. OBS_dim=40, frame_skip=1
[Fitness run Gen16Creature2] reward=1.61±0.01  dist=0.01±0.03  upright=0.00±0.00  → FITNESS=0.0186
URDF saved to temp_urdf\being_9472.urdf
Connecting to PyBullet, GUI: False
CreatureEnv Inicijalizacija: 12 motora. OBS_dim=40, frame_skip=1
[Fitness run Gen16Creature3] reward=1.37±0.43  dist=0.00±0.00  upright=0.13±0.06  → FITNESS=0.0580
URDF saved to temp_urdf\being_9472.urdf
Connecting to PyBullet, GUI: False
CreatureEnv Inicijalizacija: 12 motora. OBS_dim=40, frame_skip=1
[Fitness run Gen16Creature4] reward=1.75±0.00  dist=0.24±0.09  upright=0.00±0.00  → FITNESS=0.0243
URDF saved to temp_urdf\being_9472.urdf
Connecting to PyBullet, GUI: False
CreatureEnv Inicijalizacija: 12 motora. OBS_dim=40, frame_skip=1
[Fitness run Gen16Creature6] reward=1.54±0.08  dist=0.40±0.13  upright=0.12±0.03  → FITNESS=0.0640
URDF saved to temp_urdf\being_9472.urdf
Connecting to PyBullet, GUI: False
CreatureEnv Inicijalizacija: 12 motora. OBS_dim=40, frame_skip=1
[Fitness run Gen16Creature8] reward=1.63±0.04  dist=0.02±0.06  upright=0.10±0.04  → FITNESS=0.0488
URDF saved to temp_urdf\being_9472.urdf
Connecting to PyBullet, GUI: False
CreatureEnv Inicijalizacija: 12 motora. OBS_dim=40, frame_skip=1
[Fitness run Gen16Creature9] reward=1.52±0.05  dist=0.19±0.15  upright=0.03±0.10  → FITNESS=0.0328
URDF saved to temp_urdf\being_9472.urdf
Connecting to PyBullet, GUI: False
CreatureEnv Inicijalizacija: 12 motora. OBS_dim=40, frame_skip=1
[Fitness run Gen16Creature12] reward=1.28±0.00  dist=0.03±0.09  upright=0.00±0.00  → FITNESS=0.0190
URDF saved to temp_urdf\being_9472.urdf
Connecting to PyBullet, GUI: False
CreatureEnv Inicijalizacija: 12 motora. OBS_dim=40, frame_skip=1
[Fitness run Gen16Creature13] reward=-0.21±0.68  dist=0.76±0.36  upright=0.02±0.07  → FITNESS=0.0438
URDF saved to temp_urdf\being_9472.urdf
Connecting to PyBullet, GUI: False
CreatureEnv Inicijalizacija: 12 motora. OBS_dim=40, frame_skip=1
[Fitness run Gen16Creature15] reward=1.58±0.05  dist=0.04±0.13  upright=0.02±0.06  → FITNESS=0.0252
URDF saved to temp_urdf\being_9472.urdf
Connecting to PyBullet, GUI: False
CreatureEnv Inicijalizacija: 12 motora. OBS_dim=40, frame_skip=1
[Fitness run Gen16Creature16] reward=921.94±306.78  dist=0.09±0.05  upright=0.91±0.28  → FITNESS=0.3761
URDF saved to temp_urdf\being_9472.urdf
Connecting to PyBullet, GUI: False
CreatureEnv Inicijalizacija: 12 motora. OBS_dim=40, frame_skip=1
[Fitness run Gen16Creature17] reward=1.72±0.00  dist=0.15±0.07  upright=0.12±0.07  → FITNESS=0.0570
URDF saved to temp_urdf\being_9472.urdf
Connecting to PyBullet, GUI: False
CreatureEnv Inicijalizacija: 12 motora. OBS_dim=40, frame_skip=1
[Fitness run Gen16Creature18] reward=1.56±0.40  dist=0.04±0.11  upright=0.21±0.08  → FITNESS=0.0831
URDF saved to temp_urdf\being_9472.urdf
Connecting to PyBullet, GUI: False
CreatureEnv Inicijalizacija: 12 motora. OBS_dim=40, frame_skip=1
[Fitness run Gen16Creature19] reward=1.38±0.15  dist=0.07±0.07  upright=0.57±0.22  → FITNESS=0.1914
URDF saved to temp_urdf\being_9472.urdf
Connecting to PyBullet, GUI: False
CreatureEnv Inicijalizacija: 12 motora. OBS_dim=40, frame_skip=1
[Fitness run Gen16Creature20] reward=453.86±554.49  dist=0.33±0.38  upright=0.82±0.23  → FITNESS=0.3146
URDF saved to temp_urdf\being_9472.urdf
Connecting to PyBullet, GUI: False
CreatureEnv Inicijalizacija: 12 motora. OBS_dim=40, frame_skip=1
[Fitness run Gen16Creature22] reward=1.69±0.15  dist=0.05±0.04  upright=0.34±0.11  → FITNESS=0.1212
URDF saved to temp_urdf\being_9472.urdf
Connecting to PyBullet, GUI: False
CreatureEnv Inicijalizacija: 12 motora. OBS_dim=40, frame_skip=1
[Fitness run Gen16Creature24] reward=1.54±0.00  dist=0.21±0.08  upright=0.00±0.00  → FITNESS=0.0236
URDF saved to temp_urdf\being_9472.urdf
Connecting to PyBullet, GUI: False
CreatureEnv Inicijalizacija: 12 motora. OBS_dim=40, frame_skip=1
[Fitness run Gen16Creature25] reward=107.54±318.05  dist=0.00±0.00  upright=0.57±0.25  → FITNESS=0.1992
URDF saved to temp_urdf\being_9472.urdf
Connecting to PyBullet, GUI: False
CreatureEnv Inicijalizacija: 12 motora. OBS_dim=40, frame_skip=1
[Fitness run Gen16Creature26] reward=1.62±0.00  dist=0.04±0.12  upright=0.01±0.04  → FITNESS=0.0232
URDF saved to temp_urdf\being_9472.urdf
Connecting to PyBullet, GUI: False
CreatureEnv Inicijalizacija: 12 motora. OBS_dim=40, frame_skip=1
[Fitness run Gen16Creature27] reward=1.73±0.00  dist=0.00±0.00  upright=0.00±0.00  → FITNESS=0.0184
URDF saved to temp_urdf\being_9472.urdf
Connecting to PyBullet, GUI: False
CreatureEnv Inicijalizacija: 12 motora. OBS_dim=40, frame_skip=1
[Fitness run Gen16Creature28] reward=1.74±0.01  dist=0.05±0.02  upright=0.00±0.00  → FITNESS=0.0195
URDF saved to temp_urdf\being_9472.urdf
Connecting to PyBullet, GUI: False
CreatureEnv Inicijalizacija: 12 motora. OBS_dim=40, frame_skip=1
[Fitness run Gen16Creature29] reward=1.56±0.03  dist=0.29±0.18  upright=0.02±0.06  → FITNESS=0.0315
Genome saved to results\distanceBased500Steps5DifferentSeeds\run_4\run_4_best_creature.json
[plot] Summary saved → results\distanceBased500Steps5DifferentSeeds\run_4\run_4_summary.png
URDF saved to temp_urdf\being_9472.urdf
Connecting to PyBullet, GUI: False
CreatureEnv Inicijalizacija: 12 motora. OBS_dim=40, frame_skip=1
[Fitness run Gen17Creature2] reward=1.61±0.01  dist=0.01±0.03  upright=0.00±0.00  → FITNESS=0.0186
URDF saved to temp_urdf\being_9472.urdf
Connecting to PyBullet, GUI: False
CreatureEnv Inicijalizacija: 12 motora. OBS_dim=40, frame_skip=1
[Fitness run Gen17Creature3] reward=1.37±0.43  dist=0.00±0.00  upright=0.13±0.06  → FITNESS=0.0580
URDF saved to temp_urdf\being_9472.urdf
Connecting to PyBullet, GUI: False
CreatureEnv Inicijalizacija: 12 motora. OBS_dim=40, frame_skip=1
[Fitness run Gen17Creature4] reward=1.75±0.00  dist=0.24±0.09  upright=0.00±0.00  → FITNESS=0.0243
URDF saved to temp_urdf\being_9472.urdf
Connecting to PyBullet, GUI: False
CreatureEnv Inicijalizacija: 12 motora. OBS_dim=40, frame_skip=1
[Fitness run Gen17Creature6] reward=1.54±0.08  dist=0.40±0.13  upright=0.12±0.03  → FITNESS=0.0640
URDF saved to temp_urdf\being_9472.urdf
Connecting to PyBullet, GUI: False
CreatureEnv Inicijalizacija: 12 motora. OBS_dim=40, frame_skip=1
[Fitness run Gen17Creature8] reward=1.63±0.04  dist=0.02±0.06  upright=0.10±0.04  → FITNESS=0.0488
URDF saved to temp_urdf\being_9472.urdf
Connecting to PyBullet, GUI: False
CreatureEnv Inicijalizacija: 12 motora. OBS_dim=40, frame_skip=1
[Fitness run Gen17Creature9] reward=1.52±0.05  dist=0.19±0.15  upright=0.03±0.10  → FITNESS=0.0328
URDF saved to temp_urdf\being_9472.urdf
Connecting to PyBullet, GUI: False
CreatureEnv Inicijalizacija: 12 motora. OBS_dim=40, frame_skip=1
[Fitness run Gen17Creature12] reward=1.28±0.00  dist=0.03±0.09  upright=0.00±0.00  → FITNESS=0.0190
URDF saved to temp_urdf\being_9472.urdf
Connecting to PyBullet, GUI: False
CreatureEnv Inicijalizacija: 12 motora. OBS_dim=40, frame_skip=1
[Fitness run Gen17Creature13] reward=-0.21±0.68  dist=0.76±0.36  upright=0.02±0.07  → FITNESS=0.0438
URDF saved to temp_urdf\being_9472.urdf
Connecting to PyBullet, GUI: False
CreatureEnv Inicijalizacija: 12 motora. OBS_dim=40, frame_skip=1
[Fitness run Gen17Creature15] reward=1.58±0.05  dist=0.04±0.13  upright=0.02±0.06  → FITNESS=0.0252
URDF saved to temp_urdf\being_9472.urdf
Connecting to PyBullet, GUI: False
CreatureEnv Inicijalizacija: 12 motora. OBS_dim=40, frame_skip=1
[Fitness run Gen17Creature16] reward=921.94±306.78  dist=0.09±0.05  upright=0.91±0.28  → FITNESS=0.3761
URDF saved to temp_urdf\being_9472.urdf
Connecting to PyBullet, GUI: False
CreatureEnv Inicijalizacija: 12 motora. OBS_dim=40, frame_skip=1
[Fitness run Gen17Creature17] reward=1.72±0.00  dist=0.15±0.07  upright=0.12±0.07  → FITNESS=0.0570
URDF saved to temp_urdf\being_9472.urdf
Connecting to PyBullet, GUI: False
CreatureEnv Inicijalizacija: 12 motora. OBS_dim=40, frame_skip=1
[Fitness run Gen17Creature18] reward=1.56±0.40  dist=0.04±0.11  upright=0.21±0.08  → FITNESS=0.0831
URDF saved to temp_urdf\being_9472.urdf
Connecting to PyBullet, GUI: False
CreatureEnv Inicijalizacija: 12 motora. OBS_dim=40, frame_skip=1
[Fitness run Gen17Creature19] reward=1.38±0.15  dist=0.07±0.07  upright=0.57±0.22  → FITNESS=0.1914
URDF saved to temp_urdf\being_9472.urdf
Connecting to PyBullet, GUI: False
CreatureEnv Inicijalizacija: 12 motora. OBS_dim=40, frame_skip=1
[Fitness run Gen17Creature20] reward=453.86±554.49  dist=0.33±0.38  upright=0.82±0.23  → FITNESS=0.3146
URDF saved to temp_urdf\being_9472.urdf
Connecting to PyBullet, GUI: False
CreatureEnv Inicijalizacija: 12 motora. OBS_dim=40, frame_skip=1
[Fitness run Gen17Creature22] reward=1.69±0.15  dist=0.05±0.04  upright=0.34±0.11  → FITNESS=0.1212
URDF saved to temp_urdf\being_9472.urdf
Connecting to PyBullet, GUI: False
CreatureEnv Inicijalizacija: 12 motora. OBS_dim=40, frame_skip=1
[Fitness run Gen17Creature24] reward=1.54±0.00  dist=0.21±0.08  upright=0.00±0.00  → FITNESS=0.0236
URDF saved to temp_urdf\being_9472.urdf
Connecting to PyBullet, GUI: False
CreatureEnv Inicijalizacija: 12 motora. OBS_dim=40, frame_skip=1
[Fitness run Gen17Creature25] reward=107.54±318.05  dist=0.00±0.00  upright=0.57±0.25  → FITNESS=0.1992
URDF saved to temp_urdf\being_9472.urdf
Connecting to PyBullet, GUI: False
CreatureEnv Inicijalizacija: 12 motora. OBS_dim=40, frame_skip=1
[Fitness run Gen17Creature26] reward=1.62±0.00  dist=0.04±0.12  upright=0.01±0.04  → FITNESS=0.0232
URDF saved to temp_urdf\being_9472.urdf
Connecting to PyBullet, GUI: False
CreatureEnv Inicijalizacija: 12 motora. OBS_dim=40, frame_skip=1
[Fitness run Gen17Creature27] reward=1.73±0.00  dist=0.00±0.00  upright=0.00±0.00  → FITNESS=0.0184
URDF saved to temp_urdf\being_9472.urdf
Connecting to PyBullet, GUI: False
CreatureEnv Inicijalizacija: 12 motora. OBS_dim=40, frame_skip=1
[Fitness run Gen17Creature28] reward=1.74±0.01  dist=0.05±0.02  upright=0.00±0.00  → FITNESS=0.0195
URDF saved to temp_urdf\being_9472.urdf
Connecting to PyBullet, GUI: False
CreatureEnv Inicijalizacija: 12 motora. OBS_dim=40, frame_skip=1
[Fitness run Gen17Creature29] reward=1.56±0.03  dist=0.29±0.18  upright=0.02±0.06  → FITNESS=0.0315

==================================================
Generacija 17/20  |  Best = 0.4516  |  Mean = 0.1714  |  Std = 0.1667
==================================================
URDF saved to temp_urdf\being_9472.urdf
Connecting to PyBullet, GUI: False
CreatureEnv Inicijalizacija: 12 motora. OBS_dim=40, frame_skip=1
[Fitness run Gen17Creature2] reward=1.61±0.01  dist=0.01±0.03  upright=0.00±0.00  → FITNESS=0.0186
URDF saved to temp_urdf\being_9472.urdf
Connecting to PyBullet, GUI: False
CreatureEnv Inicijalizacija: 12 motora. OBS_dim=40, frame_skip=1
[Fitness run Gen17Creature3] reward=1.37±0.43  dist=0.00±0.00  upright=0.13±0.06  → FITNESS=0.0580
URDF saved to temp_urdf\being_9472.urdf
Connecting to PyBullet, GUI: False
CreatureEnv Inicijalizacija: 12 motora. OBS_dim=40, frame_skip=1
[Fitness run Gen17Creature4] reward=1.75±0.00  dist=0.24±0.09  upright=0.00±0.00  → FITNESS=0.0243
URDF saved to temp_urdf\being_9472.urdf
Connecting to PyBullet, GUI: False
CreatureEnv Inicijalizacija: 12 motora. OBS_dim=40, frame_skip=1
[Fitness run Gen17Creature6] reward=1.54±0.08  dist=0.40±0.13  upright=0.12±0.03  → FITNESS=0.0640
URDF saved to temp_urdf\being_9472.urdf
Connecting to PyBullet, GUI: False
CreatureEnv Inicijalizacija: 12 motora. OBS_dim=40, frame_skip=1
[Fitness run Gen17Creature8] reward=1.63±0.04  dist=0.02±0.06  upright=0.10±0.04  → FITNESS=0.0488
URDF saved to temp_urdf\being_9472.urdf
Connecting to PyBullet, GUI: False
CreatureEnv Inicijalizacija: 12 motora. OBS_dim=40, frame_skip=1
[Fitness run Gen17Creature9] reward=1.52±0.05  dist=0.19±0.15  upright=0.03±0.10  → FITNESS=0.0328
URDF saved to temp_urdf\being_9472.urdf
Connecting to PyBullet, GUI: False
CreatureEnv Inicijalizacija: 12 motora. OBS_dim=40, frame_skip=1
[Fitness run Gen17Creature12] reward=1.28±0.00  dist=0.03±0.09  upright=0.00±0.00  → FITNESS=0.0190
URDF saved to temp_urdf\being_9472.urdf
Connecting to PyBullet, GUI: False
CreatureEnv Inicijalizacija: 12 motora. OBS_dim=40, frame_skip=1
[Fitness run Gen17Creature13] reward=-0.21±0.68  dist=0.76±0.36  upright=0.02±0.07  → FITNESS=0.0438
URDF saved to temp_urdf\being_9472.urdf
Connecting to PyBullet, GUI: False
CreatureEnv Inicijalizacija: 12 motora. OBS_dim=40, frame_skip=1
[Fitness run Gen17Creature15] reward=1.58±0.05  dist=0.04±0.13  upright=0.02±0.06  → FITNESS=0.0252
URDF saved to temp_urdf\being_9472.urdf
Connecting to PyBullet, GUI: False
CreatureEnv Inicijalizacija: 12 motora. OBS_dim=40, frame_skip=1
[Fitness run Gen17Creature16] reward=921.94±306.78  dist=0.09±0.05  upright=0.91±0.28  → FITNESS=0.3761
URDF saved to temp_urdf\being_9472.urdf
Connecting to PyBullet, GUI: False
CreatureEnv Inicijalizacija: 12 motora. OBS_dim=40, frame_skip=1
[Fitness run Gen17Creature17] reward=1.72±0.00  dist=0.15±0.07  upright=0.12±0.07  → FITNESS=0.0570
URDF saved to temp_urdf\being_9472.urdf
Connecting to PyBullet, GUI: False
CreatureEnv Inicijalizacija: 12 motora. OBS_dim=40, frame_skip=1
[Fitness run Gen17Creature18] reward=1.56±0.40  dist=0.04±0.11  upright=0.21±0.08  → FITNESS=0.0831
URDF saved to temp_urdf\being_9472.urdf
Connecting to PyBullet, GUI: False
CreatureEnv Inicijalizacija: 12 motora. OBS_dim=40, frame_skip=1
[Fitness run Gen17Creature19] reward=1.38±0.15  dist=0.07±0.07  upright=0.57±0.22  → FITNESS=0.1914
URDF saved to temp_urdf\being_9472.urdf
Connecting to PyBullet, GUI: False
CreatureEnv Inicijalizacija: 12 motora. OBS_dim=40, frame_skip=1
[Fitness run Gen17Creature20] reward=453.86±554.49  dist=0.33±0.38  upright=0.82±0.23  → FITNESS=0.3146
URDF saved to temp_urdf\being_9472.urdf
Connecting to PyBullet, GUI: False
CreatureEnv Inicijalizacija: 12 motora. OBS_dim=40, frame_skip=1
[Fitness run Gen17Creature22] reward=1.69±0.15  dist=0.05±0.04  upright=0.34±0.11  → FITNESS=0.1212
URDF saved to temp_urdf\being_9472.urdf
Connecting to PyBullet, GUI: False
CreatureEnv Inicijalizacija: 12 motora. OBS_dim=40, frame_skip=1
[Fitness run Gen17Creature24] reward=1.54±0.00  dist=0.21±0.08  upright=0.00±0.00  → FITNESS=0.0236
URDF saved to temp_urdf\being_9472.urdf
Connecting to PyBullet, GUI: False
CreatureEnv Inicijalizacija: 12 motora. OBS_dim=40, frame_skip=1
[Fitness run Gen17Creature25] reward=107.54±318.05  dist=0.00±0.00  upright=0.57±0.25  → FITNESS=0.1992
URDF saved to temp_urdf\being_9472.urdf
Connecting to PyBullet, GUI: False
CreatureEnv Inicijalizacija: 12 motora. OBS_dim=40, frame_skip=1
[Fitness run Gen17Creature26] reward=1.62±0.00  dist=0.04±0.12  upright=0.01±0.04  → FITNESS=0.0232
URDF saved to temp_urdf\being_9472.urdf
Connecting to PyBullet, GUI: False
CreatureEnv Inicijalizacija: 12 motora. OBS_dim=40, frame_skip=1
[Fitness run Gen17Creature27] reward=1.73±0.00  dist=0.00±0.00  upright=0.00±0.00  → FITNESS=0.0184
URDF saved to temp_urdf\being_9472.urdf
Connecting to PyBullet, GUI: False
CreatureEnv Inicijalizacija: 12 motora. OBS_dim=40, frame_skip=1
[Fitness run Gen17Creature28] reward=1.74±0.01  dist=0.05±0.02  upright=0.00±0.00  → FITNESS=0.0195
URDF saved to temp_urdf\being_9472.urdf
Connecting to PyBullet, GUI: False
CreatureEnv Inicijalizacija: 12 motora. OBS_dim=40, frame_skip=1
[Fitness run Gen17Creature29] reward=1.56±0.03  dist=0.29±0.18  upright=0.02±0.06  → FITNESS=0.0315
Genome saved to results\distanceBased500Steps5DifferentSeeds\run_4\run_4_best_creature.json
[plot] Summary saved → results\distanceBased500Steps5DifferentSeeds\run_4\run_4_summary.png
URDF saved to temp_urdf\being_9472.urdf
Connecting to PyBullet, GUI: False
CreatureEnv Inicijalizacija: 12 motora. OBS_dim=40, frame_skip=1
[Fitness run Gen18Creature2] reward=1.61±0.01  dist=0.01±0.03  upright=0.00±0.00  → FITNESS=0.0186
URDF saved to temp_urdf\being_9472.urdf
Connecting to PyBullet, GUI: False
CreatureEnv Inicijalizacija: 12 motora. OBS_dim=40, frame_skip=1
[Fitness run Gen18Creature3] reward=1.37±0.43  dist=0.00±0.00  upright=0.13±0.06  → FITNESS=0.0580
URDF saved to temp_urdf\being_9472.urdf
Connecting to PyBullet, GUI: False
CreatureEnv Inicijalizacija: 12 motora. OBS_dim=40, frame_skip=1
[Fitness run Gen18Creature4] reward=1.75±0.00  dist=0.24±0.09  upright=0.00±0.00  → FITNESS=0.0243
URDF saved to temp_urdf\being_9472.urdf
Connecting to PyBullet, GUI: False
CreatureEnv Inicijalizacija: 12 motora. OBS_dim=40, frame_skip=1
[Fitness run Gen18Creature6] reward=1.54±0.08  dist=0.40±0.13  upright=0.12±0.03  → FITNESS=0.0640
URDF saved to temp_urdf\being_9472.urdf
Connecting to PyBullet, GUI: False
CreatureEnv Inicijalizacija: 12 motora. OBS_dim=40, frame_skip=1
[Fitness run Gen18Creature8] reward=1.63±0.04  dist=0.02±0.06  upright=0.10±0.04  → FITNESS=0.0488
URDF saved to temp_urdf\being_9472.urdf
Connecting to PyBullet, GUI: False
CreatureEnv Inicijalizacija: 12 motora. OBS_dim=40, frame_skip=1
[Fitness run Gen18Creature9] reward=1.52±0.05  dist=0.19±0.15  upright=0.03±0.10  → FITNESS=0.0328
URDF saved to temp_urdf\being_9472.urdf
Connecting to PyBullet, GUI: False
CreatureEnv Inicijalizacija: 12 motora. OBS_dim=40, frame_skip=1
[Fitness run Gen18Creature12] reward=1.28±0.00  dist=0.03±0.09  upright=0.00±0.00  → FITNESS=0.0190
URDF saved to temp_urdf\being_9472.urdf
Connecting to PyBullet, GUI: False
CreatureEnv Inicijalizacija: 12 motora. OBS_dim=40, frame_skip=1
[Fitness run Gen18Creature13] reward=-0.21±0.68  dist=0.76±0.36  upright=0.02±0.07  → FITNESS=0.0438
URDF saved to temp_urdf\being_9472.urdf
Connecting to PyBullet, GUI: False
CreatureEnv Inicijalizacija: 12 motora. OBS_dim=40, frame_skip=1
[Fitness run Gen18Creature15] reward=1.58±0.05  dist=0.04±0.13  upright=0.02±0.06  → FITNESS=0.0252
URDF saved to temp_urdf\being_9472.urdf
Connecting to PyBullet, GUI: False
CreatureEnv Inicijalizacija: 12 motora. OBS_dim=40, frame_skip=1
[Fitness run Gen18Creature16] reward=921.94±306.78  dist=0.09±0.05  upright=0.91±0.28  → FITNESS=0.3761
URDF saved to temp_urdf\being_9472.urdf
Connecting to PyBullet, GUI: False
CreatureEnv Inicijalizacija: 12 motora. OBS_dim=40, frame_skip=1
[Fitness run Gen18Creature17] reward=1.72±0.00  dist=0.15±0.07  upright=0.12±0.07  → FITNESS=0.0570
URDF saved to temp_urdf\being_9472.urdf
Connecting to PyBullet, GUI: False
CreatureEnv Inicijalizacija: 12 motora. OBS_dim=40, frame_skip=1
[Fitness run Gen18Creature18] reward=1.56±0.40  dist=0.04±0.11  upright=0.21±0.08  → FITNESS=0.0831
URDF saved to temp_urdf\being_9472.urdf
Connecting to PyBullet, GUI: False
CreatureEnv Inicijalizacija: 12 motora. OBS_dim=40, frame_skip=1
[Fitness run Gen18Creature19] reward=1.38±0.15  dist=0.07±0.07  upright=0.57±0.22  → FITNESS=0.1914
URDF saved to temp_urdf\being_9472.urdf
Connecting to PyBullet, GUI: False
CreatureEnv Inicijalizacija: 12 motora. OBS_dim=40, frame_skip=1
[Fitness run Gen18Creature20] reward=453.86±554.49  dist=0.33±0.38  upright=0.82±0.23  → FITNESS=0.3146
URDF saved to temp_urdf\being_9472.urdf
Connecting to PyBullet, GUI: False
CreatureEnv Inicijalizacija: 12 motora. OBS_dim=40, frame_skip=1
[Fitness run Gen18Creature22] reward=1.69±0.15  dist=0.05±0.04  upright=0.34±0.11  → FITNESS=0.1212
URDF saved to temp_urdf\being_9472.urdf
Connecting to PyBullet, GUI: False
CreatureEnv Inicijalizacija: 12 motora. OBS_dim=40, frame_skip=1
[Fitness run Gen18Creature24] reward=1.54±0.00  dist=0.21±0.08  upright=0.00±0.00  → FITNESS=0.0236
URDF saved to temp_urdf\being_9472.urdf
Connecting to PyBullet, GUI: False
CreatureEnv Inicijalizacija: 12 motora. OBS_dim=40, frame_skip=1
[Fitness run Gen18Creature25] reward=107.54±318.05  dist=0.00±0.00  upright=0.57±0.25  → FITNESS=0.1992
URDF saved to temp_urdf\being_9472.urdf
Connecting to PyBullet, GUI: False
CreatureEnv Inicijalizacija: 12 motora. OBS_dim=40, frame_skip=1
[Fitness run Gen18Creature26] reward=1.62±0.00  dist=0.04±0.12  upright=0.01±0.04  → FITNESS=0.0232
URDF saved to temp_urdf\being_9472.urdf
Connecting to PyBullet, GUI: False
CreatureEnv Inicijalizacija: 12 motora. OBS_dim=40, frame_skip=1
[Fitness run Gen18Creature27] reward=1.73±0.00  dist=0.00±0.00  upright=0.00±0.00  → FITNESS=0.0184
URDF saved to temp_urdf\being_9472.urdf
Connecting to PyBullet, GUI: False
CreatureEnv Inicijalizacija: 12 motora. OBS_dim=40, frame_skip=1
[Fitness run Gen18Creature28] reward=1.74±0.01  dist=0.05±0.02  upright=0.00±0.00  → FITNESS=0.0195
URDF saved to temp_urdf\being_9472.urdf
Connecting to PyBullet, GUI: False
CreatureEnv Inicijalizacija: 12 motora. OBS_dim=40, frame_skip=1
[Fitness run Gen18Creature29] reward=1.56±0.03  dist=0.29±0.18  upright=0.02±0.06  → FITNESS=0.0315

==================================================
Generacija 18/20  |  Best = 0.4516  |  Mean = 0.1714  |  Std = 0.1667
==================================================
URDF saved to temp_urdf\being_9472.urdf
Connecting to PyBullet, GUI: False
CreatureEnv Inicijalizacija: 12 motora. OBS_dim=40, frame_skip=1
[Fitness run Gen18Creature2] reward=1.61±0.01  dist=0.01±0.03  upright=0.00±0.00  → FITNESS=0.0186
URDF saved to temp_urdf\being_9472.urdf
Connecting to PyBullet, GUI: False
CreatureEnv Inicijalizacija: 12 motora. OBS_dim=40, frame_skip=1
[Fitness run Gen18Creature3] reward=1.37±0.43  dist=0.00±0.00  upright=0.13±0.06  → FITNESS=0.0580
URDF saved to temp_urdf\being_9472.urdf
Connecting to PyBullet, GUI: False
CreatureEnv Inicijalizacija: 12 motora. OBS_dim=40, frame_skip=1
[Fitness run Gen18Creature4] reward=1.75±0.00  dist=0.24±0.09  upright=0.00±0.00  → FITNESS=0.0243
URDF saved to temp_urdf\being_9472.urdf
Connecting to PyBullet, GUI: False
CreatureEnv Inicijalizacija: 12 motora. OBS_dim=40, frame_skip=1
[Fitness run Gen18Creature6] reward=1.54±0.08  dist=0.40±0.13  upright=0.12±0.03  → FITNESS=0.0640
URDF saved to temp_urdf\being_9472.urdf
Connecting to PyBullet, GUI: False
CreatureEnv Inicijalizacija: 12 motora. OBS_dim=40, frame_skip=1
[Fitness run Gen18Creature8] reward=1.63±0.04  dist=0.02±0.06  upright=0.10±0.04  → FITNESS=0.0488
URDF saved to temp_urdf\being_9472.urdf
Connecting to PyBullet, GUI: False
CreatureEnv Inicijalizacija: 12 motora. OBS_dim=40, frame_skip=1
[Fitness run Gen18Creature9] reward=1.52±0.05  dist=0.19±0.15  upright=0.03±0.10  → FITNESS=0.0328
URDF saved to temp_urdf\being_9472.urdf
Connecting to PyBullet, GUI: False
CreatureEnv Inicijalizacija: 12 motora. OBS_dim=40, frame_skip=1
[Fitness run Gen18Creature12] reward=1.28±0.00  dist=0.03±0.09  upright=0.00±0.00  → FITNESS=0.0190
URDF saved to temp_urdf\being_9472.urdf
Connecting to PyBullet, GUI: False
CreatureEnv Inicijalizacija: 12 motora. OBS_dim=40, frame_skip=1
[Fitness run Gen18Creature13] reward=-0.21±0.68  dist=0.76±0.36  upright=0.02±0.07  → FITNESS=0.0438
URDF saved to temp_urdf\being_9472.urdf
Connecting to PyBullet, GUI: False
CreatureEnv Inicijalizacija: 12 motora. OBS_dim=40, frame_skip=1
[Fitness run Gen18Creature15] reward=1.58±0.05  dist=0.04±0.13  upright=0.02±0.06  → FITNESS=0.0252
URDF saved to temp_urdf\being_9472.urdf
Connecting to PyBullet, GUI: False
CreatureEnv Inicijalizacija: 12 motora. OBS_dim=40, frame_skip=1
[Fitness run Gen18Creature16] reward=921.94±306.78  dist=0.09±0.05  upright=0.91±0.28  → FITNESS=0.3761
URDF saved to temp_urdf\being_9472.urdf
Connecting to PyBullet, GUI: False
CreatureEnv Inicijalizacija: 12 motora. OBS_dim=40, frame_skip=1
[Fitness run Gen18Creature17] reward=1.72±0.00  dist=0.15±0.07  upright=0.12±0.07  → FITNESS=0.0570
URDF saved to temp_urdf\being_9472.urdf
Connecting to PyBullet, GUI: False
CreatureEnv Inicijalizacija: 12 motora. OBS_dim=40, frame_skip=1
[Fitness run Gen18Creature18] reward=1.56±0.40  dist=0.04±0.11  upright=0.21±0.08  → FITNESS=0.0831
URDF saved to temp_urdf\being_9472.urdf
Connecting to PyBullet, GUI: False
CreatureEnv Inicijalizacija: 12 motora. OBS_dim=40, frame_skip=1
[Fitness run Gen18Creature19] reward=1.38±0.15  dist=0.07±0.07  upright=0.57±0.22  → FITNESS=0.1914
URDF saved to temp_urdf\being_9472.urdf
Connecting to PyBullet, GUI: False
CreatureEnv Inicijalizacija: 12 motora. OBS_dim=40, frame_skip=1
[Fitness run Gen18Creature20] reward=453.86±554.49  dist=0.33±0.38  upright=0.82±0.23  → FITNESS=0.3146
URDF saved to temp_urdf\being_9472.urdf
Connecting to PyBullet, GUI: False
CreatureEnv Inicijalizacija: 12 motora. OBS_dim=40, frame_skip=1
[Fitness run Gen18Creature22] reward=1.69±0.15  dist=0.05±0.04  upright=0.34±0.11  → FITNESS=0.1212
URDF saved to temp_urdf\being_9472.urdf
Connecting to PyBullet, GUI: False
CreatureEnv Inicijalizacija: 12 motora. OBS_dim=40, frame_skip=1
[Fitness run Gen18Creature24] reward=1.54±0.00  dist=0.21±0.08  upright=0.00±0.00  → FITNESS=0.0236
URDF saved to temp_urdf\being_9472.urdf
Connecting to PyBullet, GUI: False
CreatureEnv Inicijalizacija: 12 motora. OBS_dim=40, frame_skip=1
[Fitness run Gen18Creature25] reward=107.54±318.05  dist=0.00±0.00  upright=0.57±0.25  → FITNESS=0.1992
URDF saved to temp_urdf\being_9472.urdf
Connecting to PyBullet, GUI: False
CreatureEnv Inicijalizacija: 12 motora. OBS_dim=40, frame_skip=1
[Fitness run Gen18Creature26] reward=1.62±0.00  dist=0.04±0.12  upright=0.01±0.04  → FITNESS=0.0232
URDF saved to temp_urdf\being_9472.urdf
Connecting to PyBullet, GUI: False
CreatureEnv Inicijalizacija: 12 motora. OBS_dim=40, frame_skip=1
[Fitness run Gen18Creature27] reward=1.73±0.00  dist=0.00±0.00  upright=0.00±0.00  → FITNESS=0.0184
URDF saved to temp_urdf\being_9472.urdf
Connecting to PyBullet, GUI: False
CreatureEnv Inicijalizacija: 12 motora. OBS_dim=40, frame_skip=1
[Fitness run Gen18Creature28] reward=1.74±0.01  dist=0.05±0.02  upright=0.00±0.00  → FITNESS=0.0195
URDF saved to temp_urdf\being_9472.urdf
Connecting to PyBullet, GUI: False
CreatureEnv Inicijalizacija: 12 motora. OBS_dim=40, frame_skip=1
[Fitness run Gen18Creature29] reward=1.56±0.03  dist=0.29±0.18  upright=0.02±0.06  → FITNESS=0.0315
Genome saved to results\distanceBased500Steps5DifferentSeeds\run_4\run_4_best_creature.json
[plot] Summary saved → results\distanceBased500Steps5DifferentSeeds\run_4\run_4_summary.png
URDF saved to temp_urdf\being_9472.urdf
Connecting to PyBullet, GUI: False
CreatureEnv Inicijalizacija: 12 motora. OBS_dim=40, frame_skip=1
[Fitness run Gen19Creature2] reward=1.61±0.01  dist=0.01±0.03  upright=0.00±0.00  → FITNESS=0.0186
URDF saved to temp_urdf\being_9472.urdf
Connecting to PyBullet, GUI: False
CreatureEnv Inicijalizacija: 12 motora. OBS_dim=40, frame_skip=1
[Fitness run Gen19Creature3] reward=1.37±0.43  dist=0.00±0.00  upright=0.13±0.06  → FITNESS=0.0580
URDF saved to temp_urdf\being_9472.urdf
Connecting to PyBullet, GUI: False
CreatureEnv Inicijalizacija: 12 motora. OBS_dim=40, frame_skip=1
[Fitness run Gen19Creature4] reward=1.75±0.00  dist=0.24±0.09  upright=0.00±0.00  → FITNESS=0.0243
URDF saved to temp_urdf\being_9472.urdf
Connecting to PyBullet, GUI: False
CreatureEnv Inicijalizacija: 12 motora. OBS_dim=40, frame_skip=1
[Fitness run Gen19Creature6] reward=1.54±0.08  dist=0.40±0.13  upright=0.12±0.03  → FITNESS=0.0640
URDF saved to temp_urdf\being_9472.urdf
Connecting to PyBullet, GUI: False
CreatureEnv Inicijalizacija: 12 motora. OBS_dim=40, frame_skip=1
[Fitness run Gen19Creature8] reward=1.63±0.04  dist=0.02±0.06  upright=0.10±0.04  → FITNESS=0.0488
URDF saved to temp_urdf\being_9472.urdf
Connecting to PyBullet, GUI: False
CreatureEnv Inicijalizacija: 12 motora. OBS_dim=40, frame_skip=1
[Fitness run Gen19Creature9] reward=1.52±0.05  dist=0.19±0.15  upright=0.03±0.10  → FITNESS=0.0328
URDF saved to temp_urdf\being_9472.urdf
Connecting to PyBullet, GUI: False
CreatureEnv Inicijalizacija: 12 motora. OBS_dim=40, frame_skip=1
[Fitness run Gen19Creature12] reward=1.28±0.00  dist=0.03±0.09  upright=0.00±0.00  → FITNESS=0.0190
URDF saved to temp_urdf\being_9472.urdf
Connecting to PyBullet, GUI: False
CreatureEnv Inicijalizacija: 12 motora. OBS_dim=40, frame_skip=1
[Fitness run Gen19Creature13] reward=-0.21±0.68  dist=0.76±0.36  upright=0.02±0.07  → FITNESS=0.0438
URDF saved to temp_urdf\being_9472.urdf
Connecting to PyBullet, GUI: False
CreatureEnv Inicijalizacija: 12 motora. OBS_dim=40, frame_skip=1
[Fitness run Gen19Creature15] reward=1.58±0.05  dist=0.04±0.13  upright=0.02±0.06  → FITNESS=0.0252
URDF saved to temp_urdf\being_9472.urdf
Connecting to PyBullet, GUI: False
CreatureEnv Inicijalizacija: 12 motora. OBS_dim=40, frame_skip=1
[Fitness run Gen19Creature16] reward=921.94±306.78  dist=0.09±0.05  upright=0.91±0.28  → FITNESS=0.3761
URDF saved to temp_urdf\being_9472.urdf
Connecting to PyBullet, GUI: False
CreatureEnv Inicijalizacija: 12 motora. OBS_dim=40, frame_skip=1
[Fitness run Gen19Creature17] reward=1.72±0.00  dist=0.15±0.07  upright=0.12±0.07  → FITNESS=0.0570
URDF saved to temp_urdf\being_9472.urdf
Connecting to PyBullet, GUI: False
CreatureEnv Inicijalizacija: 12 motora. OBS_dim=40, frame_skip=1
[Fitness run Gen19Creature18] reward=1.56±0.40  dist=0.04±0.11  upright=0.21±0.08  → FITNESS=0.0831
URDF saved to temp_urdf\being_9472.urdf
Connecting to PyBullet, GUI: False
CreatureEnv Inicijalizacija: 12 motora. OBS_dim=40, frame_skip=1
[Fitness run Gen19Creature19] reward=1.38±0.15  dist=0.07±0.07  upright=0.57±0.22  → FITNESS=0.1914
URDF saved to temp_urdf\being_9472.urdf
Connecting to PyBullet, GUI: False
CreatureEnv Inicijalizacija: 12 motora. OBS_dim=40, frame_skip=1
[Fitness run Gen19Creature20] reward=453.86±554.49  dist=0.33±0.38  upright=0.82±0.23  → FITNESS=0.3146
URDF saved to temp_urdf\being_9472.urdf
Connecting to PyBullet, GUI: False
CreatureEnv Inicijalizacija: 12 motora. OBS_dim=40, frame_skip=1
[Fitness run Gen19Creature22] reward=1.69±0.15  dist=0.05±0.04  upright=0.34±0.11  → FITNESS=0.1212
URDF saved to temp_urdf\being_9472.urdf
Connecting to PyBullet, GUI: False
CreatureEnv Inicijalizacija: 12 motora. OBS_dim=40, frame_skip=1
[Fitness run Gen19Creature24] reward=1.54±0.00  dist=0.21±0.08  upright=0.00±0.00  → FITNESS=0.0236
URDF saved to temp_urdf\being_9472.urdf
Connecting to PyBullet, GUI: False
CreatureEnv Inicijalizacija: 12 motora. OBS_dim=40, frame_skip=1
[Fitness run Gen19Creature25] reward=107.54±318.05  dist=0.00±0.00  upright=0.57±0.25  → FITNESS=0.1992
URDF saved to temp_urdf\being_9472.urdf
Connecting to PyBullet, GUI: False
CreatureEnv Inicijalizacija: 12 motora. OBS_dim=40, frame_skip=1
[Fitness run Gen19Creature26] reward=1.62±0.00  dist=0.04±0.12  upright=0.01±0.04  → FITNESS=0.0232
URDF saved to temp_urdf\being_9472.urdf
Connecting to PyBullet, GUI: False
CreatureEnv Inicijalizacija: 12 motora. OBS_dim=40, frame_skip=1
[Fitness run Gen19Creature27] reward=1.73±0.00  dist=0.00±0.00  upright=0.00±0.00  → FITNESS=0.0184
URDF saved to temp_urdf\being_9472.urdf
Connecting to PyBullet, GUI: False
CreatureEnv Inicijalizacija: 12 motora. OBS_dim=40, frame_skip=1
[Fitness run Gen19Creature28] reward=1.74±0.01  dist=0.05±0.02  upright=0.00±0.00  → FITNESS=0.0195
URDF saved to temp_urdf\being_9472.urdf
Connecting to PyBullet, GUI: False
CreatureEnv Inicijalizacija: 12 motora. OBS_dim=40, frame_skip=1
[Fitness run Gen19Creature29] reward=1.56±0.03  dist=0.29±0.18  upright=0.02±0.06  → FITNESS=0.0315

==================================================
Generacija 19/20  |  Best = 0.4516  |  Mean = 0.1714  |  Std = 0.1667
==================================================
URDF saved to temp_urdf\being_9472.urdf
Connecting to PyBullet, GUI: False
CreatureEnv Inicijalizacija: 12 motora. OBS_dim=40, frame_skip=1
[Fitness run Gen19Creature2] reward=1.61±0.01  dist=0.01±0.03  upright=0.00±0.00  → FITNESS=0.0186
URDF saved to temp_urdf\being_9472.urdf
Connecting to PyBullet, GUI: False
CreatureEnv Inicijalizacija: 12 motora. OBS_dim=40, frame_skip=1
[Fitness run Gen19Creature3] reward=1.37±0.43  dist=0.00±0.00  upright=0.13±0.06  → FITNESS=0.0580
URDF saved to temp_urdf\being_9472.urdf
Connecting to PyBullet, GUI: False
CreatureEnv Inicijalizacija: 12 motora. OBS_dim=40, frame_skip=1
[Fitness run Gen19Creature4] reward=1.75±0.00  dist=0.24±0.09  upright=0.00±0.00  → FITNESS=0.0243
URDF saved to temp_urdf\being_9472.urdf
Connecting to PyBullet, GUI: False
CreatureEnv Inicijalizacija: 12 motora. OBS_dim=40, frame_skip=1
[Fitness run Gen19Creature6] reward=1.54±0.08  dist=0.40±0.13  upright=0.12±0.03  → FITNESS=0.0640
URDF saved to temp_urdf\being_9472.urdf
Connecting to PyBullet, GUI: False
CreatureEnv Inicijalizacija: 12 motora. OBS_dim=40, frame_skip=1
[Fitness run Gen19Creature8] reward=1.63±0.04  dist=0.02±0.06  upright=0.10±0.04  → FITNESS=0.0488
URDF saved to temp_urdf\being_9472.urdf
Connecting to PyBullet, GUI: False
CreatureEnv Inicijalizacija: 12 motora. OBS_dim=40, frame_skip=1
[Fitness run Gen19Creature9] reward=1.52±0.05  dist=0.19±0.15  upright=0.03±0.10  → FITNESS=0.0328
URDF saved to temp_urdf\being_9472.urdf
Connecting to PyBullet, GUI: False
CreatureEnv Inicijalizacija: 12 motora. OBS_dim=40, frame_skip=1
[Fitness run Gen19Creature12] reward=1.28±0.00  dist=0.03±0.09  upright=0.00±0.00  → FITNESS=0.0190
URDF saved to temp_urdf\being_9472.urdf
Connecting to PyBullet, GUI: False
CreatureEnv Inicijalizacija: 12 motora. OBS_dim=40, frame_skip=1
[Fitness run Gen19Creature13] reward=-0.21±0.68  dist=0.76±0.36  upright=0.02±0.07  → FITNESS=0.0438
URDF saved to temp_urdf\being_9472.urdf
Connecting to PyBullet, GUI: False
CreatureEnv Inicijalizacija: 12 motora. OBS_dim=40, frame_skip=1
[Fitness run Gen19Creature15] reward=1.58±0.05  dist=0.04±0.13  upright=0.02±0.06  → FITNESS=0.0252
URDF saved to temp_urdf\being_9472.urdf
Connecting to PyBullet, GUI: False
CreatureEnv Inicijalizacija: 12 motora. OBS_dim=40, frame_skip=1
[Fitness run Gen19Creature16] reward=921.94±306.78  dist=0.09±0.05  upright=0.91±0.28  → FITNESS=0.3761
URDF saved to temp_urdf\being_9472.urdf
Connecting to PyBullet, GUI: False
CreatureEnv Inicijalizacija: 12 motora. OBS_dim=40, frame_skip=1
[Fitness run Gen19Creature17] reward=1.72±0.00  dist=0.15±0.07  upright=0.12±0.07  → FITNESS=0.0570
URDF saved to temp_urdf\being_9472.urdf
Connecting to PyBullet, GUI: False
CreatureEnv Inicijalizacija: 12 motora. OBS_dim=40, frame_skip=1
[Fitness run Gen19Creature18] reward=1.56±0.40  dist=0.04±0.11  upright=0.21±0.08  → FITNESS=0.0831
URDF saved to temp_urdf\being_9472.urdf
Connecting to PyBullet, GUI: False
CreatureEnv Inicijalizacija: 12 motora. OBS_dim=40, frame_skip=1
[Fitness run Gen19Creature19] reward=1.38±0.15  dist=0.07±0.07  upright=0.57±0.22  → FITNESS=0.1914
URDF saved to temp_urdf\being_9472.urdf
Connecting to PyBullet, GUI: False
CreatureEnv Inicijalizacija: 12 motora. OBS_dim=40, frame_skip=1
[Fitness run Gen19Creature20] reward=453.86±554.49  dist=0.33±0.38  upright=0.82±0.23  → FITNESS=0.3146
URDF saved to temp_urdf\being_9472.urdf
Connecting to PyBullet, GUI: False
CreatureEnv Inicijalizacija: 12 motora. OBS_dim=40, frame_skip=1
[Fitness run Gen19Creature22] reward=1.69±0.15  dist=0.05±0.04  upright=0.34±0.11  → FITNESS=0.1212
URDF saved to temp_urdf\being_9472.urdf
Connecting to PyBullet, GUI: False
CreatureEnv Inicijalizacija: 12 motora. OBS_dim=40, frame_skip=1
[Fitness run Gen19Creature24] reward=1.54±0.00  dist=0.21±0.08  upright=0.00±0.00  → FITNESS=0.0236
URDF saved to temp_urdf\being_9472.urdf
Connecting to PyBullet, GUI: False
CreatureEnv Inicijalizacija: 12 motora. OBS_dim=40, frame_skip=1
[Fitness run Gen19Creature25] reward=107.54±318.05  dist=0.00±0.00  upright=0.57±0.25  → FITNESS=0.1992
URDF saved to temp_urdf\being_9472.urdf
Connecting to PyBullet, GUI: False
CreatureEnv Inicijalizacija: 12 motora. OBS_dim=40, frame_skip=1
[Fitness run Gen19Creature26] reward=1.62±0.00  dist=0.04±0.12  upright=0.01±0.04  → FITNESS=0.0232
URDF saved to temp_urdf\being_9472.urdf
Connecting to PyBullet, GUI: False
CreatureEnv Inicijalizacija: 12 motora. OBS_dim=40, frame_skip=1
[Fitness run Gen19Creature27] reward=1.73±0.00  dist=0.00±0.00  upright=0.00±0.00  → FITNESS=0.0184
URDF saved to temp_urdf\being_9472.urdf
Connecting to PyBullet, GUI: False
CreatureEnv Inicijalizacija: 12 motora. OBS_dim=40, frame_skip=1
[Fitness run Gen19Creature28] reward=1.74±0.01  dist=0.05±0.02  upright=0.00±0.00  → FITNESS=0.0195
URDF saved to temp_urdf\being_9472.urdf
Connecting to PyBullet, GUI: False
CreatureEnv Inicijalizacija: 12 motora. OBS_dim=40, frame_skip=1
[Fitness run Gen19Creature29] reward=1.56±0.03  dist=0.29±0.18  upright=0.02±0.06  → FITNESS=0.0315
Genome saved to results\distanceBased500Steps5DifferentSeeds\run_4\run_4_best_creature.json
[plot] Summary saved → results\distanceBased500Steps5DifferentSeeds\run_4\run_4_summary.png
URDF saved to temp_urdf\being_9472.urdf
Connecting to PyBullet, GUI: False
CreatureEnv Inicijalizacija: 12 motora. OBS_dim=40, frame_skip=1
[Fitness run Gen20Creature2] reward=1.61±0.01  dist=0.01±0.03  upright=0.00±0.00  → FITNESS=0.0186
URDF saved to temp_urdf\being_9472.urdf
Connecting to PyBullet, GUI: False
CreatureEnv Inicijalizacija: 12 motora. OBS_dim=40, frame_skip=1
[Fitness run Gen20Creature3] reward=1.37±0.43  dist=0.00±0.00  upright=0.13±0.06  → FITNESS=0.0580
URDF saved to temp_urdf\being_9472.urdf
Connecting to PyBullet, GUI: False
CreatureEnv Inicijalizacija: 12 motora. OBS_dim=40, frame_skip=1
[Fitness run Gen20Creature4] reward=1.75±0.00  dist=0.24±0.09  upright=0.00±0.00  → FITNESS=0.0243
URDF saved to temp_urdf\being_9472.urdf
Connecting to PyBullet, GUI: False
CreatureEnv Inicijalizacija: 12 motora. OBS_dim=40, frame_skip=1
[Fitness run Gen20Creature6] reward=1.54±0.08  dist=0.40±0.13  upright=0.12±0.03  → FITNESS=0.0640
URDF saved to temp_urdf\being_9472.urdf
Connecting to PyBullet, GUI: False
CreatureEnv Inicijalizacija: 12 motora. OBS_dim=40, frame_skip=1
[Fitness run Gen20Creature8] reward=1.63±0.04  dist=0.02±0.06  upright=0.10±0.04  → FITNESS=0.0488
URDF saved to temp_urdf\being_9472.urdf
Connecting to PyBullet, GUI: False
CreatureEnv Inicijalizacija: 12 motora. OBS_dim=40, frame_skip=1
[Fitness run Gen20Creature9] reward=1.52±0.05  dist=0.19±0.15  upright=0.03±0.10  → FITNESS=0.0328
URDF saved to temp_urdf\being_9472.urdf
Connecting to PyBullet, GUI: False
CreatureEnv Inicijalizacija: 12 motora. OBS_dim=40, frame_skip=1
[Fitness run Gen20Creature12] reward=1.28±0.00  dist=0.03±0.09  upright=0.00±0.00  → FITNESS=0.0190
URDF saved to temp_urdf\being_9472.urdf
Connecting to PyBullet, GUI: False
CreatureEnv Inicijalizacija: 12 motora. OBS_dim=40, frame_skip=1
[Fitness run Gen20Creature13] reward=-0.21±0.68  dist=0.76±0.36  upright=0.02±0.07  → FITNESS=0.0438
URDF saved to temp_urdf\being_9472.urdf
Connecting to PyBullet, GUI: False
CreatureEnv Inicijalizacija: 12 motora. OBS_dim=40, frame_skip=1
[Fitness run Gen20Creature15] reward=1.58±0.05  dist=0.04±0.13  upright=0.02±0.06  → FITNESS=0.0252
URDF saved to temp_urdf\being_9472.urdf
Connecting to PyBullet, GUI: False
CreatureEnv Inicijalizacija: 12 motora. OBS_dim=40, frame_skip=1
[Fitness run Gen20Creature16] reward=921.94±306.78  dist=0.09±0.05  upright=0.91±0.28  → FITNESS=0.3761
URDF saved to temp_urdf\being_9472.urdf
Connecting to PyBullet, GUI: False
CreatureEnv Inicijalizacija: 12 motora. OBS_dim=40, frame_skip=1
[Fitness run Gen20Creature17] reward=1.72±0.00  dist=0.15±0.07  upright=0.12±0.07  → FITNESS=0.0570
URDF saved to temp_urdf\being_9472.urdf
Connecting to PyBullet, GUI: False
CreatureEnv Inicijalizacija: 12 motora. OBS_dim=40, frame_skip=1
[Fitness run Gen20Creature18] reward=1.56±0.40  dist=0.04±0.11  upright=0.21±0.08  → FITNESS=0.0831
URDF saved to temp_urdf\being_9472.urdf
Connecting to PyBullet, GUI: False
CreatureEnv Inicijalizacija: 12 motora. OBS_dim=40, frame_skip=1
[Fitness run Gen20Creature19] reward=1.38±0.15  dist=0.07±0.07  upright=0.57±0.22  → FITNESS=0.1914
URDF saved to temp_urdf\being_9472.urdf
Connecting to PyBullet, GUI: False
CreatureEnv Inicijalizacija: 12 motora. OBS_dim=40, frame_skip=1
[Fitness run Gen20Creature20] reward=453.86±554.49  dist=0.33±0.38  upright=0.82±0.23  → FITNESS=0.3146
URDF saved to temp_urdf\being_9472.urdf
Connecting to PyBullet, GUI: False
CreatureEnv Inicijalizacija: 12 motora. OBS_dim=40, frame_skip=1
[Fitness run Gen20Creature22] reward=1.69±0.15  dist=0.05±0.04  upright=0.34±0.11  → FITNESS=0.1212
URDF saved to temp_urdf\being_9472.urdf
Connecting to PyBullet, GUI: False
CreatureEnv Inicijalizacija: 12 motora. OBS_dim=40, frame_skip=1
[Fitness run Gen20Creature24] reward=1.54±0.00  dist=0.21±0.08  upright=0.00±0.00  → FITNESS=0.0236
URDF saved to temp_urdf\being_9472.urdf
Connecting to PyBullet, GUI: False
CreatureEnv Inicijalizacija: 12 motora. OBS_dim=40, frame_skip=1
[Fitness run Gen20Creature25] reward=107.54±318.05  dist=0.00±0.00  upright=0.57±0.25  → FITNESS=0.1992
URDF saved to temp_urdf\being_9472.urdf
Connecting to PyBullet, GUI: False
CreatureEnv Inicijalizacija: 12 motora. OBS_dim=40, frame_skip=1
[Fitness run Gen20Creature26] reward=1.62±0.00  dist=0.04±0.12  upright=0.01±0.04  → FITNESS=0.0232
URDF saved to temp_urdf\being_9472.urdf
Connecting to PyBullet, GUI: False
CreatureEnv Inicijalizacija: 12 motora. OBS_dim=40, frame_skip=1
[Fitness run Gen20Creature27] reward=1.73±0.00  dist=0.00±0.00  upright=0.00±0.00  → FITNESS=0.0184
URDF saved to temp_urdf\being_9472.urdf
Connecting to PyBullet, GUI: False
CreatureEnv Inicijalizacija: 12 motora. OBS_dim=40, frame_skip=1
[Fitness run Gen20Creature28] reward=1.74±0.01  dist=0.05±0.02  upright=0.00±0.00  → FITNESS=0.0195
URDF saved to temp_urdf\being_9472.urdf
Connecting to PyBullet, GUI: False
CreatureEnv Inicijalizacija: 12 motora. OBS_dim=40, frame_skip=1
[Fitness run Gen20Creature29] reward=1.56±0.03  dist=0.29±0.18  upright=0.02±0.06  → FITNESS=0.0315

==================================================
Generacija 20/20  |  Best = 0.4516  |  Mean = 0.1714  |  Std = 0.1667
==================================================
URDF saved to temp_urdf\being_9472.urdf
Connecting to PyBullet, GUI: False
CreatureEnv Inicijalizacija: 12 motora. OBS_dim=40, frame_skip=1
[Fitness run Gen20Creature2] reward=1.61±0.01  dist=0.01±0.03  upright=0.00±0.00  → FITNESS=0.0186
URDF saved to temp_urdf\being_9472.urdf
Connecting to PyBullet, GUI: False
CreatureEnv Inicijalizacija: 12 motora. OBS_dim=40, frame_skip=1
[Fitness run Gen20Creature3] reward=1.37±0.43  dist=0.00±0.00  upright=0.13±0.06  → FITNESS=0.0580
URDF saved to temp_urdf\being_9472.urdf
Connecting to PyBullet, GUI: False
CreatureEnv Inicijalizacija: 12 motora. OBS_dim=40, frame_skip=1
[Fitness run Gen20Creature4] reward=1.75±0.00  dist=0.24±0.09  upright=0.00±0.00  → FITNESS=0.0243
URDF saved to temp_urdf\being_9472.urdf
Connecting to PyBullet, GUI: False
CreatureEnv Inicijalizacija: 12 motora. OBS_dim=40, frame_skip=1
[Fitness run Gen20Creature6] reward=1.54±0.08  dist=0.40±0.13  upright=0.12±0.03  → FITNESS=0.0640
URDF saved to temp_urdf\being_9472.urdf
Connecting to PyBullet, GUI: False
CreatureEnv Inicijalizacija: 12 motora. OBS_dim=40, frame_skip=1
[Fitness run Gen20Creature8] reward=1.63±0.04  dist=0.02±0.06  upright=0.10±0.04  → FITNESS=0.0488
URDF saved to temp_urdf\being_9472.urdf
Connecting to PyBullet, GUI: False
CreatureEnv Inicijalizacija: 12 motora. OBS_dim=40, frame_skip=1
[Fitness run Gen20Creature9] reward=1.52±0.05  dist=0.19±0.15  upright=0.03±0.10  → FITNESS=0.0328
URDF saved to temp_urdf\being_9472.urdf
Connecting to PyBullet, GUI: False
CreatureEnv Inicijalizacija: 12 motora. OBS_dim=40, frame_skip=1
[Fitness run Gen20Creature12] reward=1.28±0.00  dist=0.03±0.09  upright=0.00±0.00  → FITNESS=0.0190
URDF saved to temp_urdf\being_9472.urdf
Connecting to PyBullet, GUI: False
CreatureEnv Inicijalizacija: 12 motora. OBS_dim=40, frame_skip=1
[Fitness run Gen20Creature13] reward=-0.21±0.68  dist=0.76±0.36  upright=0.02±0.07  → FITNESS=0.0438
URDF saved to temp_urdf\being_9472.urdf
Connecting to PyBullet, GUI: False
CreatureEnv Inicijalizacija: 12 motora. OBS_dim=40, frame_skip=1
[Fitness run Gen20Creature15] reward=1.58±0.05  dist=0.04±0.13  upright=0.02±0.06  → FITNESS=0.0252
URDF saved to temp_urdf\being_9472.urdf
Connecting to PyBullet, GUI: False
CreatureEnv Inicijalizacija: 12 motora. OBS_dim=40, frame_skip=1
[Fitness run Gen20Creature16] reward=921.94±306.78  dist=0.09±0.05  upright=0.91±0.28  → FITNESS=0.3761
URDF saved to temp_urdf\being_9472.urdf
Connecting to PyBullet, GUI: False
CreatureEnv Inicijalizacija: 12 motora. OBS_dim=40, frame_skip=1
[Fitness run Gen20Creature17] reward=1.72±0.00  dist=0.15±0.07  upright=0.12±0.07  → FITNESS=0.0570
URDF saved to temp_urdf\being_9472.urdf
Connecting to PyBullet, GUI: False
CreatureEnv Inicijalizacija: 12 motora. OBS_dim=40, frame_skip=1
[Fitness run Gen20Creature18] reward=1.56±0.40  dist=0.04±0.11  upright=0.21±0.08  → FITNESS=0.0831
URDF saved to temp_urdf\being_9472.urdf
Connecting to PyBullet, GUI: False
CreatureEnv Inicijalizacija: 12 motora. OBS_dim=40, frame_skip=1
[Fitness run Gen20Creature19] reward=1.38±0.15  dist=0.07±0.07  upright=0.57±0.22  → FITNESS=0.1914
URDF saved to temp_urdf\being_9472.urdf
Connecting to PyBullet, GUI: False
CreatureEnv Inicijalizacija: 12 motora. OBS_dim=40, frame_skip=1
[Fitness run Gen20Creature20] reward=453.86±554.49  dist=0.33±0.38  upright=0.82±0.23  → FITNESS=0.3146
URDF saved to temp_urdf\being_9472.urdf
Connecting to PyBullet, GUI: False
CreatureEnv Inicijalizacija: 12 motora. OBS_dim=40, frame_skip=1
[Fitness run Gen20Creature22] reward=1.69±0.15  dist=0.05±0.04  upright=0.34±0.11  → FITNESS=0.1212
URDF saved to temp_urdf\being_9472.urdf
Connecting to PyBullet, GUI: False
CreatureEnv Inicijalizacija: 12 motora. OBS_dim=40, frame_skip=1
[Fitness run Gen20Creature24] reward=1.54±0.00  dist=0.21±0.08  upright=0.00±0.00  → FITNESS=0.0236
URDF saved to temp_urdf\being_9472.urdf
Connecting to PyBullet, GUI: False
CreatureEnv Inicijalizacija: 12 motora. OBS_dim=40, frame_skip=1
[Fitness run Gen20Creature25] reward=107.54±318.05  dist=0.00±0.00  upright=0.57±0.25  → FITNESS=0.1992
URDF saved to temp_urdf\being_9472.urdf
Connecting to PyBullet, GUI: False
CreatureEnv Inicijalizacija: 12 motora. OBS_dim=40, frame_skip=1
[Fitness run Gen20Creature26] reward=1.62±0.00  dist=0.04±0.12  upright=0.01±0.04  → FITNESS=0.0232
URDF saved to temp_urdf\being_9472.urdf
Connecting to PyBullet, GUI: False
CreatureEnv Inicijalizacija: 12 motora. OBS_dim=40, frame_skip=1
[Fitness run Gen20Creature27] reward=1.73±0.00  dist=0.00±0.00  upright=0.00±0.00  → FITNESS=0.0184
URDF saved to temp_urdf\being_9472.urdf
Connecting to PyBullet, GUI: False
CreatureEnv Inicijalizacija: 12 motora. OBS_dim=40, frame_skip=1
[Fitness run Gen20Creature28] reward=1.74±0.01  dist=0.05±0.02  upright=0.00±0.00  → FITNESS=0.0195
URDF saved to temp_urdf\being_9472.urdf
Connecting to PyBullet, GUI: False
CreatureEnv Inicijalizacija: 12 motora. OBS_dim=40, frame_skip=1
[Fitness run Gen20Creature29] reward=1.56±0.03  dist=0.29±0.18  upright=0.02±0.06  → FITNESS=0.0315
Genome saved to results\distanceBased500Steps5DifferentSeeds\run_4\run_4_best_creature.json
[plot] Summary saved → results\distanceBased500Steps5DifferentSeeds\run_4\run_4_summary.png
[log] Experiment finalised → ./results\distanceBased500Steps5DifferentSeeds\run_4\run_4.json
URDF saved to temp_urdf\being_9472.urdf
Connecting to PyBullet, GUI: False
CreatureEnv Inicijalizacija: 12 motora. OBS_dim=40, frame_skip=1
[Fitness run Gen20Creature2] reward=1.61±0.01  dist=0.01±0.03  upright=0.00±0.00  → FITNESS=0.0186
URDF saved to temp_urdf\being_9472.urdf
Connecting to PyBullet, GUI: False
CreatureEnv Inicijalizacija: 12 motora. OBS_dim=40, frame_skip=1
[Fitness run Gen20Creature3] reward=1.37±0.43  dist=0.00±0.00  upright=0.13±0.06  → FITNESS=0.0580
URDF saved to temp_urdf\being_9472.urdf
Connecting to PyBullet, GUI: False
CreatureEnv Inicijalizacija: 12 motora. OBS_dim=40, frame_skip=1
[Fitness run Gen20Creature4] reward=1.75±0.00  dist=0.24±0.09  upright=0.00±0.00  → FITNESS=0.0243
URDF saved to temp_urdf\being_9472.urdf
Connecting to PyBullet, GUI: False
CreatureEnv Inicijalizacija: 12 motora. OBS_dim=40, frame_skip=1
[Fitness run Gen20Creature6] reward=1.54±0.08  dist=0.40±0.13  upright=0.12±0.03  → FITNESS=0.0640
URDF saved to temp_urdf\being_9472.urdf
Connecting to PyBullet, GUI: False
CreatureEnv Inicijalizacija: 12 motora. OBS_dim=40, frame_skip=1
[Fitness run Gen20Creature8] reward=1.63±0.04  dist=0.02±0.06  upright=0.10±0.04  → FITNESS=0.0488
URDF saved to temp_urdf\being_9472.urdf
Connecting to PyBullet, GUI: False
CreatureEnv Inicijalizacija: 12 motora. OBS_dim=40, frame_skip=1
[Fitness run Gen20Creature9] reward=1.52±0.05  dist=0.19±0.15  upright=0.03±0.10  → FITNESS=0.0328
URDF saved to temp_urdf\being_9472.urdf
Connecting to PyBullet, GUI: False
CreatureEnv Inicijalizacija: 12 motora. OBS_dim=40, frame_skip=1
[Fitness run Gen20Creature12] reward=1.28±0.00  dist=0.03±0.09  upright=0.00±0.00  → FITNESS=0.0190
URDF saved to temp_urdf\being_9472.urdf
Connecting to PyBullet, GUI: False
CreatureEnv Inicijalizacija: 12 motora. OBS_dim=40, frame_skip=1
[Fitness run Gen20Creature13] reward=-0.21±0.68  dist=0.76±0.36  upright=0.02±0.07  → FITNESS=0.0438
URDF saved to temp_urdf\being_9472.urdf
Connecting to PyBullet, GUI: False
CreatureEnv Inicijalizacija: 12 motora. OBS_dim=40, frame_skip=1
[Fitness run Gen20Creature15] reward=1.58±0.05  dist=0.04±0.13  upright=0.02±0.06  → FITNESS=0.0252
URDF saved to temp_urdf\being_9472.urdf
Connecting to PyBullet, GUI: False
CreatureEnv Inicijalizacija: 12 motora. OBS_dim=40, frame_skip=1
[Fitness run Gen20Creature16] reward=921.94±306.78  dist=0.09±0.05  upright=0.91±0.28  → FITNESS=0.3761
URDF saved to temp_urdf\being_9472.urdf
Connecting to PyBullet, GUI: False
CreatureEnv Inicijalizacija: 12 motora. OBS_dim=40, frame_skip=1
[Fitness run Gen20Creature17] reward=1.72±0.00  dist=0.15±0.07  upright=0.12±0.07  → FITNESS=0.0570
URDF saved to temp_urdf\being_9472.urdf
Connecting to PyBullet, GUI: False
CreatureEnv Inicijalizacija: 12 motora. OBS_dim=40, frame_skip=1
[Fitness run Gen20Creature18] reward=1.56±0.40  dist=0.04±0.11  upright=0.21±0.08  → FITNESS=0.0831
URDF saved to temp_urdf\being_9472.urdf
Connecting to PyBullet, GUI: False
CreatureEnv Inicijalizacija: 12 motora. OBS_dim=40, frame_skip=1
[Fitness run Gen20Creature19] reward=1.38±0.15  dist=0.07±0.07  upright=0.57±0.22  → FITNESS=0.1914
URDF saved to temp_urdf\being_9472.urdf
Connecting to PyBullet, GUI: False
CreatureEnv Inicijalizacija: 12 motora. OBS_dim=40, frame_skip=1
[Fitness run Gen20Creature20] reward=453.86±554.49  dist=0.33±0.38  upright=0.82±0.23  → FITNESS=0.3146
URDF saved to temp_urdf\being_9472.urdf
Connecting to PyBullet, GUI: False
CreatureEnv Inicijalizacija: 12 motora. OBS_dim=40, frame_skip=1
[Fitness run Gen20Creature22] reward=1.69±0.15  dist=0.05±0.04  upright=0.34±0.11  → FITNESS=0.1212
URDF saved to temp_urdf\being_9472.urdf
Connecting to PyBullet, GUI: False
CreatureEnv Inicijalizacija: 12 motora. OBS_dim=40, frame_skip=1
[Fitness run Gen20Creature24] reward=1.54±0.00  dist=0.21±0.08  upright=0.00±0.00  → FITNESS=0.0236
URDF saved to temp_urdf\being_9472.urdf
Connecting to PyBullet, GUI: False
CreatureEnv Inicijalizacija: 12 motora. OBS_dim=40, frame_skip=1
[Fitness run Gen20Creature25] reward=107.54±318.05  dist=0.00±0.00  upright=0.57±0.25  → FITNESS=0.1992
URDF saved to temp_urdf\being_9472.urdf
Connecting to PyBullet, GUI: False
CreatureEnv Inicijalizacija: 12 motora. OBS_dim=40, frame_skip=1
[Fitness run Gen20Creature26] reward=1.62±0.00  dist=0.04±0.12  upright=0.01±0.04  → FITNESS=0.0232
URDF saved to temp_urdf\being_9472.urdf
Connecting to PyBullet, GUI: False
CreatureEnv Inicijalizacija: 12 motora. OBS_dim=40, frame_skip=1
[Fitness run Gen20Creature27] reward=1.73±0.00  dist=0.00±0.00  upright=0.00±0.00  → FITNESS=0.0184
URDF saved to temp_urdf\being_9472.urdf
Connecting to PyBullet, GUI: False
CreatureEnv Inicijalizacija: 12 motora. OBS_dim=40, frame_skip=1
[Fitness run Gen20Creature28] reward=1.74±0.01  dist=0.05±0.02  upright=0.00±0.00  → FITNESS=0.0195
URDF saved to temp_urdf\being_9472.urdf
Connecting to PyBullet, GUI: False
CreatureEnv Inicijalizacija: 12 motora. OBS_dim=40, frame_skip=1
[Fitness run Gen20Creature29] reward=1.56±0.03  dist=0.29±0.18  upright=0.02±0.06  → FITNESS=0.0315

BEST FITNESS: 0.4516
Genome saved to results\distanceBased500Steps5DifferentSeeds\run_4\run_4_best_creature.json
[plot] Progress saved → results\distanceBased500Steps5DifferentSeeds\run_4\run_4_progress.png
[0m