pybullet build time: Dec  5 2025 14:05:30
[power] Windows sleep/throttle prevention active
[distanceBased500Steps5DifferentSeeds/run_5] starting  seed=4
NUM_GENES: 48  (BODY=4 + 4 noge x 11 = 48)
Pop: 30  |  Gen: 20  |  Train koraci: 500

[log] Experiment log created → ./results\distanceBased500Steps5DifferentSeeds\run_5\run_5.json
URDF saved to temp_urdf\being_13012.urdf
Connecting to PyBullet, GUI: False
CreatureEnv Inicijalizacija: 12 motora. OBS_dim=40, frame_skip=1
[Fitness run Gen0Creature0] reward=0.90±0.31  dist=0.12±0.01  upright=0.45±0.08  → FITNESS=0.1577
URDF saved to temp_urdf\being_13012.urdf
Connecting to PyBullet, GUI: False
CreatureEnv Inicijalizacija: 12 motora. OBS_dim=40, frame_skip=1
[Fitness run Gen0Creature1] reward=1.61±0.01  dist=0.00±0.00  upright=0.00±0.00  → FITNESS=0.0183
URDF saved to temp_urdf\being_13012.urdf
Connecting to PyBullet, GUI: False
CreatureEnv Inicijalizacija: 12 motora. OBS_dim=40, frame_skip=1
[Fitness run Gen0Creature2] reward=0.66±0.33  dist=0.48±0.07  upright=0.00±0.00  → FITNESS=0.0303
URDF saved to temp_urdf\being_13012.urdf
Connecting to PyBullet, GUI: False
CreatureEnv Inicijalizacija: 12 motora. OBS_dim=40, frame_skip=1
[Fitness run Gen0Creature3] reward=1.61±0.01  dist=0.20±0.07  upright=0.00±0.00  → FITNESS=0.0234
URDF saved to temp_urdf\being_13012.urdf
Connecting to PyBullet, GUI: False
CreatureEnv Inicijalizacija: 12 motora. OBS_dim=40, frame_skip=1
[Fitness run Gen0Creature4] reward=1.74±0.01  dist=0.02±0.01  upright=0.00±0.01  → FITNESS=0.0198
URDF saved to temp_urdf\being_13012.urdf
Connecting to PyBullet, GUI: False
CreatureEnv Inicijalizacija: 12 motora. OBS_dim=40, frame_skip=1
[Fitness run Gen0Creature5] reward=1.53±0.07  dist=0.39±0.25  upright=0.00±0.00  → FITNESS=0.0280
URDF saved to temp_urdf\being_13012.urdf
Connecting to PyBullet, GUI: False
CreatureEnv Inicijalizacija: 12 motora. OBS_dim=40, frame_skip=1
[Fitness run Gen0Creature6] reward=1.60±0.19  dist=0.00±0.01  upright=0.00±0.00  → FITNESS=0.0184
URDF saved to temp_urdf\being_13012.urdf
Connecting to PyBullet, GUI: False
CreatureEnv Inicijalizacija: 12 motora. OBS_dim=40, frame_skip=1
[Fitness run Gen0Creature7] reward=1.24±0.29  dist=0.11±0.21  upright=0.39±0.14  → FITNESS=0.1390
URDF saved to temp_urdf\being_13012.urdf
Connecting to PyBullet, GUI: False
CreatureEnv Inicijalizacija: 12 motora. OBS_dim=40, frame_skip=1
[Fitness run Gen0Creature8] reward=1.75±0.00  dist=0.64±0.13  upright=0.00±0.00  → FITNESS=0.0344
URDF saved to temp_urdf\being_13012.urdf
Connecting to PyBullet, GUI: False
CreatureEnv Inicijalizacija: 12 motora. OBS_dim=40, frame_skip=1
[Fitness run Gen0Creature9] reward=1.65±0.15  dist=0.00±0.00  upright=0.00±0.00  → FITNESS=0.0183
URDF saved to temp_urdf\being_13012.urdf
Connecting to PyBullet, GUI: False
CreatureEnv Inicijalizacija: 12 motora. OBS_dim=40, frame_skip=1
[Fitness run Gen0Creature10] reward=1.44±0.10  dist=0.00±0.00  upright=0.00±0.00  → FITNESS=0.0183
URDF saved to temp_urdf\being_13012.urdf
Connecting to PyBullet, GUI: False
CreatureEnv Inicijalizacija: 12 motora. OBS_dim=40, frame_skip=1
[Fitness run Gen0Creature11] reward=1.51±0.10  dist=0.02±0.07  upright=0.51±0.19  → FITNESS=0.1709
URDF saved to temp_urdf\being_13012.urdf
Connecting to PyBullet, GUI: False
CreatureEnv Inicijalizacija: 12 motora. OBS_dim=40, frame_skip=1
[Fitness run Gen0Creature12] reward=1.53±0.14  dist=0.21±0.22  upright=0.02±0.06  → FITNESS=0.0293
URDF saved to temp_urdf\being_13012.urdf
Connecting to PyBullet, GUI: False
CreatureEnv Inicijalizacija: 12 motora. OBS_dim=40, frame_skip=1
[Fitness run Gen0Creature13] reward=1.76±0.00  dist=0.00±0.00  upright=0.01±0.02  → FITNESS=0.0203
URDF saved to temp_urdf\being_13012.urdf
Connecting to PyBullet, GUI: False
CreatureEnv Inicijalizacija: 12 motora. OBS_dim=40, frame_skip=1
[Fitness run Gen0Creature14] reward=1.46±0.06  dist=0.05±0.14  upright=0.00±0.00  → FITNESS=0.0195
URDF saved to temp_urdf\being_13012.urdf
Connecting to PyBullet, GUI: False
CreatureEnv Inicijalizacija: 12 motora. OBS_dim=40, frame_skip=1
[Fitness run Gen0Creature15] reward=1.49±0.71  dist=0.00±0.01  upright=0.01±0.04  → FITNESS=0.0222
URDF saved to temp_urdf\being_13012.urdf
Connecting to PyBullet, GUI: False
CreatureEnv Inicijalizacija: 12 motora. OBS_dim=40, frame_skip=1
[Fitness run Gen0Creature16] reward=1.77±0.03  dist=0.04±0.12  upright=0.00±0.00  → FITNESS=0.0193
URDF saved to temp_urdf\being_13012.urdf
Connecting to PyBullet, GUI: False
CreatureEnv Inicijalizacija: 12 motora. OBS_dim=40, frame_skip=1
[Fitness run Gen0Creature17] reward=3.01±6.20  dist=0.01±0.03  upright=0.59±0.20  → FITNESS=0.1951
URDF saved to temp_urdf\being_13012.urdf
Connecting to PyBullet, GUI: False
CreatureEnv Inicijalizacija: 12 motora. OBS_dim=40, frame_skip=1
[Fitness run Gen0Creature18] reward=1.85±0.02  dist=0.01±0.02  upright=0.00±0.00  → FITNESS=0.0185
URDF saved to temp_urdf\being_13012.urdf
Connecting to PyBullet, GUI: False
CreatureEnv Inicijalizacija: 12 motora. OBS_dim=40, frame_skip=1
[Fitness run Gen0Creature19] reward=1.78±0.10  dist=0.03±0.05  upright=0.58±0.17  → FITNESS=0.1924
URDF saved to temp_urdf\being_13012.urdf
Connecting to PyBullet, GUI: False
CreatureEnv Inicijalizacija: 12 motora. OBS_dim=40, frame_skip=1
[Fitness run Gen0Creature20] reward=1.86±0.13  dist=0.01±0.02  upright=0.00±0.00  → FITNESS=0.0185
URDF saved to temp_urdf\being_13012.urdf
Connecting to PyBullet, GUI: False
CreatureEnv Inicijalizacija: 12 motora. OBS_dim=40, frame_skip=1
[Fitness run Gen0Creature21] reward=1.75±0.05  dist=0.00±0.00  upright=0.02±0.05  → FITNESS=0.0232
URDF saved to temp_urdf\being_13012.urdf
Connecting to PyBullet, GUI: False
CreatureEnv Inicijalizacija: 12 motora. OBS_dim=40, frame_skip=1
[Fitness run Gen0Creature22] reward=1.38±0.60  dist=0.09±0.06  upright=0.00±0.00  → FITNESS=0.0207
URDF saved to temp_urdf\being_13012.urdf
Connecting to PyBullet, GUI: False
CreatureEnv Inicijalizacija: 12 motora. OBS_dim=40, frame_skip=1
[Fitness run Gen0Creature23] reward=1.66±0.00  dist=0.03±0.01  upright=0.01±0.03  → FITNESS=0.0220
URDF saved to temp_urdf\being_13012.urdf
Connecting to PyBullet, GUI: False
CreatureEnv Inicijalizacija: 12 motora. OBS_dim=40, frame_skip=1
[Fitness run Gen0Creature24] reward=1.33±0.03  dist=0.02±0.06  upright=0.78±0.01  → FITNESS=0.2520
URDF saved to temp_urdf\being_13012.urdf
Connecting to PyBullet, GUI: False
CreatureEnv Inicijalizacija: 12 motora. OBS_dim=40, frame_skip=1
[Fitness run Gen0Creature25] reward=1.71±0.10  dist=0.00±0.00  upright=0.00±0.00  → FITNESS=0.0184
URDF saved to temp_urdf\being_13012.urdf
Connecting to PyBullet, GUI: False
CreatureEnv Inicijalizacija: 12 motora. OBS_dim=40, frame_skip=1
[Fitness run Gen0Creature26] reward=1.42±0.04  dist=0.04±0.03  upright=0.00±0.00  → FITNESS=0.0193
URDF saved to temp_urdf\being_13012.urdf
Connecting to PyBullet, GUI: False
CreatureEnv Inicijalizacija: 12 motora. OBS_dim=40, frame_skip=1
[Fitness run Gen0Creature27] reward=1.76±0.21  dist=0.02±0.02  upright=0.08±0.08  → FITNESS=0.0441
URDF saved to temp_urdf\being_13012.urdf
Connecting to PyBullet, GUI: False
CreatureEnv Inicijalizacija: 12 motora. OBS_dim=40, frame_skip=1
[Fitness run Gen0Creature28] reward=1.77±0.02  dist=0.03±0.09  upright=0.00±0.00  → FITNESS=0.0191
URDF saved to temp_urdf\being_13012.urdf
Connecting to PyBullet, GUI: False
CreatureEnv Inicijalizacija: 12 motora. OBS_dim=40, frame_skip=1
[Fitness run Gen0Creature29] reward=1.67±0.01  dist=0.00±0.00  upright=0.13±0.08  → FITNESS=0.0561
URDF saved to temp_urdf\being_13012.urdf
Connecting to PyBullet, GUI: False
CreatureEnv Inicijalizacija: 12 motora. OBS_dim=40, frame_skip=1
[Fitness run Gen1Creature2] reward=1.30±0.46  dist=0.13±0.08  upright=0.10±0.02  → FITNESS=0.0506
URDF saved to temp_urdf\being_13012.urdf
Connecting to PyBullet, GUI: False
CreatureEnv Inicijalizacija: 12 motora. OBS_dim=40, frame_skip=1
[Fitness run Gen1Creature3] reward=1.61±0.03  dist=0.26±0.12  upright=0.14±0.05  → FITNESS=0.0664
URDF saved to temp_urdf\being_13012.urdf
Connecting to PyBullet, GUI: False
CreatureEnv Inicijalizacija: 12 motora. OBS_dim=40, frame_skip=1
[Fitness run Gen1Creature4] reward=1.68±0.01  dist=0.00±0.00  upright=0.04±0.10  → FITNESS=0.0290
URDF saved to temp_urdf\being_13012.urdf
Connecting to PyBullet, GUI: False
CreatureEnv Inicijalizacija: 12 motora. OBS_dim=40, frame_skip=1
[Fitness run Gen1Creature5] reward=908.81±0.89  dist=0.04±0.05  upright=1.00±0.00  → FITNESS=0.4011
URDF saved to temp_urdf\being_13012.urdf
Connecting to PyBullet, GUI: False
CreatureEnv Inicijalizacija: 12 motora. OBS_dim=40, frame_skip=1
[Fitness run Gen1Creature6] reward=1.61±0.01  dist=0.00±0.00  upright=0.00±0.00  → FITNESS=0.0183
URDF saved to temp_urdf\being_13012.urdf
Connecting to PyBullet, GUI: False
CreatureEnv Inicijalizacija: 12 motora. OBS_dim=40, frame_skip=1
[Fitness run Gen1Creature7] reward=1.46±0.12  dist=0.05±0.02  upright=0.30±0.03  → FITNESS=0.1106
URDF saved to temp_urdf\being_13012.urdf
Connecting to PyBullet, GUI: False
CreatureEnv Inicijalizacija: 12 motora. OBS_dim=40, frame_skip=1
[Fitness run Gen1Creature8] reward=106.46±315.02  dist=0.20±0.29  upright=0.20±0.29  → FITNESS=0.0919
URDF saved to temp_urdf\being_13012.urdf
Connecting to PyBullet, GUI: False
CreatureEnv Inicijalizacija: 12 motora. OBS_dim=40, frame_skip=1
[Fitness run Gen1Creature9] reward=1.72±0.03  dist=0.00±0.00  upright=0.03±0.09  → FITNESS=0.0270
URDF saved to temp_urdf\being_13012.urdf
Connecting to PyBullet, GUI: False
CreatureEnv Inicijalizacija: 12 motora. OBS_dim=40, frame_skip=1
[Fitness run Gen1Creature10] reward=1.70±0.00  dist=0.09±0.03  upright=0.00±0.00  → FITNESS=0.0205
URDF saved to temp_urdf\being_13012.urdf
Connecting to PyBullet, GUI: False
CreatureEnv Inicijalizacija: 12 motora. OBS_dim=40, frame_skip=1
[Fitness run Gen1Creature11] reward=1.53±0.01  dist=0.11±0.04  upright=0.01±0.04  → FITNESS=0.0248
URDF saved to temp_urdf\being_13012.urdf
Connecting to PyBullet, GUI: False
CreatureEnv Inicijalizacija: 12 motora. OBS_dim=40, frame_skip=1
[Fitness run Gen1Creature12] reward=1.36±0.00  dist=0.00±0.00  upright=0.74±0.03  → FITNESS=0.2390
URDF saved to temp_urdf\being_13012.urdf
Connecting to PyBullet, GUI: False
CreatureEnv Inicijalizacija: 12 motora. OBS_dim=40, frame_skip=1
[Fitness run Gen1Creature13] reward=1.26±0.01  dist=0.02±0.01  upright=0.00±0.00  → FITNESS=0.0187
URDF saved to temp_urdf\being_13012.urdf
Connecting to PyBullet, GUI: False
CreatureEnv Inicijalizacija: 12 motora. OBS_dim=40, frame_skip=1
[Fitness run Gen1Creature14] reward=1.74±0.15  dist=0.10±0.31  upright=0.00±0.01  → FITNESS=0.0219
URDF saved to temp_urdf\being_13012.urdf
Connecting to PyBullet, GUI: False
CreatureEnv Inicijalizacija: 12 motora. OBS_dim=40, frame_skip=1
[Fitness run Gen1Creature15] reward=1.47±0.00  dist=0.26±0.02  upright=0.00±0.00  → FITNESS=0.0248
URDF saved to temp_urdf\being_13012.urdf
Connecting to PyBullet, GUI: False
CreatureEnv Inicijalizacija: 12 motora. OBS_dim=40, frame_skip=1
[Fitness run Gen1Creature16] reward=1.76±0.15  dist=0.00±0.01  upright=0.01±0.04  → FITNESS=0.0223
URDF saved to temp_urdf\being_13012.urdf
Connecting to PyBullet, GUI: False
CreatureEnv Inicijalizacija: 12 motora. OBS_dim=40, frame_skip=1
[Fitness run Gen1Creature17] reward=919.55±305.98  dist=0.03±0.09  upright=0.91±0.28  → FITNESS=0.3746
URDF saved to temp_urdf\being_13012.urdf
Connecting to PyBullet, GUI: False
CreatureEnv Inicijalizacija: 12 motora. OBS_dim=40, frame_skip=1
[Fitness run Gen1Creature18] reward=1.55±0.01  dist=0.05±0.02  upright=0.00±0.00  → FITNESS=0.0197
URDF saved to temp_urdf\being_13012.urdf
Connecting to PyBullet, GUI: False
CreatureEnv Inicijalizacija: 12 motora. OBS_dim=40, frame_skip=1
[Fitness run Gen1Creature19] reward=1.84±0.02  dist=0.00±0.00  upright=0.01±0.02  → FITNESS=0.0203
URDF saved to temp_urdf\being_13012.urdf
Connecting to PyBullet, GUI: False
CreatureEnv Inicijalizacija: 12 motora. OBS_dim=40, frame_skip=1
[Fitness run Gen1Creature20] reward=6.84±3.42  dist=0.02±0.06  upright=0.91±0.28  → FITNESS=0.2913
URDF saved to temp_urdf\being_13012.urdf
Connecting to PyBullet, GUI: False
CreatureEnv Inicijalizacija: 12 motora. OBS_dim=40, frame_skip=1
[Fitness run Gen1Creature21] reward=1.67±0.42  dist=0.00±0.00  upright=0.00±0.00  → FITNESS=0.0183
URDF saved to temp_urdf\being_13012.urdf
Connecting to PyBullet, GUI: False
CreatureEnv Inicijalizacija: 12 motora. OBS_dim=40, frame_skip=1
[Fitness run Gen1Creature22] reward=1.30±0.50  dist=0.58±0.37  upright=0.15±0.10  → FITNESS=0.0763
URDF saved to temp_urdf\being_13012.urdf
Connecting to PyBullet, GUI: False
CreatureEnv Inicijalizacija: 12 motora. OBS_dim=40, frame_skip=1
[Fitness run Gen1Creature23] reward=1.48±0.00  dist=0.02±0.06  upright=0.00±0.00  → FITNESS=0.0188
URDF saved to temp_urdf\being_13012.urdf
Connecting to PyBullet, GUI: False
CreatureEnv Inicijalizacija: 12 motora. OBS_dim=40, frame_skip=1
[Fitness run Gen1Creature24] reward=1.82±0.07  dist=0.02±0.07  upright=0.00±0.00  → FITNESS=0.0190
URDF saved to temp_urdf\being_13012.urdf
Connecting to PyBullet, GUI: False
CreatureEnv Inicijalizacija: 12 motora. OBS_dim=40, frame_skip=1
[Fitness run Gen1Creature25] reward=1.49±0.33  dist=0.12±0.11  upright=0.00±0.00  → FITNESS=0.0213
URDF saved to temp_urdf\being_13012.urdf
Connecting to PyBullet, GUI: False
CreatureEnv Inicijalizacija: 12 motora. OBS_dim=40, frame_skip=1
[Fitness run Gen1Creature26] reward=1.74±0.25  dist=0.14±0.05  upright=0.14±0.12  → FITNESS=0.0625
URDF saved to temp_urdf\being_13012.urdf
Connecting to PyBullet, GUI: False
CreatureEnv Inicijalizacija: 12 motora. OBS_dim=40, frame_skip=1
[Fitness run Gen1Creature27] reward=1.68±0.00  dist=0.09±0.07  upright=0.15±0.07  → FITNESS=0.0661
URDF saved to temp_urdf\being_13012.urdf
Connecting to PyBullet, GUI: False
CreatureEnv Inicijalizacija: 12 motora. OBS_dim=40, frame_skip=1
[Fitness run Gen1Creature28] reward=0.93±0.29  dist=0.00±0.00  upright=0.03±0.01  → FITNESS=0.0270
URDF saved to temp_urdf\being_13012.urdf
Connecting to PyBullet, GUI: False
CreatureEnv Inicijalizacija: 12 motora. OBS_dim=40, frame_skip=1
[Fitness run Gen1Creature29] reward=1.71±0.02  dist=0.01±0.02  upright=0.06±0.02  → FITNESS=0.0359

==================================================
Generacija 1/20  |  Best = 0.4011  |  Mean = 0.0888  |  Std = 0.1094
==================================================
URDF saved to temp_urdf\being_13012.urdf
Connecting to PyBullet, GUI: False
CreatureEnv Inicijalizacija: 12 motora. OBS_dim=40, frame_skip=1
[Fitness run Gen1Creature2] reward=1.30±0.46  dist=0.13±0.08  upright=0.10±0.02  → FITNESS=0.0506
URDF saved to temp_urdf\being_13012.urdf
Connecting to PyBullet, GUI: False
CreatureEnv Inicijalizacija: 12 motora. OBS_dim=40, frame_skip=1
[Fitness run Gen1Creature3] reward=1.61±0.03  dist=0.26±0.12  upright=0.14±0.05  → FITNESS=0.0664
URDF saved to temp_urdf\being_13012.urdf
Connecting to PyBullet, GUI: False
CreatureEnv Inicijalizacija: 12 motora. OBS_dim=40, frame_skip=1
[Fitness run Gen1Creature4] reward=1.68±0.01  dist=0.00±0.00  upright=0.04±0.10  → FITNESS=0.0290
URDF saved to temp_urdf\being_13012.urdf
Connecting to PyBullet, GUI: False
CreatureEnv Inicijalizacija: 12 motora. OBS_dim=40, frame_skip=1
[Fitness run Gen1Creature5] reward=908.81±0.89  dist=0.04±0.05  upright=1.00±0.00  → FITNESS=0.4011
URDF saved to temp_urdf\being_13012.urdf
Connecting to PyBullet, GUI: False
CreatureEnv Inicijalizacija: 12 motora. OBS_dim=40, frame_skip=1
[Fitness run Gen1Creature6] reward=1.61±0.01  dist=0.00±0.00  upright=0.00±0.00  → FITNESS=0.0183
URDF saved to temp_urdf\being_13012.urdf
Connecting to PyBullet, GUI: False
CreatureEnv Inicijalizacija: 12 motora. OBS_dim=40, frame_skip=1
[Fitness run Gen1Creature7] reward=1.46±0.12  dist=0.05±0.02  upright=0.30±0.03  → FITNESS=0.1106
URDF saved to temp_urdf\being_13012.urdf
Connecting to PyBullet, GUI: False
CreatureEnv Inicijalizacija: 12 motora. OBS_dim=40, frame_skip=1
[Fitness run Gen1Creature8] reward=106.46±315.02  dist=0.20±0.29  upright=0.20±0.29  → FITNESS=0.0919
URDF saved to temp_urdf\being_13012.urdf
Connecting to PyBullet, GUI: False
CreatureEnv Inicijalizacija: 12 motora. OBS_dim=40, frame_skip=1
[Fitness run Gen1Creature9] reward=1.72±0.03  dist=0.00±0.00  upright=0.03±0.09  → FITNESS=0.0270
URDF saved to temp_urdf\being_13012.urdf
Connecting to PyBullet, GUI: False
CreatureEnv Inicijalizacija: 12 motora. OBS_dim=40, frame_skip=1
[Fitness run Gen1Creature10] reward=1.70±0.00  dist=0.09±0.03  upright=0.00±0.00  → FITNESS=0.0205
URDF saved to temp_urdf\being_13012.urdf
Connecting to PyBullet, GUI: False
CreatureEnv Inicijalizacija: 12 motora. OBS_dim=40, frame_skip=1
[Fitness run Gen1Creature11] reward=1.53±0.01  dist=0.11±0.04  upright=0.01±0.04  → FITNESS=0.0248
URDF saved to temp_urdf\being_13012.urdf
Connecting to PyBullet, GUI: False
CreatureEnv Inicijalizacija: 12 motora. OBS_dim=40, frame_skip=1
[Fitness run Gen1Creature12] reward=1.36±0.00  dist=0.00±0.00  upright=0.74±0.03  → FITNESS=0.2390
URDF saved to temp_urdf\being_13012.urdf
Connecting to PyBullet, GUI: False
CreatureEnv Inicijalizacija: 12 motora. OBS_dim=40, frame_skip=1
[Fitness run Gen1Creature13] reward=1.26±0.01  dist=0.02±0.01  upright=0.00±0.00  → FITNESS=0.0187
URDF saved to temp_urdf\being_13012.urdf
Connecting to PyBullet, GUI: False
CreatureEnv Inicijalizacija: 12 motora. OBS_dim=40, frame_skip=1
[Fitness run Gen1Creature14] reward=1.74±0.15  dist=0.10±0.31  upright=0.00±0.01  → FITNESS=0.0219
URDF saved to temp_urdf\being_13012.urdf
Connecting to PyBullet, GUI: False
CreatureEnv Inicijalizacija: 12 motora. OBS_dim=40, frame_skip=1
[Fitness run Gen1Creature15] reward=1.47±0.00  dist=0.26±0.02  upright=0.00±0.00  → FITNESS=0.0248
URDF saved to temp_urdf\being_13012.urdf
Connecting to PyBullet, GUI: False
CreatureEnv Inicijalizacija: 12 motora. OBS_dim=40, frame_skip=1
[Fitness run Gen1Creature16] reward=1.76±0.15  dist=0.00±0.01  upright=0.01±0.04  → FITNESS=0.0223
URDF saved to temp_urdf\being_13012.urdf
Connecting to PyBullet, GUI: False
CreatureEnv Inicijalizacija: 12 motora. OBS_dim=40, frame_skip=1
[Fitness run Gen1Creature17] reward=919.55±305.98  dist=0.03±0.09  upright=0.91±0.28  → FITNESS=0.3746
URDF saved to temp_urdf\being_13012.urdf
Connecting to PyBullet, GUI: False
CreatureEnv Inicijalizacija: 12 motora. OBS_dim=40, frame_skip=1
[Fitness run Gen1Creature18] reward=1.55±0.01  dist=0.05±0.02  upright=0.00±0.00  → FITNESS=0.0197
URDF saved to temp_urdf\being_13012.urdf
Connecting to PyBullet, GUI: False
CreatureEnv Inicijalizacija: 12 motora. OBS_dim=40, frame_skip=1
[Fitness run Gen1Creature19] reward=1.84±0.02  dist=0.00±0.00  upright=0.01±0.02  → FITNESS=0.0203
URDF saved to temp_urdf\being_13012.urdf
Connecting to PyBullet, GUI: False
CreatureEnv Inicijalizacija: 12 motora. OBS_dim=40, frame_skip=1
[Fitness run Gen1Creature20] reward=6.84±3.42  dist=0.02±0.06  upright=0.91±0.28  → FITNESS=0.2913
URDF saved to temp_urdf\being_13012.urdf
Connecting to PyBullet, GUI: False
CreatureEnv Inicijalizacija: 12 motora. OBS_dim=40, frame_skip=1
[Fitness run Gen1Creature21] reward=1.67±0.42  dist=0.00±0.00  upright=0.00±0.00  → FITNESS=0.0183
URDF saved to temp_urdf\being_13012.urdf
Connecting to PyBullet, GUI: False
CreatureEnv Inicijalizacija: 12 motora. OBS_dim=40, frame_skip=1
[Fitness run Gen1Creature22] reward=1.30±0.50  dist=0.58±0.37  upright=0.15±0.10  → FITNESS=0.0763
URDF saved to temp_urdf\being_13012.urdf
Connecting to PyBullet, GUI: False
CreatureEnv Inicijalizacija: 12 motora. OBS_dim=40, frame_skip=1
[Fitness run Gen1Creature23] reward=1.48±0.00  dist=0.02±0.06  upright=0.00±0.00  → FITNESS=0.0188
URDF saved to temp_urdf\being_13012.urdf
Connecting to PyBullet, GUI: False
CreatureEnv Inicijalizacija: 12 motora. OBS_dim=40, frame_skip=1
[Fitness run Gen1Creature24] reward=1.82±0.07  dist=0.02±0.07  upright=0.00±0.00  → FITNESS=0.0190
URDF saved to temp_urdf\being_13012.urdf
Connecting to PyBullet, GUI: False
CreatureEnv Inicijalizacija: 12 motora. OBS_dim=40, frame_skip=1
[Fitness run Gen1Creature25] reward=1.49±0.33  dist=0.12±0.11  upright=0.00±0.00  → FITNESS=0.0213
URDF saved to temp_urdf\being_13012.urdf
Connecting to PyBullet, GUI: False
CreatureEnv Inicijalizacija: 12 motora. OBS_dim=40, frame_skip=1
[Fitness run Gen1Creature26] reward=1.74±0.25  dist=0.14±0.05  upright=0.14±0.12  → FITNESS=0.0625
URDF saved to temp_urdf\being_13012.urdf
Connecting to PyBullet, GUI: False
CreatureEnv Inicijalizacija: 12 motora. OBS_dim=40, frame_skip=1
[Fitness run Gen1Creature27] reward=1.68±0.00  dist=0.09±0.07  upright=0.15±0.07  → FITNESS=0.0661
URDF saved to temp_urdf\being_13012.urdf
Connecting to PyBullet, GUI: False
CreatureEnv Inicijalizacija: 12 motora. OBS_dim=40, frame_skip=1
[Fitness run Gen1Creature28] reward=0.93±0.29  dist=0.00±0.00  upright=0.03±0.01  → FITNESS=0.0270
URDF saved to temp_urdf\being_13012.urdf
Connecting to PyBullet, GUI: False
CreatureEnv Inicijalizacija: 12 motora. OBS_dim=40, frame_skip=1
[Fitness run Gen1Creature29] reward=1.71±0.02  dist=0.01±0.02  upright=0.06±0.02  → FITNESS=0.0359
Genome saved to results\distanceBased500Steps5DifferentSeeds\run_5\run_5_best_creature.json
[plot] Summary saved → results\distanceBased500Steps5DifferentSeeds\run_5\run_5_summary.png
URDF saved to temp_urdf\being_13012.urdf
Connecting to PyBullet, GUI: False
CreatureEnv Inicijalizacija: 12 motora. OBS_dim=40, frame_skip=1
[Fitness run Gen2Creature2] reward=1.23±0.49  dist=0.02±0.04  upright=0.00±0.00  → FITNESS=0.0188
URDF saved to temp_urdf\being_13012.urdf
Connecting to PyBullet, GUI: False
CreatureEnv Inicijalizacija: 12 motora. OBS_dim=40, frame_skip=1
[Fitness run Gen2Creature3] reward=1.63±0.06  dist=0.07±0.20  upright=0.04±0.13  → FITNESS=0.0326
URDF saved to temp_urdf\being_13012.urdf
Connecting to PyBullet, GUI: False
CreatureEnv Inicijalizacija: 12 motora. OBS_dim=40, frame_skip=1
[Fitness run Gen2Creature4] reward=1.30±0.30  dist=0.01±0.03  upright=0.63±0.22  → FITNESS=0.2073
URDF saved to temp_urdf\being_13012.urdf
Connecting to PyBullet, GUI: False
CreatureEnv Inicijalizacija: 12 motora. OBS_dim=40, frame_skip=1
[Fitness run Gen2Creature5] reward=0.85±0.22  dist=0.02±0.02  upright=0.18±0.04  → FITNESS=0.0719
URDF saved to temp_urdf\being_13012.urdf
Connecting to PyBullet, GUI: False
CreatureEnv Inicijalizacija: 12 motora. OBS_dim=40, frame_skip=1
[Fitness run Gen2Creature6] reward=1.74±0.09  dist=0.05±0.11  upright=0.00±0.00  → FITNESS=0.0197
URDF saved to temp_urdf\being_13012.urdf
Connecting to PyBullet, GUI: False
CreatureEnv Inicijalizacija: 12 motora. OBS_dim=40, frame_skip=1
[Fitness run Gen2Creature7] reward=881.76±293.46  dist=0.05±0.10  upright=0.90±0.30  → FITNESS=0.3697
URDF saved to temp_urdf\being_13012.urdf
Connecting to PyBullet, GUI: False
CreatureEnv Inicijalizacija: 12 motora. OBS_dim=40, frame_skip=1
[Fitness run Gen2Creature8] reward=1.68±0.00  dist=0.10±0.04  upright=0.17±0.06  → FITNESS=0.0731
URDF saved to temp_urdf\being_13012.urdf
Connecting to PyBullet, GUI: False
CreatureEnv Inicijalizacija: 12 motora. OBS_dim=40, frame_skip=1
[Fitness run Gen2Creature9] reward=1.55±0.19  dist=0.02±0.02  upright=0.00±0.00  → FITNESS=0.0187
URDF saved to temp_urdf\being_13012.urdf
Connecting to PyBullet, GUI: False
CreatureEnv Inicijalizacija: 12 motora. OBS_dim=40, frame_skip=1
[Fitness run Gen2Creature10] reward=1.64±0.00  dist=0.00±0.00  upright=0.08±0.03  → FITNESS=0.0416
URDF saved to temp_urdf\being_13012.urdf
Connecting to PyBullet, GUI: False
CreatureEnv Inicijalizacija: 12 motora. OBS_dim=40, frame_skip=1
[Fitness run Gen2Creature11] reward=1.56±0.00  dist=0.18±0.07  upright=0.00±0.00  → FITNESS=0.0228
URDF saved to temp_urdf\being_13012.urdf
Connecting to PyBullet, GUI: False
CreatureEnv Inicijalizacija: 12 motora. OBS_dim=40, frame_skip=1
[Fitness run Gen2Creature12] reward=825.51±275.18  dist=0.04±0.11  upright=0.90±0.30  → FITNESS=0.3642
URDF saved to temp_urdf\being_13012.urdf
Connecting to PyBullet, GUI: False
CreatureEnv Inicijalizacija: 12 motora. OBS_dim=40, frame_skip=1
[Fitness run Gen2Creature13] reward=1.68±0.42  dist=0.06±0.16  upright=0.00±0.01  → FITNESS=0.0209
URDF saved to temp_urdf\being_13012.urdf
Connecting to PyBullet, GUI: False
CreatureEnv Inicijalizacija: 12 motora. OBS_dim=40, frame_skip=1
[Fitness run Gen2Creature14] reward=1.72±0.07  dist=0.01±0.02  upright=0.00±0.00  → FITNESS=0.0186
URDF saved to temp_urdf\being_13012.urdf
Connecting to PyBullet, GUI: False
CreatureEnv Inicijalizacija: 12 motora. OBS_dim=40, frame_skip=1
[Fitness run Gen2Creature15] reward=1.36±0.40  dist=0.25±0.35  upright=0.05±0.02  → FITNESS=0.0410
URDF saved to temp_urdf\being_13012.urdf
Connecting to PyBullet, GUI: False
CreatureEnv Inicijalizacija: 12 motora. OBS_dim=40, frame_skip=1
[Fitness run Gen2Creature16] reward=1.66±0.04  dist=0.11±0.02  upright=0.00±0.00  → FITNESS=0.0212
URDF saved to temp_urdf\being_13012.urdf
Connecting to PyBullet, GUI: False
CreatureEnv Inicijalizacija: 12 motora. OBS_dim=40, frame_skip=1
[Fitness run Gen2Creature17] reward=0.78±0.20  dist=0.00±0.00  upright=0.01±0.01  → FITNESS=0.0202
URDF saved to temp_urdf\being_13012.urdf
Connecting to PyBullet, GUI: False
CreatureEnv Inicijalizacija: 12 motora. OBS_dim=40, frame_skip=1
[Fitness run Gen2Creature18] reward=1.65±0.00  dist=0.04±0.02  upright=0.00±0.00  → FITNESS=0.0194
URDF saved to temp_urdf\being_13012.urdf
Connecting to PyBullet, GUI: False
CreatureEnv Inicijalizacija: 12 motora. OBS_dim=40, frame_skip=1
[Fitness run Gen2Creature19] reward=1.30±0.38  dist=0.00±0.00  upright=0.00±0.00  → FITNESS=0.0183
URDF saved to temp_urdf\being_13012.urdf
Connecting to PyBullet, GUI: False
CreatureEnv Inicijalizacija: 12 motora. OBS_dim=40, frame_skip=1
[Fitness run Gen2Creature20] reward=1.58±0.00  dist=0.48±0.08  upright=0.00±0.01  → FITNESS=0.0314
URDF saved to temp_urdf\being_13012.urdf
Connecting to PyBullet, GUI: False
CreatureEnv Inicijalizacija: 12 motora. OBS_dim=40, frame_skip=1
[Fitness run Gen2Creature21] reward=1.49±0.01  dist=0.25±0.02  upright=0.00±0.00  → FITNESS=0.0246
URDF saved to temp_urdf\being_13012.urdf
Connecting to PyBullet, GUI: False
CreatureEnv Inicijalizacija: 12 motora. OBS_dim=40, frame_skip=1
[Fitness run Gen2Creature22] reward=1.18±0.49  dist=0.01±0.02  upright=0.01±0.02  → FITNESS=0.0203
URDF saved to temp_urdf\being_13012.urdf
Connecting to PyBullet, GUI: False
CreatureEnv Inicijalizacija: 12 motora. OBS_dim=40, frame_skip=1
[Fitness run Gen2Creature23] reward=1001.18±0.32  dist=0.08±0.03  upright=0.99±0.00  → FITNESS=0.4093
URDF saved to temp_urdf\being_13012.urdf
Connecting to PyBullet, GUI: False
CreatureEnv Inicijalizacija: 12 motora. OBS_dim=40, frame_skip=1
[Fitness run Gen2Creature24] reward=1.67±0.02  dist=0.32±0.11  upright=0.00±0.00  → FITNESS=0.0262
URDF saved to temp_urdf\being_13012.urdf
Connecting to PyBullet, GUI: False
CreatureEnv Inicijalizacija: 12 motora. OBS_dim=40, frame_skip=1
[Fitness run Gen2Creature25] reward=1.16±0.12  dist=0.01±0.04  upright=0.11±0.04  → FITNESS=0.0525
URDF saved to temp_urdf\being_13012.urdf
Connecting to PyBullet, GUI: False
CreatureEnv Inicijalizacija: 12 motora. OBS_dim=40, frame_skip=1
[Fitness run Gen2Creature26] reward=1.66±0.00  dist=0.00±0.00  upright=0.00±0.00  → FITNESS=0.0183
URDF saved to temp_urdf\being_13012.urdf
Connecting to PyBullet, GUI: False
CreatureEnv Inicijalizacija: 12 motora. OBS_dim=40, frame_skip=1
[Fitness run Gen2Creature27] reward=1.28±0.36  dist=0.00±0.00  upright=0.05±0.15  → FITNESS=0.0328
URDF saved to temp_urdf\being_13012.urdf
Connecting to PyBullet, GUI: False
CreatureEnv Inicijalizacija: 12 motora. OBS_dim=40, frame_skip=1
[Fitness run Gen2Creature28] reward=1.64±0.00  dist=0.00±0.00  upright=0.00±0.00  → FITNESS=0.0183
URDF saved to temp_urdf\being_13012.urdf
Connecting to PyBullet, GUI: False
CreatureEnv Inicijalizacija: 12 motora. OBS_dim=40, frame_skip=1
[Fitness run Gen2Creature29] reward=1.47±0.11  dist=0.11±0.05  upright=0.01±0.02  → FITNESS=0.0231

==================================================
Generacija 2/20  |  Best = 0.4093  |  Mean = 0.0944  |  Std = 0.1342
==================================================
URDF saved to temp_urdf\being_13012.urdf
Connecting to PyBullet, GUI: False
CreatureEnv Inicijalizacija: 12 motora. OBS_dim=40, frame_skip=1
[Fitness run Gen2Creature2] reward=1.23±0.49  dist=0.02±0.04  upright=0.00±0.00  → FITNESS=0.0188
URDF saved to temp_urdf\being_13012.urdf
Connecting to PyBullet, GUI: False
CreatureEnv Inicijalizacija: 12 motora. OBS_dim=40, frame_skip=1
[Fitness run Gen2Creature3] reward=1.63±0.06  dist=0.07±0.20  upright=0.04±0.13  → FITNESS=0.0326
URDF saved to temp_urdf\being_13012.urdf
Connecting to PyBullet, GUI: False
CreatureEnv Inicijalizacija: 12 motora. OBS_dim=40, frame_skip=1
[Fitness run Gen2Creature4] reward=1.30±0.30  dist=0.01±0.03  upright=0.63±0.22  → FITNESS=0.2073
URDF saved to temp_urdf\being_13012.urdf
Connecting to PyBullet, GUI: False
CreatureEnv Inicijalizacija: 12 motora. OBS_dim=40, frame_skip=1
[Fitness run Gen2Creature5] reward=0.85±0.22  dist=0.02±0.02  upright=0.18±0.04  → FITNESS=0.0719
URDF saved to temp_urdf\being_13012.urdf
Connecting to PyBullet, GUI: False
CreatureEnv Inicijalizacija: 12 motora. OBS_dim=40, frame_skip=1
[Fitness run Gen2Creature6] reward=1.74±0.09  dist=0.05±0.11  upright=0.00±0.00  → FITNESS=0.0197
URDF saved to temp_urdf\being_13012.urdf
Connecting to PyBullet, GUI: False
CreatureEnv Inicijalizacija: 12 motora. OBS_dim=40, frame_skip=1
[Fitness run Gen2Creature7] reward=881.76±293.46  dist=0.05±0.10  upright=0.90±0.30  → FITNESS=0.3697
URDF saved to temp_urdf\being_13012.urdf
Connecting to PyBullet, GUI: False
CreatureEnv Inicijalizacija: 12 motora. OBS_dim=40, frame_skip=1
[Fitness run Gen2Creature8] reward=1.68±0.00  dist=0.10±0.04  upright=0.17±0.06  → FITNESS=0.0731
URDF saved to temp_urdf\being_13012.urdf
Connecting to PyBullet, GUI: False
CreatureEnv Inicijalizacija: 12 motora. OBS_dim=40, frame_skip=1
[Fitness run Gen2Creature9] reward=1.55±0.19  dist=0.02±0.02  upright=0.00±0.00  → FITNESS=0.0187
URDF saved to temp_urdf\being_13012.urdf
Connecting to PyBullet, GUI: False
CreatureEnv Inicijalizacija: 12 motora. OBS_dim=40, frame_skip=1
[Fitness run Gen2Creature10] reward=1.64±0.00  dist=0.00±0.00  upright=0.08±0.03  → FITNESS=0.0416
URDF saved to temp_urdf\being_13012.urdf
Connecting to PyBullet, GUI: False
CreatureEnv Inicijalizacija: 12 motora. OBS_dim=40, frame_skip=1
[Fitness run Gen2Creature11] reward=1.56±0.00  dist=0.18±0.07  upright=0.00±0.00  → FITNESS=0.0228
URDF saved to temp_urdf\being_13012.urdf
Connecting to PyBullet, GUI: False
CreatureEnv Inicijalizacija: 12 motora. OBS_dim=40, frame_skip=1
[Fitness run Gen2Creature12] reward=825.51±275.18  dist=0.04±0.11  upright=0.90±0.30  → FITNESS=0.3642
URDF saved to temp_urdf\being_13012.urdf
Connecting to PyBullet, GUI: False
CreatureEnv Inicijalizacija: 12 motora. OBS_dim=40, frame_skip=1
[Fitness run Gen2Creature13] reward=1.68±0.42  dist=0.06±0.16  upright=0.00±0.01  → FITNESS=0.0209
URDF saved to temp_urdf\being_13012.urdf
Connecting to PyBullet, GUI: False
CreatureEnv Inicijalizacija: 12 motora. OBS_dim=40, frame_skip=1
[Fitness run Gen2Creature14] reward=1.72±0.07  dist=0.01±0.02  upright=0.00±0.00  → FITNESS=0.0186
URDF saved to temp_urdf\being_13012.urdf
Connecting to PyBullet, GUI: False
CreatureEnv Inicijalizacija: 12 motora. OBS_dim=40, frame_skip=1
[Fitness run Gen2Creature15] reward=1.36±0.40  dist=0.25±0.35  upright=0.05±0.02  → FITNESS=0.0410
URDF saved to temp_urdf\being_13012.urdf
Connecting to PyBullet, GUI: False
CreatureEnv Inicijalizacija: 12 motora. OBS_dim=40, frame_skip=1
[Fitness run Gen2Creature16] reward=1.66±0.04  dist=0.11±0.02  upright=0.00±0.00  → FITNESS=0.0212
URDF saved to temp_urdf\being_13012.urdf
Connecting to PyBullet, GUI: False
CreatureEnv Inicijalizacija: 12 motora. OBS_dim=40, frame_skip=1
[Fitness run Gen2Creature17] reward=0.78±0.20  dist=0.00±0.00  upright=0.01±0.01  → FITNESS=0.0202
URDF saved to temp_urdf\being_13012.urdf
Connecting to PyBullet, GUI: False
CreatureEnv Inicijalizacija: 12 motora. OBS_dim=40, frame_skip=1
[Fitness run Gen2Creature18] reward=1.65±0.00  dist=0.04±0.02  upright=0.00±0.00  → FITNESS=0.0194
URDF saved to temp_urdf\being_13012.urdf
Connecting to PyBullet, GUI: False
CreatureEnv Inicijalizacija: 12 motora. OBS_dim=40, frame_skip=1
[Fitness run Gen2Creature19] reward=1.30±0.38  dist=0.00±0.00  upright=0.00±0.00  → FITNESS=0.0183
URDF saved to temp_urdf\being_13012.urdf
Connecting to PyBullet, GUI: False
CreatureEnv Inicijalizacija: 12 motora. OBS_dim=40, frame_skip=1
[Fitness run Gen2Creature20] reward=1.58±0.00  dist=0.48±0.08  upright=0.00±0.01  → FITNESS=0.0314
URDF saved to temp_urdf\being_13012.urdf
Connecting to PyBullet, GUI: False
CreatureEnv Inicijalizacija: 12 motora. OBS_dim=40, frame_skip=1
[Fitness run Gen2Creature21] reward=1.49±0.01  dist=0.25±0.02  upright=0.00±0.00  → FITNESS=0.0246
URDF saved to temp_urdf\being_13012.urdf
Connecting to PyBullet, GUI: False
CreatureEnv Inicijalizacija: 12 motora. OBS_dim=40, frame_skip=1
[Fitness run Gen2Creature22] reward=1.18±0.49  dist=0.01±0.02  upright=0.01±0.02  → FITNESS=0.0203
URDF saved to temp_urdf\being_13012.urdf
Connecting to PyBullet, GUI: False
CreatureEnv Inicijalizacija: 12 motora. OBS_dim=40, frame_skip=1
[Fitness run Gen2Creature23] reward=1001.18±0.32  dist=0.08±0.03  upright=0.99±0.00  → FITNESS=0.4093
URDF saved to temp_urdf\being_13012.urdf
Connecting to PyBullet, GUI: False
CreatureEnv Inicijalizacija: 12 motora. OBS_dim=40, frame_skip=1
[Fitness run Gen2Creature24] reward=1.67±0.02  dist=0.32±0.11  upright=0.00±0.00  → FITNESS=0.0262
URDF saved to temp_urdf\being_13012.urdf
Connecting to PyBullet, GUI: False
CreatureEnv Inicijalizacija: 12 motora. OBS_dim=40, frame_skip=1
[Fitness run Gen2Creature25] reward=1.16±0.12  dist=0.01±0.04  upright=0.11±0.04  → FITNESS=0.0525
URDF saved to temp_urdf\being_13012.urdf
Connecting to PyBullet, GUI: False
CreatureEnv Inicijalizacija: 12 motora. OBS_dim=40, frame_skip=1
[Fitness run Gen2Creature26] reward=1.66±0.00  dist=0.00±0.00  upright=0.00±0.00  → FITNESS=0.0183
URDF saved to temp_urdf\being_13012.urdf
Connecting to PyBullet, GUI: False
CreatureEnv Inicijalizacija: 12 motora. OBS_dim=40, frame_skip=1
[Fitness run Gen2Creature27] reward=1.28±0.36  dist=0.00±0.00  upright=0.05±0.15  → FITNESS=0.0328
URDF saved to temp_urdf\being_13012.urdf
Connecting to PyBullet, GUI: False
CreatureEnv Inicijalizacija: 12 motora. OBS_dim=40, frame_skip=1
[Fitness run Gen2Creature28] reward=1.64±0.00  dist=0.00±0.00  upright=0.00±0.00  → FITNESS=0.0183
URDF saved to temp_urdf\being_13012.urdf
Connecting to PyBullet, GUI: False
CreatureEnv Inicijalizacija: 12 motora. OBS_dim=40, frame_skip=1
[Fitness run Gen2Creature29] reward=1.47±0.11  dist=0.11±0.05  upright=0.01±0.02  → FITNESS=0.0231
Genome saved to results\distanceBased500Steps5DifferentSeeds\run_5\run_5_best_creature.json
[plot] Summary saved → results\distanceBased500Steps5DifferentSeeds\run_5\run_5_summary.png
URDF saved to temp_urdf\being_13012.urdf
Connecting to PyBullet, GUI: False
CreatureEnv Inicijalizacija: 12 motora. OBS_dim=40, frame_skip=1
[Fitness run Gen3Creature2] reward=1.55±0.01  dist=0.33±0.12  upright=0.00±0.00  → FITNESS=0.0265
URDF saved to temp_urdf\being_13012.urdf
Connecting to PyBullet, GUI: False
CreatureEnv Inicijalizacija: 12 motora. OBS_dim=40, frame_skip=1
[Fitness run Gen3Creature3] reward=2.09±0.05  dist=0.00±0.00  upright=1.00±0.00  → FITNESS=0.3184
URDF saved to temp_urdf\being_13012.urdf
Connecting to PyBullet, GUI: False
CreatureEnv Inicijalizacija: 12 motora. OBS_dim=40, frame_skip=1
[Fitness run Gen3Creature4] reward=1.33±0.22  dist=0.00±0.00  upright=0.68±0.14  → FITNESS=0.2235
URDF saved to temp_urdf\being_13012.urdf
Connecting to PyBullet, GUI: False
CreatureEnv Inicijalizacija: 12 motora. OBS_dim=40, frame_skip=1
[Fitness run Gen3Creature5] reward=1.61±0.01  dist=0.00±0.00  upright=0.10±0.00  → FITNESS=0.0474
URDF saved to temp_urdf\being_13012.urdf
Connecting to PyBullet, GUI: False
CreatureEnv Inicijalizacija: 12 motora. OBS_dim=40, frame_skip=1
[Fitness run Gen3Creature6] reward=0.69±0.07  dist=0.00±0.00  upright=0.01±0.02  → FITNESS=0.0221
URDF saved to temp_urdf\being_13012.urdf
Connecting to PyBullet, GUI: False
CreatureEnv Inicijalizacija: 12 motora. OBS_dim=40, frame_skip=1
[Fitness run Gen3Creature7] reward=1.05±0.17  dist=0.14±0.41  upright=0.00±0.01  → FITNESS=0.0226
URDF saved to temp_urdf\being_13012.urdf
Connecting to PyBullet, GUI: False
CreatureEnv Inicijalizacija: 12 motora. OBS_dim=40, frame_skip=1
[Fitness run Gen3Creature8] reward=2.14±0.01  dist=0.13±0.08  upright=0.60±0.05  → FITNESS=0.2006
URDF saved to temp_urdf\being_13012.urdf
Connecting to PyBullet, GUI: False
CreatureEnv Inicijalizacija: 12 motora. OBS_dim=40, frame_skip=1
[Fitness run Gen3Creature9] reward=1.70±0.00  dist=0.10±0.17  upright=0.00±0.00  → FITNESS=0.0209
URDF saved to temp_urdf\being_13012.urdf
Connecting to PyBullet, GUI: False
CreatureEnv Inicijalizacija: 12 motora. OBS_dim=40, frame_skip=1
[Fitness run Gen3Creature10] reward=1.60±0.00  dist=0.31±0.14  upright=0.07±0.03  → FITNESS=0.0464
URDF saved to temp_urdf\being_13012.urdf
Connecting to PyBullet, GUI: False
CreatureEnv Inicijalizacija: 12 motora. OBS_dim=40, frame_skip=1
[Fitness run Gen3Creature11] reward=1.67±0.00  dist=0.00±0.00  upright=0.00±0.01  → FITNESS=0.0193
URDF saved to temp_urdf\being_13012.urdf
Connecting to PyBullet, GUI: False
CreatureEnv Inicijalizacija: 12 motora. OBS_dim=40, frame_skip=1
[Fitness run Gen3Creature12] reward=803.09±267.45  dist=0.01±0.03  upright=0.90±0.30  → FITNESS=0.3611
URDF saved to temp_urdf\being_13012.urdf
Connecting to PyBullet, GUI: False
CreatureEnv Inicijalizacija: 12 motora. OBS_dim=40, frame_skip=1
[Fitness run Gen3Creature13] reward=1.63±0.02  dist=0.00±0.00  upright=0.11±0.04  → FITNESS=0.0512
URDF saved to temp_urdf\being_13012.urdf
Connecting to PyBullet, GUI: False
CreatureEnv Inicijalizacija: 12 motora. OBS_dim=40, frame_skip=1
[Fitness run Gen3Creature14] reward=3.56±3.63  dist=0.00±0.00  upright=0.56±0.30  → FITNESS=0.1862
URDF saved to temp_urdf\being_13012.urdf
Connecting to PyBullet, GUI: False
CreatureEnv Inicijalizacija: 12 motora. OBS_dim=40, frame_skip=1
[Fitness run Gen3Creature15] reward=1.58±0.00  dist=0.00±0.00  upright=0.00±0.00  → FITNESS=0.0183
URDF saved to temp_urdf\being_13012.urdf
Connecting to PyBullet, GUI: False
CreatureEnv Inicijalizacija: 12 motora. OBS_dim=40, frame_skip=1
[Fitness run Gen3Creature16] reward=910.25±302.90  dist=0.00±0.00  upright=0.91±0.26  → FITNESS=0.3748
URDF saved to temp_urdf\being_13012.urdf
Connecting to PyBullet, GUI: False
CreatureEnv Inicijalizacija: 12 motora. OBS_dim=40, frame_skip=1
[Fitness run Gen3Creature17] reward=1.57±0.10  dist=0.04±0.02  upright=0.02±0.05  → FITNESS=0.0243
URDF saved to temp_urdf\being_13012.urdf
Connecting to PyBullet, GUI: False
CreatureEnv Inicijalizacija: 12 motora. OBS_dim=40, frame_skip=1
[Fitness run Gen3Creature18] reward=1.94±0.13  dist=0.05±0.02  upright=0.90±0.30  → FITNESS=0.2896
URDF saved to temp_urdf\being_13012.urdf
Connecting to PyBullet, GUI: False
CreatureEnv Inicijalizacija: 12 motora. OBS_dim=40, frame_skip=1
[Fitness run Gen3Creature19] reward=1.63±0.22  dist=0.29±0.39  upright=0.23±0.23  → FITNESS=0.0932
URDF saved to temp_urdf\being_13012.urdf
Connecting to PyBullet, GUI: False
CreatureEnv Inicijalizacija: 12 motora. OBS_dim=40, frame_skip=1
[Fitness run Gen3Creature20] reward=0.36±0.41  dist=0.75±0.24  upright=0.00±0.00  → FITNESS=0.0371
URDF saved to temp_urdf\being_13012.urdf
Connecting to PyBullet, GUI: False
CreatureEnv Inicijalizacija: 12 motora. OBS_dim=40, frame_skip=1
[Fitness run Gen3Creature21] reward=1.65±0.00  dist=0.02±0.06  upright=0.00±0.00  → FITNESS=0.0189
URDF saved to temp_urdf\being_13012.urdf
Connecting to PyBullet, GUI: False
CreatureEnv Inicijalizacija: 12 motora. OBS_dim=40, frame_skip=1
[Fitness run Gen3Creature22] reward=1.60±0.06  dist=0.00±0.00  upright=0.02±0.02  → FITNESS=0.0232
URDF saved to temp_urdf\being_13012.urdf
Connecting to PyBullet, GUI: False
CreatureEnv Inicijalizacija: 12 motora. OBS_dim=40, frame_skip=1
[Fitness run Gen3Creature23] reward=207.04±411.25  dist=0.00±0.01  upright=0.59±0.26  → FITNESS=0.2142
URDF saved to temp_urdf\being_13012.urdf
Connecting to PyBullet, GUI: False
CreatureEnv Inicijalizacija: 12 motora. OBS_dim=40, frame_skip=1
[Fitness run Gen3Creature24] reward=1.67±0.00  dist=0.22±0.09  upright=0.00±0.00  → FITNESS=0.0239
URDF saved to temp_urdf\being_13012.urdf
Connecting to PyBullet, GUI: False
CreatureEnv Inicijalizacija: 12 motora. OBS_dim=40, frame_skip=1
[Fitness run Gen3Creature25] reward=1.57±0.00  dist=0.00±0.00  upright=0.00±0.00  → FITNESS=0.0183
URDF saved to temp_urdf\being_13012.urdf
Connecting to PyBullet, GUI: False
CreatureEnv Inicijalizacija: 12 motora. OBS_dim=40, frame_skip=1
[Fitness run Gen3Creature26] reward=1.50±0.26  dist=0.00±0.00  upright=0.00±0.00  → FITNESS=0.0183
URDF saved to temp_urdf\being_13012.urdf
Connecting to PyBullet, GUI: False
CreatureEnv Inicijalizacija: 12 motora. OBS_dim=40, frame_skip=1
[Fitness run Gen3Creature27] reward=1.57±0.02  dist=0.14±0.05  upright=0.01±0.03  → FITNESS=0.0246
URDF saved to temp_urdf\being_13012.urdf
Connecting to PyBullet, GUI: False
CreatureEnv Inicijalizacija: 12 motora. OBS_dim=40, frame_skip=1
[Fitness run Gen3Creature28] reward=1.83±0.21  dist=0.01±0.02  upright=0.04±0.02  → FITNESS=0.0292
URDF saved to temp_urdf\being_13012.urdf
Connecting to PyBullet, GUI: False
CreatureEnv Inicijalizacija: 12 motora. OBS_dim=40, frame_skip=1
[Fitness run Gen3Creature29] reward=1.63±0.00  dist=0.00±0.00  upright=0.00±0.00  → FITNESS=0.0183

==================================================
Generacija 3/20  |  Best = 0.4093  |  Mean = 0.1194  |  Std = 0.1356
==================================================
URDF saved to temp_urdf\being_13012.urdf
Connecting to PyBullet, GUI: False
CreatureEnv Inicijalizacija: 12 motora. OBS_dim=40, frame_skip=1
[Fitness run Gen3Creature2] reward=1.55±0.01  dist=0.33±0.12  upright=0.00±0.00  → FITNESS=0.0265
URDF saved to temp_urdf\being_13012.urdf
Connecting to PyBullet, GUI: False
CreatureEnv Inicijalizacija: 12 motora. OBS_dim=40, frame_skip=1
[Fitness run Gen3Creature3] reward=2.09±0.05  dist=0.00±0.00  upright=1.00±0.00  → FITNESS=0.3184
URDF saved to temp_urdf\being_13012.urdf
Connecting to PyBullet, GUI: False
CreatureEnv Inicijalizacija: 12 motora. OBS_dim=40, frame_skip=1
[Fitness run Gen3Creature4] reward=1.33±0.22  dist=0.00±0.00  upright=0.68±0.14  → FITNESS=0.2235
URDF saved to temp_urdf\being_13012.urdf
Connecting to PyBullet, GUI: False
CreatureEnv Inicijalizacija: 12 motora. OBS_dim=40, frame_skip=1
[Fitness run Gen3Creature5] reward=1.61±0.01  dist=0.00±0.00  upright=0.10±0.00  → FITNESS=0.0474
URDF saved to temp_urdf\being_13012.urdf
Connecting to PyBullet, GUI: False
CreatureEnv Inicijalizacija: 12 motora. OBS_dim=40, frame_skip=1
[Fitness run Gen3Creature6] reward=0.69±0.07  dist=0.00±0.00  upright=0.01±0.02  → FITNESS=0.0221
URDF saved to temp_urdf\being_13012.urdf
Connecting to PyBullet, GUI: False
CreatureEnv Inicijalizacija: 12 motora. OBS_dim=40, frame_skip=1
[Fitness run Gen3Creature7] reward=1.05±0.17  dist=0.14±0.41  upright=0.00±0.01  → FITNESS=0.0226
URDF saved to temp_urdf\being_13012.urdf
Connecting to PyBullet, GUI: False
CreatureEnv Inicijalizacija: 12 motora. OBS_dim=40, frame_skip=1
[Fitness run Gen3Creature8] reward=2.14±0.01  dist=0.13±0.08  upright=0.60±0.05  → FITNESS=0.2006
URDF saved to temp_urdf\being_13012.urdf
Connecting to PyBullet, GUI: False
CreatureEnv Inicijalizacija: 12 motora. OBS_dim=40, frame_skip=1
[Fitness run Gen3Creature9] reward=1.70±0.00  dist=0.10±0.17  upright=0.00±0.00  → FITNESS=0.0209
URDF saved to temp_urdf\being_13012.urdf
Connecting to PyBullet, GUI: False
CreatureEnv Inicijalizacija: 12 motora. OBS_dim=40, frame_skip=1
[Fitness run Gen3Creature10] reward=1.60±0.00  dist=0.31±0.14  upright=0.07±0.03  → FITNESS=0.0464
URDF saved to temp_urdf\being_13012.urdf
Connecting to PyBullet, GUI: False
CreatureEnv Inicijalizacija: 12 motora. OBS_dim=40, frame_skip=1
[Fitness run Gen3Creature11] reward=1.67±0.00  dist=0.00±0.00  upright=0.00±0.01  → FITNESS=0.0193
URDF saved to temp_urdf\being_13012.urdf
Connecting to PyBullet, GUI: False
CreatureEnv Inicijalizacija: 12 motora. OBS_dim=40, frame_skip=1
[Fitness run Gen3Creature12] reward=803.09±267.45  dist=0.01±0.03  upright=0.90±0.30  → FITNESS=0.3611
URDF saved to temp_urdf\being_13012.urdf
Connecting to PyBullet, GUI: False
CreatureEnv Inicijalizacija: 12 motora. OBS_dim=40, frame_skip=1
[Fitness run Gen3Creature13] reward=1.63±0.02  dist=0.00±0.00  upright=0.11±0.04  → FITNESS=0.0512
URDF saved to temp_urdf\being_13012.urdf
Connecting to PyBullet, GUI: False
CreatureEnv Inicijalizacija: 12 motora. OBS_dim=40, frame_skip=1
[Fitness run Gen3Creature14] reward=3.56±3.63  dist=0.00±0.00  upright=0.56±0.30  → FITNESS=0.1862
URDF saved to temp_urdf\being_13012.urdf
Connecting to PyBullet, GUI: False
CreatureEnv Inicijalizacija: 12 motora. OBS_dim=40, frame_skip=1
[Fitness run Gen3Creature15] reward=1.58±0.00  dist=0.00±0.00  upright=0.00±0.00  → FITNESS=0.0183
URDF saved to temp_urdf\being_13012.urdf
Connecting to PyBullet, GUI: False
CreatureEnv Inicijalizacija: 12 motora. OBS_dim=40, frame_skip=1
[Fitness run Gen3Creature16] reward=910.25±302.90  dist=0.00±0.00  upright=0.91±0.26  → FITNESS=0.3748
URDF saved to temp_urdf\being_13012.urdf
Connecting to PyBullet, GUI: False
CreatureEnv Inicijalizacija: 12 motora. OBS_dim=40, frame_skip=1
[Fitness run Gen3Creature17] reward=1.57±0.10  dist=0.04±0.02  upright=0.02±0.05  → FITNESS=0.0243
URDF saved to temp_urdf\being_13012.urdf
Connecting to PyBullet, GUI: False
CreatureEnv Inicijalizacija: 12 motora. OBS_dim=40, frame_skip=1
[Fitness run Gen3Creature18] reward=1.94±0.13  dist=0.05±0.02  upright=0.90±0.30  → FITNESS=0.2896
URDF saved to temp_urdf\being_13012.urdf
Connecting to PyBullet, GUI: False
CreatureEnv Inicijalizacija: 12 motora. OBS_dim=40, frame_skip=1
[Fitness run Gen3Creature19] reward=1.63±0.22  dist=0.29±0.39  upright=0.23±0.23  → FITNESS=0.0932
URDF saved to temp_urdf\being_13012.urdf
Connecting to PyBullet, GUI: False
CreatureEnv Inicijalizacija: 12 motora. OBS_dim=40, frame_skip=1
[Fitness run Gen3Creature20] reward=0.36±0.41  dist=0.75±0.24  upright=0.00±0.00  → FITNESS=0.0371
URDF saved to temp_urdf\being_13012.urdf
Connecting to PyBullet, GUI: False
CreatureEnv Inicijalizacija: 12 motora. OBS_dim=40, frame_skip=1
[Fitness run Gen3Creature21] reward=1.65±0.00  dist=0.02±0.06  upright=0.00±0.00  → FITNESS=0.0189
URDF saved to temp_urdf\being_13012.urdf
Connecting to PyBullet, GUI: False
CreatureEnv Inicijalizacija: 12 motora. OBS_dim=40, frame_skip=1
[Fitness run Gen3Creature22] reward=1.60±0.06  dist=0.00±0.00  upright=0.02±0.02  → FITNESS=0.0232
URDF saved to temp_urdf\being_13012.urdf
Connecting to PyBullet, GUI: False
CreatureEnv Inicijalizacija: 12 motora. OBS_dim=40, frame_skip=1
[Fitness run Gen3Creature23] reward=207.04±411.25  dist=0.00±0.01  upright=0.59±0.26  → FITNESS=0.2142
URDF saved to temp_urdf\being_13012.urdf
Connecting to PyBullet, GUI: False
CreatureEnv Inicijalizacija: 12 motora. OBS_dim=40, frame_skip=1
[Fitness run Gen3Creature24] reward=1.67±0.00  dist=0.22±0.09  upright=0.00±0.00  → FITNESS=0.0239
URDF saved to temp_urdf\being_13012.urdf
Connecting to PyBullet, GUI: False
CreatureEnv Inicijalizacija: 12 motora. OBS_dim=40, frame_skip=1
[Fitness run Gen3Creature25] reward=1.57±0.00  dist=0.00±0.00  upright=0.00±0.00  → FITNESS=0.0183
URDF saved to temp_urdf\being_13012.urdf
Connecting to PyBullet, GUI: False
CreatureEnv Inicijalizacija: 12 motora. OBS_dim=40, frame_skip=1
[Fitness run Gen3Creature26] reward=1.50±0.26  dist=0.00±0.00  upright=0.00±0.00  → FITNESS=0.0183
URDF saved to temp_urdf\being_13012.urdf
Connecting to PyBullet, GUI: False
CreatureEnv Inicijalizacija: 12 motora. OBS_dim=40, frame_skip=1
[Fitness run Gen3Creature27] reward=1.57±0.02  dist=0.14±0.05  upright=0.01±0.03  → FITNESS=0.0246
URDF saved to temp_urdf\being_13012.urdf
Connecting to PyBullet, GUI: False
CreatureEnv Inicijalizacija: 12 motora. OBS_dim=40, frame_skip=1
[Fitness run Gen3Creature28] reward=1.83±0.21  dist=0.01±0.02  upright=0.04±0.02  → FITNESS=0.0292
URDF saved to temp_urdf\being_13012.urdf
Connecting to PyBullet, GUI: False
CreatureEnv Inicijalizacija: 12 motora. OBS_dim=40, frame_skip=1
[Fitness run Gen3Creature29] reward=1.63±0.00  dist=0.00±0.00  upright=0.00±0.00  → FITNESS=0.0183
Genome saved to results\distanceBased500Steps5DifferentSeeds\run_5\run_5_best_creature.json
[plot] Summary saved → results\distanceBased500Steps5DifferentSeeds\run_5\run_5_summary.png
URDF saved to temp_urdf\being_13012.urdf
Connecting to PyBullet, GUI: False
CreatureEnv Inicijalizacija: 12 motora. OBS_dim=40, frame_skip=1
[Fitness run Gen4Creature2] reward=1.65±0.29  dist=0.10±0.09  upright=0.17±0.28  → FITNESS=0.0722
URDF saved to temp_urdf\being_13012.urdf
Connecting to PyBullet, GUI: False
CreatureEnv Inicijalizacija: 12 motora. OBS_dim=40, frame_skip=1
[Fitness run Gen4Creature3] reward=2.07±0.00  dist=0.02±0.04  upright=1.00±0.00  → FITNESS=0.3187
URDF saved to temp_urdf\being_13012.urdf
Connecting to PyBullet, GUI: False
CreatureEnv Inicijalizacija: 12 motora. OBS_dim=40, frame_skip=1
[Fitness run Gen4Creature4] reward=1.80±0.04  dist=0.00±0.00  upright=0.02±0.05  → FITNESS=0.0232
URDF saved to temp_urdf\being_13012.urdf
Connecting to PyBullet, GUI: False
CreatureEnv Inicijalizacija: 12 motora. OBS_dim=40, frame_skip=1
[Fitness run Gen4Creature5] reward=1092.23±23.48  dist=0.11±0.09  upright=1.00±0.00  → FITNESS=0.4202
URDF saved to temp_urdf\being_13012.urdf
Connecting to PyBullet, GUI: False
CreatureEnv Inicijalizacija: 12 motora. OBS_dim=40, frame_skip=1
[Fitness run Gen4Creature6] reward=0.57±0.40  dist=0.92±0.26  upright=0.15±0.08  → FITNESS=0.0857
URDF saved to temp_urdf\being_13012.urdf
Connecting to PyBullet, GUI: False
CreatureEnv Inicijalizacija: 12 motora. OBS_dim=40, frame_skip=1
[Fitness run Gen4Creature7] reward=977.10±325.13  dist=0.00±0.00  upright=0.93±0.22  → FITNESS=0.3848
URDF saved to temp_urdf\being_13012.urdf
Connecting to PyBullet, GUI: False
CreatureEnv Inicijalizacija: 12 motora. OBS_dim=40, frame_skip=1
[Fitness run Gen4Creature8] reward=1.60±0.00  dist=0.07±0.04  upright=0.00±0.00  → FITNESS=0.0200
URDF saved to temp_urdf\being_13012.urdf
Connecting to PyBullet, GUI: False
CreatureEnv Inicijalizacija: 12 motora. OBS_dim=40, frame_skip=1
[Fitness run Gen4Creature9] reward=1.73±0.09  dist=0.00±0.00  upright=0.00±0.00  → FITNESS=0.0184
URDF saved to temp_urdf\being_13012.urdf
Connecting to PyBullet, GUI: False
CreatureEnv Inicijalizacija: 12 motora. OBS_dim=40, frame_skip=1
[Fitness run Gen4Creature10] reward=1.23±0.20  dist=0.97±0.04  upright=0.38±0.03  → FITNESS=0.1576
URDF saved to temp_urdf\being_13012.urdf
Connecting to PyBullet, GUI: False
CreatureEnv Inicijalizacija: 12 motora. OBS_dim=40, frame_skip=1
[Fitness run Gen4Creature11] reward=1.48±0.03  dist=0.24±0.03  upright=0.29±0.09  → FITNESS=0.1123
URDF saved to temp_urdf\being_13012.urdf
Connecting to PyBullet, GUI: False
CreatureEnv Inicijalizacija: 12 motora. OBS_dim=40, frame_skip=1
[Fitness run Gen4Creature12] reward=273.39±415.37  dist=0.45±0.28  upright=0.30±0.45  → FITNESS=0.1433
URDF saved to temp_urdf\being_13012.urdf
Connecting to PyBullet, GUI: False
CreatureEnv Inicijalizacija: 12 motora. OBS_dim=40, frame_skip=1
[Fitness run Gen4Creature13] reward=1.66±0.01  dist=0.02±0.05  upright=0.17±0.06  → FITNESS=0.0700
URDF saved to temp_urdf\being_13012.urdf
Connecting to PyBullet, GUI: False
CreatureEnv Inicijalizacija: 12 motora. OBS_dim=40, frame_skip=1
[Fitness run Gen4Creature14] reward=1.63±0.12  dist=0.00±0.00  upright=0.00±0.00  → FITNESS=0.0183
URDF saved to temp_urdf\being_13012.urdf
Connecting to PyBullet, GUI: False
CreatureEnv Inicijalizacija: 12 motora. OBS_dim=40, frame_skip=1
[Fitness run Gen4Creature15] reward=1.63±0.00  dist=0.00±0.00  upright=0.09±0.03  → FITNESS=0.0445
URDF saved to temp_urdf\being_13012.urdf
Connecting to PyBullet, GUI: False
CreatureEnv Inicijalizacija: 12 motora. OBS_dim=40, frame_skip=1
[Fitness run Gen4Creature16] reward=702.76±350.75  dist=0.03±0.07  upright=0.88±0.30  → FITNESS=0.3479
URDF saved to temp_urdf\being_13012.urdf
Connecting to PyBullet, GUI: False
CreatureEnv Inicijalizacija: 12 motora. OBS_dim=40, frame_skip=1
[Fitness run Gen4Creature17] reward=1.60±0.00  dist=0.06±0.14  upright=0.18±0.06  → FITNESS=0.0750
URDF saved to temp_urdf\being_13012.urdf
Connecting to PyBullet, GUI: False
CreatureEnv Inicijalizacija: 12 motora. OBS_dim=40, frame_skip=1
[Fitness run Gen4Creature18] reward=-0.23±0.04  dist=1.59±0.24  upright=0.00±0.00  → FITNESS=0.0579
URDF saved to temp_urdf\being_13012.urdf
Connecting to PyBullet, GUI: False
CreatureEnv Inicijalizacija: 12 motora. OBS_dim=40, frame_skip=1
[Fitness run Gen4Creature19] reward=0.59±0.33  dist=0.55±0.74  upright=0.03±0.01  → FITNESS=0.0398
URDF saved to temp_urdf\being_13012.urdf
Connecting to PyBullet, GUI: False
CreatureEnv Inicijalizacija: 12 motora. OBS_dim=40, frame_skip=1
[Fitness run Gen4Creature20] reward=1.79±0.15  dist=0.09±0.09  upright=0.01±0.02  → FITNESS=0.0225
URDF saved to temp_urdf\being_13012.urdf
Connecting to PyBullet, GUI: False
CreatureEnv Inicijalizacija: 12 motora. OBS_dim=40, frame_skip=1
[Fitness run Gen4Creature21] reward=1.49±0.02  dist=0.00±0.00  upright=0.00±0.00  → FITNESS=0.0183
URDF saved to temp_urdf\being_13012.urdf
Connecting to PyBullet, GUI: False
CreatureEnv Inicijalizacija: 12 motora. OBS_dim=40, frame_skip=1
[Fitness run Gen4Creature22] reward=1.61±0.02  dist=0.00±0.00  upright=0.00±0.00  → FITNESS=0.0183
URDF saved to temp_urdf\being_13012.urdf
Connecting to PyBullet, GUI: False
CreatureEnv Inicijalizacija: 12 motora. OBS_dim=40, frame_skip=1
[Fitness run Gen4Creature23] reward=1.70±0.04  dist=0.94±0.33  upright=0.04±0.11  → FITNESS=0.0526
URDF saved to temp_urdf\being_13012.urdf
Connecting to PyBullet, GUI: False
CreatureEnv Inicijalizacija: 12 motora. OBS_dim=40, frame_skip=1
[Fitness run Gen4Creature24] reward=1.68±0.03  dist=0.00±0.00  upright=0.00±0.00  → FITNESS=0.0183
URDF saved to temp_urdf\being_13012.urdf
Connecting to PyBullet, GUI: False
CreatureEnv Inicijalizacija: 12 motora. OBS_dim=40, frame_skip=1
[Fitness run Gen4Creature25] reward=1.29±0.42  dist=0.88±0.43  upright=0.00±0.00  → FITNESS=0.0404
URDF saved to temp_urdf\being_13012.urdf
Connecting to PyBullet, GUI: False
CreatureEnv Inicijalizacija: 12 motora. OBS_dim=40, frame_skip=1
[Fitness run Gen4Creature26] reward=1.60±0.02  dist=0.18±0.12  upright=0.00±0.00  → FITNESS=0.0228
URDF saved to temp_urdf\being_13012.urdf
Connecting to PyBullet, GUI: False
CreatureEnv Inicijalizacija: 12 motora. OBS_dim=40, frame_skip=1
[Fitness run Gen4Creature27] reward=1.64±0.05  dist=0.00±0.01  upright=0.11±0.23  → FITNESS=0.0523
URDF saved to temp_urdf\being_13012.urdf
Connecting to PyBullet, GUI: False
CreatureEnv Inicijalizacija: 12 motora. OBS_dim=40, frame_skip=1
[Fitness run Gen4Creature28] reward=1.95±0.13  dist=0.00±0.00  upright=0.86±0.31  → FITNESS=0.2777
URDF saved to temp_urdf\being_13012.urdf
Connecting to PyBullet, GUI: False
CreatureEnv Inicijalizacija: 12 motora. OBS_dim=40, frame_skip=1
[Fitness run Gen4Creature29] reward=1.54±0.22  dist=0.00±0.01  upright=0.08±0.02  → FITNESS=0.0416

==================================================
Generacija 4/20  |  Best = 0.4202  |  Mean = 0.1262  |  Std = 0.1385
==================================================
URDF saved to temp_urdf\being_13012.urdf
Connecting to PyBullet, GUI: False
CreatureEnv Inicijalizacija: 12 motora. OBS_dim=40, frame_skip=1
[Fitness run Gen4Creature2] reward=1.65±0.29  dist=0.10±0.09  upright=0.17±0.28  → FITNESS=0.0722
URDF saved to temp_urdf\being_13012.urdf
Connecting to PyBullet, GUI: False
CreatureEnv Inicijalizacija: 12 motora. OBS_dim=40, frame_skip=1
[Fitness run Gen4Creature3] reward=2.07±0.00  dist=0.02±0.04  upright=1.00±0.00  → FITNESS=0.3187
URDF saved to temp_urdf\being_13012.urdf
Connecting to PyBullet, GUI: False
CreatureEnv Inicijalizacija: 12 motora. OBS_dim=40, frame_skip=1
[Fitness run Gen4Creature4] reward=1.80±0.04  dist=0.00±0.00  upright=0.02±0.05  → FITNESS=0.0232
URDF saved to temp_urdf\being_13012.urdf
Connecting to PyBullet, GUI: False
CreatureEnv Inicijalizacija: 12 motora. OBS_dim=40, frame_skip=1
[Fitness run Gen4Creature5] reward=1092.23±23.48  dist=0.11±0.09  upright=1.00±0.00  → FITNESS=0.4202
URDF saved to temp_urdf\being_13012.urdf
Connecting to PyBullet, GUI: False
CreatureEnv Inicijalizacija: 12 motora. OBS_dim=40, frame_skip=1
[Fitness run Gen4Creature6] reward=0.57±0.40  dist=0.92±0.26  upright=0.15±0.08  → FITNESS=0.0857
URDF saved to temp_urdf\being_13012.urdf
Connecting to PyBullet, GUI: False
CreatureEnv Inicijalizacija: 12 motora. OBS_dim=40, frame_skip=1
[Fitness run Gen4Creature7] reward=977.10±325.13  dist=0.00±0.00  upright=0.93±0.22  → FITNESS=0.3848
URDF saved to temp_urdf\being_13012.urdf
Connecting to PyBullet, GUI: False
CreatureEnv Inicijalizacija: 12 motora. OBS_dim=40, frame_skip=1
[Fitness run Gen4Creature8] reward=1.60±0.00  dist=0.07±0.04  upright=0.00±0.00  → FITNESS=0.0200
URDF saved to temp_urdf\being_13012.urdf
Connecting to PyBullet, GUI: False
CreatureEnv Inicijalizacija: 12 motora. OBS_dim=40, frame_skip=1
[Fitness run Gen4Creature9] reward=1.73±0.09  dist=0.00±0.00  upright=0.00±0.00  → FITNESS=0.0184
URDF saved to temp_urdf\being_13012.urdf
Connecting to PyBullet, GUI: False
CreatureEnv Inicijalizacija: 12 motora. OBS_dim=40, frame_skip=1
[Fitness run Gen4Creature10] reward=1.23±0.20  dist=0.97±0.04  upright=0.38±0.03  → FITNESS=0.1576
URDF saved to temp_urdf\being_13012.urdf
Connecting to PyBullet, GUI: False
CreatureEnv Inicijalizacija: 12 motora. OBS_dim=40, frame_skip=1
[Fitness run Gen4Creature11] reward=1.48±0.03  dist=0.24±0.03  upright=0.29±0.09  → FITNESS=0.1123
URDF saved to temp_urdf\being_13012.urdf
Connecting to PyBullet, GUI: False
CreatureEnv Inicijalizacija: 12 motora. OBS_dim=40, frame_skip=1
[Fitness run Gen4Creature12] reward=273.39±415.37  dist=0.45±0.28  upright=0.30±0.45  → FITNESS=0.1433
URDF saved to temp_urdf\being_13012.urdf
Connecting to PyBullet, GUI: False
CreatureEnv Inicijalizacija: 12 motora. OBS_dim=40, frame_skip=1
[Fitness run Gen4Creature13] reward=1.66±0.01  dist=0.02±0.05  upright=0.17±0.06  → FITNESS=0.0700
URDF saved to temp_urdf\being_13012.urdf
Connecting to PyBullet, GUI: False
CreatureEnv Inicijalizacija: 12 motora. OBS_dim=40, frame_skip=1
[Fitness run Gen4Creature14] reward=1.63±0.12  dist=0.00±0.00  upright=0.00±0.00  → FITNESS=0.0183
URDF saved to temp_urdf\being_13012.urdf
Connecting to PyBullet, GUI: False
CreatureEnv Inicijalizacija: 12 motora. OBS_dim=40, frame_skip=1
[Fitness run Gen4Creature15] reward=1.63±0.00  dist=0.00±0.00  upright=0.09±0.03  → FITNESS=0.0445
URDF saved to temp_urdf\being_13012.urdf
Connecting to PyBullet, GUI: False
CreatureEnv Inicijalizacija: 12 motora. OBS_dim=40, frame_skip=1
[Fitness run Gen4Creature16] reward=702.76±350.75  dist=0.03±0.07  upright=0.88±0.30  → FITNESS=0.3479
URDF saved to temp_urdf\being_13012.urdf
Connecting to PyBullet, GUI: False
CreatureEnv Inicijalizacija: 12 motora. OBS_dim=40, frame_skip=1
[Fitness run Gen4Creature17] reward=1.60±0.00  dist=0.06±0.14  upright=0.18±0.06  → FITNESS=0.0750
URDF saved to temp_urdf\being_13012.urdf
Connecting to PyBullet, GUI: False
CreatureEnv Inicijalizacija: 12 motora. OBS_dim=40, frame_skip=1
[Fitness run Gen4Creature18] reward=-0.23±0.04  dist=1.59±0.24  upright=0.00±0.00  → FITNESS=0.0579
URDF saved to temp_urdf\being_13012.urdf
Connecting to PyBullet, GUI: False
CreatureEnv Inicijalizacija: 12 motora. OBS_dim=40, frame_skip=1
[Fitness run Gen4Creature19] reward=0.59±0.33  dist=0.55±0.74  upright=0.03±0.01  → FITNESS=0.0398
URDF saved to temp_urdf\being_13012.urdf
Connecting to PyBullet, GUI: False
CreatureEnv Inicijalizacija: 12 motora. OBS_dim=40, frame_skip=1
[Fitness run Gen4Creature20] reward=1.79±0.15  dist=0.09±0.09  upright=0.01±0.02  → FITNESS=0.0225
URDF saved to temp_urdf\being_13012.urdf
Connecting to PyBullet, GUI: False
CreatureEnv Inicijalizacija: 12 motora. OBS_dim=40, frame_skip=1
[Fitness run Gen4Creature21] reward=1.49±0.02  dist=0.00±0.00  upright=0.00±0.00  → FITNESS=0.0183
URDF saved to temp_urdf\being_13012.urdf
Connecting to PyBullet, GUI: False
CreatureEnv Inicijalizacija: 12 motora. OBS_dim=40, frame_skip=1
[Fitness run Gen4Creature22] reward=1.61±0.02  dist=0.00±0.00  upright=0.00±0.00  → FITNESS=0.0183
URDF saved to temp_urdf\being_13012.urdf
Connecting to PyBullet, GUI: False
CreatureEnv Inicijalizacija: 12 motora. OBS_dim=40, frame_skip=1
[Fitness run Gen4Creature23] reward=1.70±0.04  dist=0.94±0.33  upright=0.04±0.11  → FITNESS=0.0526
URDF saved to temp_urdf\being_13012.urdf
Connecting to PyBullet, GUI: False
CreatureEnv Inicijalizacija: 12 motora. OBS_dim=40, frame_skip=1
[Fitness run Gen4Creature24] reward=1.68±0.03  dist=0.00±0.00  upright=0.00±0.00  → FITNESS=0.0183
URDF saved to temp_urdf\being_13012.urdf
Connecting to PyBullet, GUI: False
CreatureEnv Inicijalizacija: 12 motora. OBS_dim=40, frame_skip=1
[Fitness run Gen4Creature25] reward=1.29±0.42  dist=0.88±0.43  upright=0.00±0.00  → FITNESS=0.0404
URDF saved to temp_urdf\being_13012.urdf
Connecting to PyBullet, GUI: False
CreatureEnv Inicijalizacija: 12 motora. OBS_dim=40, frame_skip=1
[Fitness run Gen4Creature26] reward=1.60±0.02  dist=0.18±0.12  upright=0.00±0.00  → FITNESS=0.0228
URDF saved to temp_urdf\being_13012.urdf
Connecting to PyBullet, GUI: False
CreatureEnv Inicijalizacija: 12 motora. OBS_dim=40, frame_skip=1
[Fitness run Gen4Creature27] reward=1.64±0.05  dist=0.00±0.01  upright=0.11±0.23  → FITNESS=0.0523
URDF saved to temp_urdf\being_13012.urdf
Connecting to PyBullet, GUI: False
CreatureEnv Inicijalizacija: 12 motora. OBS_dim=40, frame_skip=1
[Fitness run Gen4Creature28] reward=1.95±0.13  dist=0.00±0.00  upright=0.86±0.31  → FITNESS=0.2777
URDF saved to temp_urdf\being_13012.urdf
Connecting to PyBullet, GUI: False
CreatureEnv Inicijalizacija: 12 motora. OBS_dim=40, frame_skip=1
[Fitness run Gen4Creature29] reward=1.54±0.22  dist=0.00±0.01  upright=0.08±0.02  → FITNESS=0.0416
Genome saved to results\distanceBased500Steps5DifferentSeeds\run_5\run_5_best_creature.json
[plot] Summary saved → results\distanceBased500Steps5DifferentSeeds\run_5\run_5_summary.png
URDF saved to temp_urdf\being_13012.urdf
Connecting to PyBullet, GUI: False
CreatureEnv Inicijalizacija: 12 motora. OBS_dim=40, frame_skip=1
[Fitness run Gen5Creature2] reward=1.65±0.00  dist=0.00±0.00  upright=0.00±0.00  → FITNESS=0.0183
URDF saved to temp_urdf\being_13012.urdf
Connecting to PyBullet, GUI: False
CreatureEnv Inicijalizacija: 12 motora. OBS_dim=40, frame_skip=1
[Fitness run Gen5Creature4] reward=1.63±0.39  dist=0.11±0.34  upright=0.28±0.06  → FITNESS=0.1044
URDF saved to temp_urdf\being_13012.urdf
Connecting to PyBullet, GUI: False
CreatureEnv Inicijalizacija: 12 motora. OBS_dim=40, frame_skip=1
[Fitness run Gen5Creature5] reward=1.78±0.17  dist=0.02±0.04  upright=0.00±0.00  → FITNESS=0.0189
URDF saved to temp_urdf\being_13012.urdf
Connecting to PyBullet, GUI: False
CreatureEnv Inicijalizacija: 12 motora. OBS_dim=40, frame_skip=1
[Fitness run Gen5Creature6] reward=1.74±0.46  dist=0.06±0.17  upright=0.29±0.10  → FITNESS=0.1078
URDF saved to temp_urdf\being_13012.urdf
Connecting to PyBullet, GUI: False
CreatureEnv Inicijalizacija: 12 motora. OBS_dim=40, frame_skip=1
[Fitness run Gen5Creature8] reward=870.02±434.39  dist=0.00±0.01  upright=0.86±0.31  → FITNESS=0.3567
URDF saved to temp_urdf\being_13012.urdf
Connecting to PyBullet, GUI: False
CreatureEnv Inicijalizacija: 12 motora. OBS_dim=40, frame_skip=1
[Fitness run Gen5Creature9] reward=1.54±0.05  dist=0.14±0.07  upright=0.85±0.29  → FITNESS=0.2763
URDF saved to temp_urdf\being_13012.urdf
Connecting to PyBullet, GUI: False
CreatureEnv Inicijalizacija: 12 motora. OBS_dim=40, frame_skip=1
[Fitness run Gen5Creature10] reward=1002.35±333.84  dist=0.37±0.56  upright=0.92±0.23  → FITNESS=0.3953
URDF saved to temp_urdf\being_13012.urdf
Connecting to PyBullet, GUI: False
CreatureEnv Inicijalizacija: 12 motora. OBS_dim=40, frame_skip=1
[Fitness run Gen5Creature11] reward=1.60±0.07  dist=0.00±0.00  upright=0.01±0.03  → FITNESS=0.0212
URDF saved to temp_urdf\being_13012.urdf
Connecting to PyBullet, GUI: False
CreatureEnv Inicijalizacija: 12 motora. OBS_dim=40, frame_skip=1
[Fitness run Gen5Creature12] reward=957.73±318.87  dist=0.00±0.00  upright=0.95±0.15  → FITNESS=0.3907
URDF saved to temp_urdf\being_13012.urdf
Connecting to PyBullet, GUI: False
CreatureEnv Inicijalizacija: 12 motora. OBS_dim=40, frame_skip=1
[Fitness run Gen5Creature13] reward=1.66±0.01  dist=0.02±0.05  upright=0.17±0.06  → FITNESS=0.0700
URDF saved to temp_urdf\being_13012.urdf
Connecting to PyBullet, GUI: False
CreatureEnv Inicijalizacija: 12 motora. OBS_dim=40, frame_skip=1
[Fitness run Gen5Creature14] reward=1.64±0.00  dist=0.24±0.01  upright=0.00±0.00  → FITNESS=0.0244
URDF saved to temp_urdf\being_13012.urdf
Connecting to PyBullet, GUI: False
CreatureEnv Inicijalizacija: 12 motora. OBS_dim=40, frame_skip=1
[Fitness run Gen5Creature15] reward=1.59±0.09  dist=0.02±0.07  upright=0.02±0.05  → FITNESS=0.0237
URDF saved to temp_urdf\being_13012.urdf
Connecting to PyBullet, GUI: False
CreatureEnv Inicijalizacija: 12 motora. OBS_dim=40, frame_skip=1
[Fitness run Gen5Creature16] reward=807.41±268.59  dist=0.02±0.06  upright=0.90±0.30  → FITNESS=0.3621
URDF saved to temp_urdf\being_13012.urdf
Connecting to PyBullet, GUI: False
CreatureEnv Inicijalizacija: 12 motora. OBS_dim=40, frame_skip=1
[Fitness run Gen5Creature17] reward=1065.30±0.06  dist=0.00±0.00  upright=1.00±0.00  → FITNESS=0.4150
URDF saved to temp_urdf\being_13012.urdf
Connecting to PyBullet, GUI: False
CreatureEnv Inicijalizacija: 12 motora. OBS_dim=40, frame_skip=1
[Fitness run Gen5Creature18] reward=1.66±0.20  dist=0.00±0.00  upright=0.29±0.12  → FITNESS=0.1045
URDF saved to temp_urdf\being_13012.urdf
Connecting to PyBullet, GUI: False
CreatureEnv Inicijalizacija: 12 motora. OBS_dim=40, frame_skip=1
[Fitness run Gen5Creature19] reward=1058.09±0.54  dist=0.01±0.00  upright=1.00±0.00  → FITNESS=0.4145
URDF saved to temp_urdf\being_13012.urdf
Connecting to PyBullet, GUI: False
CreatureEnv Inicijalizacija: 12 motora. OBS_dim=40, frame_skip=1
[Fitness run Gen5Creature20] reward=1.60±0.01  dist=0.01±0.02  upright=0.00±0.00  → FITNESS=0.0185
URDF saved to temp_urdf\being_13012.urdf
Connecting to PyBullet, GUI: False
CreatureEnv Inicijalizacija: 12 motora. OBS_dim=40, frame_skip=1
[Fitness run Gen5Creature21] reward=1.79±0.01  dist=0.00±0.00  upright=0.08±0.04  → FITNESS=0.0416
URDF saved to temp_urdf\being_13012.urdf
Connecting to PyBullet, GUI: False
CreatureEnv Inicijalizacija: 12 motora. OBS_dim=40, frame_skip=1
[Fitness run Gen5Creature22] reward=1.49±0.09  dist=0.00±0.00  upright=0.00±0.00  → FITNESS=0.0183
URDF saved to temp_urdf\being_13012.urdf
Connecting to PyBullet, GUI: False
CreatureEnv Inicijalizacija: 12 motora. OBS_dim=40, frame_skip=1
[Fitness run Gen5Creature23] reward=1.70±0.04  dist=0.94±0.33  upright=0.04±0.11  → FITNESS=0.0526
URDF saved to temp_urdf\being_13012.urdf
Connecting to PyBullet, GUI: False
CreatureEnv Inicijalizacija: 12 motora. OBS_dim=40, frame_skip=1
[Fitness run Gen5Creature24] reward=1.64±0.00  dist=0.00±0.00  upright=0.00±0.00  → FITNESS=0.0183
URDF saved to temp_urdf\being_13012.urdf
Connecting to PyBullet, GUI: False
CreatureEnv Inicijalizacija: 12 motora. OBS_dim=40, frame_skip=1
[Fitness run Gen5Creature25] reward=1.82±0.01  dist=0.00±0.00  upright=0.00±0.00  → FITNESS=0.0183
URDF saved to temp_urdf\being_13012.urdf
Connecting to PyBullet, GUI: False
CreatureEnv Inicijalizacija: 12 motora. OBS_dim=40, frame_skip=1
[Fitness run Gen5Creature26] reward=1.58±0.00  dist=0.11±0.04  upright=0.00±0.00  → FITNESS=0.0210
URDF saved to temp_urdf\being_13012.urdf
Connecting to PyBullet, GUI: False
CreatureEnv Inicijalizacija: 12 motora. OBS_dim=40, frame_skip=1
[Fitness run Gen5Creature27] reward=1.00±0.24  dist=0.39±0.20  upright=0.33±0.11  → FITNESS=0.1268
URDF saved to temp_urdf\being_13012.urdf
Connecting to PyBullet, GUI: False
CreatureEnv Inicijalizacija: 12 motora. OBS_dim=40, frame_skip=1
[Fitness run Gen5Creature28] reward=1.60±0.02  dist=0.05±0.02  upright=0.21±0.05  → FITNESS=0.0824
URDF saved to temp_urdf\being_13012.urdf
Connecting to PyBullet, GUI: False
CreatureEnv Inicijalizacija: 12 motora. OBS_dim=40, frame_skip=1
[Fitness run Gen5Creature29] reward=1.83±0.05  dist=0.00±0.00  upright=0.03±0.01  → FITNESS=0.0280

==================================================
Generacija 5/20  |  Best = 0.4202  |  Mean = 0.1688  |  Std = 0.1631
==================================================
URDF saved to temp_urdf\being_13012.urdf
Connecting to PyBullet, GUI: False
CreatureEnv Inicijalizacija: 12 motora. OBS_dim=40, frame_skip=1
[Fitness run Gen5Creature2] reward=1.65±0.00  dist=0.00±0.00  upright=0.00±0.00  → FITNESS=0.0183
URDF saved to temp_urdf\being_13012.urdf
Connecting to PyBullet, GUI: False
CreatureEnv Inicijalizacija: 12 motora. OBS_dim=40, frame_skip=1
[Fitness run Gen5Creature4] reward=1.63±0.39  dist=0.11±0.34  upright=0.28±0.06  → FITNESS=0.1044
URDF saved to temp_urdf\being_13012.urdf
Connecting to PyBullet, GUI: False
CreatureEnv Inicijalizacija: 12 motora. OBS_dim=40, frame_skip=1
[Fitness run Gen5Creature5] reward=1.78±0.17  dist=0.02±0.04  upright=0.00±0.00  → FITNESS=0.0189
URDF saved to temp_urdf\being_13012.urdf
Connecting to PyBullet, GUI: False
CreatureEnv Inicijalizacija: 12 motora. OBS_dim=40, frame_skip=1
[Fitness run Gen5Creature6] reward=1.74±0.46  dist=0.06±0.17  upright=0.29±0.10  → FITNESS=0.1078
URDF saved to temp_urdf\being_13012.urdf
Connecting to PyBullet, GUI: False
CreatureEnv Inicijalizacija: 12 motora. OBS_dim=40, frame_skip=1
[Fitness run Gen5Creature8] reward=870.02±434.39  dist=0.00±0.01  upright=0.86±0.31  → FITNESS=0.3567
URDF saved to temp_urdf\being_13012.urdf
Connecting to PyBullet, GUI: False
CreatureEnv Inicijalizacija: 12 motora. OBS_dim=40, frame_skip=1
[Fitness run Gen5Creature9] reward=1.54±0.05  dist=0.14±0.07  upright=0.85±0.29  → FITNESS=0.2763
URDF saved to temp_urdf\being_13012.urdf
Connecting to PyBullet, GUI: False
CreatureEnv Inicijalizacija: 12 motora. OBS_dim=40, frame_skip=1
[Fitness run Gen5Creature10] reward=1002.35±333.84  dist=0.37±0.56  upright=0.92±0.23  → FITNESS=0.3953
URDF saved to temp_urdf\being_13012.urdf
Connecting to PyBullet, GUI: False
CreatureEnv Inicijalizacija: 12 motora. OBS_dim=40, frame_skip=1
[Fitness run Gen5Creature11] reward=1.60±0.07  dist=0.00±0.00  upright=0.01±0.03  → FITNESS=0.0212
URDF saved to temp_urdf\being_13012.urdf
Connecting to PyBullet, GUI: False
CreatureEnv Inicijalizacija: 12 motora. OBS_dim=40, frame_skip=1
[Fitness run Gen5Creature12] reward=957.73±318.87  dist=0.00±0.00  upright=0.95±0.15  → FITNESS=0.3907
URDF saved to temp_urdf\being_13012.urdf
Connecting to PyBullet, GUI: False
CreatureEnv Inicijalizacija: 12 motora. OBS_dim=40, frame_skip=1
[Fitness run Gen5Creature13] reward=1.66±0.01  dist=0.02±0.05  upright=0.17±0.06  → FITNESS=0.0700
URDF saved to temp_urdf\being_13012.urdf
Connecting to PyBullet, GUI: False
CreatureEnv Inicijalizacija: 12 motora. OBS_dim=40, frame_skip=1
[Fitness run Gen5Creature14] reward=1.64±0.00  dist=0.24±0.01  upright=0.00±0.00  → FITNESS=0.0244
URDF saved to temp_urdf\being_13012.urdf
Connecting to PyBullet, GUI: False
CreatureEnv Inicijalizacija: 12 motora. OBS_dim=40, frame_skip=1
[Fitness run Gen5Creature15] reward=1.59±0.09  dist=0.02±0.07  upright=0.02±0.05  → FITNESS=0.0237
URDF saved to temp_urdf\being_13012.urdf
Connecting to PyBullet, GUI: False
CreatureEnv Inicijalizacija: 12 motora. OBS_dim=40, frame_skip=1
[Fitness run Gen5Creature16] reward=807.41±268.59  dist=0.02±0.06  upright=0.90±0.30  → FITNESS=0.3621
URDF saved to temp_urdf\being_13012.urdf
Connecting to PyBullet, GUI: False
CreatureEnv Inicijalizacija: 12 motora. OBS_dim=40, frame_skip=1
[Fitness run Gen5Creature17] reward=1065.30±0.06  dist=0.00±0.00  upright=1.00±0.00  → FITNESS=0.4150
URDF saved to temp_urdf\being_13012.urdf
Connecting to PyBullet, GUI: False
CreatureEnv Inicijalizacija: 12 motora. OBS_dim=40, frame_skip=1
[Fitness run Gen5Creature18] reward=1.66±0.20  dist=0.00±0.00  upright=0.29±0.12  → FITNESS=0.1045
URDF saved to temp_urdf\being_13012.urdf
Connecting to PyBullet, GUI: False
CreatureEnv Inicijalizacija: 12 motora. OBS_dim=40, frame_skip=1
[Fitness run Gen5Creature19] reward=1058.09±0.54  dist=0.01±0.00  upright=1.00±0.00  → FITNESS=0.4145
URDF saved to temp_urdf\being_13012.urdf
Connecting to PyBullet, GUI: False
CreatureEnv Inicijalizacija: 12 motora. OBS_dim=40, frame_skip=1
[Fitness run Gen5Creature20] reward=1.60±0.01  dist=0.01±0.02  upright=0.00±0.00  → FITNESS=0.0185
URDF saved to temp_urdf\being_13012.urdf
Connecting to PyBullet, GUI: False
CreatureEnv Inicijalizacija: 12 motora. OBS_dim=40, frame_skip=1
[Fitness run Gen5Creature21] reward=1.79±0.01  dist=0.00±0.00  upright=0.08±0.04  → FITNESS=0.0416
URDF saved to temp_urdf\being_13012.urdf
Connecting to PyBullet, GUI: False
CreatureEnv Inicijalizacija: 12 motora. OBS_dim=40, frame_skip=1
[Fitness run Gen5Creature22] reward=1.49±0.09  dist=0.00±0.00  upright=0.00±0.00  → FITNESS=0.0183
URDF saved to temp_urdf\being_13012.urdf
Connecting to PyBullet, GUI: False
CreatureEnv Inicijalizacija: 12 motora. OBS_dim=40, frame_skip=1
[Fitness run Gen5Creature23] reward=1.70±0.04  dist=0.94±0.33  upright=0.04±0.11  → FITNESS=0.0526
URDF saved to temp_urdf\being_13012.urdf
Connecting to PyBullet, GUI: False
CreatureEnv Inicijalizacija: 12 motora. OBS_dim=40, frame_skip=1
[Fitness run Gen5Creature24] reward=1.64±0.00  dist=0.00±0.00  upright=0.00±0.00  → FITNESS=0.0183
URDF saved to temp_urdf\being_13012.urdf
Connecting to PyBullet, GUI: False
CreatureEnv Inicijalizacija: 12 motora. OBS_dim=40, frame_skip=1
[Fitness run Gen5Creature25] reward=1.82±0.01  dist=0.00±0.00  upright=0.00±0.00  → FITNESS=0.0183
URDF saved to temp_urdf\being_13012.urdf
Connecting to PyBullet, GUI: False
CreatureEnv Inicijalizacija: 12 motora. OBS_dim=40, frame_skip=1
[Fitness run Gen5Creature26] reward=1.58±0.00  dist=0.11±0.04  upright=0.00±0.00  → FITNESS=0.0210
URDF saved to temp_urdf\being_13012.urdf
Connecting to PyBullet, GUI: False
CreatureEnv Inicijalizacija: 12 motora. OBS_dim=40, frame_skip=1
[Fitness run Gen5Creature27] reward=1.00±0.24  dist=0.39±0.20  upright=0.33±0.11  → FITNESS=0.1268
URDF saved to temp_urdf\being_13012.urdf
Connecting to PyBullet, GUI: False
CreatureEnv Inicijalizacija: 12 motora. OBS_dim=40, frame_skip=1
[Fitness run Gen5Creature28] reward=1.60±0.02  dist=0.05±0.02  upright=0.21±0.05  → FITNESS=0.0824
URDF saved to temp_urdf\being_13012.urdf
Connecting to PyBullet, GUI: False
CreatureEnv Inicijalizacija: 12 motora. OBS_dim=40, frame_skip=1
[Fitness run Gen5Creature29] reward=1.83±0.05  dist=0.00±0.00  upright=0.03±0.01  → FITNESS=0.0280
Genome saved to results\distanceBased500Steps5DifferentSeeds\run_5\run_5_best_creature.json
[plot] Summary saved → results\distanceBased500Steps5DifferentSeeds\run_5\run_5_summary.png
URDF saved to temp_urdf\being_13012.urdf
Connecting to PyBullet, GUI: False
CreatureEnv Inicijalizacija: 12 motora. OBS_dim=40, frame_skip=1
[Fitness run Gen6Creature2] reward=1.57±0.01  dist=0.00±0.01  upright=0.00±0.00  → FITNESS=0.0184
URDF saved to temp_urdf\being_13012.urdf
Connecting to PyBullet, GUI: False
CreatureEnv Inicijalizacija: 12 motora. OBS_dim=40, frame_skip=1
[Fitness run Gen6Creature3] reward=966.99±321.76  dist=0.00±0.00  upright=0.90±0.30  → FITNESS=0.3761
URDF saved to temp_urdf\being_13012.urdf
Connecting to PyBullet, GUI: False
CreatureEnv Inicijalizacija: 12 motora. OBS_dim=40, frame_skip=1
[Fitness run Gen6Creature4] reward=0.26±0.05  dist=1.03±0.24  upright=0.00±0.01  → FITNESS=0.0448
URDF saved to temp_urdf\being_13012.urdf
Connecting to PyBullet, GUI: False
CreatureEnv Inicijalizacija: 12 motora. OBS_dim=40, frame_skip=1
[Fitness run Gen6Creature5] reward=1.72±0.13  dist=0.07±0.21  upright=0.01±0.01  → FITNESS=0.0220
URDF saved to temp_urdf\being_13012.urdf
Connecting to PyBullet, GUI: False
CreatureEnv Inicijalizacija: 12 motora. OBS_dim=40, frame_skip=1
[Fitness run Gen6Creature6] reward=1.51±0.19  dist=0.00±0.00  upright=0.02±0.06  → FITNESS=0.0241
URDF saved to temp_urdf\being_13012.urdf
Connecting to PyBullet, GUI: False
CreatureEnv Inicijalizacija: 12 motora. OBS_dim=40, frame_skip=1
[Fitness run Gen6Creature7] reward=973.70±324.02  dist=0.00±0.00  upright=0.93±0.22  → FITNESS=0.3845
URDF saved to temp_urdf\being_13012.urdf
Connecting to PyBullet, GUI: False
CreatureEnv Inicijalizacija: 12 motora. OBS_dim=40, frame_skip=1
[Fitness run Gen6Creature8] reward=978.33±325.76  dist=0.02±0.01  upright=0.90±0.30  → FITNESS=0.3775
URDF saved to temp_urdf\being_13012.urdf
Connecting to PyBullet, GUI: False
CreatureEnv Inicijalizacija: 12 motora. OBS_dim=40, frame_skip=1
[Fitness run Gen6Creature9] reward=1.55±0.33  dist=0.00±0.00  upright=0.24±0.05  → FITNESS=0.0909
URDF saved to temp_urdf\being_13012.urdf
Connecting to PyBullet, GUI: False
CreatureEnv Inicijalizacija: 12 motora. OBS_dim=40, frame_skip=1
[Fitness run Gen6Creature10] reward=978.48±325.69  dist=0.00±0.01  upright=0.94±0.17  → FITNESS=0.3898
URDF saved to temp_urdf\being_13012.urdf
Connecting to PyBullet, GUI: False
CreatureEnv Inicijalizacija: 12 motora. OBS_dim=40, frame_skip=1
[Fitness run Gen6Creature11] reward=324.49±493.32  dist=0.01±0.02  upright=0.63±0.33  → FITNESS=0.2358
URDF saved to temp_urdf\being_13012.urdf
Connecting to PyBullet, GUI: False
CreatureEnv Inicijalizacija: 12 motora. OBS_dim=40, frame_skip=1
[Fitness run Gen6Creature12] reward=426.47±521.21  dist=0.31±0.60  upright=0.68±0.27  → FITNESS=0.2690
URDF saved to temp_urdf\being_13012.urdf
Connecting to PyBullet, GUI: False
CreatureEnv Inicijalizacija: 12 motora. OBS_dim=40, frame_skip=1
[Fitness run Gen6Creature13] reward=1.61±0.00  dist=0.00±0.00  upright=0.01±0.03  → FITNESS=0.0212
URDF saved to temp_urdf\being_13012.urdf
Connecting to PyBullet, GUI: False
CreatureEnv Inicijalizacija: 12 motora. OBS_dim=40, frame_skip=1
[Fitness run Gen6Creature14] reward=0.41±0.09  dist=0.19±0.05  upright=0.00±0.00  → FITNESS=0.0230
URDF saved to temp_urdf\being_13012.urdf
Connecting to PyBullet, GUI: False
CreatureEnv Inicijalizacija: 12 motora. OBS_dim=40, frame_skip=1
[Fitness run Gen6Creature15] reward=1.54±0.02  dist=0.11±0.30  upright=0.00±0.01  → FITNESS=0.0219
URDF saved to temp_urdf\being_13012.urdf
Connecting to PyBullet, GUI: False
CreatureEnv Inicijalizacija: 12 motora. OBS_dim=40, frame_skip=1
[Fitness run Gen6Creature16] reward=109.28±323.06  dist=0.00±0.01  upright=0.30±0.25  → FITNESS=0.1172
URDF saved to temp_urdf\being_13012.urdf
Connecting to PyBullet, GUI: False
CreatureEnv Inicijalizacija: 12 motora. OBS_dim=40, frame_skip=1
[Fitness run Gen6Creature17] reward=990.66±329.96  dist=0.01±0.01  upright=0.92±0.25  → FITNESS=0.3833
URDF saved to temp_urdf\being_13012.urdf
Connecting to PyBullet, GUI: False
CreatureEnv Inicijalizacija: 12 motora. OBS_dim=40, frame_skip=1
[Fitness run Gen6Creature18] reward=1.69±0.01  dist=0.00±0.00  upright=0.00±0.01  → FITNESS=0.0193
URDF saved to temp_urdf\being_13012.urdf
Connecting to PyBullet, GUI: False
CreatureEnv Inicijalizacija: 12 motora. OBS_dim=40, frame_skip=1
[Fitness run Gen6Creature19] reward=978.09±325.51  dist=0.04±0.02  upright=0.94±0.19  → FITNESS=0.3888
URDF saved to temp_urdf\being_13012.urdf
Connecting to PyBullet, GUI: False
CreatureEnv Inicijalizacija: 12 motora. OBS_dim=40, frame_skip=1
[Fitness run Gen6Creature20] reward=1.62±0.01  dist=0.00±0.00  upright=0.02±0.06  → FITNESS=0.0241
URDF saved to temp_urdf\being_13012.urdf
Connecting to PyBullet, GUI: False
CreatureEnv Inicijalizacija: 12 motora. OBS_dim=40, frame_skip=1
[Fitness run Gen6Creature21] reward=728.33±474.05  dist=0.02±0.01  upright=0.87±0.30  → FITNESS=0.3453
URDF saved to temp_urdf\being_13012.urdf
Connecting to PyBullet, GUI: False
CreatureEnv Inicijalizacija: 12 motora. OBS_dim=40, frame_skip=1
[Fitness run Gen6Creature22] reward=1.60±0.00  dist=0.06±0.02  upright=0.00±0.00  → FITNESS=0.0197
URDF saved to temp_urdf\being_13012.urdf
Connecting to PyBullet, GUI: False
CreatureEnv Inicijalizacija: 12 motora. OBS_dim=40, frame_skip=1
[Fitness run Gen6Creature23] reward=4.91±10.37  dist=0.09±0.06  upright=0.73±0.20  → FITNESS=0.2408
URDF saved to temp_urdf\being_13012.urdf
Connecting to PyBullet, GUI: False
CreatureEnv Inicijalizacija: 12 motora. OBS_dim=40, frame_skip=1
[Fitness run Gen6Creature24] reward=1.62±0.01  dist=0.00±0.00  upright=0.00±0.00  → FITNESS=0.0183
URDF saved to temp_urdf\being_13012.urdf
Connecting to PyBullet, GUI: False
CreatureEnv Inicijalizacija: 12 motora. OBS_dim=40, frame_skip=1
[Fitness run Gen6Creature25] reward=1.68±0.04  dist=0.00±0.00  upright=0.00±0.00  → FITNESS=0.0183
URDF saved to temp_urdf\being_13012.urdf
Connecting to PyBullet, GUI: False
CreatureEnv Inicijalizacija: 12 motora. OBS_dim=40, frame_skip=1
[Fitness run Gen6Creature26] reward=1.50±0.25  dist=0.00±0.00  upright=0.00±0.00  → FITNESS=0.0183
URDF saved to temp_urdf\being_13012.urdf
Connecting to PyBullet, GUI: False
CreatureEnv Inicijalizacija: 12 motora. OBS_dim=40, frame_skip=1
[Fitness run Gen6Creature27] reward=1.65±0.02  dist=0.00±0.00  upright=0.10±0.10  → FITNESS=0.0474
URDF saved to temp_urdf\being_13012.urdf
Connecting to PyBullet, GUI: False
CreatureEnv Inicijalizacija: 12 motora. OBS_dim=40, frame_skip=1
[Fitness run Gen6Creature28] reward=900.28±299.38  dist=0.02±0.02  upright=1.00±0.00  → FITNESS=0.4004
URDF saved to temp_urdf\being_13012.urdf
Connecting to PyBullet, GUI: False
CreatureEnv Inicijalizacija: 12 motora. OBS_dim=40, frame_skip=1
[Fitness run Gen6Creature29] reward=1.60±0.00  dist=0.00±0.00  upright=0.00±0.00  → FITNESS=0.0183

==================================================
Generacija 6/20  |  Best = 0.4202  |  Mean = 0.1731  |  Std = 0.1662
==================================================
URDF saved to temp_urdf\being_13012.urdf
Connecting to PyBullet, GUI: False
CreatureEnv Inicijalizacija: 12 motora. OBS_dim=40, frame_skip=1
[Fitness run Gen6Creature2] reward=1.57±0.01  dist=0.00±0.01  upright=0.00±0.00  → FITNESS=0.0184
URDF saved to temp_urdf\being_13012.urdf
Connecting to PyBullet, GUI: False
CreatureEnv Inicijalizacija: 12 motora. OBS_dim=40, frame_skip=1
[Fitness run Gen6Creature3] reward=966.99±321.76  dist=0.00±0.00  upright=0.90±0.30  → FITNESS=0.3761
URDF saved to temp_urdf\being_13012.urdf
Connecting to PyBullet, GUI: False
CreatureEnv Inicijalizacija: 12 motora. OBS_dim=40, frame_skip=1
[Fitness run Gen6Creature4] reward=0.26±0.05  dist=1.03±0.24  upright=0.00±0.01  → FITNESS=0.0448
URDF saved to temp_urdf\being_13012.urdf
Connecting to PyBullet, GUI: False
CreatureEnv Inicijalizacija: 12 motora. OBS_dim=40, frame_skip=1
[Fitness run Gen6Creature5] reward=1.72±0.13  dist=0.07±0.21  upright=0.01±0.01  → FITNESS=0.0220
URDF saved to temp_urdf\being_13012.urdf
Connecting to PyBullet, GUI: False
CreatureEnv Inicijalizacija: 12 motora. OBS_dim=40, frame_skip=1
[Fitness run Gen6Creature6] reward=1.51±0.19  dist=0.00±0.00  upright=0.02±0.06  → FITNESS=0.0241
URDF saved to temp_urdf\being_13012.urdf
Connecting to PyBullet, GUI: False
CreatureEnv Inicijalizacija: 12 motora. OBS_dim=40, frame_skip=1
[Fitness run Gen6Creature7] reward=973.70±324.02  dist=0.00±0.00  upright=0.93±0.22  → FITNESS=0.3845
URDF saved to temp_urdf\being_13012.urdf
Connecting to PyBullet, GUI: False
CreatureEnv Inicijalizacija: 12 motora. OBS_dim=40, frame_skip=1
[Fitness run Gen6Creature8] reward=978.33±325.76  dist=0.02±0.01  upright=0.90±0.30  → FITNESS=0.3775
URDF saved to temp_urdf\being_13012.urdf
Connecting to PyBullet, GUI: False
CreatureEnv Inicijalizacija: 12 motora. OBS_dim=40, frame_skip=1
[Fitness run Gen6Creature9] reward=1.55±0.33  dist=0.00±0.00  upright=0.24±0.05  → FITNESS=0.0909
URDF saved to temp_urdf\being_13012.urdf
Connecting to PyBullet, GUI: False
CreatureEnv Inicijalizacija: 12 motora. OBS_dim=40, frame_skip=1
[Fitness run Gen6Creature10] reward=978.48±325.69  dist=0.00±0.01  upright=0.94±0.17  → FITNESS=0.3898
URDF saved to temp_urdf\being_13012.urdf
Connecting to PyBullet, GUI: False
CreatureEnv Inicijalizacija: 12 motora. OBS_dim=40, frame_skip=1
[Fitness run Gen6Creature11] reward=324.49±493.32  dist=0.01±0.02  upright=0.63±0.33  → FITNESS=0.2358
URDF saved to temp_urdf\being_13012.urdf
Connecting to PyBullet, GUI: False
CreatureEnv Inicijalizacija: 12 motora. OBS_dim=40, frame_skip=1
[Fitness run Gen6Creature12] reward=426.47±521.21  dist=0.31±0.60  upright=0.68±0.27  → FITNESS=0.2690
URDF saved to temp_urdf\being_13012.urdf
Connecting to PyBullet, GUI: False
CreatureEnv Inicijalizacija: 12 motora. OBS_dim=40, frame_skip=1
[Fitness run Gen6Creature13] reward=1.61±0.00  dist=0.00±0.00  upright=0.01±0.03  → FITNESS=0.0212
URDF saved to temp_urdf\being_13012.urdf
Connecting to PyBullet, GUI: False
CreatureEnv Inicijalizacija: 12 motora. OBS_dim=40, frame_skip=1
[Fitness run Gen6Creature14] reward=0.41±0.09  dist=0.19±0.05  upright=0.00±0.00  → FITNESS=0.0230
URDF saved to temp_urdf\being_13012.urdf
Connecting to PyBullet, GUI: False
CreatureEnv Inicijalizacija: 12 motora. OBS_dim=40, frame_skip=1
[Fitness run Gen6Creature15] reward=1.54±0.02  dist=0.11±0.30  upright=0.00±0.01  → FITNESS=0.0219
URDF saved to temp_urdf\being_13012.urdf
Connecting to PyBullet, GUI: False
CreatureEnv Inicijalizacija: 12 motora. OBS_dim=40, frame_skip=1
[Fitness run Gen6Creature16] reward=109.28±323.06  dist=0.00±0.01  upright=0.30±0.25  → FITNESS=0.1172
URDF saved to temp_urdf\being_13012.urdf
Connecting to PyBullet, GUI: False
CreatureEnv Inicijalizacija: 12 motora. OBS_dim=40, frame_skip=1
[Fitness run Gen6Creature17] reward=990.66±329.96  dist=0.01±0.01  upright=0.92±0.25  → FITNESS=0.3833
URDF saved to temp_urdf\being_13012.urdf
Connecting to PyBullet, GUI: False
CreatureEnv Inicijalizacija: 12 motora. OBS_dim=40, frame_skip=1
[Fitness run Gen6Creature18] reward=1.69±0.01  dist=0.00±0.00  upright=0.00±0.01  → FITNESS=0.0193
URDF saved to temp_urdf\being_13012.urdf
Connecting to PyBullet, GUI: False
CreatureEnv Inicijalizacija: 12 motora. OBS_dim=40, frame_skip=1
[Fitness run Gen6Creature19] reward=978.09±325.51  dist=0.04±0.02  upright=0.94±0.19  → FITNESS=0.3888
URDF saved to temp_urdf\being_13012.urdf
Connecting to PyBullet, GUI: False
CreatureEnv Inicijalizacija: 12 motora. OBS_dim=40, frame_skip=1
[Fitness run Gen6Creature20] reward=1.62±0.01  dist=0.00±0.00  upright=0.02±0.06  → FITNESS=0.0241
URDF saved to temp_urdf\being_13012.urdf
Connecting to PyBullet, GUI: False
CreatureEnv Inicijalizacija: 12 motora. OBS_dim=40, frame_skip=1
[Fitness run Gen6Creature21] reward=728.33±474.05  dist=0.02±0.01  upright=0.87±0.30  → FITNESS=0.3453
URDF saved to temp_urdf\being_13012.urdf
Connecting to PyBullet, GUI: False
CreatureEnv Inicijalizacija: 12 motora. OBS_dim=40, frame_skip=1
[Fitness run Gen6Creature22] reward=1.60±0.00  dist=0.06±0.02  upright=0.00±0.00  → FITNESS=0.0197
URDF saved to temp_urdf\being_13012.urdf
Connecting to PyBullet, GUI: False
CreatureEnv Inicijalizacija: 12 motora. OBS_dim=40, frame_skip=1
[Fitness run Gen6Creature23] reward=4.91±10.37  dist=0.09±0.06  upright=0.73±0.20  → FITNESS=0.2408
URDF saved to temp_urdf\being_13012.urdf
Connecting to PyBullet, GUI: False
CreatureEnv Inicijalizacija: 12 motora. OBS_dim=40, frame_skip=1
[Fitness run Gen6Creature24] reward=1.62±0.01  dist=0.00±0.00  upright=0.00±0.00  → FITNESS=0.0183
URDF saved to temp_urdf\being_13012.urdf
Connecting to PyBullet, GUI: False
CreatureEnv Inicijalizacija: 12 motora. OBS_dim=40, frame_skip=1
[Fitness run Gen6Creature25] reward=1.68±0.04  dist=0.00±0.00  upright=0.00±0.00  → FITNESS=0.0183
URDF saved to temp_urdf\being_13012.urdf
Connecting to PyBullet, GUI: False
CreatureEnv Inicijalizacija: 12 motora. OBS_dim=40, frame_skip=1
[Fitness run Gen6Creature26] reward=1.50±0.25  dist=0.00±0.00  upright=0.00±0.00  → FITNESS=0.0183
URDF saved to temp_urdf\being_13012.urdf
Connecting to PyBullet, GUI: False
CreatureEnv Inicijalizacija: 12 motora. OBS_dim=40, frame_skip=1
[Fitness run Gen6Creature27] reward=1.65±0.02  dist=0.00±0.00  upright=0.10±0.10  → FITNESS=0.0474
URDF saved to temp_urdf\being_13012.urdf
Connecting to PyBullet, GUI: False
CreatureEnv Inicijalizacija: 12 motora. OBS_dim=40, frame_skip=1
[Fitness run Gen6Creature28] reward=900.28±299.38  dist=0.02±0.02  upright=1.00±0.00  → FITNESS=0.4004
URDF saved to temp_urdf\being_13012.urdf
Connecting to PyBullet, GUI: False
CreatureEnv Inicijalizacija: 12 motora. OBS_dim=40, frame_skip=1
[Fitness run Gen6Creature29] reward=1.60±0.00  dist=0.00±0.00  upright=0.00±0.00  → FITNESS=0.0183
Genome saved to results\distanceBased500Steps5DifferentSeeds\run_5\run_5_best_creature.json
[plot] Summary saved → results\distanceBased500Steps5DifferentSeeds\run_5\run_5_summary.png
URDF saved to temp_urdf\being_13012.urdf
Connecting to PyBullet, GUI: False
CreatureEnv Inicijalizacija: 12 motora. OBS_dim=40, frame_skip=1
[Fitness run Gen7Creature2] reward=1.70±0.00  dist=0.00±0.00  upright=0.00±0.00  → FITNESS=0.0183
URDF saved to temp_urdf\being_13012.urdf
Connecting to PyBullet, GUI: False
CreatureEnv Inicijalizacija: 12 motora. OBS_dim=40, frame_skip=1
[Fitness run Gen7Creature3] reward=1.29±0.06  dist=0.48±0.17  upright=0.04±0.01  → FITNESS=0.0409
URDF saved to temp_urdf\being_13012.urdf
Connecting to PyBullet, GUI: False
CreatureEnv Inicijalizacija: 12 motora. OBS_dim=40, frame_skip=1
[Fitness run Gen7Creature4] reward=1.43±0.01  dist=0.00±0.00  upright=0.05±0.05  → FITNESS=0.0328
URDF saved to temp_urdf\being_13012.urdf
Connecting to PyBullet, GUI: False
CreatureEnv Inicijalizacija: 12 motora. OBS_dim=40, frame_skip=1
[Fitness run Gen7Creature5] reward=0.89±0.20  dist=0.00±0.00  upright=0.03±0.10  → FITNESS=0.0279
URDF saved to temp_urdf\being_13012.urdf
Connecting to PyBullet, GUI: False
CreatureEnv Inicijalizacija: 12 motora. OBS_dim=40, frame_skip=1
[Fitness run Gen7Creature6] reward=1.59±0.01  dist=0.08±0.24  upright=0.02±0.07  → FITNESS=0.0271
URDF saved to temp_urdf\being_13012.urdf
Connecting to PyBullet, GUI: False
CreatureEnv Inicijalizacija: 12 motora. OBS_dim=40, frame_skip=1
[Fitness run Gen7Creature7] reward=1.95±1.47  dist=0.10±0.04  upright=0.50±0.22  → FITNESS=0.1718
URDF saved to temp_urdf\being_13012.urdf
Connecting to PyBullet, GUI: False
CreatureEnv Inicijalizacija: 12 motora. OBS_dim=40, frame_skip=1
[Fitness run Gen7Creature8] reward=980.16±326.36  dist=0.00±0.00  upright=0.91±0.26  → FITNESS=0.3812
URDF saved to temp_urdf\being_13012.urdf
Connecting to PyBullet, GUI: False
CreatureEnv Inicijalizacija: 12 motora. OBS_dim=40, frame_skip=1
[Fitness run Gen7Creature9] reward=1.69±0.07  dist=0.02±0.03  upright=0.02±0.05  → FITNESS=0.0238
URDF saved to temp_urdf\being_13012.urdf
Connecting to PyBullet, GUI: False
CreatureEnv Inicijalizacija: 12 motora. OBS_dim=40, frame_skip=1
[Fitness run Gen7Creature10] reward=975.19±324.72  dist=0.29±0.31  upright=0.91±0.27  → FITNESS=0.3870
URDF saved to temp_urdf\being_13012.urdf
Connecting to PyBullet, GUI: False
CreatureEnv Inicijalizacija: 12 motora. OBS_dim=40, frame_skip=1
[Fitness run Gen7Creature11] reward=1.64±0.00  dist=0.07±0.02  upright=0.00±0.00  → FITNESS=0.0201
URDF saved to temp_urdf\being_13012.urdf
Connecting to PyBullet, GUI: False
CreatureEnv Inicijalizacija: 12 motora. OBS_dim=40, frame_skip=1
[Fitness run Gen7Creature13] reward=991.67±330.19  dist=0.01±0.02  upright=0.94±0.19  → FITNESS=0.3891
URDF saved to temp_urdf\being_13012.urdf
Connecting to PyBullet, GUI: False
CreatureEnv Inicijalizacija: 12 motora. OBS_dim=40, frame_skip=1
[Fitness run Gen7Creature14] reward=1.60±0.01  dist=0.00±0.00  upright=0.01±0.04  → FITNESS=0.0222
URDF saved to temp_urdf\being_13012.urdf
Connecting to PyBullet, GUI: False
CreatureEnv Inicijalizacija: 12 motora. OBS_dim=40, frame_skip=1
[Fitness run Gen7Creature15] reward=1.57±0.01  dist=0.33±0.11  upright=0.00±0.00  → FITNESS=0.0265
URDF saved to temp_urdf\being_13012.urdf
Connecting to PyBullet, GUI: False
CreatureEnv Inicijalizacija: 12 motora. OBS_dim=40, frame_skip=1
[Fitness run Gen7Creature16] reward=987.89±329.04  dist=0.18±0.09  upright=0.94±0.18  → FITNESS=0.3940
URDF saved to temp_urdf\being_13012.urdf
Connecting to PyBullet, GUI: False
CreatureEnv Inicijalizacija: 12 motora. OBS_dim=40, frame_skip=1
[Fitness run Gen7Creature17] reward=886.59±442.62  dist=0.20±0.09  upright=0.85±0.31  → FITNESS=0.3582
URDF saved to temp_urdf\being_13012.urdf
Connecting to PyBullet, GUI: False
CreatureEnv Inicijalizacija: 12 motora. OBS_dim=40, frame_skip=1
[Fitness run Gen7Creature18] reward=1.67±0.00  dist=0.00±0.00  upright=0.00±0.00  → FITNESS=0.0183
URDF saved to temp_urdf\being_13012.urdf
Connecting to PyBullet, GUI: False
CreatureEnv Inicijalizacija: 12 motora. OBS_dim=40, frame_skip=1
[Fitness run Gen7Creature19] reward=952.23±316.82  dist=0.07±0.08  upright=0.96±0.12  → FITNESS=0.3948
URDF saved to temp_urdf\being_13012.urdf
Connecting to PyBullet, GUI: False
CreatureEnv Inicijalizacija: 12 motora. OBS_dim=40, frame_skip=1
[Fitness run Gen7Creature20] reward=1.61±0.00  dist=0.00±0.00  upright=0.00±0.01  → FITNESS=0.0193
URDF saved to temp_urdf\being_13012.urdf
Connecting to PyBullet, GUI: False
CreatureEnv Inicijalizacija: 12 motora. OBS_dim=40, frame_skip=1
[Fitness run Gen7Creature21] reward=1.58±0.08  dist=0.19±0.06  upright=0.00±0.00  → FITNESS=0.0230
URDF saved to temp_urdf\being_13012.urdf
Connecting to PyBullet, GUI: False
CreatureEnv Inicijalizacija: 12 motora. OBS_dim=40, frame_skip=1
[Fitness run Gen7Creature22] reward=1.67±0.10  dist=0.00±0.00  upright=0.04±0.02  → FITNESS=0.0299
URDF saved to temp_urdf\being_13012.urdf
Connecting to PyBullet, GUI: False
CreatureEnv Inicijalizacija: 12 motora. OBS_dim=40, frame_skip=1
[Fitness run Gen7Creature23] reward=914.42±304.25  dist=0.04±0.05  upright=0.94±0.18  → FITNESS=0.3839
URDF saved to temp_urdf\being_13012.urdf
Connecting to PyBullet, GUI: False
CreatureEnv Inicijalizacija: 12 motora. OBS_dim=40, frame_skip=1
[Fitness run Gen7Creature24] reward=1.58±0.00  dist=0.03±0.01  upright=0.00±0.00  → FITNESS=0.0191
URDF saved to temp_urdf\being_13012.urdf
Connecting to PyBullet, GUI: False
CreatureEnv Inicijalizacija: 12 motora. OBS_dim=40, frame_skip=1
[Fitness run Gen7Creature25] reward=1.81±0.03  dist=0.00±0.00  upright=0.03±0.09  → FITNESS=0.0271
URDF saved to temp_urdf\being_13012.urdf
Connecting to PyBullet, GUI: False
CreatureEnv Inicijalizacija: 12 motora. OBS_dim=40, frame_skip=1
[Fitness run Gen7Creature26] reward=1.50±0.26  dist=0.00±0.00  upright=0.00±0.00  → FITNESS=0.0183
URDF saved to temp_urdf\being_13012.urdf
Connecting to PyBullet, GUI: False
CreatureEnv Inicijalizacija: 12 motora. OBS_dim=40, frame_skip=1
[Fitness run Gen7Creature27] reward=1.19±0.21  dist=0.10±0.05  upright=0.48±0.03  → FITNESS=0.1650
URDF saved to temp_urdf\being_13012.urdf
Connecting to PyBullet, GUI: False
CreatureEnv Inicijalizacija: 12 motora. OBS_dim=40, frame_skip=1
[Fitness run Gen7Creature28] reward=979.94±326.10  dist=0.02±0.01  upright=0.92±0.23  → FITNESS=0.3845
URDF saved to temp_urdf\being_13012.urdf
Connecting to PyBullet, GUI: False
CreatureEnv Inicijalizacija: 12 motora. OBS_dim=40, frame_skip=1
[Fitness run Gen7Creature29] reward=1.66±0.00  dist=0.00±0.00  upright=0.00±0.01  → FITNESS=0.0193

==================================================
Generacija 7/20  |  Best = 0.4202  |  Mean = 0.1643  |  Std = 0.1693
==================================================
URDF saved to temp_urdf\being_13012.urdf
Connecting to PyBullet, GUI: False
CreatureEnv Inicijalizacija: 12 motora. OBS_dim=40, frame_skip=1
[Fitness run Gen7Creature2] reward=1.70±0.00  dist=0.00±0.00  upright=0.00±0.00  → FITNESS=0.0183
URDF saved to temp_urdf\being_13012.urdf
Connecting to PyBullet, GUI: False
CreatureEnv Inicijalizacija: 12 motora. OBS_dim=40, frame_skip=1
[Fitness run Gen7Creature3] reward=1.29±0.06  dist=0.48±0.17  upright=0.04±0.01  → FITNESS=0.0409
URDF saved to temp_urdf\being_13012.urdf
Connecting to PyBullet, GUI: False
CreatureEnv Inicijalizacija: 12 motora. OBS_dim=40, frame_skip=1
[Fitness run Gen7Creature4] reward=1.43±0.01  dist=0.00±0.00  upright=0.05±0.05  → FITNESS=0.0328
URDF saved to temp_urdf\being_13012.urdf
Connecting to PyBullet, GUI: False
CreatureEnv Inicijalizacija: 12 motora. OBS_dim=40, frame_skip=1
[Fitness run Gen7Creature5] reward=0.89±0.20  dist=0.00±0.00  upright=0.03±0.10  → FITNESS=0.0279
URDF saved to temp_urdf\being_13012.urdf
Connecting to PyBullet, GUI: False
CreatureEnv Inicijalizacija: 12 motora. OBS_dim=40, frame_skip=1
[Fitness run Gen7Creature6] reward=1.59±0.01  dist=0.08±0.24  upright=0.02±0.07  → FITNESS=0.0271
URDF saved to temp_urdf\being_13012.urdf
Connecting to PyBullet, GUI: False
CreatureEnv Inicijalizacija: 12 motora. OBS_dim=40, frame_skip=1
[Fitness run Gen7Creature7] reward=1.95±1.47  dist=0.10±0.04  upright=0.50±0.22  → FITNESS=0.1718
URDF saved to temp_urdf\being_13012.urdf
Connecting to PyBullet, GUI: False
CreatureEnv Inicijalizacija: 12 motora. OBS_dim=40, frame_skip=1
[Fitness run Gen7Creature8] reward=980.16±326.36  dist=0.00±0.00  upright=0.91±0.26  → FITNESS=0.3812
URDF saved to temp_urdf\being_13012.urdf
Connecting to PyBullet, GUI: False
CreatureEnv Inicijalizacija: 12 motora. OBS_dim=40, frame_skip=1
[Fitness run Gen7Creature9] reward=1.69±0.07  dist=0.02±0.03  upright=0.02±0.05  → FITNESS=0.0238
URDF saved to temp_urdf\being_13012.urdf
Connecting to PyBullet, GUI: False
CreatureEnv Inicijalizacija: 12 motora. OBS_dim=40, frame_skip=1
[Fitness run Gen7Creature10] reward=975.19±324.72  dist=0.29±0.31  upright=0.91±0.27  → FITNESS=0.3870
URDF saved to temp_urdf\being_13012.urdf
Connecting to PyBullet, GUI: False
CreatureEnv Inicijalizacija: 12 motora. OBS_dim=40, frame_skip=1
[Fitness run Gen7Creature11] reward=1.64±0.00  dist=0.07±0.02  upright=0.00±0.00  → FITNESS=0.0201
URDF saved to temp_urdf\being_13012.urdf
Connecting to PyBullet, GUI: False
CreatureEnv Inicijalizacija: 12 motora. OBS_dim=40, frame_skip=1
[Fitness run Gen7Creature13] reward=991.67±330.19  dist=0.01±0.02  upright=0.94±0.19  → FITNESS=0.3891
URDF saved to temp_urdf\being_13012.urdf
Connecting to PyBullet, GUI: False
CreatureEnv Inicijalizacija: 12 motora. OBS_dim=40, frame_skip=1
[Fitness run Gen7Creature14] reward=1.60±0.01  dist=0.00±0.00  upright=0.01±0.04  → FITNESS=0.0222
URDF saved to temp_urdf\being_13012.urdf
Connecting to PyBullet, GUI: False
CreatureEnv Inicijalizacija: 12 motora. OBS_dim=40, frame_skip=1
[Fitness run Gen7Creature15] reward=1.57±0.01  dist=0.33±0.11  upright=0.00±0.00  → FITNESS=0.0265
URDF saved to temp_urdf\being_13012.urdf
Connecting to PyBullet, GUI: False
CreatureEnv Inicijalizacija: 12 motora. OBS_dim=40, frame_skip=1
[Fitness run Gen7Creature16] reward=987.89±329.04  dist=0.18±0.09  upright=0.94±0.18  → FITNESS=0.3940
URDF saved to temp_urdf\being_13012.urdf
Connecting to PyBullet, GUI: False
CreatureEnv Inicijalizacija: 12 motora. OBS_dim=40, frame_skip=1
[Fitness run Gen7Creature17] reward=886.59±442.62  dist=0.20±0.09  upright=0.85±0.31  → FITNESS=0.3582
URDF saved to temp_urdf\being_13012.urdf
Connecting to PyBullet, GUI: False
CreatureEnv Inicijalizacija: 12 motora. OBS_dim=40, frame_skip=1
[Fitness run Gen7Creature18] reward=1.67±0.00  dist=0.00±0.00  upright=0.00±0.00  → FITNESS=0.0183
URDF saved to temp_urdf\being_13012.urdf
Connecting to PyBullet, GUI: False
CreatureEnv Inicijalizacija: 12 motora. OBS_dim=40, frame_skip=1
[Fitness run Gen7Creature19] reward=952.23±316.82  dist=0.07±0.08  upright=0.96±0.12  → FITNESS=0.3948
URDF saved to temp_urdf\being_13012.urdf
Connecting to PyBullet, GUI: False
CreatureEnv Inicijalizacija: 12 motora. OBS_dim=40, frame_skip=1
[Fitness run Gen7Creature20] reward=1.61±0.00  dist=0.00±0.00  upright=0.00±0.01  → FITNESS=0.0193
URDF saved to temp_urdf\being_13012.urdf
Connecting to PyBullet, GUI: False
CreatureEnv Inicijalizacija: 12 motora. OBS_dim=40, frame_skip=1
[Fitness run Gen7Creature21] reward=1.58±0.08  dist=0.19±0.06  upright=0.00±0.00  → FITNESS=0.0230
URDF saved to temp_urdf\being_13012.urdf
Connecting to PyBullet, GUI: False
CreatureEnv Inicijalizacija: 12 motora. OBS_dim=40, frame_skip=1
[Fitness run Gen7Creature22] reward=1.67±0.10  dist=0.00±0.00  upright=0.04±0.02  → FITNESS=0.0299
URDF saved to temp_urdf\being_13012.urdf
Connecting to PyBullet, GUI: False
CreatureEnv Inicijalizacija: 12 motora. OBS_dim=40, frame_skip=1
[Fitness run Gen7Creature23] reward=914.42±304.25  dist=0.04±0.05  upright=0.94±0.18  → FITNESS=0.3839
URDF saved to temp_urdf\being_13012.urdf
Connecting to PyBullet, GUI: False
CreatureEnv Inicijalizacija: 12 motora. OBS_dim=40, frame_skip=1
[Fitness run Gen7Creature24] reward=1.58±0.00  dist=0.03±0.01  upright=0.00±0.00  → FITNESS=0.0191
URDF saved to temp_urdf\being_13012.urdf
Connecting to PyBullet, GUI: False
CreatureEnv Inicijalizacija: 12 motora. OBS_dim=40, frame_skip=1
[Fitness run Gen7Creature25] reward=1.81±0.03  dist=0.00±0.00  upright=0.03±0.09  → FITNESS=0.0271
URDF saved to temp_urdf\being_13012.urdf
Connecting to PyBullet, GUI: False
CreatureEnv Inicijalizacija: 12 motora. OBS_dim=40, frame_skip=1
[Fitness run Gen7Creature26] reward=1.50±0.26  dist=0.00±0.00  upright=0.00±0.00  → FITNESS=0.0183
URDF saved to temp_urdf\being_13012.urdf
Connecting to PyBullet, GUI: False
CreatureEnv Inicijalizacija: 12 motora. OBS_dim=40, frame_skip=1
[Fitness run Gen7Creature27] reward=1.19±0.21  dist=0.10±0.05  upright=0.48±0.03  → FITNESS=0.1650
URDF saved to temp_urdf\being_13012.urdf
Connecting to PyBullet, GUI: False
CreatureEnv Inicijalizacija: 12 motora. OBS_dim=40, frame_skip=1
[Fitness run Gen7Creature28] reward=979.94±326.10  dist=0.02±0.01  upright=0.92±0.23  → FITNESS=0.3845
URDF saved to temp_urdf\being_13012.urdf
Connecting to PyBullet, GUI: False
CreatureEnv Inicijalizacija: 12 motora. OBS_dim=40, frame_skip=1
[Fitness run Gen7Creature29] reward=1.66±0.00  dist=0.00±0.00  upright=0.00±0.01  → FITNESS=0.0193
Genome saved to results\distanceBased500Steps5DifferentSeeds\run_5\run_5_best_creature.json
[plot] Summary saved → results\distanceBased500Steps5DifferentSeeds\run_5\run_5_summary.png
URDF saved to temp_urdf\being_13012.urdf
Connecting to PyBullet, GUI: False
CreatureEnv Inicijalizacija: 12 motora. OBS_dim=40, frame_skip=1
[Fitness run Gen8Creature2] reward=1.70±0.00  dist=0.01±0.04  upright=0.00±0.00  → FITNESS=0.0187
URDF saved to temp_urdf\being_13012.urdf
Connecting to PyBullet, GUI: False
CreatureEnv Inicijalizacija: 12 motora. OBS_dim=40, frame_skip=1
[Fitness run Gen8Creature3] reward=1.55±0.06  dist=0.33±0.09  upright=0.03±0.10  → FITNESS=0.0363
URDF saved to temp_urdf\being_13012.urdf
Connecting to PyBullet, GUI: False
CreatureEnv Inicijalizacija: 12 motora. OBS_dim=40, frame_skip=1
[Fitness run Gen8Creature4] reward=97.12±286.14  dist=0.00±0.00  upright=0.19±0.27  → FITNESS=0.0831
URDF saved to temp_urdf\being_13012.urdf
Connecting to PyBullet, GUI: False
CreatureEnv Inicijalizacija: 12 motora. OBS_dim=40, frame_skip=1
[Fitness run Gen8Creature5] reward=1.49±0.30  dist=0.02±0.04  upright=0.01±0.04  → FITNESS=0.0228
URDF saved to temp_urdf\being_13012.urdf
Connecting to PyBullet, GUI: False
CreatureEnv Inicijalizacija: 12 motora. OBS_dim=40, frame_skip=1
[Fitness run Gen8Creature6] reward=1.78±0.00  dist=0.00±0.00  upright=0.00±0.00  → FITNESS=0.0183
URDF saved to temp_urdf\being_13012.urdf
Connecting to PyBullet, GUI: False
CreatureEnv Inicijalizacija: 12 motora. OBS_dim=40, frame_skip=1
[Fitness run Gen8Creature7] reward=949.48±315.96  dist=0.01±0.02  upright=0.92±0.24  → FITNESS=0.3806
URDF saved to temp_urdf\being_13012.urdf
Connecting to PyBullet, GUI: False
CreatureEnv Inicijalizacija: 12 motora. OBS_dim=40, frame_skip=1
[Fitness run Gen8Creature8] reward=976.90±325.26  dist=0.09±0.04  upright=0.92±0.24  → FITNESS=0.3851
URDF saved to temp_urdf\being_13012.urdf
Connecting to PyBullet, GUI: False
CreatureEnv Inicijalizacija: 12 motora. OBS_dim=40, frame_skip=1
[Fitness run Gen8Creature9] reward=1.59±0.05  dist=0.00±0.00  upright=0.00±0.00  → FITNESS=0.0183
URDF saved to temp_urdf\being_13012.urdf
Connecting to PyBullet, GUI: False
CreatureEnv Inicijalizacija: 12 motora. OBS_dim=40, frame_skip=1
[Fitness run Gen8Creature10] reward=972.87±323.92  dist=0.01±0.03  upright=0.90±0.30  → FITNESS=0.3769
URDF saved to temp_urdf\being_13012.urdf
Connecting to PyBullet, GUI: False
CreatureEnv Inicijalizacija: 12 motora. OBS_dim=40, frame_skip=1
[Fitness run Gen8Creature12] reward=968.76±322.22  dist=0.09±0.03  upright=1.00±0.00  → FITNESS=0.4084
URDF saved to temp_urdf\being_13012.urdf
Connecting to PyBullet, GUI: False
CreatureEnv Inicijalizacija: 12 motora. OBS_dim=40, frame_skip=1
[Fitness run Gen8Creature13] reward=1.67±0.16  dist=0.00±0.00  upright=0.06±0.02  → FITNESS=0.0367
URDF saved to temp_urdf\being_13012.urdf
Connecting to PyBullet, GUI: False
CreatureEnv Inicijalizacija: 12 motora. OBS_dim=40, frame_skip=1
[Fitness run Gen8Creature14] reward=984.18±327.82  dist=0.00±0.00  upright=0.93±0.20  → FITNESS=0.3874
URDF saved to temp_urdf\being_13012.urdf
Connecting to PyBullet, GUI: False
CreatureEnv Inicijalizacija: 12 motora. OBS_dim=40, frame_skip=1
[Fitness run Gen8Creature15] reward=1.59±0.03  dist=0.34±0.09  upright=0.00±0.00  → FITNESS=0.0269
URDF saved to temp_urdf\being_13012.urdf
Connecting to PyBullet, GUI: False
CreatureEnv Inicijalizacija: 12 motora. OBS_dim=40, frame_skip=1
[Fitness run Gen8Creature16] reward=931.13±312.93  dist=0.02±0.04  upright=0.91±0.26  → FITNESS=0.3771
URDF saved to temp_urdf\being_13012.urdf
Connecting to PyBullet, GUI: False
CreatureEnv Inicijalizacija: 12 motora. OBS_dim=40, frame_skip=1
[Fitness run Gen8Creature17] reward=1079.55±0.21  dist=0.04±0.04  upright=1.00±0.00  → FITNESS=0.4174
URDF saved to temp_urdf\being_13012.urdf
Connecting to PyBullet, GUI: False
CreatureEnv Inicijalizacija: 12 motora. OBS_dim=40, frame_skip=1
[Fitness run Gen8Creature18] reward=1.67±0.00  dist=0.00±0.00  upright=0.00±0.00  → FITNESS=0.0183
URDF saved to temp_urdf\being_13012.urdf
Connecting to PyBullet, GUI: False
CreatureEnv Inicijalizacija: 12 motora. OBS_dim=40, frame_skip=1
[Fitness run Gen8Creature19] reward=1088.16±9.11  dist=1.44±0.48  upright=1.00±0.00  → FITNESS=0.4531
URDF saved to temp_urdf\being_13012.urdf
Connecting to PyBullet, GUI: False
CreatureEnv Inicijalizacija: 12 motora. OBS_dim=40, frame_skip=1
[Fitness run Gen8Creature20] reward=1.61±0.00  dist=0.00±0.00  upright=0.00±0.00  → FITNESS=0.0183
URDF saved to temp_urdf\being_13012.urdf
Connecting to PyBullet, GUI: False
CreatureEnv Inicijalizacija: 12 motora. OBS_dim=40, frame_skip=1
[Fitness run Gen8Creature22] reward=1.68±0.02  dist=0.00±0.00  upright=0.00±0.00  → FITNESS=0.0183
URDF saved to temp_urdf\being_13012.urdf
Connecting to PyBullet, GUI: False
CreatureEnv Inicijalizacija: 12 motora. OBS_dim=40, frame_skip=1
[Fitness run Gen8Creature24] reward=1.60±0.01  dist=0.00±0.00  upright=0.00±0.00  → FITNESS=0.0183
URDF saved to temp_urdf\being_13012.urdf
Connecting to PyBullet, GUI: False
CreatureEnv Inicijalizacija: 12 motora. OBS_dim=40, frame_skip=1
[Fitness run Gen8Creature25] reward=1.76±0.07  dist=0.05±0.16  upright=0.00±0.00  → FITNESS=0.0197
URDF saved to temp_urdf\being_13012.urdf
Connecting to PyBullet, GUI: False
CreatureEnv Inicijalizacija: 12 motora. OBS_dim=40, frame_skip=1
[Fitness run Gen8Creature26] reward=1.61±0.03  dist=0.05±0.16  upright=0.15±0.03  → FITNESS=0.0652
URDF saved to temp_urdf\being_13012.urdf
Connecting to PyBullet, GUI: False
CreatureEnv Inicijalizacija: 12 motora. OBS_dim=40, frame_skip=1
[Fitness run Gen8Creature27] reward=519.74±518.14  dist=0.07±0.04  upright=0.74±0.30  → FITNESS=0.2879
URDF saved to temp_urdf\being_13012.urdf
Connecting to PyBullet, GUI: False
CreatureEnv Inicijalizacija: 12 motora. OBS_dim=40, frame_skip=1
[Fitness run Gen8Creature28] reward=1.63±0.00  dist=0.19±0.07  upright=0.09±0.03  → FITNESS=0.0491
URDF saved to temp_urdf\being_13012.urdf
Connecting to PyBullet, GUI: False
CreatureEnv Inicijalizacija: 12 motora. OBS_dim=40, frame_skip=1
[Fitness run Gen8Creature29] reward=1.27±0.29  dist=0.02±0.05  upright=0.03±0.08  → FITNESS=0.0284

==================================================
Generacija 8/20  |  Best = 0.4531  |  Mean = 0.1744  |  Std = 0.1791
==================================================
URDF saved to temp_urdf\being_13012.urdf
Connecting to PyBullet, GUI: False
CreatureEnv Inicijalizacija: 12 motora. OBS_dim=40, frame_skip=1
[Fitness run Gen8Creature2] reward=1.70±0.00  dist=0.01±0.04  upright=0.00±0.00  → FITNESS=0.0187
URDF saved to temp_urdf\being_13012.urdf
Connecting to PyBullet, GUI: False
CreatureEnv Inicijalizacija: 12 motora. OBS_dim=40, frame_skip=1
[Fitness run Gen8Creature3] reward=1.55±0.06  dist=0.33±0.09  upright=0.03±0.10  → FITNESS=0.0363
URDF saved to temp_urdf\being_13012.urdf
Connecting to PyBullet, GUI: False
CreatureEnv Inicijalizacija: 12 motora. OBS_dim=40, frame_skip=1
[Fitness run Gen8Creature4] reward=97.12±286.14  dist=0.00±0.00  upright=0.19±0.27  → FITNESS=0.0831
URDF saved to temp_urdf\being_13012.urdf
Connecting to PyBullet, GUI: False
CreatureEnv Inicijalizacija: 12 motora. OBS_dim=40, frame_skip=1
[Fitness run Gen8Creature5] reward=1.49±0.30  dist=0.02±0.04  upright=0.01±0.04  → FITNESS=0.0228
URDF saved to temp_urdf\being_13012.urdf
Connecting to PyBullet, GUI: False
CreatureEnv Inicijalizacija: 12 motora. OBS_dim=40, frame_skip=1
[Fitness run Gen8Creature6] reward=1.78±0.00  dist=0.00±0.00  upright=0.00±0.00  → FITNESS=0.0183
URDF saved to temp_urdf\being_13012.urdf
Connecting to PyBullet, GUI: False
CreatureEnv Inicijalizacija: 12 motora. OBS_dim=40, frame_skip=1
[Fitness run Gen8Creature7] reward=949.48±315.96  dist=0.01±0.02  upright=0.92±0.24  → FITNESS=0.3806
URDF saved to temp_urdf\being_13012.urdf
Connecting to PyBullet, GUI: False
CreatureEnv Inicijalizacija: 12 motora. OBS_dim=40, frame_skip=1
[Fitness run Gen8Creature8] reward=976.90±325.26  dist=0.09±0.04  upright=0.92±0.24  → FITNESS=0.3851
URDF saved to temp_urdf\being_13012.urdf
Connecting to PyBullet, GUI: False
CreatureEnv Inicijalizacija: 12 motora. OBS_dim=40, frame_skip=1
[Fitness run Gen8Creature9] reward=1.59±0.05  dist=0.00±0.00  upright=0.00±0.00  → FITNESS=0.0183
URDF saved to temp_urdf\being_13012.urdf
Connecting to PyBullet, GUI: False
CreatureEnv Inicijalizacija: 12 motora. OBS_dim=40, frame_skip=1
[Fitness run Gen8Creature10] reward=972.87±323.92  dist=0.01±0.03  upright=0.90±0.30  → FITNESS=0.3769
URDF saved to temp_urdf\being_13012.urdf
Connecting to PyBullet, GUI: False
CreatureEnv Inicijalizacija: 12 motora. OBS_dim=40, frame_skip=1
[Fitness run Gen8Creature12] reward=968.76±322.22  dist=0.09±0.03  upright=1.00±0.00  → FITNESS=0.4084
URDF saved to temp_urdf\being_13012.urdf
Connecting to PyBullet, GUI: False
CreatureEnv Inicijalizacija: 12 motora. OBS_dim=40, frame_skip=1
[Fitness run Gen8Creature13] reward=1.67±0.16  dist=0.00±0.00  upright=0.06±0.02  → FITNESS=0.0367
URDF saved to temp_urdf\being_13012.urdf
Connecting to PyBullet, GUI: False
CreatureEnv Inicijalizacija: 12 motora. OBS_dim=40, frame_skip=1
[Fitness run Gen8Creature14] reward=984.18±327.82  dist=0.00±0.00  upright=0.93±0.20  → FITNESS=0.3874
URDF saved to temp_urdf\being_13012.urdf
Connecting to PyBullet, GUI: False
CreatureEnv Inicijalizacija: 12 motora. OBS_dim=40, frame_skip=1
[Fitness run Gen8Creature15] reward=1.59±0.03  dist=0.34±0.09  upright=0.00±0.00  → FITNESS=0.0269
URDF saved to temp_urdf\being_13012.urdf
Connecting to PyBullet, GUI: False
CreatureEnv Inicijalizacija: 12 motora. OBS_dim=40, frame_skip=1
[Fitness run Gen8Creature16] reward=931.13±312.93  dist=0.02±0.04  upright=0.91±0.26  → FITNESS=0.3771
URDF saved to temp_urdf\being_13012.urdf
Connecting to PyBullet, GUI: False
CreatureEnv Inicijalizacija: 12 motora. OBS_dim=40, frame_skip=1
[Fitness run Gen8Creature17] reward=1079.55±0.21  dist=0.04±0.04  upright=1.00±0.00  → FITNESS=0.4174
URDF saved to temp_urdf\being_13012.urdf
Connecting to PyBullet, GUI: False
CreatureEnv Inicijalizacija: 12 motora. OBS_dim=40, frame_skip=1
[Fitness run Gen8Creature18] reward=1.67±0.00  dist=0.00±0.00  upright=0.00±0.00  → FITNESS=0.0183
URDF saved to temp_urdf\being_13012.urdf
Connecting to PyBullet, GUI: False
CreatureEnv Inicijalizacija: 12 motora. OBS_dim=40, frame_skip=1
[Fitness run Gen8Creature19] reward=1088.16±9.11  dist=1.44±0.48  upright=1.00±0.00  → FITNESS=0.4531
URDF saved to temp_urdf\being_13012.urdf
Connecting to PyBullet, GUI: False
CreatureEnv Inicijalizacija: 12 motora. OBS_dim=40, frame_skip=1
[Fitness run Gen8Creature20] reward=1.61±0.00  dist=0.00±0.00  upright=0.00±0.00  → FITNESS=0.0183
URDF saved to temp_urdf\being_13012.urdf
Connecting to PyBullet, GUI: False
CreatureEnv Inicijalizacija: 12 motora. OBS_dim=40, frame_skip=1
[Fitness run Gen8Creature22] reward=1.68±0.02  dist=0.00±0.00  upright=0.00±0.00  → FITNESS=0.0183
URDF saved to temp_urdf\being_13012.urdf
Connecting to PyBullet, GUI: False
CreatureEnv Inicijalizacija: 12 motora. OBS_dim=40, frame_skip=1
[Fitness run Gen8Creature24] reward=1.60±0.01  dist=0.00±0.00  upright=0.00±0.00  → FITNESS=0.0183
URDF saved to temp_urdf\being_13012.urdf
Connecting to PyBullet, GUI: False
CreatureEnv Inicijalizacija: 12 motora. OBS_dim=40, frame_skip=1
[Fitness run Gen8Creature25] reward=1.76±0.07  dist=0.05±0.16  upright=0.00±0.00  → FITNESS=0.0197
URDF saved to temp_urdf\being_13012.urdf
Connecting to PyBullet, GUI: False
CreatureEnv Inicijalizacija: 12 motora. OBS_dim=40, frame_skip=1
[Fitness run Gen8Creature26] reward=1.61±0.03  dist=0.05±0.16  upright=0.15±0.03  → FITNESS=0.0652
URDF saved to temp_urdf\being_13012.urdf
Connecting to PyBullet, GUI: False
CreatureEnv Inicijalizacija: 12 motora. OBS_dim=40, frame_skip=1
[Fitness run Gen8Creature27] reward=519.74±518.14  dist=0.07±0.04  upright=0.74±0.30  → FITNESS=0.2879
URDF saved to temp_urdf\being_13012.urdf
Connecting to PyBullet, GUI: False
CreatureEnv Inicijalizacija: 12 motora. OBS_dim=40, frame_skip=1
[Fitness run Gen8Creature28] reward=1.63±0.00  dist=0.19±0.07  upright=0.09±0.03  → FITNESS=0.0491
URDF saved to temp_urdf\being_13012.urdf
Connecting to PyBullet, GUI: False
CreatureEnv Inicijalizacija: 12 motora. OBS_dim=40, frame_skip=1
[Fitness run Gen8Creature29] reward=1.27±0.29  dist=0.02±0.05  upright=0.03±0.08  → FITNESS=0.0284
Genome saved to results\distanceBased500Steps5DifferentSeeds\run_5\run_5_best_creature.json
[plot] Summary saved → results\distanceBased500Steps5DifferentSeeds\run_5\run_5_summary.png
URDF saved to temp_urdf\being_13012.urdf
Connecting to PyBullet, GUI: False
CreatureEnv Inicijalizacija: 12 motora. OBS_dim=40, frame_skip=1
[Fitness run Gen9Creature2] reward=1.70±0.00  dist=0.00±0.00  upright=0.00±0.00  → FITNESS=0.0183
URDF saved to temp_urdf\being_13012.urdf
Connecting to PyBullet, GUI: False
CreatureEnv Inicijalizacija: 12 motora. OBS_dim=40, frame_skip=1
[Fitness run Gen9Creature3] reward=1.29±0.06  dist=0.48±0.17  upright=0.04±0.01  → FITNESS=0.0409
URDF saved to temp_urdf\being_13012.urdf
Connecting to PyBullet, GUI: False
CreatureEnv Inicijalizacija: 12 motora. OBS_dim=40, frame_skip=1
[Fitness run Gen9Creature4] reward=1.59±0.06  dist=0.02±0.02  upright=0.11±0.24  → FITNESS=0.0527
URDF saved to temp_urdf\being_13012.urdf
Connecting to PyBullet, GUI: False
CreatureEnv Inicijalizacija: 12 motora. OBS_dim=40, frame_skip=1
[Fitness run Gen9Creature5] reward=1.49±0.30  dist=0.02±0.04  upright=0.01±0.04  → FITNESS=0.0228
URDF saved to temp_urdf\being_13012.urdf
Connecting to PyBullet, GUI: False
CreatureEnv Inicijalizacija: 12 motora. OBS_dim=40, frame_skip=1
[Fitness run Gen9Creature6] reward=1.55±0.29  dist=0.00±0.00  upright=0.10±0.11  → FITNESS=0.0474
URDF saved to temp_urdf\being_13012.urdf
Connecting to PyBullet, GUI: False
CreatureEnv Inicijalizacija: 12 motora. OBS_dim=40, frame_skip=1
[Fitness run Gen9Creature7] reward=985.88±328.08  dist=0.00±0.00  upright=0.91±0.26  → FITNESS=0.3818
URDF saved to temp_urdf\being_13012.urdf
Connecting to PyBullet, GUI: False
CreatureEnv Inicijalizacija: 12 motora. OBS_dim=40, frame_skip=1
[Fitness run Gen9Creature8] reward=926.56±308.33  dist=0.01±0.03  upright=0.91±0.28  → FITNESS=0.3746
URDF saved to temp_urdf\being_13012.urdf
Connecting to PyBullet, GUI: False
CreatureEnv Inicijalizacija: 12 motora. OBS_dim=40, frame_skip=1
[Fitness run Gen9Creature9] reward=1.59±0.05  dist=0.00±0.00  upright=0.00±0.00  → FITNESS=0.0183
URDF saved to temp_urdf\being_13012.urdf
Connecting to PyBullet, GUI: False
CreatureEnv Inicijalizacija: 12 motora. OBS_dim=40, frame_skip=1
[Fitness run Gen9Creature10] reward=982.12±326.98  dist=0.00±0.00  upright=0.91±0.26  → FITNESS=0.3813
URDF saved to temp_urdf\being_13012.urdf
Connecting to PyBullet, GUI: False
CreatureEnv Inicijalizacija: 12 motora. OBS_dim=40, frame_skip=1
[Fitness run Gen9Creature11] reward=1.64±0.00  dist=0.11±0.04  upright=0.00±0.00  → FITNESS=0.0211
URDF saved to temp_urdf\being_13012.urdf
Connecting to PyBullet, GUI: False
CreatureEnv Inicijalizacija: 12 motora. OBS_dim=40, frame_skip=1
[Fitness run Gen9Creature12] reward=426.47±521.21  dist=0.31±0.60  upright=0.68±0.27  → FITNESS=0.2690
URDF saved to temp_urdf\being_13012.urdf
Connecting to PyBullet, GUI: False
CreatureEnv Inicijalizacija: 12 motora. OBS_dim=40, frame_skip=1
[Fitness run Gen9Creature13] reward=991.67±330.19  dist=0.01±0.02  upright=0.94±0.19  → FITNESS=0.3891
URDF saved to temp_urdf\being_13012.urdf
Connecting to PyBullet, GUI: False
CreatureEnv Inicijalizacija: 12 motora. OBS_dim=40, frame_skip=1
[Fitness run Gen9Creature14] reward=1.66±0.27  dist=0.00±0.00  upright=0.11±0.06  → FITNESS=0.0522
URDF saved to temp_urdf\being_13012.urdf
Connecting to PyBullet, GUI: False
CreatureEnv Inicijalizacija: 12 motora. OBS_dim=40, frame_skip=1
[Fitness run Gen9Creature15] reward=1.59±0.03  dist=0.34±0.09  upright=0.00±0.00  → FITNESS=0.0269
URDF saved to temp_urdf\being_13012.urdf
Connecting to PyBullet, GUI: False
CreatureEnv Inicijalizacija: 12 motora. OBS_dim=40, frame_skip=1
[Fitness run Gen9Creature16] reward=533.16±531.78  dist=0.06±0.07  upright=0.60±0.40  → FITNESS=0.2473
URDF saved to temp_urdf\being_13012.urdf
Connecting to PyBullet, GUI: False
CreatureEnv Inicijalizacija: 12 motora. OBS_dim=40, frame_skip=1
[Fitness run Gen9Creature17] reward=892.09±296.84  dist=0.01±0.04  upright=0.90±0.30  → FITNESS=0.3696
URDF saved to temp_urdf\being_13012.urdf
Connecting to PyBullet, GUI: False
CreatureEnv Inicijalizacija: 12 motora. OBS_dim=40, frame_skip=1
[Fitness run Gen9Creature18] reward=207.87±407.18  dist=0.10±0.20  upright=0.48±0.36  → FITNESS=0.1841
URDF saved to temp_urdf\being_13012.urdf
Connecting to PyBullet, GUI: False
CreatureEnv Inicijalizacija: 12 motora. OBS_dim=40, frame_skip=1
[Fitness run Gen9Creature20] reward=1.62±0.00  dist=0.00±0.00  upright=0.00±0.00  → FITNESS=0.0183
URDF saved to temp_urdf\being_13012.urdf
Connecting to PyBullet, GUI: False
CreatureEnv Inicijalizacija: 12 motora. OBS_dim=40, frame_skip=1
[Fitness run Gen9Creature21] reward=1.56±0.11  dist=0.20±0.29  upright=0.03±0.01  → FITNESS=0.0319
URDF saved to temp_urdf\being_13012.urdf
Connecting to PyBullet, GUI: False
CreatureEnv Inicijalizacija: 12 motora. OBS_dim=40, frame_skip=1
[Fitness run Gen9Creature22] reward=1.67±0.10  dist=0.00±0.00  upright=0.04±0.02  → FITNESS=0.0299
URDF saved to temp_urdf\being_13012.urdf
Connecting to PyBullet, GUI: False
CreatureEnv Inicijalizacija: 12 motora. OBS_dim=40, frame_skip=1
[Fitness run Gen9Creature23] reward=914.42±304.25  dist=0.04±0.05  upright=0.94±0.18  → FITNESS=0.3839
URDF saved to temp_urdf\being_13012.urdf
Connecting to PyBullet, GUI: False
CreatureEnv Inicijalizacija: 12 motora. OBS_dim=40, frame_skip=1
[Fitness run Gen9Creature24] reward=1.60±0.01  dist=0.00±0.00  upright=0.00±0.00  → FITNESS=0.0183
URDF saved to temp_urdf\being_13012.urdf
Connecting to PyBullet, GUI: False
CreatureEnv Inicijalizacija: 12 motora. OBS_dim=40, frame_skip=1
[Fitness run Gen9Creature25] reward=1.76±0.07  dist=0.05±0.16  upright=0.00±0.00  → FITNESS=0.0197
URDF saved to temp_urdf\being_13012.urdf
Connecting to PyBullet, GUI: False
CreatureEnv Inicijalizacija: 12 motora. OBS_dim=40, frame_skip=1
[Fitness run Gen9Creature26] reward=1.58±0.19  dist=0.07±0.05  upright=0.00±0.00  → FITNESS=0.0200
URDF saved to temp_urdf\being_13012.urdf
Connecting to PyBullet, GUI: False
CreatureEnv Inicijalizacija: 12 motora. OBS_dim=40, frame_skip=1
[Fitness run Gen9Creature27] reward=966.93±321.71  dist=0.28±0.10  upright=0.95±0.15  → FITNESS=0.3985
URDF saved to temp_urdf\being_13012.urdf
Connecting to PyBullet, GUI: False
CreatureEnv Inicijalizacija: 12 motora. OBS_dim=40, frame_skip=1
[Fitness run Gen9Creature28] reward=1.63±0.00  dist=0.01±0.03  upright=0.12±0.04  → FITNESS=0.0535
URDF saved to temp_urdf\being_13012.urdf
Connecting to PyBullet, GUI: False
CreatureEnv Inicijalizacija: 12 motora. OBS_dim=40, frame_skip=1
[Fitness run Gen9Creature29] reward=1.27±0.29  dist=0.02±0.05  upright=0.03±0.08  → FITNESS=0.0284

==================================================
Generacija 9/20  |  Best = 0.4531  |  Mean = 0.1742  |  Std = 0.1721
==================================================
URDF saved to temp_urdf\being_13012.urdf
Connecting to PyBullet, GUI: False
CreatureEnv Inicijalizacija: 12 motora. OBS_dim=40, frame_skip=1
[Fitness run Gen9Creature2] reward=1.70±0.00  dist=0.00±0.00  upright=0.00±0.00  → FITNESS=0.0183
URDF saved to temp_urdf\being_13012.urdf
Connecting to PyBullet, GUI: False
CreatureEnv Inicijalizacija: 12 motora. OBS_dim=40, frame_skip=1
[Fitness run Gen9Creature3] reward=1.29±0.06  dist=0.48±0.17  upright=0.04±0.01  → FITNESS=0.0409
URDF saved to temp_urdf\being_13012.urdf
Connecting to PyBullet, GUI: False
CreatureEnv Inicijalizacija: 12 motora. OBS_dim=40, frame_skip=1
[Fitness run Gen9Creature4] reward=1.59±0.06  dist=0.02±0.02  upright=0.11±0.24  → FITNESS=0.0527
URDF saved to temp_urdf\being_13012.urdf
Connecting to PyBullet, GUI: False
CreatureEnv Inicijalizacija: 12 motora. OBS_dim=40, frame_skip=1
[Fitness run Gen9Creature5] reward=1.49±0.30  dist=0.02±0.04  upright=0.01±0.04  → FITNESS=0.0228
URDF saved to temp_urdf\being_13012.urdf
Connecting to PyBullet, GUI: False
CreatureEnv Inicijalizacija: 12 motora. OBS_dim=40, frame_skip=1
[Fitness run Gen9Creature6] reward=1.55±0.29  dist=0.00±0.00  upright=0.10±0.11  → FITNESS=0.0474
URDF saved to temp_urdf\being_13012.urdf
Connecting to PyBullet, GUI: False
CreatureEnv Inicijalizacija: 12 motora. OBS_dim=40, frame_skip=1
[Fitness run Gen9Creature7] reward=985.88±328.08  dist=0.00±0.00  upright=0.91±0.26  → FITNESS=0.3818
URDF saved to temp_urdf\being_13012.urdf
Connecting to PyBullet, GUI: False
CreatureEnv Inicijalizacija: 12 motora. OBS_dim=40, frame_skip=1
[Fitness run Gen9Creature8] reward=926.56±308.33  dist=0.01±0.03  upright=0.91±0.28  → FITNESS=0.3746
URDF saved to temp_urdf\being_13012.urdf
Connecting to PyBullet, GUI: False
CreatureEnv Inicijalizacija: 12 motora. OBS_dim=40, frame_skip=1
[Fitness run Gen9Creature9] reward=1.59±0.05  dist=0.00±0.00  upright=0.00±0.00  → FITNESS=0.0183
URDF saved to temp_urdf\being_13012.urdf
Connecting to PyBullet, GUI: False
CreatureEnv Inicijalizacija: 12 motora. OBS_dim=40, frame_skip=1
[Fitness run Gen9Creature10] reward=982.12±326.98  dist=0.00±0.00  upright=0.91±0.26  → FITNESS=0.3813
URDF saved to temp_urdf\being_13012.urdf
Connecting to PyBullet, GUI: False
CreatureEnv Inicijalizacija: 12 motora. OBS_dim=40, frame_skip=1
[Fitness run Gen9Creature11] reward=1.64±0.00  dist=0.11±0.04  upright=0.00±0.00  → FITNESS=0.0211
URDF saved to temp_urdf\being_13012.urdf
Connecting to PyBullet, GUI: False
CreatureEnv Inicijalizacija: 12 motora. OBS_dim=40, frame_skip=1
[Fitness run Gen9Creature12] reward=426.47±521.21  dist=0.31±0.60  upright=0.68±0.27  → FITNESS=0.2690
URDF saved to temp_urdf\being_13012.urdf
Connecting to PyBullet, GUI: False
CreatureEnv Inicijalizacija: 12 motora. OBS_dim=40, frame_skip=1
[Fitness run Gen9Creature13] reward=991.67±330.19  dist=0.01±0.02  upright=0.94±0.19  → FITNESS=0.3891
URDF saved to temp_urdf\being_13012.urdf
Connecting to PyBullet, GUI: False
CreatureEnv Inicijalizacija: 12 motora. OBS_dim=40, frame_skip=1
[Fitness run Gen9Creature14] reward=1.66±0.27  dist=0.00±0.00  upright=0.11±0.06  → FITNESS=0.0522
URDF saved to temp_urdf\being_13012.urdf
Connecting to PyBullet, GUI: False
CreatureEnv Inicijalizacija: 12 motora. OBS_dim=40, frame_skip=1
[Fitness run Gen9Creature15] reward=1.59±0.03  dist=0.34±0.09  upright=0.00±0.00  → FITNESS=0.0269
URDF saved to temp_urdf\being_13012.urdf
Connecting to PyBullet, GUI: False
CreatureEnv Inicijalizacija: 12 motora. OBS_dim=40, frame_skip=1
[Fitness run Gen9Creature16] reward=533.16±531.78  dist=0.06±0.07  upright=0.60±0.40  → FITNESS=0.2473
URDF saved to temp_urdf\being_13012.urdf
Connecting to PyBullet, GUI: False
CreatureEnv Inicijalizacija: 12 motora. OBS_dim=40, frame_skip=1
[Fitness run Gen9Creature17] reward=892.09±296.84  dist=0.01±0.04  upright=0.90±0.30  → FITNESS=0.3696
URDF saved to temp_urdf\being_13012.urdf
Connecting to PyBullet, GUI: False
CreatureEnv Inicijalizacija: 12 motora. OBS_dim=40, frame_skip=1
[Fitness run Gen9Creature18] reward=207.87±407.18  dist=0.10±0.20  upright=0.48±0.36  → FITNESS=0.1841
URDF saved to temp_urdf\being_13012.urdf
Connecting to PyBullet, GUI: False
CreatureEnv Inicijalizacija: 12 motora. OBS_dim=40, frame_skip=1
[Fitness run Gen9Creature20] reward=1.62±0.00  dist=0.00±0.00  upright=0.00±0.00  → FITNESS=0.0183
URDF saved to temp_urdf\being_13012.urdf
Connecting to PyBullet, GUI: False
CreatureEnv Inicijalizacija: 12 motora. OBS_dim=40, frame_skip=1
[Fitness run Gen9Creature21] reward=1.56±0.11  dist=0.20±0.29  upright=0.03±0.01  → FITNESS=0.0319
URDF saved to temp_urdf\being_13012.urdf
Connecting to PyBullet, GUI: False
CreatureEnv Inicijalizacija: 12 motora. OBS_dim=40, frame_skip=1
[Fitness run Gen9Creature22] reward=1.67±0.10  dist=0.00±0.00  upright=0.04±0.02  → FITNESS=0.0299
URDF saved to temp_urdf\being_13012.urdf
Connecting to PyBullet, GUI: False
CreatureEnv Inicijalizacija: 12 motora. OBS_dim=40, frame_skip=1
[Fitness run Gen9Creature23] reward=914.42±304.25  dist=0.04±0.05  upright=0.94±0.18  → FITNESS=0.3839
URDF saved to temp_urdf\being_13012.urdf
Connecting to PyBullet, GUI: False
CreatureEnv Inicijalizacija: 12 motora. OBS_dim=40, frame_skip=1
[Fitness run Gen9Creature24] reward=1.60±0.01  dist=0.00±0.00  upright=0.00±0.00  → FITNESS=0.0183
URDF saved to temp_urdf\being_13012.urdf
Connecting to PyBullet, GUI: False
CreatureEnv Inicijalizacija: 12 motora. OBS_dim=40, frame_skip=1
[Fitness run Gen9Creature25] reward=1.76±0.07  dist=0.05±0.16  upright=0.00±0.00  → FITNESS=0.0197
URDF saved to temp_urdf\being_13012.urdf
Connecting to PyBullet, GUI: False
CreatureEnv Inicijalizacija: 12 motora. OBS_dim=40, frame_skip=1
[Fitness run Gen9Creature26] reward=1.58±0.19  dist=0.07±0.05  upright=0.00±0.00  → FITNESS=0.0200
URDF saved to temp_urdf\being_13012.urdf
Connecting to PyBullet, GUI: False
CreatureEnv Inicijalizacija: 12 motora. OBS_dim=40, frame_skip=1
[Fitness run Gen9Creature27] reward=966.93±321.71  dist=0.28±0.10  upright=0.95±0.15  → FITNESS=0.3985
URDF saved to temp_urdf\being_13012.urdf
Connecting to PyBullet, GUI: False
CreatureEnv Inicijalizacija: 12 motora. OBS_dim=40, frame_skip=1
[Fitness run Gen9Creature28] reward=1.63±0.00  dist=0.01±0.03  upright=0.12±0.04  → FITNESS=0.0535
URDF saved to temp_urdf\being_13012.urdf
Connecting to PyBullet, GUI: False
CreatureEnv Inicijalizacija: 12 motora. OBS_dim=40, frame_skip=1
[Fitness run Gen9Creature29] reward=1.27±0.29  dist=0.02±0.05  upright=0.03±0.08  → FITNESS=0.0284
Genome saved to results\distanceBased500Steps5DifferentSeeds\run_5\run_5_best_creature.json
[plot] Summary saved → results\distanceBased500Steps5DifferentSeeds\run_5\run_5_summary.png
URDF saved to temp_urdf\being_13012.urdf
Connecting to PyBullet, GUI: False
CreatureEnv Inicijalizacija: 12 motora. OBS_dim=40, frame_skip=1
[Fitness run Gen10Creature2] reward=1.60±0.00  dist=0.00±0.00  upright=0.00±0.00  → FITNESS=0.0183
URDF saved to temp_urdf\being_13012.urdf
Connecting to PyBullet, GUI: False
CreatureEnv Inicijalizacija: 12 motora. OBS_dim=40, frame_skip=1
[Fitness run Gen10Creature3] reward=924.70±307.69  dist=0.00±0.00  upright=0.90±0.30  → FITNESS=0.3723
URDF saved to temp_urdf\being_13012.urdf
Connecting to PyBullet, GUI: False
CreatureEnv Inicijalizacija: 12 motora. OBS_dim=40, frame_skip=1
[Fitness run Gen10Creature4] reward=1.64±0.06  dist=0.39±0.43  upright=0.28±0.04  → FITNESS=0.1112
URDF saved to temp_urdf\being_13012.urdf
Connecting to PyBullet, GUI: False
CreatureEnv Inicijalizacija: 12 motora. OBS_dim=40, frame_skip=1
[Fitness run Gen10Creature5] reward=0.89±0.01  dist=0.00±0.00  upright=0.06±0.09  → FITNESS=0.0367
URDF saved to temp_urdf\being_13012.urdf
Connecting to PyBullet, GUI: False
CreatureEnv Inicijalizacija: 12 motora. OBS_dim=40, frame_skip=1
[Fitness run Gen10Creature6] reward=1.78±0.00  dist=0.00±0.00  upright=0.00±0.00  → FITNESS=0.0183
URDF saved to temp_urdf\being_13012.urdf
Connecting to PyBullet, GUI: False
CreatureEnv Inicijalizacija: 12 motora. OBS_dim=40, frame_skip=1
[Fitness run Gen10Creature7] reward=949.48±315.96  dist=0.01±0.02  upright=0.92±0.24  → FITNESS=0.3806
URDF saved to temp_urdf\being_13012.urdf
Connecting to PyBullet, GUI: False
CreatureEnv Inicijalizacija: 12 motora. OBS_dim=40, frame_skip=1
[Fitness run Gen10Creature8] reward=987.38±328.59  dist=0.09±0.02  upright=0.93±0.22  → FITNESS=0.3880
URDF saved to temp_urdf\being_13012.urdf
Connecting to PyBullet, GUI: False
CreatureEnv Inicijalizacija: 12 motora. OBS_dim=40, frame_skip=1
[Fitness run Gen10Creature9] reward=1.53±0.42  dist=0.03±0.08  upright=0.09±0.01  → FITNESS=0.0470
URDF saved to temp_urdf\being_13012.urdf
Connecting to PyBullet, GUI: False
CreatureEnv Inicijalizacija: 12 motora. OBS_dim=40, frame_skip=1
[Fitness run Gen10Creature10] reward=981.95±326.78  dist=0.01±0.02  upright=0.91±0.26  → FITNESS=0.3815
URDF saved to temp_urdf\being_13012.urdf
Connecting to PyBullet, GUI: False
CreatureEnv Inicijalizacija: 12 motora. OBS_dim=40, frame_skip=1
[Fitness run Gen10Creature11] reward=958.20±318.88  dist=0.00±0.01  upright=0.90±0.30  → FITNESS=0.3754
URDF saved to temp_urdf\being_13012.urdf
Connecting to PyBullet, GUI: False
CreatureEnv Inicijalizacija: 12 motora. OBS_dim=40, frame_skip=1
[Fitness run Gen10Creature13] reward=1.71±0.01  dist=0.01±0.03  upright=0.13±0.01  → FITNESS=0.0582
URDF saved to temp_urdf\being_13012.urdf
Connecting to PyBullet, GUI: False
CreatureEnv Inicijalizacija: 12 motora. OBS_dim=40, frame_skip=1
[Fitness run Gen10Creature14] reward=432.20±527.92  dist=0.13±0.14  upright=0.70±0.28  → FITNESS=0.2706
URDF saved to temp_urdf\being_13012.urdf
Connecting to PyBullet, GUI: False
CreatureEnv Inicijalizacija: 12 motora. OBS_dim=40, frame_skip=1
[Fitness run Gen10Creature15] reward=1.57±0.01  dist=0.12±0.04  upright=0.09±0.03  → FITNESS=0.0495
URDF saved to temp_urdf\being_13012.urdf
Connecting to PyBullet, GUI: False
CreatureEnv Inicijalizacija: 12 motora. OBS_dim=40, frame_skip=1
[Fitness run Gen10Creature16] reward=931.13±312.93  dist=0.02±0.04  upright=0.91±0.26  → FITNESS=0.3771
URDF saved to temp_urdf\being_13012.urdf
Connecting to PyBullet, GUI: False
CreatureEnv Inicijalizacija: 12 motora. OBS_dim=40, frame_skip=1
[Fitness run Gen10Creature17] reward=975.35±324.82  dist=0.00±0.00  upright=0.96±0.12  → FITNESS=0.3954
URDF saved to temp_urdf\being_13012.urdf
Connecting to PyBullet, GUI: False
CreatureEnv Inicijalizacija: 12 motora. OBS_dim=40, frame_skip=1
[Fitness run Gen10Creature18] reward=1.62±0.00  dist=0.12±0.02  upright=0.00±0.00  → FITNESS=0.0212
URDF saved to temp_urdf\being_13012.urdf
Connecting to PyBullet, GUI: False
CreatureEnv Inicijalizacija: 12 motora. OBS_dim=40, frame_skip=1
[Fitness run Gen10Creature19] reward=943.36±314.01  dist=0.22±0.11  upright=0.92±0.23  → FITNESS=0.3861
URDF saved to temp_urdf\being_13012.urdf
Connecting to PyBullet, GUI: False
CreatureEnv Inicijalizacija: 12 motora. OBS_dim=40, frame_skip=1
[Fitness run Gen10Creature20] reward=1.60±0.00  dist=0.03±0.08  upright=0.00±0.00  → FITNESS=0.0190
URDF saved to temp_urdf\being_13012.urdf
Connecting to PyBullet, GUI: False
CreatureEnv Inicijalizacija: 12 motora. OBS_dim=40, frame_skip=1
[Fitness run Gen10Creature21] reward=961.69±320.12  dist=0.00±0.01  upright=0.92±0.24  → FITNESS=0.3815
URDF saved to temp_urdf\being_13012.urdf
Connecting to PyBullet, GUI: False
CreatureEnv Inicijalizacija: 12 motora. OBS_dim=40, frame_skip=1
[Fitness run Gen10Creature22] reward=1.62±0.00  dist=0.00±0.00  upright=0.00±0.00  → FITNESS=0.0183
URDF saved to temp_urdf\being_13012.urdf
Connecting to PyBullet, GUI: False
CreatureEnv Inicijalizacija: 12 motora. OBS_dim=40, frame_skip=1
[Fitness run Gen10Creature23] reward=109.33±322.99  dist=0.03±0.04  upright=0.37±0.26  → FITNESS=0.1401
URDF saved to temp_urdf\being_13012.urdf
Connecting to PyBullet, GUI: False
CreatureEnv Inicijalizacija: 12 motora. OBS_dim=40, frame_skip=1
[Fitness run Gen10Creature24] reward=1.65±0.00  dist=0.03±0.09  upright=0.03±0.01  → FITNESS=0.0278
URDF saved to temp_urdf\being_13012.urdf
Connecting to PyBullet, GUI: False
CreatureEnv Inicijalizacija: 12 motora. OBS_dim=40, frame_skip=1
[Fitness run Gen10Creature25] reward=1.79±0.09  dist=0.09±0.28  upright=0.00±0.00  → FITNESS=0.0207
URDF saved to temp_urdf\being_13012.urdf
Connecting to PyBullet, GUI: False
CreatureEnv Inicijalizacija: 12 motora. OBS_dim=40, frame_skip=1
[Fitness run Gen10Creature26] reward=1.61±0.03  dist=0.05±0.16  upright=0.15±0.03  → FITNESS=0.0652
URDF saved to temp_urdf\being_13012.urdf
Connecting to PyBullet, GUI: False
CreatureEnv Inicijalizacija: 12 motora. OBS_dim=40, frame_skip=1
[Fitness run Gen10Creature27] reward=1.67±0.00  dist=0.01±0.02  upright=0.00±0.00  → FITNESS=0.0185
URDF saved to temp_urdf\being_13012.urdf
Connecting to PyBullet, GUI: False
CreatureEnv Inicijalizacija: 12 motora. OBS_dim=40, frame_skip=1
[Fitness run Gen10Creature28] reward=1.64±0.16  dist=0.01±0.03  upright=0.29±0.21  → FITNESS=0.1057
URDF saved to temp_urdf\being_13012.urdf
Connecting to PyBullet, GUI: False
CreatureEnv Inicijalizacija: 12 motora. OBS_dim=40, frame_skip=1
[Fitness run Gen10Creature29] reward=1.67±0.03  dist=0.00±0.00  upright=0.01±0.03  → FITNESS=0.0212

==================================================
Generacija 10/20  |  Best = 0.4531  |  Mean = 0.1894  |  Std = 0.1688
==================================================
URDF saved to temp_urdf\being_13012.urdf
Connecting to PyBullet, GUI: False
CreatureEnv Inicijalizacija: 12 motora. OBS_dim=40, frame_skip=1
[Fitness run Gen10Creature2] reward=1.60±0.00  dist=0.00±0.00  upright=0.00±0.00  → FITNESS=0.0183
URDF saved to temp_urdf\being_13012.urdf
Connecting to PyBullet, GUI: False
CreatureEnv Inicijalizacija: 12 motora. OBS_dim=40, frame_skip=1
[Fitness run Gen10Creature3] reward=924.70±307.69  dist=0.00±0.00  upright=0.90±0.30  → FITNESS=0.3723
URDF saved to temp_urdf\being_13012.urdf
Connecting to PyBullet, GUI: False
CreatureEnv Inicijalizacija: 12 motora. OBS_dim=40, frame_skip=1
[Fitness run Gen10Creature4] reward=1.64±0.06  dist=0.39±0.43  upright=0.28±0.04  → FITNESS=0.1112
URDF saved to temp_urdf\being_13012.urdf
Connecting to PyBullet, GUI: False
CreatureEnv Inicijalizacija: 12 motora. OBS_dim=40, frame_skip=1
[Fitness run Gen10Creature5] reward=0.89±0.01  dist=0.00±0.00  upright=0.06±0.09  → FITNESS=0.0367
URDF saved to temp_urdf\being_13012.urdf
Connecting to PyBullet, GUI: False
CreatureEnv Inicijalizacija: 12 motora. OBS_dim=40, frame_skip=1
[Fitness run Gen10Creature6] reward=1.78±0.00  dist=0.00±0.00  upright=0.00±0.00  → FITNESS=0.0183
URDF saved to temp_urdf\being_13012.urdf
Connecting to PyBullet, GUI: False
CreatureEnv Inicijalizacija: 12 motora. OBS_dim=40, frame_skip=1
[Fitness run Gen10Creature7] reward=949.48±315.96  dist=0.01±0.02  upright=0.92±0.24  → FITNESS=0.3806
URDF saved to temp_urdf\being_13012.urdf
Connecting to PyBullet, GUI: False
CreatureEnv Inicijalizacija: 12 motora. OBS_dim=40, frame_skip=1
[Fitness run Gen10Creature8] reward=987.38±328.59  dist=0.09±0.02  upright=0.93±0.22  → FITNESS=0.3880
URDF saved to temp_urdf\being_13012.urdf
Connecting to PyBullet, GUI: False
CreatureEnv Inicijalizacija: 12 motora. OBS_dim=40, frame_skip=1
[Fitness run Gen10Creature9] reward=1.53±0.42  dist=0.03±0.08  upright=0.09±0.01  → FITNESS=0.0470
URDF saved to temp_urdf\being_13012.urdf
Connecting to PyBullet, GUI: False
CreatureEnv Inicijalizacija: 12 motora. OBS_dim=40, frame_skip=1
[Fitness run Gen10Creature10] reward=981.95±326.78  dist=0.01±0.02  upright=0.91±0.26  → FITNESS=0.3815
URDF saved to temp_urdf\being_13012.urdf
Connecting to PyBullet, GUI: False
CreatureEnv Inicijalizacija: 12 motora. OBS_dim=40, frame_skip=1
[Fitness run Gen10Creature11] reward=958.20±318.88  dist=0.00±0.01  upright=0.90±0.30  → FITNESS=0.3754
URDF saved to temp_urdf\being_13012.urdf
Connecting to PyBullet, GUI: False
CreatureEnv Inicijalizacija: 12 motora. OBS_dim=40, frame_skip=1
[Fitness run Gen10Creature13] reward=1.71±0.01  dist=0.01±0.03  upright=0.13±0.01  → FITNESS=0.0582
URDF saved to temp_urdf\being_13012.urdf
Connecting to PyBullet, GUI: False
CreatureEnv Inicijalizacija: 12 motora. OBS_dim=40, frame_skip=1
[Fitness run Gen10Creature14] reward=432.20±527.92  dist=0.13±0.14  upright=0.70±0.28  → FITNESS=0.2706
URDF saved to temp_urdf\being_13012.urdf
Connecting to PyBullet, GUI: False
CreatureEnv Inicijalizacija: 12 motora. OBS_dim=40, frame_skip=1
[Fitness run Gen10Creature15] reward=1.57±0.01  dist=0.12±0.04  upright=0.09±0.03  → FITNESS=0.0495
URDF saved to temp_urdf\being_13012.urdf
Connecting to PyBullet, GUI: False
CreatureEnv Inicijalizacija: 12 motora. OBS_dim=40, frame_skip=1
[Fitness run Gen10Creature16] reward=931.13±312.93  dist=0.02±0.04  upright=0.91±0.26  → FITNESS=0.3771
URDF saved to temp_urdf\being_13012.urdf
Connecting to PyBullet, GUI: False
CreatureEnv Inicijalizacija: 12 motora. OBS_dim=40, frame_skip=1
[Fitness run Gen10Creature17] reward=975.35±324.82  dist=0.00±0.00  upright=0.96±0.12  → FITNESS=0.3954
URDF saved to temp_urdf\being_13012.urdf
Connecting to PyBullet, GUI: False
CreatureEnv Inicijalizacija: 12 motora. OBS_dim=40, frame_skip=1
[Fitness run Gen10Creature18] reward=1.62±0.00  dist=0.12±0.02  upright=0.00±0.00  → FITNESS=0.0212
URDF saved to temp_urdf\being_13012.urdf
Connecting to PyBullet, GUI: False
CreatureEnv Inicijalizacija: 12 motora. OBS_dim=40, frame_skip=1
[Fitness run Gen10Creature19] reward=943.36±314.01  dist=0.22±0.11  upright=0.92±0.23  → FITNESS=0.3861
URDF saved to temp_urdf\being_13012.urdf
Connecting to PyBullet, GUI: False
CreatureEnv Inicijalizacija: 12 motora. OBS_dim=40, frame_skip=1
[Fitness run Gen10Creature20] reward=1.60±0.00  dist=0.03±0.08  upright=0.00±0.00  → FITNESS=0.0190
URDF saved to temp_urdf\being_13012.urdf
Connecting to PyBullet, GUI: False
CreatureEnv Inicijalizacija: 12 motora. OBS_dim=40, frame_skip=1
[Fitness run Gen10Creature21] reward=961.69±320.12  dist=0.00±0.01  upright=0.92±0.24  → FITNESS=0.3815
URDF saved to temp_urdf\being_13012.urdf
Connecting to PyBullet, GUI: False
CreatureEnv Inicijalizacija: 12 motora. OBS_dim=40, frame_skip=1
[Fitness run Gen10Creature22] reward=1.62±0.00  dist=0.00±0.00  upright=0.00±0.00  → FITNESS=0.0183
URDF saved to temp_urdf\being_13012.urdf
Connecting to PyBullet, GUI: False
CreatureEnv Inicijalizacija: 12 motora. OBS_dim=40, frame_skip=1
[Fitness run Gen10Creature23] reward=109.33±322.99  dist=0.03±0.04  upright=0.37±0.26  → FITNESS=0.1401
URDF saved to temp_urdf\being_13012.urdf
Connecting to PyBullet, GUI: False
CreatureEnv Inicijalizacija: 12 motora. OBS_dim=40, frame_skip=1
[Fitness run Gen10Creature24] reward=1.65±0.00  dist=0.03±0.09  upright=0.03±0.01  → FITNESS=0.0278
URDF saved to temp_urdf\being_13012.urdf
Connecting to PyBullet, GUI: False
CreatureEnv Inicijalizacija: 12 motora. OBS_dim=40, frame_skip=1
[Fitness run Gen10Creature25] reward=1.79±0.09  dist=0.09±0.28  upright=0.00±0.00  → FITNESS=0.0207
URDF saved to temp_urdf\being_13012.urdf
Connecting to PyBullet, GUI: False
CreatureEnv Inicijalizacija: 12 motora. OBS_dim=40, frame_skip=1
[Fitness run Gen10Creature26] reward=1.61±0.03  dist=0.05±0.16  upright=0.15±0.03  → FITNESS=0.0652
URDF saved to temp_urdf\being_13012.urdf
Connecting to PyBullet, GUI: False
CreatureEnv Inicijalizacija: 12 motora. OBS_dim=40, frame_skip=1
[Fitness run Gen10Creature27] reward=1.67±0.00  dist=0.01±0.02  upright=0.00±0.00  → FITNESS=0.0185
URDF saved to temp_urdf\being_13012.urdf
Connecting to PyBullet, GUI: False
CreatureEnv Inicijalizacija: 12 motora. OBS_dim=40, frame_skip=1
[Fitness run Gen10Creature28] reward=1.64±0.16  dist=0.01±0.03  upright=0.29±0.21  → FITNESS=0.1057
URDF saved to temp_urdf\being_13012.urdf
Connecting to PyBullet, GUI: False
CreatureEnv Inicijalizacija: 12 motora. OBS_dim=40, frame_skip=1
[Fitness run Gen10Creature29] reward=1.67±0.03  dist=0.00±0.00  upright=0.01±0.03  → FITNESS=0.0212
Genome saved to results\distanceBased500Steps5DifferentSeeds\run_5\run_5_best_creature.json
[plot] Summary saved → results\distanceBased500Steps5DifferentSeeds\run_5\run_5_summary.png
URDF saved to temp_urdf\being_13012.urdf
Connecting to PyBullet, GUI: False
CreatureEnv Inicijalizacija: 12 motora. OBS_dim=40, frame_skip=1
[Fitness run Gen11Creature2] reward=1.58±0.01  dist=0.00±0.00  upright=0.00±0.00  → FITNESS=0.0183
URDF saved to temp_urdf\being_13012.urdf
Connecting to PyBullet, GUI: False
CreatureEnv Inicijalizacija: 12 motora. OBS_dim=40, frame_skip=1
[Fitness run Gen11Creature3] reward=1002.40±0.18  dist=0.01±0.03  upright=1.00±0.01  → FITNESS=0.4085
URDF saved to temp_urdf\being_13012.urdf
Connecting to PyBullet, GUI: False
CreatureEnv Inicijalizacija: 12 motora. OBS_dim=40, frame_skip=1
[Fitness run Gen11Creature4] reward=1.64±0.01  dist=0.06±0.18  upright=0.00±0.00  → FITNESS=0.0198
URDF saved to temp_urdf\being_13012.urdf
Connecting to PyBullet, GUI: False
CreatureEnv Inicijalizacija: 12 motora. OBS_dim=40, frame_skip=1
[Fitness run Gen11Creature5] reward=1.76±0.08  dist=0.01±0.04  upright=0.01±0.04  → FITNESS=0.0225
URDF saved to temp_urdf\being_13012.urdf
Connecting to PyBullet, GUI: False
CreatureEnv Inicijalizacija: 12 motora. OBS_dim=40, frame_skip=1
[Fitness run Gen11Creature6] reward=1.63±0.02  dist=0.00±0.00  upright=0.04±0.04  → FITNESS=0.0309
URDF saved to temp_urdf\being_13012.urdf
Connecting to PyBullet, GUI: False
CreatureEnv Inicijalizacija: 12 motora. OBS_dim=40, frame_skip=1
[Fitness run Gen11Creature7] reward=1.63±0.01  dist=0.00±0.00  upright=0.00±0.00  → FITNESS=0.0184
URDF saved to temp_urdf\being_13012.urdf
Connecting to PyBullet, GUI: False
CreatureEnv Inicijalizacija: 12 motora. OBS_dim=40, frame_skip=1
[Fitness run Gen11Creature8] reward=951.54±316.83  dist=0.04±0.01  upright=0.90±0.30  → FITNESS=0.3757
URDF saved to temp_urdf\being_13012.urdf
Connecting to PyBullet, GUI: False
CreatureEnv Inicijalizacija: 12 motora. OBS_dim=40, frame_skip=1
[Fitness run Gen11Creature9] reward=1.75±0.24  dist=0.09±0.26  upright=0.06±0.00  → FITNESS=0.0398
URDF saved to temp_urdf\being_13012.urdf
Connecting to PyBullet, GUI: False
CreatureEnv Inicijalizacija: 12 motora. OBS_dim=40, frame_skip=1
[Fitness run Gen11Creature10] reward=1.51±0.36  dist=0.00±0.00  upright=0.22±0.07  → FITNESS=0.0832
URDF saved to temp_urdf\being_13012.urdf
Connecting to PyBullet, GUI: False
CreatureEnv Inicijalizacija: 12 motora. OBS_dim=40, frame_skip=1
[Fitness run Gen11Creature11] reward=1.64±0.00  dist=0.00±0.00  upright=0.00±0.00  → FITNESS=0.0183
URDF saved to temp_urdf\being_13012.urdf
Connecting to PyBullet, GUI: False
CreatureEnv Inicijalizacija: 12 motora. OBS_dim=40, frame_skip=1
[Fitness run Gen11Creature13] reward=960.65±319.80  dist=0.20±0.40  upright=0.94±0.17  → FITNESS=0.3930
URDF saved to temp_urdf\being_13012.urdf
Connecting to PyBullet, GUI: False
CreatureEnv Inicijalizacija: 12 motora. OBS_dim=40, frame_skip=1
[Fitness run Gen11Creature14] reward=1.39±0.39  dist=0.48±0.18  upright=0.00±0.00  → FITNESS=0.0304
URDF saved to temp_urdf\being_13012.urdf
Connecting to PyBullet, GUI: False
CreatureEnv Inicijalizacija: 12 motora. OBS_dim=40, frame_skip=1
[Fitness run Gen11Creature15] reward=1.48±0.12  dist=0.13±0.38  upright=0.23±0.10  → FITNESS=0.0892
URDF saved to temp_urdf\being_13012.urdf
Connecting to PyBullet, GUI: False
CreatureEnv Inicijalizacija: 12 motora. OBS_dim=40, frame_skip=1
[Fitness run Gen11Creature16] reward=990.04±329.35  dist=0.02±0.04  upright=0.93±0.20  → FITNESS=0.3883
URDF saved to temp_urdf\being_13012.urdf
Connecting to PyBullet, GUI: False
CreatureEnv Inicijalizacija: 12 motora. OBS_dim=40, frame_skip=1
[Fitness run Gen11Creature17] reward=1.34±0.26  dist=0.00±0.00  upright=0.12±0.06  → FITNESS=0.0551
URDF saved to temp_urdf\being_13012.urdf
Connecting to PyBullet, GUI: False
CreatureEnv Inicijalizacija: 12 motora. OBS_dim=40, frame_skip=1
[Fitness run Gen11Creature18] reward=1.65±0.03  dist=0.02±0.04  upright=0.01±0.04  → FITNESS=0.0226
URDF saved to temp_urdf\being_13012.urdf
Connecting to PyBullet, GUI: False
CreatureEnv Inicijalizacija: 12 motora. OBS_dim=40, frame_skip=1
[Fitness run Gen11Creature19] reward=962.33±320.22  dist=0.00±0.00  upright=0.92±0.23  → FITNESS=0.3825
URDF saved to temp_urdf\being_13012.urdf
Connecting to PyBullet, GUI: False
CreatureEnv Inicijalizacija: 12 motora. OBS_dim=40, frame_skip=1
[Fitness run Gen11Creature20] reward=1.60±0.00  dist=0.03±0.08  upright=0.00±0.00  → FITNESS=0.0190
URDF saved to temp_urdf\being_13012.urdf
Connecting to PyBullet, GUI: False
CreatureEnv Inicijalizacija: 12 motora. OBS_dim=40, frame_skip=1
[Fitness run Gen11Creature21] reward=1.63±0.00  dist=0.17±0.07  upright=0.03±0.01  → FITNESS=0.0312
URDF saved to temp_urdf\being_13012.urdf
Connecting to PyBullet, GUI: False
CreatureEnv Inicijalizacija: 12 motora. OBS_dim=40, frame_skip=1
[Fitness run Gen11Creature22] reward=1.62±0.03  dist=0.03±0.01  upright=0.00±0.00  → FITNESS=0.0191
URDF saved to temp_urdf\being_13012.urdf
Connecting to PyBullet, GUI: False
CreatureEnv Inicijalizacija: 12 motora. OBS_dim=40, frame_skip=1
[Fitness run Gen11Creature23] reward=959.76±319.54  dist=0.13±0.09  upright=0.92±0.23  → FITNESS=0.3855
URDF saved to temp_urdf\being_13012.urdf
Connecting to PyBullet, GUI: False
CreatureEnv Inicijalizacija: 12 motora. OBS_dim=40, frame_skip=1
[Fitness run Gen11Creature24] reward=1.62±0.01  dist=0.04±0.02  upright=0.00±0.00  → FITNESS=0.0192
URDF saved to temp_urdf\being_13012.urdf
Connecting to PyBullet, GUI: False
CreatureEnv Inicijalizacija: 12 motora. OBS_dim=40, frame_skip=1
[Fitness run Gen11Creature25] reward=1.81±0.08  dist=0.00±0.00  upright=0.04±0.03  → FITNESS=0.0310
URDF saved to temp_urdf\being_13012.urdf
Connecting to PyBullet, GUI: False
CreatureEnv Inicijalizacija: 12 motora. OBS_dim=40, frame_skip=1
[Fitness run Gen11Creature26] reward=1.63±0.00  dist=0.00±0.00  upright=0.00±0.00  → FITNESS=0.0183
URDF saved to temp_urdf\being_13012.urdf
Connecting to PyBullet, GUI: False
CreatureEnv Inicijalizacija: 12 motora. OBS_dim=40, frame_skip=1
[Fitness run Gen11Creature27] reward=1.65±0.01  dist=0.12±0.03  upright=0.00±0.01  → FITNESS=0.0222
URDF saved to temp_urdf\being_13012.urdf
Connecting to PyBullet, GUI: False
CreatureEnv Inicijalizacija: 12 motora. OBS_dim=40, frame_skip=1
[Fitness run Gen11Creature28] reward=1.66±0.01  dist=0.06±0.01  upright=0.32±0.16  → FITNESS=0.1146
URDF saved to temp_urdf\being_13012.urdf
Connecting to PyBullet, GUI: False
CreatureEnv Inicijalizacija: 12 motora. OBS_dim=40, frame_skip=1
[Fitness run Gen11Creature29] reward=1.66±0.02  dist=0.06±0.03  upright=0.02±0.06  → FITNESS=0.0257

==================================================
Generacija 11/20  |  Best = 0.4531  |  Mean = 0.1419  |  Std = 0.1662
==================================================
URDF saved to temp_urdf\being_13012.urdf
Connecting to PyBullet, GUI: False
CreatureEnv Inicijalizacija: 12 motora. OBS_dim=40, frame_skip=1
[Fitness run Gen11Creature2] reward=1.58±0.01  dist=0.00±0.00  upright=0.00±0.00  → FITNESS=0.0183
URDF saved to temp_urdf\being_13012.urdf
Connecting to PyBullet, GUI: False
CreatureEnv Inicijalizacija: 12 motora. OBS_dim=40, frame_skip=1
[Fitness run Gen11Creature3] reward=1002.40±0.18  dist=0.01±0.03  upright=1.00±0.01  → FITNESS=0.4085
URDF saved to temp_urdf\being_13012.urdf
Connecting to PyBullet, GUI: False
CreatureEnv Inicijalizacija: 12 motora. OBS_dim=40, frame_skip=1
[Fitness run Gen11Creature4] reward=1.64±0.01  dist=0.06±0.18  upright=0.00±0.00  → FITNESS=0.0198
URDF saved to temp_urdf\being_13012.urdf
Connecting to PyBullet, GUI: False
CreatureEnv Inicijalizacija: 12 motora. OBS_dim=40, frame_skip=1
[Fitness run Gen11Creature5] reward=1.76±0.08  dist=0.01±0.04  upright=0.01±0.04  → FITNESS=0.0225
URDF saved to temp_urdf\being_13012.urdf
Connecting to PyBullet, GUI: False
CreatureEnv Inicijalizacija: 12 motora. OBS_dim=40, frame_skip=1
[Fitness run Gen11Creature6] reward=1.63±0.02  dist=0.00±0.00  upright=0.04±0.04  → FITNESS=0.0309
URDF saved to temp_urdf\being_13012.urdf
Connecting to PyBullet, GUI: False
CreatureEnv Inicijalizacija: 12 motora. OBS_dim=40, frame_skip=1
[Fitness run Gen11Creature7] reward=1.63±0.01  dist=0.00±0.00  upright=0.00±0.00  → FITNESS=0.0184
URDF saved to temp_urdf\being_13012.urdf
Connecting to PyBullet, GUI: False
CreatureEnv Inicijalizacija: 12 motora. OBS_dim=40, frame_skip=1
[Fitness run Gen11Creature8] reward=951.54±316.83  dist=0.04±0.01  upright=0.90±0.30  → FITNESS=0.3757
URDF saved to temp_urdf\being_13012.urdf
Connecting to PyBullet, GUI: False
CreatureEnv Inicijalizacija: 12 motora. OBS_dim=40, frame_skip=1
[Fitness run Gen11Creature9] reward=1.75±0.24  dist=0.09±0.26  upright=0.06±0.00  → FITNESS=0.0398
URDF saved to temp_urdf\being_13012.urdf
Connecting to PyBullet, GUI: False
CreatureEnv Inicijalizacija: 12 motora. OBS_dim=40, frame_skip=1
[Fitness run Gen11Creature10] reward=1.51±0.36  dist=0.00±0.00  upright=0.22±0.07  → FITNESS=0.0832
URDF saved to temp_urdf\being_13012.urdf
Connecting to PyBullet, GUI: False
CreatureEnv Inicijalizacija: 12 motora. OBS_dim=40, frame_skip=1
[Fitness run Gen11Creature11] reward=1.64±0.00  dist=0.00±0.00  upright=0.00±0.00  → FITNESS=0.0183
URDF saved to temp_urdf\being_13012.urdf
Connecting to PyBullet, GUI: False
CreatureEnv Inicijalizacija: 12 motora. OBS_dim=40, frame_skip=1
[Fitness run Gen11Creature13] reward=960.65±319.80  dist=0.20±0.40  upright=0.94±0.17  → FITNESS=0.3930
URDF saved to temp_urdf\being_13012.urdf
Connecting to PyBullet, GUI: False
CreatureEnv Inicijalizacija: 12 motora. OBS_dim=40, frame_skip=1
[Fitness run Gen11Creature14] reward=1.39±0.39  dist=0.48±0.18  upright=0.00±0.00  → FITNESS=0.0304
URDF saved to temp_urdf\being_13012.urdf
Connecting to PyBullet, GUI: False
CreatureEnv Inicijalizacija: 12 motora. OBS_dim=40, frame_skip=1
[Fitness run Gen11Creature15] reward=1.48±0.12  dist=0.13±0.38  upright=0.23±0.10  → FITNESS=0.0892
URDF saved to temp_urdf\being_13012.urdf
Connecting to PyBullet, GUI: False
CreatureEnv Inicijalizacija: 12 motora. OBS_dim=40, frame_skip=1
[Fitness run Gen11Creature16] reward=990.04±329.35  dist=0.02±0.04  upright=0.93±0.20  → FITNESS=0.3883
URDF saved to temp_urdf\being_13012.urdf
Connecting to PyBullet, GUI: False
CreatureEnv Inicijalizacija: 12 motora. OBS_dim=40, frame_skip=1
[Fitness run Gen11Creature17] reward=1.34±0.26  dist=0.00±0.00  upright=0.12±0.06  → FITNESS=0.0551
URDF saved to temp_urdf\being_13012.urdf
Connecting to PyBullet, GUI: False
CreatureEnv Inicijalizacija: 12 motora. OBS_dim=40, frame_skip=1
[Fitness run Gen11Creature18] reward=1.65±0.03  dist=0.02±0.04  upright=0.01±0.04  → FITNESS=0.0226
URDF saved to temp_urdf\being_13012.urdf
Connecting to PyBullet, GUI: False
CreatureEnv Inicijalizacija: 12 motora. OBS_dim=40, frame_skip=1
[Fitness run Gen11Creature19] reward=962.33±320.22  dist=0.00±0.00  upright=0.92±0.23  → FITNESS=0.3825
URDF saved to temp_urdf\being_13012.urdf
Connecting to PyBullet, GUI: False
CreatureEnv Inicijalizacija: 12 motora. OBS_dim=40, frame_skip=1
[Fitness run Gen11Creature20] reward=1.60±0.00  dist=0.03±0.08  upright=0.00±0.00  → FITNESS=0.0190
URDF saved to temp_urdf\being_13012.urdf
Connecting to PyBullet, GUI: False
CreatureEnv Inicijalizacija: 12 motora. OBS_dim=40, frame_skip=1
[Fitness run Gen11Creature21] reward=1.63±0.00  dist=0.17±0.07  upright=0.03±0.01  → FITNESS=0.0312
URDF saved to temp_urdf\being_13012.urdf
Connecting to PyBullet, GUI: False
CreatureEnv Inicijalizacija: 12 motora. OBS_dim=40, frame_skip=1
[Fitness run Gen11Creature22] reward=1.62±0.03  dist=0.03±0.01  upright=0.00±0.00  → FITNESS=0.0191
URDF saved to temp_urdf\being_13012.urdf
Connecting to PyBullet, GUI: False
CreatureEnv Inicijalizacija: 12 motora. OBS_dim=40, frame_skip=1
[Fitness run Gen11Creature23] reward=959.76±319.54  dist=0.13±0.09  upright=0.92±0.23  → FITNESS=0.3855
URDF saved to temp_urdf\being_13012.urdf
Connecting to PyBullet, GUI: False
CreatureEnv Inicijalizacija: 12 motora. OBS_dim=40, frame_skip=1
[Fitness run Gen11Creature24] reward=1.62±0.01  dist=0.04±0.02  upright=0.00±0.00  → FITNESS=0.0192
URDF saved to temp_urdf\being_13012.urdf
Connecting to PyBullet, GUI: False
CreatureEnv Inicijalizacija: 12 motora. OBS_dim=40, frame_skip=1
[Fitness run Gen11Creature25] reward=1.81±0.08  dist=0.00±0.00  upright=0.04±0.03  → FITNESS=0.0310
URDF saved to temp_urdf\being_13012.urdf
Connecting to PyBullet, GUI: False
CreatureEnv Inicijalizacija: 12 motora. OBS_dim=40, frame_skip=1
[Fitness run Gen11Creature26] reward=1.63±0.00  dist=0.00±0.00  upright=0.00±0.00  → FITNESS=0.0183
URDF saved to temp_urdf\being_13012.urdf
Connecting to PyBullet, GUI: False
CreatureEnv Inicijalizacija: 12 motora. OBS_dim=40, frame_skip=1
[Fitness run Gen11Creature27] reward=1.65±0.01  dist=0.12±0.03  upright=0.00±0.01  → FITNESS=0.0222
URDF saved to temp_urdf\being_13012.urdf
Connecting to PyBullet, GUI: False
CreatureEnv Inicijalizacija: 12 motora. OBS_dim=40, frame_skip=1
[Fitness run Gen11Creature28] reward=1.66±0.01  dist=0.06±0.01  upright=0.32±0.16  → FITNESS=0.1146
URDF saved to temp_urdf\being_13012.urdf
Connecting to PyBullet, GUI: False
CreatureEnv Inicijalizacija: 12 motora. OBS_dim=40, frame_skip=1
[Fitness run Gen11Creature29] reward=1.66±0.02  dist=0.06±0.03  upright=0.02±0.06  → FITNESS=0.0257
Genome saved to results\distanceBased500Steps5DifferentSeeds\run_5\run_5_best_creature.json
[plot] Summary saved → results\distanceBased500Steps5DifferentSeeds\run_5\run_5_summary.png
URDF saved to temp_urdf\being_13012.urdf
Connecting to PyBullet, GUI: False
CreatureEnv Inicijalizacija: 12 motora. OBS_dim=40, frame_skip=1
[Fitness run Gen12Creature2] reward=1.58±0.01  dist=0.00±0.00  upright=0.00±0.00  → FITNESS=0.0183
URDF saved to temp_urdf\being_13012.urdf
Connecting to PyBullet, GUI: False
CreatureEnv Inicijalizacija: 12 motora. OBS_dim=40, frame_skip=1
[Fitness run Gen12Creature4] reward=1.71±0.04  dist=0.05±0.14  upright=0.00±0.00  → FITNESS=0.0195
URDF saved to temp_urdf\being_13012.urdf
Connecting to PyBullet, GUI: False
CreatureEnv Inicijalizacija: 12 motora. OBS_dim=40, frame_skip=1
[Fitness run Gen12Creature5] reward=1.67±0.02  dist=0.11±0.06  upright=0.04±0.13  → FITNESS=0.0337
URDF saved to temp_urdf\being_13012.urdf
Connecting to PyBullet, GUI: False
CreatureEnv Inicijalizacija: 12 motora. OBS_dim=40, frame_skip=1
[Fitness run Gen12Creature6] reward=1.73±0.24  dist=0.00±0.00  upright=0.12±0.15  → FITNESS=0.0551
URDF saved to temp_urdf\being_13012.urdf
Connecting to PyBullet, GUI: False
CreatureEnv Inicijalizacija: 12 motora. OBS_dim=40, frame_skip=1
[Fitness run Gen12Creature7] reward=996.02±331.42  dist=0.00±0.00  upright=0.93±0.20  → FITNESS=0.3885
URDF saved to temp_urdf\being_13012.urdf
Connecting to PyBullet, GUI: False
CreatureEnv Inicijalizacija: 12 motora. OBS_dim=40, frame_skip=1
[Fitness run Gen12Creature8] reward=110.99±328.50  dist=0.01±0.02  upright=0.33±0.25  → FITNESS=0.1281
URDF saved to temp_urdf\being_13012.urdf
Connecting to PyBullet, GUI: False
CreatureEnv Inicijalizacija: 12 motora. OBS_dim=40, frame_skip=1
[Fitness run Gen12Creature9] reward=1.63±0.03  dist=0.10±0.25  upright=0.04±0.02  → FITNESS=0.0314
URDF saved to temp_urdf\being_13012.urdf
Connecting to PyBullet, GUI: False
CreatureEnv Inicijalizacija: 12 motora. OBS_dim=40, frame_skip=1
[Fitness run Gen12Creature10] reward=1.55±0.44  dist=0.05±0.08  upright=0.02±0.07  → FITNESS=0.0263
URDF saved to temp_urdf\being_13012.urdf
Connecting to PyBullet, GUI: False
CreatureEnv Inicijalizacija: 12 motora. OBS_dim=40, frame_skip=1
[Fitness run Gen12Creature11] reward=546.88±510.50  dist=0.02±0.02  upright=0.89±0.30  → FITNESS=0.3359
URDF saved to temp_urdf\being_13012.urdf
Connecting to PyBullet, GUI: False
CreatureEnv Inicijalizacija: 12 motora. OBS_dim=40, frame_skip=1
[Fitness run Gen12Creature12] reward=963.20±320.31  dist=0.00±0.00  upright=0.95±0.14  → FITNESS=0.3922
URDF saved to temp_urdf\being_13012.urdf
Connecting to PyBullet, GUI: False
CreatureEnv Inicijalizacija: 12 motora. OBS_dim=40, frame_skip=1
[Fitness run Gen12Creature13] reward=885.24±289.27  dist=0.00±0.01  upright=0.98±0.06  → FITNESS=0.3925
URDF saved to temp_urdf\being_13012.urdf
Connecting to PyBullet, GUI: False
CreatureEnv Inicijalizacija: 12 motora. OBS_dim=40, frame_skip=1
[Fitness run Gen12Creature14] reward=1.65±0.03  dist=0.03±0.02  upright=0.00±0.00  → FITNESS=0.0191
URDF saved to temp_urdf\being_13012.urdf
Connecting to PyBullet, GUI: False
CreatureEnv Inicijalizacija: 12 motora. OBS_dim=40, frame_skip=1
[Fitness run Gen12Creature15] reward=1.56±0.18  dist=0.00±0.01  upright=0.03±0.01  → FITNESS=0.0272
URDF saved to temp_urdf\being_13012.urdf
Connecting to PyBullet, GUI: False
CreatureEnv Inicijalizacija: 12 motora. OBS_dim=40, frame_skip=1
[Fitness run Gen12Creature16] reward=1113.50±0.10  dist=0.00±0.00  upright=1.00±0.00  → FITNESS=0.4194
URDF saved to temp_urdf\being_13012.urdf
Connecting to PyBullet, GUI: False
CreatureEnv Inicijalizacija: 12 motora. OBS_dim=40, frame_skip=1
[Fitness run Gen12Creature17] reward=984.06±327.62  dist=0.01±0.00  upright=0.92±0.25  → FITNESS=0.3826
URDF saved to temp_urdf\being_13012.urdf
Connecting to PyBullet, GUI: False
CreatureEnv Inicijalizacija: 12 motora. OBS_dim=40, frame_skip=1
[Fitness run Gen12Creature18] reward=1.65±0.03  dist=0.00±0.00  upright=0.00±0.01  → FITNESS=0.0193
URDF saved to temp_urdf\being_13012.urdf
Connecting to PyBullet, GUI: False
CreatureEnv Inicijalizacija: 12 motora. OBS_dim=40, frame_skip=1
[Fitness run Gen12Creature19] reward=953.85±317.44  dist=0.25±0.21  upright=0.93±0.22  → FITNESS=0.3888
URDF saved to temp_urdf\being_13012.urdf
Connecting to PyBullet, GUI: False
CreatureEnv Inicijalizacija: 12 motora. OBS_dim=40, frame_skip=1
[Fitness run Gen12Creature20] reward=1.59±0.00  dist=0.01±0.03  upright=0.00±0.00  → FITNESS=0.0186
URDF saved to temp_urdf\being_13012.urdf
Connecting to PyBullet, GUI: False
CreatureEnv Inicijalizacija: 12 motora. OBS_dim=40, frame_skip=1
[Fitness run Gen12Creature21] reward=961.69±320.12  dist=0.00±0.01  upright=0.92±0.24  → FITNESS=0.3815
URDF saved to temp_urdf\being_13012.urdf
Connecting to PyBullet, GUI: False
CreatureEnv Inicijalizacija: 12 motora. OBS_dim=40, frame_skip=1
[Fitness run Gen12Creature22] reward=1.59±0.15  dist=0.00±0.00  upright=0.00±0.00  → FITNESS=0.0183
URDF saved to temp_urdf\being_13012.urdf
Connecting to PyBullet, GUI: False
CreatureEnv Inicijalizacija: 12 motora. OBS_dim=40, frame_skip=1
[Fitness run Gen12Creature23] reward=969.36±322.74  dist=0.08±0.05  upright=0.92±0.25  → FITNESS=0.3832
URDF saved to temp_urdf\being_13012.urdf
Connecting to PyBullet, GUI: False
CreatureEnv Inicijalizacija: 12 motora. OBS_dim=40, frame_skip=1
[Fitness run Gen12Creature24] reward=1.89±0.33  dist=0.30±0.89  upright=0.00±0.00  → FITNESS=0.0258
URDF saved to temp_urdf\being_13012.urdf
Connecting to PyBullet, GUI: False
CreatureEnv Inicijalizacija: 12 motora. OBS_dim=40, frame_skip=1
[Fitness run Gen12Creature25] reward=1.58±0.00  dist=0.24±0.07  upright=0.09±0.03  → FITNESS=0.0505
URDF saved to temp_urdf\being_13012.urdf
Connecting to PyBullet, GUI: False
CreatureEnv Inicijalizacija: 12 motora. OBS_dim=40, frame_skip=1
[Fitness run Gen12Creature26] reward=1.55±0.03  dist=0.00±0.00  upright=0.14±0.02  → FITNESS=0.0590
URDF saved to temp_urdf\being_13012.urdf
Connecting to PyBullet, GUI: False
CreatureEnv Inicijalizacija: 12 motora. OBS_dim=40, frame_skip=1
[Fitness run Gen12Creature27] reward=1.78±0.05  dist=0.07±0.04  upright=0.19±0.09  → FITNESS=0.0763
URDF saved to temp_urdf\being_13012.urdf
Connecting to PyBullet, GUI: False
CreatureEnv Inicijalizacija: 12 motora. OBS_dim=40, frame_skip=1
[Fitness run Gen12Creature28] reward=1.58±0.03  dist=0.17±0.04  upright=0.00±0.00  → FITNESS=0.0227
URDF saved to temp_urdf\being_13012.urdf
Connecting to PyBullet, GUI: False
CreatureEnv Inicijalizacija: 12 motora. OBS_dim=40, frame_skip=1
[Fitness run Gen12Creature29] reward=1.63±0.08  dist=0.00±0.00  upright=0.01±0.03  → FITNESS=0.0212

==================================================
Generacija 12/20  |  Best = 0.4531  |  Mean = 0.1817  |  Std = 0.1792
==================================================
URDF saved to temp_urdf\being_13012.urdf
Connecting to PyBullet, GUI: False
CreatureEnv Inicijalizacija: 12 motora. OBS_dim=40, frame_skip=1
[Fitness run Gen12Creature2] reward=1.58±0.01  dist=0.00±0.00  upright=0.00±0.00  → FITNESS=0.0183
URDF saved to temp_urdf\being_13012.urdf
Connecting to PyBullet, GUI: False
CreatureEnv Inicijalizacija: 12 motora. OBS_dim=40, frame_skip=1
[Fitness run Gen12Creature4] reward=1.71±0.04  dist=0.05±0.14  upright=0.00±0.00  → FITNESS=0.0195
URDF saved to temp_urdf\being_13012.urdf
Connecting to PyBullet, GUI: False
CreatureEnv Inicijalizacija: 12 motora. OBS_dim=40, frame_skip=1
[Fitness run Gen12Creature5] reward=1.67±0.02  dist=0.11±0.06  upright=0.04±0.13  → FITNESS=0.0337
URDF saved to temp_urdf\being_13012.urdf
Connecting to PyBullet, GUI: False
CreatureEnv Inicijalizacija: 12 motora. OBS_dim=40, frame_skip=1
[Fitness run Gen12Creature6] reward=1.73±0.24  dist=0.00±0.00  upright=0.12±0.15  → FITNESS=0.0551
URDF saved to temp_urdf\being_13012.urdf
Connecting to PyBullet, GUI: False
CreatureEnv Inicijalizacija: 12 motora. OBS_dim=40, frame_skip=1
[Fitness run Gen12Creature7] reward=996.02±331.42  dist=0.00±0.00  upright=0.93±0.20  → FITNESS=0.3885
URDF saved to temp_urdf\being_13012.urdf
Connecting to PyBullet, GUI: False
CreatureEnv Inicijalizacija: 12 motora. OBS_dim=40, frame_skip=1
[Fitness run Gen12Creature8] reward=110.99±328.50  dist=0.01±0.02  upright=0.33±0.25  → FITNESS=0.1281
URDF saved to temp_urdf\being_13012.urdf
Connecting to PyBullet, GUI: False
CreatureEnv Inicijalizacija: 12 motora. OBS_dim=40, frame_skip=1
[Fitness run Gen12Creature9] reward=1.63±0.03  dist=0.10±0.25  upright=0.04±0.02  → FITNESS=0.0314
URDF saved to temp_urdf\being_13012.urdf
Connecting to PyBullet, GUI: False
CreatureEnv Inicijalizacija: 12 motora. OBS_dim=40, frame_skip=1
[Fitness run Gen12Creature10] reward=1.55±0.44  dist=0.05±0.08  upright=0.02±0.07  → FITNESS=0.0263
URDF saved to temp_urdf\being_13012.urdf
Connecting to PyBullet, GUI: False
CreatureEnv Inicijalizacija: 12 motora. OBS_dim=40, frame_skip=1
[Fitness run Gen12Creature11] reward=546.88±510.50  dist=0.02±0.02  upright=0.89±0.30  → FITNESS=0.3359
URDF saved to temp_urdf\being_13012.urdf
Connecting to PyBullet, GUI: False
CreatureEnv Inicijalizacija: 12 motora. OBS_dim=40, frame_skip=1
[Fitness run Gen12Creature12] reward=963.20±320.31  dist=0.00±0.00  upright=0.95±0.14  → FITNESS=0.3922
URDF saved to temp_urdf\being_13012.urdf
Connecting to PyBullet, GUI: False
CreatureEnv Inicijalizacija: 12 motora. OBS_dim=40, frame_skip=1
[Fitness run Gen12Creature13] reward=885.24±289.27  dist=0.00±0.01  upright=0.98±0.06  → FITNESS=0.3925
URDF saved to temp_urdf\being_13012.urdf
Connecting to PyBullet, GUI: False
CreatureEnv Inicijalizacija: 12 motora. OBS_dim=40, frame_skip=1
[Fitness run Gen12Creature14] reward=1.65±0.03  dist=0.03±0.02  upright=0.00±0.00  → FITNESS=0.0191
URDF saved to temp_urdf\being_13012.urdf
Connecting to PyBullet, GUI: False
CreatureEnv Inicijalizacija: 12 motora. OBS_dim=40, frame_skip=1
[Fitness run Gen12Creature15] reward=1.56±0.18  dist=0.00±0.01  upright=0.03±0.01  → FITNESS=0.0272
URDF saved to temp_urdf\being_13012.urdf
Connecting to PyBullet, GUI: False
CreatureEnv Inicijalizacija: 12 motora. OBS_dim=40, frame_skip=1
[Fitness run Gen12Creature16] reward=1113.50±0.10  dist=0.00±0.00  upright=1.00±0.00  → FITNESS=0.4194
URDF saved to temp_urdf\being_13012.urdf
Connecting to PyBullet, GUI: False
CreatureEnv Inicijalizacija: 12 motora. OBS_dim=40, frame_skip=1
[Fitness run Gen12Creature17] reward=984.06±327.62  dist=0.01±0.00  upright=0.92±0.25  → FITNESS=0.3826
URDF saved to temp_urdf\being_13012.urdf
Connecting to PyBullet, GUI: False
CreatureEnv Inicijalizacija: 12 motora. OBS_dim=40, frame_skip=1
[Fitness run Gen12Creature18] reward=1.65±0.03  dist=0.00±0.00  upright=0.00±0.01  → FITNESS=0.0193
URDF saved to temp_urdf\being_13012.urdf
Connecting to PyBullet, GUI: False
CreatureEnv Inicijalizacija: 12 motora. OBS_dim=40, frame_skip=1
[Fitness run Gen12Creature19] reward=953.85±317.44  dist=0.25±0.21  upright=0.93±0.22  → FITNESS=0.3888
URDF saved to temp_urdf\being_13012.urdf
Connecting to PyBullet, GUI: False
CreatureEnv Inicijalizacija: 12 motora. OBS_dim=40, frame_skip=1
[Fitness run Gen12Creature20] reward=1.59±0.00  dist=0.01±0.03  upright=0.00±0.00  → FITNESS=0.0186
URDF saved to temp_urdf\being_13012.urdf
Connecting to PyBullet, GUI: False
CreatureEnv Inicijalizacija: 12 motora. OBS_dim=40, frame_skip=1
[Fitness run Gen12Creature21] reward=961.69±320.12  dist=0.00±0.01  upright=0.92±0.24  → FITNESS=0.3815
URDF saved to temp_urdf\being_13012.urdf
Connecting to PyBullet, GUI: False
CreatureEnv Inicijalizacija: 12 motora. OBS_dim=40, frame_skip=1
[Fitness run Gen12Creature22] reward=1.59±0.15  dist=0.00±0.00  upright=0.00±0.00  → FITNESS=0.0183
URDF saved to temp_urdf\being_13012.urdf
Connecting to PyBullet, GUI: False
CreatureEnv Inicijalizacija: 12 motora. OBS_dim=40, frame_skip=1
[Fitness run Gen12Creature23] reward=969.36±322.74  dist=0.08±0.05  upright=0.92±0.25  → FITNESS=0.3832
URDF saved to temp_urdf\being_13012.urdf
Connecting to PyBullet, GUI: False
CreatureEnv Inicijalizacija: 12 motora. OBS_dim=40, frame_skip=1
[Fitness run Gen12Creature24] reward=1.89±0.33  dist=0.30±0.89  upright=0.00±0.00  → FITNESS=0.0258
URDF saved to temp_urdf\being_13012.urdf
Connecting to PyBullet, GUI: False
CreatureEnv Inicijalizacija: 12 motora. OBS_dim=40, frame_skip=1
[Fitness run Gen12Creature25] reward=1.58±0.00  dist=0.24±0.07  upright=0.09±0.03  → FITNESS=0.0505
URDF saved to temp_urdf\being_13012.urdf
Connecting to PyBullet, GUI: False
CreatureEnv Inicijalizacija: 12 motora. OBS_dim=40, frame_skip=1
[Fitness run Gen12Creature26] reward=1.55±0.03  dist=0.00±0.00  upright=0.14±0.02  → FITNESS=0.0590
URDF saved to temp_urdf\being_13012.urdf
Connecting to PyBullet, GUI: False
CreatureEnv Inicijalizacija: 12 motora. OBS_dim=40, frame_skip=1
[Fitness run Gen12Creature27] reward=1.78±0.05  dist=0.07±0.04  upright=0.19±0.09  → FITNESS=0.0763
URDF saved to temp_urdf\being_13012.urdf
Connecting to PyBullet, GUI: False
CreatureEnv Inicijalizacija: 12 motora. OBS_dim=40, frame_skip=1
[Fitness run Gen12Creature28] reward=1.58±0.03  dist=0.17±0.04  upright=0.00±0.00  → FITNESS=0.0227
URDF saved to temp_urdf\being_13012.urdf
Connecting to PyBullet, GUI: False
CreatureEnv Inicijalizacija: 12 motora. OBS_dim=40, frame_skip=1
[Fitness run Gen12Creature29] reward=1.63±0.08  dist=0.00±0.00  upright=0.01±0.03  → FITNESS=0.0212
Genome saved to results\distanceBased500Steps5DifferentSeeds\run_5\run_5_best_creature.json
[plot] Summary saved → results\distanceBased500Steps5DifferentSeeds\run_5\run_5_summary.png
URDF saved to temp_urdf\being_13012.urdf
Connecting to PyBullet, GUI: False
CreatureEnv Inicijalizacija: 12 motora. OBS_dim=40, frame_skip=1
[Fitness run Gen13Creature2] reward=1.58±0.01  dist=0.00±0.00  upright=0.00±0.00  → FITNESS=0.0183
URDF saved to temp_urdf\being_13012.urdf
Connecting to PyBullet, GUI: False
CreatureEnv Inicijalizacija: 12 motora. OBS_dim=40, frame_skip=1
[Fitness run Gen13Creature4] reward=1.63±0.01  dist=0.04±0.12  upright=0.09±0.03  → FITNESS=0.0464
URDF saved to temp_urdf\being_13012.urdf
Connecting to PyBullet, GUI: False
CreatureEnv Inicijalizacija: 12 motora. OBS_dim=40, frame_skip=1
[Fitness run Gen13Creature5] reward=2.04±0.13  dist=0.02±0.03  upright=0.90±0.30  → FITNESS=0.2888
URDF saved to temp_urdf\being_13012.urdf
Connecting to PyBullet, GUI: False
CreatureEnv Inicijalizacija: 12 motora. OBS_dim=40, frame_skip=1
[Fitness run Gen13Creature6] reward=1.65±0.01  dist=0.00±0.00  upright=0.03±0.10  → FITNESS=0.0280
URDF saved to temp_urdf\being_13012.urdf
Connecting to PyBullet, GUI: False
CreatureEnv Inicijalizacija: 12 motora. OBS_dim=40, frame_skip=1
[Fitness run Gen13Creature7] reward=938.65±312.40  dist=0.02±0.05  upright=0.91±0.28  → FITNESS=0.3759
URDF saved to temp_urdf\being_13012.urdf
Connecting to PyBullet, GUI: False
CreatureEnv Inicijalizacija: 12 motora. OBS_dim=40, frame_skip=1
[Fitness run Gen13Creature8] reward=990.12±329.49  dist=0.01±0.04  upright=0.93±0.21  → FITNESS=0.3873
URDF saved to temp_urdf\being_13012.urdf
Connecting to PyBullet, GUI: False
CreatureEnv Inicijalizacija: 12 motora. OBS_dim=40, frame_skip=1
[Fitness run Gen13Creature9] reward=1.63±0.03  dist=0.10±0.30  upright=0.02±0.05  → FITNESS=0.0257
URDF saved to temp_urdf\being_13012.urdf
Connecting to PyBullet, GUI: False
CreatureEnv Inicijalizacija: 12 motora. OBS_dim=40, frame_skip=1
[Fitness run Gen13Creature10] reward=1.51±0.36  dist=0.00±0.00  upright=0.22±0.07  → FITNESS=0.0832
URDF saved to temp_urdf\being_13012.urdf
Connecting to PyBullet, GUI: False
CreatureEnv Inicijalizacija: 12 motora. OBS_dim=40, frame_skip=1
[Fitness run Gen13Creature11] reward=1.67±0.02  dist=0.05±0.10  upright=0.00±0.00  → FITNESS=0.0196
URDF saved to temp_urdf\being_13012.urdf
Connecting to PyBullet, GUI: False
CreatureEnv Inicijalizacija: 12 motora. OBS_dim=40, frame_skip=1
[Fitness run Gen13Creature14] reward=1.61±0.01  dist=0.02±0.02  upright=0.01±0.02  → FITNESS=0.0208
URDF saved to temp_urdf\being_13012.urdf
Connecting to PyBullet, GUI: False
CreatureEnv Inicijalizacija: 12 motora. OBS_dim=40, frame_skip=1
[Fitness run Gen13Creature15] reward=3.71±5.30  dist=0.00±0.00  upright=0.63±0.34  → FITNESS=0.2065
URDF saved to temp_urdf\being_13012.urdf
Connecting to PyBullet, GUI: False
CreatureEnv Inicijalizacija: 12 motora. OBS_dim=40, frame_skip=1
[Fitness run Gen13Creature16] reward=995.86±331.67  dist=1.42±0.55  upright=0.92±0.24  → FITNESS=0.4200
URDF saved to temp_urdf\being_13012.urdf
Connecting to PyBullet, GUI: False
CreatureEnv Inicijalizacija: 12 motora. OBS_dim=40, frame_skip=1
[Fitness run Gen13Creature17] reward=1002.16±333.68  dist=0.00±0.00  upright=0.91±0.28  → FITNESS=0.3812
URDF saved to temp_urdf\being_13012.urdf
Connecting to PyBullet, GUI: False
CreatureEnv Inicijalizacija: 12 motora. OBS_dim=40, frame_skip=1
[Fitness run Gen13Creature18] reward=1.65±0.01  dist=0.00±0.00  upright=0.01±0.02  → FITNESS=0.0203
URDF saved to temp_urdf\being_13012.urdf
Connecting to PyBullet, GUI: False
CreatureEnv Inicijalizacija: 12 motora. OBS_dim=40, frame_skip=1
[Fitness run Gen13Creature19] reward=962.33±320.22  dist=0.00±0.00  upright=0.92±0.23  → FITNESS=0.3825
URDF saved to temp_urdf\being_13012.urdf
Connecting to PyBullet, GUI: False
CreatureEnv Inicijalizacija: 12 motora. OBS_dim=40, frame_skip=1
[Fitness run Gen13Creature20] reward=1.60±0.00  dist=0.03±0.08  upright=0.00±0.00  → FITNESS=0.0190
URDF saved to temp_urdf\being_13012.urdf
Connecting to PyBullet, GUI: False
CreatureEnv Inicijalizacija: 12 motora. OBS_dim=40, frame_skip=1
[Fitness run Gen13Creature21] reward=1.63±0.13  dist=0.31±0.11  upright=0.00±0.00  → FITNESS=0.0260
URDF saved to temp_urdf\being_13012.urdf
Connecting to PyBullet, GUI: False
CreatureEnv Inicijalizacija: 12 motora. OBS_dim=40, frame_skip=1
[Fitness run Gen13Creature22] reward=1.59±0.15  dist=0.00±0.00  upright=0.00±0.00  → FITNESS=0.0183
URDF saved to temp_urdf\being_13012.urdf
Connecting to PyBullet, GUI: False
CreatureEnv Inicijalizacija: 12 motora. OBS_dim=40, frame_skip=1
[Fitness run Gen13Creature23] reward=969.36±322.74  dist=0.08±0.05  upright=0.92±0.25  → FITNESS=0.3832
URDF saved to temp_urdf\being_13012.urdf
Connecting to PyBullet, GUI: False
CreatureEnv Inicijalizacija: 12 motora. OBS_dim=40, frame_skip=1
[Fitness run Gen13Creature24] reward=1.89±0.33  dist=0.30±0.89  upright=0.00±0.00  → FITNESS=0.0258
URDF saved to temp_urdf\being_13012.urdf
Connecting to PyBullet, GUI: False
CreatureEnv Inicijalizacija: 12 motora. OBS_dim=40, frame_skip=1
[Fitness run Gen13Creature25] reward=1.77±0.40  dist=0.10±0.09  upright=0.60±0.25  → FITNESS=0.1999
URDF saved to temp_urdf\being_13012.urdf
Connecting to PyBullet, GUI: False
CreatureEnv Inicijalizacija: 12 motora. OBS_dim=40, frame_skip=1
[Fitness run Gen13Creature26] reward=1.56±0.24  dist=0.00±0.00  upright=0.00±0.00  → FITNESS=0.0183
URDF saved to temp_urdf\being_13012.urdf
Connecting to PyBullet, GUI: False
CreatureEnv Inicijalizacija: 12 motora. OBS_dim=40, frame_skip=1
[Fitness run Gen13Creature27] reward=1.69±0.20  dist=0.14±0.07  upright=0.34±0.22  → FITNESS=0.1244
URDF saved to temp_urdf\being_13012.urdf
Connecting to PyBullet, GUI: False
CreatureEnv Inicijalizacija: 12 motora. OBS_dim=40, frame_skip=1
[Fitness run Gen13Creature28] reward=1.67±0.00  dist=0.00±0.00  upright=0.00±0.00  → FITNESS=0.0183
URDF saved to temp_urdf\being_13012.urdf
Connecting to PyBullet, GUI: False
CreatureEnv Inicijalizacija: 12 motora. OBS_dim=40, frame_skip=1
[Fitness run Gen13Creature29] reward=1.70±0.01  dist=0.00±0.00  upright=0.01±0.02  → FITNESS=0.0203

==================================================
Generacija 13/20  |  Best = 0.4531  |  Mean = 0.1886  |  Std = 0.1752
==================================================
URDF saved to temp_urdf\being_13012.urdf
Connecting to PyBullet, GUI: False
CreatureEnv Inicijalizacija: 12 motora. OBS_dim=40, frame_skip=1
[Fitness run Gen13Creature2] reward=1.58±0.01  dist=0.00±0.00  upright=0.00±0.00  → FITNESS=0.0183
URDF saved to temp_urdf\being_13012.urdf
Connecting to PyBullet, GUI: False
CreatureEnv Inicijalizacija: 12 motora. OBS_dim=40, frame_skip=1
[Fitness run Gen13Creature4] reward=1.63±0.01  dist=0.04±0.12  upright=0.09±0.03  → FITNESS=0.0464
URDF saved to temp_urdf\being_13012.urdf
Connecting to PyBullet, GUI: False
CreatureEnv Inicijalizacija: 12 motora. OBS_dim=40, frame_skip=1
[Fitness run Gen13Creature5] reward=2.04±0.13  dist=0.02±0.03  upright=0.90±0.30  → FITNESS=0.2888
URDF saved to temp_urdf\being_13012.urdf
Connecting to PyBullet, GUI: False
CreatureEnv Inicijalizacija: 12 motora. OBS_dim=40, frame_skip=1
[Fitness run Gen13Creature6] reward=1.65±0.01  dist=0.00±0.00  upright=0.03±0.10  → FITNESS=0.0280
URDF saved to temp_urdf\being_13012.urdf
Connecting to PyBullet, GUI: False
CreatureEnv Inicijalizacija: 12 motora. OBS_dim=40, frame_skip=1
[Fitness run Gen13Creature7] reward=938.65±312.40  dist=0.02±0.05  upright=0.91±0.28  → FITNESS=0.3759
URDF saved to temp_urdf\being_13012.urdf
Connecting to PyBullet, GUI: False
CreatureEnv Inicijalizacija: 12 motora. OBS_dim=40, frame_skip=1
[Fitness run Gen13Creature8] reward=990.12±329.49  dist=0.01±0.04  upright=0.93±0.21  → FITNESS=0.3873
URDF saved to temp_urdf\being_13012.urdf
Connecting to PyBullet, GUI: False
CreatureEnv Inicijalizacija: 12 motora. OBS_dim=40, frame_skip=1
[Fitness run Gen13Creature9] reward=1.63±0.03  dist=0.10±0.30  upright=0.02±0.05  → FITNESS=0.0257
URDF saved to temp_urdf\being_13012.urdf
Connecting to PyBullet, GUI: False
CreatureEnv Inicijalizacija: 12 motora. OBS_dim=40, frame_skip=1
[Fitness run Gen13Creature10] reward=1.51±0.36  dist=0.00±0.00  upright=0.22±0.07  → FITNESS=0.0832
URDF saved to temp_urdf\being_13012.urdf
Connecting to PyBullet, GUI: False
CreatureEnv Inicijalizacija: 12 motora. OBS_dim=40, frame_skip=1
[Fitness run Gen13Creature11] reward=1.67±0.02  dist=0.05±0.10  upright=0.00±0.00  → FITNESS=0.0196
URDF saved to temp_urdf\being_13012.urdf
Connecting to PyBullet, GUI: False
CreatureEnv Inicijalizacija: 12 motora. OBS_dim=40, frame_skip=1
[Fitness run Gen13Creature14] reward=1.61±0.01  dist=0.02±0.02  upright=0.01±0.02  → FITNESS=0.0208
URDF saved to temp_urdf\being_13012.urdf
Connecting to PyBullet, GUI: False
CreatureEnv Inicijalizacija: 12 motora. OBS_dim=40, frame_skip=1
[Fitness run Gen13Creature15] reward=3.71±5.30  dist=0.00±0.00  upright=0.63±0.34  → FITNESS=0.2065
URDF saved to temp_urdf\being_13012.urdf
Connecting to PyBullet, GUI: False
CreatureEnv Inicijalizacija: 12 motora. OBS_dim=40, frame_skip=1
[Fitness run Gen13Creature16] reward=995.86±331.67  dist=1.42±0.55  upright=0.92±0.24  → FITNESS=0.4200
URDF saved to temp_urdf\being_13012.urdf
Connecting to PyBullet, GUI: False
CreatureEnv Inicijalizacija: 12 motora. OBS_dim=40, frame_skip=1
[Fitness run Gen13Creature17] reward=1002.16±333.68  dist=0.00±0.00  upright=0.91±0.28  → FITNESS=0.3812
URDF saved to temp_urdf\being_13012.urdf
Connecting to PyBullet, GUI: False
CreatureEnv Inicijalizacija: 12 motora. OBS_dim=40, frame_skip=1
[Fitness run Gen13Creature18] reward=1.65±0.01  dist=0.00±0.00  upright=0.01±0.02  → FITNESS=0.0203
URDF saved to temp_urdf\being_13012.urdf
Connecting to PyBullet, GUI: False
CreatureEnv Inicijalizacija: 12 motora. OBS_dim=40, frame_skip=1
[Fitness run Gen13Creature19] reward=962.33±320.22  dist=0.00±0.00  upright=0.92±0.23  → FITNESS=0.3825
URDF saved to temp_urdf\being_13012.urdf
Connecting to PyBullet, GUI: False
CreatureEnv Inicijalizacija: 12 motora. OBS_dim=40, frame_skip=1
[Fitness run Gen13Creature20] reward=1.60±0.00  dist=0.03±0.08  upright=0.00±0.00  → FITNESS=0.0190
URDF saved to temp_urdf\being_13012.urdf
Connecting to PyBullet, GUI: False
CreatureEnv Inicijalizacija: 12 motora. OBS_dim=40, frame_skip=1
[Fitness run Gen13Creature21] reward=1.63±0.13  dist=0.31±0.11  upright=0.00±0.00  → FITNESS=0.0260
URDF saved to temp_urdf\being_13012.urdf
Connecting to PyBullet, GUI: False
CreatureEnv Inicijalizacija: 12 motora. OBS_dim=40, frame_skip=1
[Fitness run Gen13Creature22] reward=1.59±0.15  dist=0.00±0.00  upright=0.00±0.00  → FITNESS=0.0183
URDF saved to temp_urdf\being_13012.urdf
Connecting to PyBullet, GUI: False
CreatureEnv Inicijalizacija: 12 motora. OBS_dim=40, frame_skip=1
[Fitness run Gen13Creature23] reward=969.36±322.74  dist=0.08±0.05  upright=0.92±0.25  → FITNESS=0.3832
URDF saved to temp_urdf\being_13012.urdf
Connecting to PyBullet, GUI: False
CreatureEnv Inicijalizacija: 12 motora. OBS_dim=40, frame_skip=1
[Fitness run Gen13Creature24] reward=1.89±0.33  dist=0.30±0.89  upright=0.00±0.00  → FITNESS=0.0258
URDF saved to temp_urdf\being_13012.urdf
Connecting to PyBullet, GUI: False
CreatureEnv Inicijalizacija: 12 motora. OBS_dim=40, frame_skip=1
[Fitness run Gen13Creature25] reward=1.77±0.40  dist=0.10±0.09  upright=0.60±0.25  → FITNESS=0.1999
URDF saved to temp_urdf\being_13012.urdf
Connecting to PyBullet, GUI: False
CreatureEnv Inicijalizacija: 12 motora. OBS_dim=40, frame_skip=1
[Fitness run Gen13Creature26] reward=1.56±0.24  dist=0.00±0.00  upright=0.00±0.00  → FITNESS=0.0183
URDF saved to temp_urdf\being_13012.urdf
Connecting to PyBullet, GUI: False
CreatureEnv Inicijalizacija: 12 motora. OBS_dim=40, frame_skip=1
[Fitness run Gen13Creature27] reward=1.69±0.20  dist=0.14±0.07  upright=0.34±0.22  → FITNESS=0.1244
URDF saved to temp_urdf\being_13012.urdf
Connecting to PyBullet, GUI: False
CreatureEnv Inicijalizacija: 12 motora. OBS_dim=40, frame_skip=1
[Fitness run Gen13Creature28] reward=1.67±0.00  dist=0.00±0.00  upright=0.00±0.00  → FITNESS=0.0183
URDF saved to temp_urdf\being_13012.urdf
Connecting to PyBullet, GUI: False
CreatureEnv Inicijalizacija: 12 motora. OBS_dim=40, frame_skip=1
[Fitness run Gen13Creature29] reward=1.70±0.01  dist=0.00±0.00  upright=0.01±0.02  → FITNESS=0.0203
Genome saved to results\distanceBased500Steps5DifferentSeeds\run_5\run_5_best_creature.json
[plot] Summary saved → results\distanceBased500Steps5DifferentSeeds\run_5\run_5_summary.png
URDF saved to temp_urdf\being_13012.urdf
Connecting to PyBullet, GUI: False
CreatureEnv Inicijalizacija: 12 motora. OBS_dim=40, frame_skip=1
[Fitness run Gen14Creature2] reward=1.58±0.01  dist=0.00±0.00  upright=0.00±0.00  → FITNESS=0.0183
URDF saved to temp_urdf\being_13012.urdf
Connecting to PyBullet, GUI: False
CreatureEnv Inicijalizacija: 12 motora. OBS_dim=40, frame_skip=1
[Fitness run Gen14Creature4] reward=1.63±0.01  dist=0.04±0.12  upright=0.09±0.03  → FITNESS=0.0464
URDF saved to temp_urdf\being_13012.urdf
Connecting to PyBullet, GUI: False
CreatureEnv Inicijalizacija: 12 motora. OBS_dim=40, frame_skip=1
[Fitness run Gen14Creature5] reward=2.03±0.13  dist=0.07±0.15  upright=0.90±0.30  → FITNESS=0.2900
URDF saved to temp_urdf\being_13012.urdf
Connecting to PyBullet, GUI: False
CreatureEnv Inicijalizacija: 12 motora. OBS_dim=40, frame_skip=1
[Fitness run Gen14Creature6] reward=1.60±0.16  dist=0.00±0.00  upright=0.05±0.07  → FITNESS=0.0348
URDF saved to temp_urdf\being_13012.urdf
Connecting to PyBullet, GUI: False
CreatureEnv Inicijalizacija: 12 motora. OBS_dim=40, frame_skip=1
[Fitness run Gen14Creature8] reward=987.38±328.59  dist=0.09±0.02  upright=0.93±0.22  → FITNESS=0.3880
URDF saved to temp_urdf\being_13012.urdf
Connecting to PyBullet, GUI: False
CreatureEnv Inicijalizacija: 12 motora. OBS_dim=40, frame_skip=1
[Fitness run Gen14Creature9] reward=1.54±0.09  dist=0.00±0.01  upright=0.01±0.03  → FITNESS=0.0213
URDF saved to temp_urdf\being_13012.urdf
Connecting to PyBullet, GUI: False
CreatureEnv Inicijalizacija: 12 motora. OBS_dim=40, frame_skip=1
[Fitness run Gen14Creature10] reward=977.20±325.32  dist=0.04±0.01  upright=0.91±0.26  → FITNESS=0.3819
URDF saved to temp_urdf\being_13012.urdf
Connecting to PyBullet, GUI: False
CreatureEnv Inicijalizacija: 12 motora. OBS_dim=40, frame_skip=1
[Fitness run Gen14Creature11] reward=1.64±0.04  dist=0.14±0.06  upright=0.00±0.00  → FITNESS=0.0219
URDF saved to temp_urdf\being_13012.urdf
Connecting to PyBullet, GUI: False
CreatureEnv Inicijalizacija: 12 motora. OBS_dim=40, frame_skip=1
[Fitness run Gen14Creature14] reward=1.61±0.01  dist=0.02±0.02  upright=0.01±0.02  → FITNESS=0.0208
URDF saved to temp_urdf\being_13012.urdf
Connecting to PyBullet, GUI: False
CreatureEnv Inicijalizacija: 12 motora. OBS_dim=40, frame_skip=1
[Fitness run Gen14Creature15] reward=1.65±0.05  dist=0.00±0.00  upright=0.29±0.10  → FITNESS=0.1045
URDF saved to temp_urdf\being_13012.urdf
Connecting to PyBullet, GUI: False
CreatureEnv Inicijalizacija: 12 motora. OBS_dim=40, frame_skip=1
[Fitness run Gen14Creature16] reward=1.69±0.06  dist=0.00±0.00  upright=0.13±0.01  → FITNESS=0.0580
URDF saved to temp_urdf\being_13012.urdf
Connecting to PyBullet, GUI: False
CreatureEnv Inicijalizacija: 12 motora. OBS_dim=40, frame_skip=1
[Fitness run Gen14Creature17] reward=988.54±328.96  dist=0.05±0.02  upright=0.92±0.25  → FITNESS=0.3842
URDF saved to temp_urdf\being_13012.urdf
Connecting to PyBullet, GUI: False
CreatureEnv Inicijalizacija: 12 motora. OBS_dim=40, frame_skip=1
[Fitness run Gen14Creature18] reward=1.62±0.00  dist=0.15±0.01  upright=0.00±0.00  → FITNESS=0.0220
URDF saved to temp_urdf\being_13012.urdf
Connecting to PyBullet, GUI: False
CreatureEnv Inicijalizacija: 12 motora. OBS_dim=40, frame_skip=1
[Fitness run Gen14Creature19] reward=957.78±318.72  dist=0.23±0.12  upright=0.94±0.17  → FITNESS=0.3936
URDF saved to temp_urdf\being_13012.urdf
Connecting to PyBullet, GUI: False
CreatureEnv Inicijalizacija: 12 motora. OBS_dim=40, frame_skip=1
[Fitness run Gen14Creature20] reward=1.60±0.00  dist=0.03±0.08  upright=0.00±0.00  → FITNESS=0.0190
URDF saved to temp_urdf\being_13012.urdf
Connecting to PyBullet, GUI: False
CreatureEnv Inicijalizacija: 12 motora. OBS_dim=40, frame_skip=1
[Fitness run Gen14Creature21] reward=1.63±0.00  dist=0.48±0.16  upright=0.00±0.00  → FITNESS=0.0302
URDF saved to temp_urdf\being_13012.urdf
Connecting to PyBullet, GUI: False
CreatureEnv Inicijalizacija: 12 motora. OBS_dim=40, frame_skip=1
[Fitness run Gen14Creature22] reward=1.59±0.15  dist=0.00±0.00  upright=0.00±0.00  → FITNESS=0.0183
URDF saved to temp_urdf\being_13012.urdf
Connecting to PyBullet, GUI: False
CreatureEnv Inicijalizacija: 12 motora. OBS_dim=40, frame_skip=1
[Fitness run Gen14Creature23] reward=969.36±322.74  dist=0.08±0.05  upright=0.92±0.25  → FITNESS=0.3832
URDF saved to temp_urdf\being_13012.urdf
Connecting to PyBullet, GUI: False
CreatureEnv Inicijalizacija: 12 motora. OBS_dim=40, frame_skip=1
[Fitness run Gen14Creature24] reward=1.89±0.33  dist=0.30±0.89  upright=0.00±0.00  → FITNESS=0.0258
URDF saved to temp_urdf\being_13012.urdf
Connecting to PyBullet, GUI: False
CreatureEnv Inicijalizacija: 12 motora. OBS_dim=40, frame_skip=1
[Fitness run Gen14Creature25] reward=1.41±0.09  dist=0.00±0.00  upright=0.08±0.04  → FITNESS=0.0435
URDF saved to temp_urdf\being_13012.urdf
Connecting to PyBullet, GUI: False
CreatureEnv Inicijalizacija: 12 motora. OBS_dim=40, frame_skip=1
[Fitness run Gen14Creature26] reward=1.64±0.00  dist=0.05±0.03  upright=0.01±0.04  → FITNESS=0.0234
URDF saved to temp_urdf\being_13012.urdf
Connecting to PyBullet, GUI: False
CreatureEnv Inicijalizacija: 12 motora. OBS_dim=40, frame_skip=1
[Fitness run Gen14Creature27] reward=1.69±0.20  dist=0.14±0.07  upright=0.34±0.22  → FITNESS=0.1244
URDF saved to temp_urdf\being_13012.urdf
Connecting to PyBullet, GUI: False
CreatureEnv Inicijalizacija: 12 motora. OBS_dim=40, frame_skip=1
[Fitness run Gen14Creature28] reward=2.02±0.00  dist=0.01±0.00  upright=1.00±0.00  → FITNESS=0.3187
URDF saved to temp_urdf\being_13012.urdf
Connecting to PyBullet, GUI: False
CreatureEnv Inicijalizacija: 12 motora. OBS_dim=40, frame_skip=1
[Fitness run Gen14Creature29] reward=1.45±0.56  dist=0.03±0.09  upright=0.02±0.07  → FITNESS=0.0259

==================================================
Generacija 14/20  |  Best = 0.4531  |  Mean = 0.1891  |  Std = 0.1757
==================================================
URDF saved to temp_urdf\being_13012.urdf
Connecting to PyBullet, GUI: False
CreatureEnv Inicijalizacija: 12 motora. OBS_dim=40, frame_skip=1
[Fitness run Gen14Creature2] reward=1.58±0.01  dist=0.00±0.00  upright=0.00±0.00  → FITNESS=0.0183
URDF saved to temp_urdf\being_13012.urdf
Connecting to PyBullet, GUI: False
CreatureEnv Inicijalizacija: 12 motora. OBS_dim=40, frame_skip=1
[Fitness run Gen14Creature4] reward=1.63±0.01  dist=0.04±0.12  upright=0.09±0.03  → FITNESS=0.0464
URDF saved to temp_urdf\being_13012.urdf
Connecting to PyBullet, GUI: False
CreatureEnv Inicijalizacija: 12 motora. OBS_dim=40, frame_skip=1
[Fitness run Gen14Creature5] reward=2.03±0.13  dist=0.07±0.15  upright=0.90±0.30  → FITNESS=0.2900
URDF saved to temp_urdf\being_13012.urdf
Connecting to PyBullet, GUI: False
CreatureEnv Inicijalizacija: 12 motora. OBS_dim=40, frame_skip=1
[Fitness run Gen14Creature6] reward=1.60±0.16  dist=0.00±0.00  upright=0.05±0.07  → FITNESS=0.0348
URDF saved to temp_urdf\being_13012.urdf
Connecting to PyBullet, GUI: False
CreatureEnv Inicijalizacija: 12 motora. OBS_dim=40, frame_skip=1
[Fitness run Gen14Creature8] reward=987.38±328.59  dist=0.09±0.02  upright=0.93±0.22  → FITNESS=0.3880
URDF saved to temp_urdf\being_13012.urdf
Connecting to PyBullet, GUI: False
CreatureEnv Inicijalizacija: 12 motora. OBS_dim=40, frame_skip=1
[Fitness run Gen14Creature9] reward=1.54±0.09  dist=0.00±0.01  upright=0.01±0.03  → FITNESS=0.0213
URDF saved to temp_urdf\being_13012.urdf
Connecting to PyBullet, GUI: False
CreatureEnv Inicijalizacija: 12 motora. OBS_dim=40, frame_skip=1
[Fitness run Gen14Creature10] reward=977.20±325.32  dist=0.04±0.01  upright=0.91±0.26  → FITNESS=0.3819
URDF saved to temp_urdf\being_13012.urdf
Connecting to PyBullet, GUI: False
CreatureEnv Inicijalizacija: 12 motora. OBS_dim=40, frame_skip=1
[Fitness run Gen14Creature11] reward=1.64±0.04  dist=0.14±0.06  upright=0.00±0.00  → FITNESS=0.0219
URDF saved to temp_urdf\being_13012.urdf
Connecting to PyBullet, GUI: False
CreatureEnv Inicijalizacija: 12 motora. OBS_dim=40, frame_skip=1
[Fitness run Gen14Creature14] reward=1.61±0.01  dist=0.02±0.02  upright=0.01±0.02  → FITNESS=0.0208
URDF saved to temp_urdf\being_13012.urdf
Connecting to PyBullet, GUI: False
CreatureEnv Inicijalizacija: 12 motora. OBS_dim=40, frame_skip=1
[Fitness run Gen14Creature15] reward=1.65±0.05  dist=0.00±0.00  upright=0.29±0.10  → FITNESS=0.1045
URDF saved to temp_urdf\being_13012.urdf
Connecting to PyBullet, GUI: False
CreatureEnv Inicijalizacija: 12 motora. OBS_dim=40, frame_skip=1
[Fitness run Gen14Creature16] reward=1.69±0.06  dist=0.00±0.00  upright=0.13±0.01  → FITNESS=0.0580
URDF saved to temp_urdf\being_13012.urdf
Connecting to PyBullet, GUI: False
CreatureEnv Inicijalizacija: 12 motora. OBS_dim=40, frame_skip=1
[Fitness run Gen14Creature17] reward=988.54±328.96  dist=0.05±0.02  upright=0.92±0.25  → FITNESS=0.3842
URDF saved to temp_urdf\being_13012.urdf
Connecting to PyBullet, GUI: False
CreatureEnv Inicijalizacija: 12 motora. OBS_dim=40, frame_skip=1
[Fitness run Gen14Creature18] reward=1.62±0.00  dist=0.15±0.01  upright=0.00±0.00  → FITNESS=0.0220
URDF saved to temp_urdf\being_13012.urdf
Connecting to PyBullet, GUI: False
CreatureEnv Inicijalizacija: 12 motora. OBS_dim=40, frame_skip=1
[Fitness run Gen14Creature19] reward=957.78±318.72  dist=0.23±0.12  upright=0.94±0.17  → FITNESS=0.3936
URDF saved to temp_urdf\being_13012.urdf
Connecting to PyBullet, GUI: False
CreatureEnv Inicijalizacija: 12 motora. OBS_dim=40, frame_skip=1
[Fitness run Gen14Creature20] reward=1.60±0.00  dist=0.03±0.08  upright=0.00±0.00  → FITNESS=0.0190
URDF saved to temp_urdf\being_13012.urdf
Connecting to PyBullet, GUI: False
CreatureEnv Inicijalizacija: 12 motora. OBS_dim=40, frame_skip=1
[Fitness run Gen14Creature21] reward=1.63±0.00  dist=0.48±0.16  upright=0.00±0.00  → FITNESS=0.0302
URDF saved to temp_urdf\being_13012.urdf
Connecting to PyBullet, GUI: False
CreatureEnv Inicijalizacija: 12 motora. OBS_dim=40, frame_skip=1
[Fitness run Gen14Creature22] reward=1.59±0.15  dist=0.00±0.00  upright=0.00±0.00  → FITNESS=0.0183
URDF saved to temp_urdf\being_13012.urdf
Connecting to PyBullet, GUI: False
CreatureEnv Inicijalizacija: 12 motora. OBS_dim=40, frame_skip=1
[Fitness run Gen14Creature23] reward=969.36±322.74  dist=0.08±0.05  upright=0.92±0.25  → FITNESS=0.3832
URDF saved to temp_urdf\being_13012.urdf
Connecting to PyBullet, GUI: False
CreatureEnv Inicijalizacija: 12 motora. OBS_dim=40, frame_skip=1
[Fitness run Gen14Creature24] reward=1.89±0.33  dist=0.30±0.89  upright=0.00±0.00  → FITNESS=0.0258
URDF saved to temp_urdf\being_13012.urdf
Connecting to PyBullet, GUI: False
CreatureEnv Inicijalizacija: 12 motora. OBS_dim=40, frame_skip=1
[Fitness run Gen14Creature25] reward=1.41±0.09  dist=0.00±0.00  upright=0.08±0.04  → FITNESS=0.0435
URDF saved to temp_urdf\being_13012.urdf
Connecting to PyBullet, GUI: False
CreatureEnv Inicijalizacija: 12 motora. OBS_dim=40, frame_skip=1
[Fitness run Gen14Creature26] reward=1.64±0.00  dist=0.05±0.03  upright=0.01±0.04  → FITNESS=0.0234
URDF saved to temp_urdf\being_13012.urdf
Connecting to PyBullet, GUI: False
CreatureEnv Inicijalizacija: 12 motora. OBS_dim=40, frame_skip=1
[Fitness run Gen14Creature27] reward=1.69±0.20  dist=0.14±0.07  upright=0.34±0.22  → FITNESS=0.1244
URDF saved to temp_urdf\being_13012.urdf
Connecting to PyBullet, GUI: False
CreatureEnv Inicijalizacija: 12 motora. OBS_dim=40, frame_skip=1
[Fitness run Gen14Creature28] reward=2.02±0.00  dist=0.01±0.00  upright=1.00±0.00  → FITNESS=0.3187
URDF saved to temp_urdf\being_13012.urdf
Connecting to PyBullet, GUI: False
CreatureEnv Inicijalizacija: 12 motora. OBS_dim=40, frame_skip=1
[Fitness run Gen14Creature29] reward=1.45±0.56  dist=0.03±0.09  upright=0.02±0.07  → FITNESS=0.0259
Genome saved to results\distanceBased500Steps5DifferentSeeds\run_5\run_5_best_creature.json
[plot] Summary saved → results\distanceBased500Steps5DifferentSeeds\run_5\run_5_summary.png
URDF saved to temp_urdf\being_13012.urdf
Connecting to PyBullet, GUI: False
CreatureEnv Inicijalizacija: 12 motora. OBS_dim=40, frame_skip=1
[Fitness run Gen15Creature2] reward=1.58±0.01  dist=0.00±0.00  upright=0.00±0.00  → FITNESS=0.0183
URDF saved to temp_urdf\being_13012.urdf
Connecting to PyBullet, GUI: False
CreatureEnv Inicijalizacija: 12 motora. OBS_dim=40, frame_skip=1
[Fitness run Gen15Creature4] reward=1.63±0.01  dist=0.04±0.12  upright=0.09±0.03  → FITNESS=0.0464
URDF saved to temp_urdf\being_13012.urdf
Connecting to PyBullet, GUI: False
CreatureEnv Inicijalizacija: 12 motora. OBS_dim=40, frame_skip=1
[Fitness run Gen15Creature5] reward=2.03±0.13  dist=0.07±0.15  upright=0.90±0.30  → FITNESS=0.2900
URDF saved to temp_urdf\being_13012.urdf
Connecting to PyBullet, GUI: False
CreatureEnv Inicijalizacija: 12 motora. OBS_dim=40, frame_skip=1
[Fitness run Gen15Creature6] reward=1.65±0.00  dist=0.00±0.00  upright=0.01±0.04  → FITNESS=0.0222
URDF saved to temp_urdf\being_13012.urdf
Connecting to PyBullet, GUI: False
CreatureEnv Inicijalizacija: 12 motora. OBS_dim=40, frame_skip=1
[Fitness run Gen15Creature7] reward=938.65±312.40  dist=0.02±0.05  upright=0.91±0.28  → FITNESS=0.3759
URDF saved to temp_urdf\being_13012.urdf
Connecting to PyBullet, GUI: False
CreatureEnv Inicijalizacija: 12 motora. OBS_dim=40, frame_skip=1
[Fitness run Gen15Creature8] reward=977.92±325.56  dist=0.00±0.00  upright=0.91±0.26  → FITNESS=0.3810
URDF saved to temp_urdf\being_13012.urdf
Connecting to PyBullet, GUI: False
CreatureEnv Inicijalizacija: 12 motora. OBS_dim=40, frame_skip=1
[Fitness run Gen15Creature9] reward=1.55±0.07  dist=0.02±0.01  upright=0.00±0.00  → FITNESS=0.0189
URDF saved to temp_urdf\being_13012.urdf
Connecting to PyBullet, GUI: False
CreatureEnv Inicijalizacija: 12 motora. OBS_dim=40, frame_skip=1
[Fitness run Gen15Creature10] reward=1.51±0.36  dist=0.00±0.00  upright=0.22±0.07  → FITNESS=0.0832
URDF saved to temp_urdf\being_13012.urdf
Connecting to PyBullet, GUI: False
CreatureEnv Inicijalizacija: 12 motora. OBS_dim=40, frame_skip=1
[Fitness run Gen15Creature11] reward=1.64±0.00  dist=0.00±0.00  upright=0.00±0.00  → FITNESS=0.0183
URDF saved to temp_urdf\being_13012.urdf
Connecting to PyBullet, GUI: False
CreatureEnv Inicijalizacija: 12 motora. OBS_dim=40, frame_skip=1
[Fitness run Gen15Creature14] reward=1.61±0.01  dist=0.02±0.02  upright=0.01±0.02  → FITNESS=0.0208
URDF saved to temp_urdf\being_13012.urdf
Connecting to PyBullet, GUI: False
CreatureEnv Inicijalizacija: 12 motora. OBS_dim=40, frame_skip=1
[Fitness run Gen15Creature15] reward=1.65±0.05  dist=0.00±0.00  upright=0.29±0.10  → FITNESS=0.1045
URDF saved to temp_urdf\being_13012.urdf
Connecting to PyBullet, GUI: False
CreatureEnv Inicijalizacija: 12 motora. OBS_dim=40, frame_skip=1
[Fitness run Gen15Creature16] reward=1.70±0.06  dist=0.02±0.03  upright=0.18±0.02  → FITNESS=0.0741
URDF saved to temp_urdf\being_13012.urdf
Connecting to PyBullet, GUI: False
CreatureEnv Inicijalizacija: 12 motora. OBS_dim=40, frame_skip=1
[Fitness run Gen15Creature17] reward=999.17±332.64  dist=0.28±0.12  upright=0.90±0.30  → FITNESS=0.3860
URDF saved to temp_urdf\being_13012.urdf
Connecting to PyBullet, GUI: False
CreatureEnv Inicijalizacija: 12 motora. OBS_dim=40, frame_skip=1
[Fitness run Gen15Creature18] reward=1.55±0.03  dist=0.00±0.00  upright=0.00±0.00  → FITNESS=0.0183
URDF saved to temp_urdf\being_13012.urdf
Connecting to PyBullet, GUI: False
CreatureEnv Inicijalizacija: 12 motora. OBS_dim=40, frame_skip=1
[Fitness run Gen15Creature19] reward=1076.25±17.38  dist=0.97±0.70  upright=1.00±0.00  → FITNESS=0.4404
URDF saved to temp_urdf\being_13012.urdf
Connecting to PyBullet, GUI: False
CreatureEnv Inicijalizacija: 12 motora. OBS_dim=40, frame_skip=1
[Fitness run Gen15Creature20] reward=1.60±0.00  dist=0.03±0.08  upright=0.00±0.00  → FITNESS=0.0190
URDF saved to temp_urdf\being_13012.urdf
Connecting to PyBullet, GUI: False
CreatureEnv Inicijalizacija: 12 motora. OBS_dim=40, frame_skip=1
[Fitness run Gen15Creature21] reward=1.63±0.00  dist=0.13±0.04  upright=0.06±0.02  → FITNESS=0.0390
URDF saved to temp_urdf\being_13012.urdf
Connecting to PyBullet, GUI: False
CreatureEnv Inicijalizacija: 12 motora. OBS_dim=40, frame_skip=1
[Fitness run Gen15Creature22] reward=1.59±0.15  dist=0.00±0.00  upright=0.00±0.00  → FITNESS=0.0183
URDF saved to temp_urdf\being_13012.urdf
Connecting to PyBullet, GUI: False
CreatureEnv Inicijalizacija: 12 motora. OBS_dim=40, frame_skip=1
[Fitness run Gen15Creature23] reward=969.36±322.74  dist=0.08±0.05  upright=0.92±0.25  → FITNESS=0.3832
URDF saved to temp_urdf\being_13012.urdf
Connecting to PyBullet, GUI: False
CreatureEnv Inicijalizacija: 12 motora. OBS_dim=40, frame_skip=1
[Fitness run Gen15Creature24] reward=1.89±0.33  dist=0.30±0.89  upright=0.00±0.00  → FITNESS=0.0258
URDF saved to temp_urdf\being_13012.urdf
Connecting to PyBullet, GUI: False
CreatureEnv Inicijalizacija: 12 motora. OBS_dim=40, frame_skip=1
[Fitness run Gen15Creature25] reward=1.41±0.09  dist=0.00±0.00  upright=0.08±0.04  → FITNESS=0.0435
URDF saved to temp_urdf\being_13012.urdf
Connecting to PyBullet, GUI: False
CreatureEnv Inicijalizacija: 12 motora. OBS_dim=40, frame_skip=1
[Fitness run Gen15Creature26] reward=1.54±0.30  dist=0.00±0.00  upright=0.00±0.00  → FITNESS=0.0183
URDF saved to temp_urdf\being_13012.urdf
Connecting to PyBullet, GUI: False
CreatureEnv Inicijalizacija: 12 motora. OBS_dim=40, frame_skip=1
[Fitness run Gen15Creature27] reward=106.32±315.51  dist=0.13±0.14  upright=0.52±0.16  → FITNESS=0.1879
URDF saved to temp_urdf\being_13012.urdf
Connecting to PyBullet, GUI: False
CreatureEnv Inicijalizacija: 12 motora. OBS_dim=40, frame_skip=1
[Fitness run Gen15Creature28] reward=1.68±0.01  dist=0.25±0.08  upright=0.00±0.01  → FITNESS=0.0254
URDF saved to temp_urdf\being_13012.urdf
Connecting to PyBullet, GUI: False
CreatureEnv Inicijalizacija: 12 motora. OBS_dim=40, frame_skip=1
[Fitness run Gen15Creature29] reward=1.64±0.06  dist=0.01±0.04  upright=0.08±0.06  → FITNESS=0.0438

==================================================
Generacija 15/20  |  Best = 0.4531  |  Mean = 0.1734  |  Std = 0.1746
==================================================
URDF saved to temp_urdf\being_13012.urdf
Connecting to PyBullet, GUI: False
CreatureEnv Inicijalizacija: 12 motora. OBS_dim=40, frame_skip=1
[Fitness run Gen15Creature2] reward=1.58±0.01  dist=0.00±0.00  upright=0.00±0.00  → FITNESS=0.0183
URDF saved to temp_urdf\being_13012.urdf
Connecting to PyBullet, GUI: False
CreatureEnv Inicijalizacija: 12 motora. OBS_dim=40, frame_skip=1
[Fitness run Gen15Creature4] reward=1.63±0.01  dist=0.04±0.12  upright=0.09±0.03  → FITNESS=0.0464
URDF saved to temp_urdf\being_13012.urdf
Connecting to PyBullet, GUI: False
CreatureEnv Inicijalizacija: 12 motora. OBS_dim=40, frame_skip=1
[Fitness run Gen15Creature5] reward=2.03±0.13  dist=0.07±0.15  upright=0.90±0.30  → FITNESS=0.2900
URDF saved to temp_urdf\being_13012.urdf
Connecting to PyBullet, GUI: False
CreatureEnv Inicijalizacija: 12 motora. OBS_dim=40, frame_skip=1
[Fitness run Gen15Creature6] reward=1.65±0.00  dist=0.00±0.00  upright=0.01±0.04  → FITNESS=0.0222
URDF saved to temp_urdf\being_13012.urdf
Connecting to PyBullet, GUI: False
CreatureEnv Inicijalizacija: 12 motora. OBS_dim=40, frame_skip=1
[Fitness run Gen15Creature7] reward=938.65±312.40  dist=0.02±0.05  upright=0.91±0.28  → FITNESS=0.3759
URDF saved to temp_urdf\being_13012.urdf
Connecting to PyBullet, GUI: False
CreatureEnv Inicijalizacija: 12 motora. OBS_dim=40, frame_skip=1
[Fitness run Gen15Creature8] reward=977.92±325.56  dist=0.00±0.00  upright=0.91±0.26  → FITNESS=0.3810
URDF saved to temp_urdf\being_13012.urdf
Connecting to PyBullet, GUI: False
CreatureEnv Inicijalizacija: 12 motora. OBS_dim=40, frame_skip=1
[Fitness run Gen15Creature9] reward=1.55±0.07  dist=0.02±0.01  upright=0.00±0.00  → FITNESS=0.0189
URDF saved to temp_urdf\being_13012.urdf
Connecting to PyBullet, GUI: False
CreatureEnv Inicijalizacija: 12 motora. OBS_dim=40, frame_skip=1
[Fitness run Gen15Creature10] reward=1.51±0.36  dist=0.00±0.00  upright=0.22±0.07  → FITNESS=0.0832
URDF saved to temp_urdf\being_13012.urdf
Connecting to PyBullet, GUI: False
CreatureEnv Inicijalizacija: 12 motora. OBS_dim=40, frame_skip=1
[Fitness run Gen15Creature11] reward=1.64±0.00  dist=0.00±0.00  upright=0.00±0.00  → FITNESS=0.0183
URDF saved to temp_urdf\being_13012.urdf
Connecting to PyBullet, GUI: False
CreatureEnv Inicijalizacija: 12 motora. OBS_dim=40, frame_skip=1
[Fitness run Gen15Creature14] reward=1.61±0.01  dist=0.02±0.02  upright=0.01±0.02  → FITNESS=0.0208
URDF saved to temp_urdf\being_13012.urdf
Connecting to PyBullet, GUI: False
CreatureEnv Inicijalizacija: 12 motora. OBS_dim=40, frame_skip=1
[Fitness run Gen15Creature15] reward=1.65±0.05  dist=0.00±0.00  upright=0.29±0.10  → FITNESS=0.1045
URDF saved to temp_urdf\being_13012.urdf
Connecting to PyBullet, GUI: False
CreatureEnv Inicijalizacija: 12 motora. OBS_dim=40, frame_skip=1
[Fitness run Gen15Creature16] reward=1.70±0.06  dist=0.02±0.03  upright=0.18±0.02  → FITNESS=0.0741
URDF saved to temp_urdf\being_13012.urdf
Connecting to PyBullet, GUI: False
CreatureEnv Inicijalizacija: 12 motora. OBS_dim=40, frame_skip=1
[Fitness run Gen15Creature17] reward=999.17±332.64  dist=0.28±0.12  upright=0.90±0.30  → FITNESS=0.3860
URDF saved to temp_urdf\being_13012.urdf
Connecting to PyBullet, GUI: False
CreatureEnv Inicijalizacija: 12 motora. OBS_dim=40, frame_skip=1
[Fitness run Gen15Creature18] reward=1.55±0.03  dist=0.00±0.00  upright=0.00±0.00  → FITNESS=0.0183
URDF saved to temp_urdf\being_13012.urdf
Connecting to PyBullet, GUI: False
CreatureEnv Inicijalizacija: 12 motora. OBS_dim=40, frame_skip=1
[Fitness run Gen15Creature19] reward=1076.25±17.38  dist=0.97±0.70  upright=1.00±0.00  → FITNESS=0.4404
URDF saved to temp_urdf\being_13012.urdf
Connecting to PyBullet, GUI: False
CreatureEnv Inicijalizacija: 12 motora. OBS_dim=40, frame_skip=1
[Fitness run Gen15Creature20] reward=1.60±0.00  dist=0.03±0.08  upright=0.00±0.00  → FITNESS=0.0190
URDF saved to temp_urdf\being_13012.urdf
Connecting to PyBullet, GUI: False
CreatureEnv Inicijalizacija: 12 motora. OBS_dim=40, frame_skip=1
[Fitness run Gen15Creature21] reward=1.63±0.00  dist=0.13±0.04  upright=0.06±0.02  → FITNESS=0.0390
URDF saved to temp_urdf\being_13012.urdf
Connecting to PyBullet, GUI: False
CreatureEnv Inicijalizacija: 12 motora. OBS_dim=40, frame_skip=1
[Fitness run Gen15Creature22] reward=1.59±0.15  dist=0.00±0.00  upright=0.00±0.00  → FITNESS=0.0183
URDF saved to temp_urdf\being_13012.urdf
Connecting to PyBullet, GUI: False
CreatureEnv Inicijalizacija: 12 motora. OBS_dim=40, frame_skip=1
[Fitness run Gen15Creature23] reward=969.36±322.74  dist=0.08±0.05  upright=0.92±0.25  → FITNESS=0.3832
URDF saved to temp_urdf\being_13012.urdf
Connecting to PyBullet, GUI: False
CreatureEnv Inicijalizacija: 12 motora. OBS_dim=40, frame_skip=1
[Fitness run Gen15Creature24] reward=1.89±0.33  dist=0.30±0.89  upright=0.00±0.00  → FITNESS=0.0258
URDF saved to temp_urdf\being_13012.urdf
Connecting to PyBullet, GUI: False
CreatureEnv Inicijalizacija: 12 motora. OBS_dim=40, frame_skip=1
[Fitness run Gen15Creature25] reward=1.41±0.09  dist=0.00±0.00  upright=0.08±0.04  → FITNESS=0.0435
URDF saved to temp_urdf\being_13012.urdf
Connecting to PyBullet, GUI: False
CreatureEnv Inicijalizacija: 12 motora. OBS_dim=40, frame_skip=1
[Fitness run Gen15Creature26] reward=1.54±0.30  dist=0.00±0.00  upright=0.00±0.00  → FITNESS=0.0183
URDF saved to temp_urdf\being_13012.urdf
Connecting to PyBullet, GUI: False
CreatureEnv Inicijalizacija: 12 motora. OBS_dim=40, frame_skip=1
[Fitness run Gen15Creature27] reward=106.32±315.51  dist=0.13±0.14  upright=0.52±0.16  → FITNESS=0.1879
URDF saved to temp_urdf\being_13012.urdf
Connecting to PyBullet, GUI: False
CreatureEnv Inicijalizacija: 12 motora. OBS_dim=40, frame_skip=1
[Fitness run Gen15Creature28] reward=1.68±0.01  dist=0.25±0.08  upright=0.00±0.01  → FITNESS=0.0254
URDF saved to temp_urdf\being_13012.urdf
Connecting to PyBullet, GUI: False
CreatureEnv Inicijalizacija: 12 motora. OBS_dim=40, frame_skip=1
[Fitness run Gen15Creature29] reward=1.64±0.06  dist=0.01±0.04  upright=0.08±0.06  → FITNESS=0.0438
Genome saved to results\distanceBased500Steps5DifferentSeeds\run_5\run_5_best_creature.json
[plot] Summary saved → results\distanceBased500Steps5DifferentSeeds\run_5\run_5_summary.png
URDF saved to temp_urdf\being_13012.urdf
Connecting to PyBullet, GUI: False
CreatureEnv Inicijalizacija: 12 motora. OBS_dim=40, frame_skip=1
[Fitness run Gen16Creature2] reward=1.58±0.01  dist=0.00±0.00  upright=0.00±0.00  → FITNESS=0.0183
URDF saved to temp_urdf\being_13012.urdf
Connecting to PyBullet, GUI: False
CreatureEnv Inicijalizacija: 12 motora. OBS_dim=40, frame_skip=1
[Fitness run Gen16Creature4] reward=1.63±0.01  dist=0.04±0.12  upright=0.09±0.03  → FITNESS=0.0464
URDF saved to temp_urdf\being_13012.urdf
Connecting to PyBullet, GUI: False
CreatureEnv Inicijalizacija: 12 motora. OBS_dim=40, frame_skip=1
[Fitness run Gen16Creature5] reward=2.03±0.13  dist=0.07±0.15  upright=0.90±0.30  → FITNESS=0.2900
URDF saved to temp_urdf\being_13012.urdf
Connecting to PyBullet, GUI: False
CreatureEnv Inicijalizacija: 12 motora. OBS_dim=40, frame_skip=1
[Fitness run Gen16Creature6] reward=1.65±0.00  dist=0.00±0.00  upright=0.05±0.05  → FITNESS=0.0328
URDF saved to temp_urdf\being_13012.urdf
Connecting to PyBullet, GUI: False
CreatureEnv Inicijalizacija: 12 motora. OBS_dim=40, frame_skip=1
[Fitness run Gen16Creature8] reward=987.38±328.59  dist=0.09±0.02  upright=0.93±0.22  → FITNESS=0.3880
URDF saved to temp_urdf\being_13012.urdf
Connecting to PyBullet, GUI: False
CreatureEnv Inicijalizacija: 12 motora. OBS_dim=40, frame_skip=1
[Fitness run Gen16Creature9] reward=1.84±0.24  dist=0.05±0.06  upright=0.01±0.04  → FITNESS=0.0236
URDF saved to temp_urdf\being_13012.urdf
Connecting to PyBullet, GUI: False
CreatureEnv Inicijalizacija: 12 motora. OBS_dim=40, frame_skip=1
[Fitness run Gen16Creature10] reward=977.20±325.32  dist=0.04±0.01  upright=0.91±0.26  → FITNESS=0.3819
URDF saved to temp_urdf\being_13012.urdf
Connecting to PyBullet, GUI: False
CreatureEnv Inicijalizacija: 12 motora. OBS_dim=40, frame_skip=1
[Fitness run Gen16Creature11] reward=1.71±0.05  dist=0.42±0.15  upright=0.00±0.00  → FITNESS=0.0288
URDF saved to temp_urdf\being_13012.urdf
Connecting to PyBullet, GUI: False
CreatureEnv Inicijalizacija: 12 motora. OBS_dim=40, frame_skip=1
[Fitness run Gen16Creature14] reward=1.61±0.01  dist=0.02±0.02  upright=0.01±0.02  → FITNESS=0.0208
URDF saved to temp_urdf\being_13012.urdf
Connecting to PyBullet, GUI: False
CreatureEnv Inicijalizacija: 12 motora. OBS_dim=40, frame_skip=1
[Fitness run Gen16Creature15] reward=1.65±0.05  dist=0.00±0.00  upright=0.29±0.10  → FITNESS=0.1045
URDF saved to temp_urdf\being_13012.urdf
Connecting to PyBullet, GUI: False
CreatureEnv Inicijalizacija: 12 motora. OBS_dim=40, frame_skip=1
[Fitness run Gen16Creature16] reward=1089.32±0.67  dist=0.08±0.10  upright=1.00±0.00  → FITNESS=0.4191
URDF saved to temp_urdf\being_13012.urdf
Connecting to PyBullet, GUI: False
CreatureEnv Inicijalizacija: 12 motora. OBS_dim=40, frame_skip=1
[Fitness run Gen16Creature17] reward=988.54±328.96  dist=0.05±0.02  upright=0.92±0.25  → FITNESS=0.3842
URDF saved to temp_urdf\being_13012.urdf
Connecting to PyBullet, GUI: False
CreatureEnv Inicijalizacija: 12 motora. OBS_dim=40, frame_skip=1
[Fitness run Gen16Creature18] reward=1.62±0.00  dist=0.15±0.01  upright=0.00±0.00  → FITNESS=0.0220
URDF saved to temp_urdf\being_13012.urdf
Connecting to PyBullet, GUI: False
CreatureEnv Inicijalizacija: 12 motora. OBS_dim=40, frame_skip=1
[Fitness run Gen16Creature19] reward=971.13±323.10  dist=0.04±0.01  upright=0.96±0.13  → FITNESS=0.3949
URDF saved to temp_urdf\being_13012.urdf
Connecting to PyBullet, GUI: False
CreatureEnv Inicijalizacija: 12 motora. OBS_dim=40, frame_skip=1
[Fitness run Gen16Creature20] reward=1.60±0.00  dist=0.03±0.08  upright=0.00±0.00  → FITNESS=0.0190
URDF saved to temp_urdf\being_13012.urdf
Connecting to PyBullet, GUI: False
CreatureEnv Inicijalizacija: 12 motora. OBS_dim=40, frame_skip=1
[Fitness run Gen16Creature21] reward=1.63±0.13  dist=0.31±0.11  upright=0.00±0.00  → FITNESS=0.0260
URDF saved to temp_urdf\being_13012.urdf
Connecting to PyBullet, GUI: False
CreatureEnv Inicijalizacija: 12 motora. OBS_dim=40, frame_skip=1
[Fitness run Gen16Creature22] reward=1.59±0.15  dist=0.00±0.00  upright=0.00±0.00  → FITNESS=0.0183
URDF saved to temp_urdf\being_13012.urdf
Connecting to PyBullet, GUI: False
CreatureEnv Inicijalizacija: 12 motora. OBS_dim=40, frame_skip=1
[Fitness run Gen16Creature23] reward=969.36±322.74  dist=0.08±0.05  upright=0.92±0.25  → FITNESS=0.3832
URDF saved to temp_urdf\being_13012.urdf
Connecting to PyBullet, GUI: False
CreatureEnv Inicijalizacija: 12 motora. OBS_dim=40, frame_skip=1
[Fitness run Gen16Creature24] reward=1.89±0.33  dist=0.30±0.89  upright=0.00±0.00  → FITNESS=0.0258
URDF saved to temp_urdf\being_13012.urdf
Connecting to PyBullet, GUI: False
CreatureEnv Inicijalizacija: 12 motora. OBS_dim=40, frame_skip=1
[Fitness run Gen16Creature25] reward=1.41±0.09  dist=0.00±0.00  upright=0.08±0.04  → FITNESS=0.0435
URDF saved to temp_urdf\being_13012.urdf
Connecting to PyBullet, GUI: False
CreatureEnv Inicijalizacija: 12 motora. OBS_dim=40, frame_skip=1
[Fitness run Gen16Creature26] reward=1.62±0.01  dist=0.07±0.02  upright=0.01±0.03  → FITNESS=0.0230
URDF saved to temp_urdf\being_13012.urdf
Connecting to PyBullet, GUI: False
CreatureEnv Inicijalizacija: 12 motora. OBS_dim=40, frame_skip=1
[Fitness run Gen16Creature27] reward=1.69±0.20  dist=0.14±0.07  upright=0.34±0.22  → FITNESS=0.1244
URDF saved to temp_urdf\being_13012.urdf
Connecting to PyBullet, GUI: False
CreatureEnv Inicijalizacija: 12 motora. OBS_dim=40, frame_skip=1
[Fitness run Gen16Creature28] reward=940.46±312.95  dist=0.06±0.18  upright=0.90±0.30  → FITNESS=0.3752
URDF saved to temp_urdf\being_13012.urdf
Connecting to PyBullet, GUI: False
CreatureEnv Inicijalizacija: 12 motora. OBS_dim=40, frame_skip=1
[Fitness run Gen16Creature29] reward=2.17±0.10  dist=0.00±0.00  upright=0.06±0.04  → FITNESS=0.0377

==================================================
Generacija 16/20  |  Best = 0.4531  |  Mean = 0.2036  |  Std = 0.1797
==================================================
URDF saved to temp_urdf\being_13012.urdf
Connecting to PyBullet, GUI: False
CreatureEnv Inicijalizacija: 12 motora. OBS_dim=40, frame_skip=1
[Fitness run Gen16Creature2] reward=1.58±0.01  dist=0.00±0.00  upright=0.00±0.00  → FITNESS=0.0183
URDF saved to temp_urdf\being_13012.urdf
Connecting to PyBullet, GUI: False
CreatureEnv Inicijalizacija: 12 motora. OBS_dim=40, frame_skip=1
[Fitness run Gen16Creature4] reward=1.63±0.01  dist=0.04±0.12  upright=0.09±0.03  → FITNESS=0.0464
URDF saved to temp_urdf\being_13012.urdf
Connecting to PyBullet, GUI: False
CreatureEnv Inicijalizacija: 12 motora. OBS_dim=40, frame_skip=1
[Fitness run Gen16Creature5] reward=2.03±0.13  dist=0.07±0.15  upright=0.90±0.30  → FITNESS=0.2900
URDF saved to temp_urdf\being_13012.urdf
Connecting to PyBullet, GUI: False
CreatureEnv Inicijalizacija: 12 motora. OBS_dim=40, frame_skip=1
[Fitness run Gen16Creature6] reward=1.65±0.00  dist=0.00±0.00  upright=0.05±0.05  → FITNESS=0.0328
URDF saved to temp_urdf\being_13012.urdf
Connecting to PyBullet, GUI: False
CreatureEnv Inicijalizacija: 12 motora. OBS_dim=40, frame_skip=1
[Fitness run Gen16Creature8] reward=987.38±328.59  dist=0.09±0.02  upright=0.93±0.22  → FITNESS=0.3880
URDF saved to temp_urdf\being_13012.urdf
Connecting to PyBullet, GUI: False
CreatureEnv Inicijalizacija: 12 motora. OBS_dim=40, frame_skip=1
[Fitness run Gen16Creature9] reward=1.84±0.24  dist=0.05±0.06  upright=0.01±0.04  → FITNESS=0.0236
URDF saved to temp_urdf\being_13012.urdf
Connecting to PyBullet, GUI: False
CreatureEnv Inicijalizacija: 12 motora. OBS_dim=40, frame_skip=1
[Fitness run Gen16Creature10] reward=977.20±325.32  dist=0.04±0.01  upright=0.91±0.26  → FITNESS=0.3819
URDF saved to temp_urdf\being_13012.urdf
Connecting to PyBullet, GUI: False
CreatureEnv Inicijalizacija: 12 motora. OBS_dim=40, frame_skip=1
[Fitness run Gen16Creature11] reward=1.71±0.05  dist=0.42±0.15  upright=0.00±0.00  → FITNESS=0.0288
URDF saved to temp_urdf\being_13012.urdf
Connecting to PyBullet, GUI: False
CreatureEnv Inicijalizacija: 12 motora. OBS_dim=40, frame_skip=1
[Fitness run Gen16Creature14] reward=1.61±0.01  dist=0.02±0.02  upright=0.01±0.02  → FITNESS=0.0208
URDF saved to temp_urdf\being_13012.urdf
Connecting to PyBullet, GUI: False
CreatureEnv Inicijalizacija: 12 motora. OBS_dim=40, frame_skip=1
[Fitness run Gen16Creature15] reward=1.65±0.05  dist=0.00±0.00  upright=0.29±0.10  → FITNESS=0.1045
URDF saved to temp_urdf\being_13012.urdf
Connecting to PyBullet, GUI: False
CreatureEnv Inicijalizacija: 12 motora. OBS_dim=40, frame_skip=1
[Fitness run Gen16Creature16] reward=1089.32±0.67  dist=0.08±0.10  upright=1.00±0.00  → FITNESS=0.4191
URDF saved to temp_urdf\being_13012.urdf
Connecting to PyBullet, GUI: False
CreatureEnv Inicijalizacija: 12 motora. OBS_dim=40, frame_skip=1
[Fitness run Gen16Creature17] reward=988.54±328.96  dist=0.05±0.02  upright=0.92±0.25  → FITNESS=0.3842
URDF saved to temp_urdf\being_13012.urdf
Connecting to PyBullet, GUI: False
CreatureEnv Inicijalizacija: 12 motora. OBS_dim=40, frame_skip=1
[Fitness run Gen16Creature18] reward=1.62±0.00  dist=0.15±0.01  upright=0.00±0.00  → FITNESS=0.0220
URDF saved to temp_urdf\being_13012.urdf
Connecting to PyBullet, GUI: False
CreatureEnv Inicijalizacija: 12 motora. OBS_dim=40, frame_skip=1
[Fitness run Gen16Creature19] reward=971.13±323.10  dist=0.04±0.01  upright=0.96±0.13  → FITNESS=0.3949
URDF saved to temp_urdf\being_13012.urdf
Connecting to PyBullet, GUI: False
CreatureEnv Inicijalizacija: 12 motora. OBS_dim=40, frame_skip=1
[Fitness run Gen16Creature20] reward=1.60±0.00  dist=0.03±0.08  upright=0.00±0.00  → FITNESS=0.0190
URDF saved to temp_urdf\being_13012.urdf
Connecting to PyBullet, GUI: False
CreatureEnv Inicijalizacija: 12 motora. OBS_dim=40, frame_skip=1
[Fitness run Gen16Creature21] reward=1.63±0.13  dist=0.31±0.11  upright=0.00±0.00  → FITNESS=0.0260
URDF saved to temp_urdf\being_13012.urdf
Connecting to PyBullet, GUI: False
CreatureEnv Inicijalizacija: 12 motora. OBS_dim=40, frame_skip=1
[Fitness run Gen16Creature22] reward=1.59±0.15  dist=0.00±0.00  upright=0.00±0.00  → FITNESS=0.0183
URDF saved to temp_urdf\being_13012.urdf
Connecting to PyBullet, GUI: False
CreatureEnv Inicijalizacija: 12 motora. OBS_dim=40, frame_skip=1
[Fitness run Gen16Creature23] reward=969.36±322.74  dist=0.08±0.05  upright=0.92±0.25  → FITNESS=0.3832
URDF saved to temp_urdf\being_13012.urdf
Connecting to PyBullet, GUI: False
CreatureEnv Inicijalizacija: 12 motora. OBS_dim=40, frame_skip=1
[Fitness run Gen16Creature24] reward=1.89±0.33  dist=0.30±0.89  upright=0.00±0.00  → FITNESS=0.0258
URDF saved to temp_urdf\being_13012.urdf
Connecting to PyBullet, GUI: False
CreatureEnv Inicijalizacija: 12 motora. OBS_dim=40, frame_skip=1
[Fitness run Gen16Creature25] reward=1.41±0.09  dist=0.00±0.00  upright=0.08±0.04  → FITNESS=0.0435
URDF saved to temp_urdf\being_13012.urdf
Connecting to PyBullet, GUI: False
CreatureEnv Inicijalizacija: 12 motora. OBS_dim=40, frame_skip=1
[Fitness run Gen16Creature26] reward=1.62±0.01  dist=0.07±0.02  upright=0.01±0.03  → FITNESS=0.0230
URDF saved to temp_urdf\being_13012.urdf
Connecting to PyBullet, GUI: False
CreatureEnv Inicijalizacija: 12 motora. OBS_dim=40, frame_skip=1
[Fitness run Gen16Creature27] reward=1.69±0.20  dist=0.14±0.07  upright=0.34±0.22  → FITNESS=0.1244
URDF saved to temp_urdf\being_13012.urdf
Connecting to PyBullet, GUI: False
CreatureEnv Inicijalizacija: 12 motora. OBS_dim=40, frame_skip=1
[Fitness run Gen16Creature28] reward=940.46±312.95  dist=0.06±0.18  upright=0.90±0.30  → FITNESS=0.3752
URDF saved to temp_urdf\being_13012.urdf
Connecting to PyBullet, GUI: False
CreatureEnv Inicijalizacija: 12 motora. OBS_dim=40, frame_skip=1
[Fitness run Gen16Creature29] reward=2.17±0.10  dist=0.00±0.00  upright=0.06±0.04  → FITNESS=0.0377
Genome saved to results\distanceBased500Steps5DifferentSeeds\run_5\run_5_best_creature.json
[plot] Summary saved → results\distanceBased500Steps5DifferentSeeds\run_5\run_5_summary.png
URDF saved to temp_urdf\being_13012.urdf
Connecting to PyBullet, GUI: False
CreatureEnv Inicijalizacija: 12 motora. OBS_dim=40, frame_skip=1
[Fitness run Gen17Creature2] reward=1.58±0.01  dist=0.00±0.00  upright=0.00±0.00  → FITNESS=0.0183
URDF saved to temp_urdf\being_13012.urdf
Connecting to PyBullet, GUI: False
CreatureEnv Inicijalizacija: 12 motora. OBS_dim=40, frame_skip=1
[Fitness run Gen17Creature4] reward=1.63±0.01  dist=0.04±0.12  upright=0.09±0.03  → FITNESS=0.0464
URDF saved to temp_urdf\being_13012.urdf
Connecting to PyBullet, GUI: False
CreatureEnv Inicijalizacija: 12 motora. OBS_dim=40, frame_skip=1
[Fitness run Gen17Creature5] reward=2.03±0.13  dist=0.07±0.15  upright=0.90±0.30  → FITNESS=0.2900
URDF saved to temp_urdf\being_13012.urdf
Connecting to PyBullet, GUI: False
CreatureEnv Inicijalizacija: 12 motora. OBS_dim=40, frame_skip=1
[Fitness run Gen17Creature6] reward=1.60±0.16  dist=0.00±0.00  upright=0.05±0.07  → FITNESS=0.0348
URDF saved to temp_urdf\being_13012.urdf
Connecting to PyBullet, GUI: False
CreatureEnv Inicijalizacija: 12 motora. OBS_dim=40, frame_skip=1
[Fitness run Gen17Creature7] reward=938.65±312.40  dist=0.02±0.05  upright=0.91±0.28  → FITNESS=0.3759
URDF saved to temp_urdf\being_13012.urdf
Connecting to PyBullet, GUI: False
CreatureEnv Inicijalizacija: 12 motora. OBS_dim=40, frame_skip=1
[Fitness run Gen17Creature8] reward=977.92±325.56  dist=0.00±0.00  upright=0.91±0.26  → FITNESS=0.3810
URDF saved to temp_urdf\being_13012.urdf
Connecting to PyBullet, GUI: False
CreatureEnv Inicijalizacija: 12 motora. OBS_dim=40, frame_skip=1
[Fitness run Gen17Creature9] reward=1.69±0.03  dist=0.00±0.00  upright=0.01±0.01  → FITNESS=0.0212
URDF saved to temp_urdf\being_13012.urdf
Connecting to PyBullet, GUI: False
CreatureEnv Inicijalizacija: 12 motora. OBS_dim=40, frame_skip=1
[Fitness run Gen17Creature10] reward=1.51±0.36  dist=0.00±0.00  upright=0.22±0.07  → FITNESS=0.0832
URDF saved to temp_urdf\being_13012.urdf
Connecting to PyBullet, GUI: False
CreatureEnv Inicijalizacija: 12 motora. OBS_dim=40, frame_skip=1
[Fitness run Gen17Creature11] reward=1.64±0.00  dist=0.00±0.00  upright=0.00±0.00  → FITNESS=0.0183
URDF saved to temp_urdf\being_13012.urdf
Connecting to PyBullet, GUI: False
CreatureEnv Inicijalizacija: 12 motora. OBS_dim=40, frame_skip=1
[Fitness run Gen17Creature14] reward=1.61±0.01  dist=0.02±0.02  upright=0.01±0.02  → FITNESS=0.0208
URDF saved to temp_urdf\being_13012.urdf
Connecting to PyBullet, GUI: False
CreatureEnv Inicijalizacija: 12 motora. OBS_dim=40, frame_skip=1
[Fitness run Gen17Creature15] reward=1.65±0.05  dist=0.00±0.00  upright=0.29±0.10  → FITNESS=0.1045
URDF saved to temp_urdf\being_13012.urdf
Connecting to PyBullet, GUI: False
CreatureEnv Inicijalizacija: 12 motora. OBS_dim=40, frame_skip=1
[Fitness run Gen17Creature16] reward=1.69±0.06  dist=0.00±0.00  upright=0.13±0.01  → FITNESS=0.0580
URDF saved to temp_urdf\being_13012.urdf
Connecting to PyBullet, GUI: False
CreatureEnv Inicijalizacija: 12 motora. OBS_dim=40, frame_skip=1
[Fitness run Gen17Creature17] reward=999.17±332.64  dist=0.28±0.12  upright=0.90±0.30  → FITNESS=0.3860
URDF saved to temp_urdf\being_13012.urdf
Connecting to PyBullet, GUI: False
CreatureEnv Inicijalizacija: 12 motora. OBS_dim=40, frame_skip=1
[Fitness run Gen17Creature18] reward=1.58±0.03  dist=0.00±0.00  upright=0.00±0.00  → FITNESS=0.0183
URDF saved to temp_urdf\being_13012.urdf
Connecting to PyBullet, GUI: False
CreatureEnv Inicijalizacija: 12 motora. OBS_dim=40, frame_skip=1
[Fitness run Gen17Creature20] reward=1.60±0.00  dist=0.03±0.08  upright=0.00±0.00  → FITNESS=0.0190
URDF saved to temp_urdf\being_13012.urdf
Connecting to PyBullet, GUI: False
CreatureEnv Inicijalizacija: 12 motora. OBS_dim=40, frame_skip=1
[Fitness run Gen17Creature21] reward=1.63±0.00  dist=0.13±0.04  upright=0.06±0.02  → FITNESS=0.0390
URDF saved to temp_urdf\being_13012.urdf
Connecting to PyBullet, GUI: False
CreatureEnv Inicijalizacija: 12 motora. OBS_dim=40, frame_skip=1
[Fitness run Gen17Creature22] reward=1.59±0.15  dist=0.00±0.00  upright=0.00±0.00  → FITNESS=0.0183
URDF saved to temp_urdf\being_13012.urdf
Connecting to PyBullet, GUI: False
CreatureEnv Inicijalizacija: 12 motora. OBS_dim=40, frame_skip=1
[Fitness run Gen17Creature23] reward=969.36±322.74  dist=0.08±0.05  upright=0.92±0.25  → FITNESS=0.3832
URDF saved to temp_urdf\being_13012.urdf
Connecting to PyBullet, GUI: False
CreatureEnv Inicijalizacija: 12 motora. OBS_dim=40, frame_skip=1
[Fitness run Gen17Creature24] reward=1.89±0.33  dist=0.30±0.89  upright=0.00±0.00  → FITNESS=0.0258
URDF saved to temp_urdf\being_13012.urdf
Connecting to PyBullet, GUI: False
CreatureEnv Inicijalizacija: 12 motora. OBS_dim=40, frame_skip=1
[Fitness run Gen17Creature25] reward=1.41±0.09  dist=0.00±0.00  upright=0.08±0.04  → FITNESS=0.0435
URDF saved to temp_urdf\being_13012.urdf
Connecting to PyBullet, GUI: False
CreatureEnv Inicijalizacija: 12 motora. OBS_dim=40, frame_skip=1
[Fitness run Gen17Creature26] reward=1.64±0.00  dist=0.05±0.03  upright=0.01±0.04  → FITNESS=0.0234
URDF saved to temp_urdf\being_13012.urdf
Connecting to PyBullet, GUI: False
CreatureEnv Inicijalizacija: 12 motora. OBS_dim=40, frame_skip=1
[Fitness run Gen17Creature27] reward=106.32±315.51  dist=0.13±0.14  upright=0.52±0.16  → FITNESS=0.1879
URDF saved to temp_urdf\being_13012.urdf
Connecting to PyBullet, GUI: False
CreatureEnv Inicijalizacija: 12 motora. OBS_dim=40, frame_skip=1
[Fitness run Gen17Creature28] reward=1.63±0.00  dist=0.00±0.00  upright=0.00±0.00  → FITNESS=0.0183
URDF saved to temp_urdf\being_13012.urdf
Connecting to PyBullet, GUI: False
CreatureEnv Inicijalizacija: 12 motora. OBS_dim=40, frame_skip=1
[Fitness run Gen17Creature29] reward=1.23±0.21  dist=0.13±0.38  upright=0.05±0.07  → FITNESS=0.0379

==================================================
Generacija 17/20  |  Best = 0.4531  |  Mean = 0.1735  |  Std = 0.1754
==================================================
URDF saved to temp_urdf\being_13012.urdf
Connecting to PyBullet, GUI: False
CreatureEnv Inicijalizacija: 12 motora. OBS_dim=40, frame_skip=1
[Fitness run Gen17Creature2] reward=1.58±0.01  dist=0.00±0.00  upright=0.00±0.00  → FITNESS=0.0183
URDF saved to temp_urdf\being_13012.urdf
Connecting to PyBullet, GUI: False
CreatureEnv Inicijalizacija: 12 motora. OBS_dim=40, frame_skip=1
[Fitness run Gen17Creature4] reward=1.63±0.01  dist=0.04±0.12  upright=0.09±0.03  → FITNESS=0.0464
URDF saved to temp_urdf\being_13012.urdf
Connecting to PyBullet, GUI: False
CreatureEnv Inicijalizacija: 12 motora. OBS_dim=40, frame_skip=1
[Fitness run Gen17Creature5] reward=2.03±0.13  dist=0.07±0.15  upright=0.90±0.30  → FITNESS=0.2900
URDF saved to temp_urdf\being_13012.urdf
Connecting to PyBullet, GUI: False
CreatureEnv Inicijalizacija: 12 motora. OBS_dim=40, frame_skip=1
[Fitness run Gen17Creature6] reward=1.60±0.16  dist=0.00±0.00  upright=0.05±0.07  → FITNESS=0.0348
URDF saved to temp_urdf\being_13012.urdf
Connecting to PyBullet, GUI: False
CreatureEnv Inicijalizacija: 12 motora. OBS_dim=40, frame_skip=1
[Fitness run Gen17Creature7] reward=938.65±312.40  dist=0.02±0.05  upright=0.91±0.28  → FITNESS=0.3759
URDF saved to temp_urdf\being_13012.urdf
Connecting to PyBullet, GUI: False
CreatureEnv Inicijalizacija: 12 motora. OBS_dim=40, frame_skip=1
[Fitness run Gen17Creature8] reward=977.92±325.56  dist=0.00±0.00  upright=0.91±0.26  → FITNESS=0.3810
URDF saved to temp_urdf\being_13012.urdf
Connecting to PyBullet, GUI: False
CreatureEnv Inicijalizacija: 12 motora. OBS_dim=40, frame_skip=1
[Fitness run Gen17Creature9] reward=1.69±0.03  dist=0.00±0.00  upright=0.01±0.01  → FITNESS=0.0212
URDF saved to temp_urdf\being_13012.urdf
Connecting to PyBullet, GUI: False
CreatureEnv Inicijalizacija: 12 motora. OBS_dim=40, frame_skip=1
[Fitness run Gen17Creature10] reward=1.51±0.36  dist=0.00±0.00  upright=0.22±0.07  → FITNESS=0.0832
URDF saved to temp_urdf\being_13012.urdf
Connecting to PyBullet, GUI: False
CreatureEnv Inicijalizacija: 12 motora. OBS_dim=40, frame_skip=1
[Fitness run Gen17Creature11] reward=1.64±0.00  dist=0.00±0.00  upright=0.00±0.00  → FITNESS=0.0183
URDF saved to temp_urdf\being_13012.urdf
Connecting to PyBullet, GUI: False
CreatureEnv Inicijalizacija: 12 motora. OBS_dim=40, frame_skip=1
[Fitness run Gen17Creature14] reward=1.61±0.01  dist=0.02±0.02  upright=0.01±0.02  → FITNESS=0.0208
URDF saved to temp_urdf\being_13012.urdf
Connecting to PyBullet, GUI: False
CreatureEnv Inicijalizacija: 12 motora. OBS_dim=40, frame_skip=1
[Fitness run Gen17Creature15] reward=1.65±0.05  dist=0.00±0.00  upright=0.29±0.10  → FITNESS=0.1045
URDF saved to temp_urdf\being_13012.urdf
Connecting to PyBullet, GUI: False
CreatureEnv Inicijalizacija: 12 motora. OBS_dim=40, frame_skip=1
[Fitness run Gen17Creature16] reward=1.69±0.06  dist=0.00±0.00  upright=0.13±0.01  → FITNESS=0.0580
URDF saved to temp_urdf\being_13012.urdf
Connecting to PyBullet, GUI: False
CreatureEnv Inicijalizacija: 12 motora. OBS_dim=40, frame_skip=1
[Fitness run Gen17Creature17] reward=999.17±332.64  dist=0.28±0.12  upright=0.90±0.30  → FITNESS=0.3860
URDF saved to temp_urdf\being_13012.urdf
Connecting to PyBullet, GUI: False
CreatureEnv Inicijalizacija: 12 motora. OBS_dim=40, frame_skip=1
[Fitness run Gen17Creature18] reward=1.58±0.03  dist=0.00±0.00  upright=0.00±0.00  → FITNESS=0.0183
URDF saved to temp_urdf\being_13012.urdf
Connecting to PyBullet, GUI: False
CreatureEnv Inicijalizacija: 12 motora. OBS_dim=40, frame_skip=1
[Fitness run Gen17Creature20] reward=1.60±0.00  dist=0.03±0.08  upright=0.00±0.00  → FITNESS=0.0190
URDF saved to temp_urdf\being_13012.urdf
Connecting to PyBullet, GUI: False
CreatureEnv Inicijalizacija: 12 motora. OBS_dim=40, frame_skip=1
[Fitness run Gen17Creature21] reward=1.63±0.00  dist=0.13±0.04  upright=0.06±0.02  → FITNESS=0.0390
URDF saved to temp_urdf\being_13012.urdf
Connecting to PyBullet, GUI: False
CreatureEnv Inicijalizacija: 12 motora. OBS_dim=40, frame_skip=1
[Fitness run Gen17Creature22] reward=1.59±0.15  dist=0.00±0.00  upright=0.00±0.00  → FITNESS=0.0183
URDF saved to temp_urdf\being_13012.urdf
Connecting to PyBullet, GUI: False
CreatureEnv Inicijalizacija: 12 motora. OBS_dim=40, frame_skip=1
[Fitness run Gen17Creature23] reward=969.36±322.74  dist=0.08±0.05  upright=0.92±0.25  → FITNESS=0.3832
URDF saved to temp_urdf\being_13012.urdf
Connecting to PyBullet, GUI: False
CreatureEnv Inicijalizacija: 12 motora. OBS_dim=40, frame_skip=1
[Fitness run Gen17Creature24] reward=1.89±0.33  dist=0.30±0.89  upright=0.00±0.00  → FITNESS=0.0258
URDF saved to temp_urdf\being_13012.urdf
Connecting to PyBullet, GUI: False
CreatureEnv Inicijalizacija: 12 motora. OBS_dim=40, frame_skip=1
[Fitness run Gen17Creature25] reward=1.41±0.09  dist=0.00±0.00  upright=0.08±0.04  → FITNESS=0.0435
URDF saved to temp_urdf\being_13012.urdf
Connecting to PyBullet, GUI: False
CreatureEnv Inicijalizacija: 12 motora. OBS_dim=40, frame_skip=1
[Fitness run Gen17Creature26] reward=1.64±0.00  dist=0.05±0.03  upright=0.01±0.04  → FITNESS=0.0234
URDF saved to temp_urdf\being_13012.urdf
Connecting to PyBullet, GUI: False
CreatureEnv Inicijalizacija: 12 motora. OBS_dim=40, frame_skip=1
[Fitness run Gen17Creature27] reward=106.32±315.51  dist=0.13±0.14  upright=0.52±0.16  → FITNESS=0.1879
URDF saved to temp_urdf\being_13012.urdf
Connecting to PyBullet, GUI: False
CreatureEnv Inicijalizacija: 12 motora. OBS_dim=40, frame_skip=1
[Fitness run Gen17Creature28] reward=1.63±0.00  dist=0.00±0.00  upright=0.00±0.00  → FITNESS=0.0183
URDF saved to temp_urdf\being_13012.urdf
Connecting to PyBullet, GUI: False
CreatureEnv Inicijalizacija: 12 motora. OBS_dim=40, frame_skip=1
[Fitness run Gen17Creature29] reward=1.23±0.21  dist=0.13±0.38  upright=0.05±0.07  → FITNESS=0.0379
Genome saved to results\distanceBased500Steps5DifferentSeeds\run_5\run_5_best_creature.json
[plot] Summary saved → results\distanceBased500Steps5DifferentSeeds\run_5\run_5_summary.png
URDF saved to temp_urdf\being_13012.urdf
Connecting to PyBullet, GUI: False
CreatureEnv Inicijalizacija: 12 motora. OBS_dim=40, frame_skip=1
[Fitness run Gen18Creature2] reward=1.58±0.01  dist=0.00±0.00  upright=0.00±0.00  → FITNESS=0.0183
URDF saved to temp_urdf\being_13012.urdf
Connecting to PyBullet, GUI: False
CreatureEnv Inicijalizacija: 12 motora. OBS_dim=40, frame_skip=1
[Fitness run Gen18Creature4] reward=1.63±0.01  dist=0.04±0.12  upright=0.09±0.03  → FITNESS=0.0464
URDF saved to temp_urdf\being_13012.urdf
Connecting to PyBullet, GUI: False
CreatureEnv Inicijalizacija: 12 motora. OBS_dim=40, frame_skip=1
[Fitness run Gen18Creature5] reward=2.03±0.13  dist=0.07±0.15  upright=0.90±0.30  → FITNESS=0.2900
URDF saved to temp_urdf\being_13012.urdf
Connecting to PyBullet, GUI: False
CreatureEnv Inicijalizacija: 12 motora. OBS_dim=40, frame_skip=1
[Fitness run Gen18Creature6] reward=1.65±0.00  dist=0.00±0.00  upright=0.05±0.05  → FITNESS=0.0328
URDF saved to temp_urdf\being_13012.urdf
Connecting to PyBullet, GUI: False
CreatureEnv Inicijalizacija: 12 motora. OBS_dim=40, frame_skip=1
[Fitness run Gen18Creature8] reward=987.38±328.59  dist=0.09±0.02  upright=0.93±0.22  → FITNESS=0.3880
URDF saved to temp_urdf\being_13012.urdf
Connecting to PyBullet, GUI: False
CreatureEnv Inicijalizacija: 12 motora. OBS_dim=40, frame_skip=1
[Fitness run Gen18Creature9] reward=1.84±0.24  dist=0.05±0.06  upright=0.01±0.04  → FITNESS=0.0236
URDF saved to temp_urdf\being_13012.urdf
Connecting to PyBullet, GUI: False
CreatureEnv Inicijalizacija: 12 motora. OBS_dim=40, frame_skip=1
[Fitness run Gen18Creature10] reward=977.20±325.32  dist=0.04±0.01  upright=0.91±0.26  → FITNESS=0.3819
URDF saved to temp_urdf\being_13012.urdf
Connecting to PyBullet, GUI: False
CreatureEnv Inicijalizacija: 12 motora. OBS_dim=40, frame_skip=1
[Fitness run Gen18Creature11] reward=1.71±0.05  dist=0.42±0.15  upright=0.00±0.00  → FITNESS=0.0288
URDF saved to temp_urdf\being_13012.urdf
Connecting to PyBullet, GUI: False
CreatureEnv Inicijalizacija: 12 motora. OBS_dim=40, frame_skip=1
[Fitness run Gen18Creature14] reward=1.61±0.01  dist=0.02±0.02  upright=0.01±0.02  → FITNESS=0.0208
URDF saved to temp_urdf\being_13012.urdf
Connecting to PyBullet, GUI: False
CreatureEnv Inicijalizacija: 12 motora. OBS_dim=40, frame_skip=1
[Fitness run Gen18Creature15] reward=1.65±0.05  dist=0.00±0.00  upright=0.29±0.10  → FITNESS=0.1045
URDF saved to temp_urdf\being_13012.urdf
Connecting to PyBullet, GUI: False
CreatureEnv Inicijalizacija: 12 motora. OBS_dim=40, frame_skip=1
[Fitness run Gen18Creature16] reward=1089.32±0.67  dist=0.08±0.10  upright=1.00±0.00  → FITNESS=0.4191
URDF saved to temp_urdf\being_13012.urdf
Connecting to PyBullet, GUI: False
CreatureEnv Inicijalizacija: 12 motora. OBS_dim=40, frame_skip=1
[Fitness run Gen18Creature17] reward=988.54±328.96  dist=0.05±0.02  upright=0.92±0.25  → FITNESS=0.3842
URDF saved to temp_urdf\being_13012.urdf
Connecting to PyBullet, GUI: False
CreatureEnv Inicijalizacija: 12 motora. OBS_dim=40, frame_skip=1
[Fitness run Gen18Creature18] reward=1.62±0.00  dist=0.15±0.01  upright=0.00±0.00  → FITNESS=0.0220
URDF saved to temp_urdf\being_13012.urdf
Connecting to PyBullet, GUI: False
CreatureEnv Inicijalizacija: 12 motora. OBS_dim=40, frame_skip=1
[Fitness run Gen18Creature19] reward=971.13±323.10  dist=0.04±0.01  upright=0.96±0.13  → FITNESS=0.3949
URDF saved to temp_urdf\being_13012.urdf
Connecting to PyBullet, GUI: False
CreatureEnv Inicijalizacija: 12 motora. OBS_dim=40, frame_skip=1
[Fitness run Gen18Creature20] reward=1.60±0.00  dist=0.03±0.08  upright=0.00±0.00  → FITNESS=0.0190
URDF saved to temp_urdf\being_13012.urdf
Connecting to PyBullet, GUI: False
CreatureEnv Inicijalizacija: 12 motora. OBS_dim=40, frame_skip=1
[Fitness run Gen18Creature21] reward=1.63±0.13  dist=0.31±0.11  upright=0.00±0.00  → FITNESS=0.0260
URDF saved to temp_urdf\being_13012.urdf
Connecting to PyBullet, GUI: False
CreatureEnv Inicijalizacija: 12 motora. OBS_dim=40, frame_skip=1
[Fitness run Gen18Creature22] reward=1.59±0.15  dist=0.00±0.00  upright=0.00±0.00  → FITNESS=0.0183
URDF saved to temp_urdf\being_13012.urdf
Connecting to PyBullet, GUI: False
CreatureEnv Inicijalizacija: 12 motora. OBS_dim=40, frame_skip=1
[Fitness run Gen18Creature23] reward=969.36±322.74  dist=0.08±0.05  upright=0.92±0.25  → FITNESS=0.3832
URDF saved to temp_urdf\being_13012.urdf
Connecting to PyBullet, GUI: False
CreatureEnv Inicijalizacija: 12 motora. OBS_dim=40, frame_skip=1
[Fitness run Gen18Creature24] reward=1.89±0.33  dist=0.30±0.89  upright=0.00±0.00  → FITNESS=0.0258
URDF saved to temp_urdf\being_13012.urdf
Connecting to PyBullet, GUI: False
CreatureEnv Inicijalizacija: 12 motora. OBS_dim=40, frame_skip=1
[Fitness run Gen18Creature25] reward=1.41±0.09  dist=0.00±0.00  upright=0.08±0.04  → FITNESS=0.0435
URDF saved to temp_urdf\being_13012.urdf
Connecting to PyBullet, GUI: False
CreatureEnv Inicijalizacija: 12 motora. OBS_dim=40, frame_skip=1
[Fitness run Gen18Creature26] reward=1.62±0.01  dist=0.07±0.02  upright=0.01±0.03  → FITNESS=0.0230
URDF saved to temp_urdf\being_13012.urdf
Connecting to PyBullet, GUI: False
CreatureEnv Inicijalizacija: 12 motora. OBS_dim=40, frame_skip=1
[Fitness run Gen18Creature27] reward=1.69±0.20  dist=0.14±0.07  upright=0.34±0.22  → FITNESS=0.1244
URDF saved to temp_urdf\being_13012.urdf
Connecting to PyBullet, GUI: False
CreatureEnv Inicijalizacija: 12 motora. OBS_dim=40, frame_skip=1
[Fitness run Gen18Creature28] reward=940.46±312.95  dist=0.06±0.18  upright=0.90±0.30  → FITNESS=0.3752
URDF saved to temp_urdf\being_13012.urdf
Connecting to PyBullet, GUI: False
CreatureEnv Inicijalizacija: 12 motora. OBS_dim=40, frame_skip=1
[Fitness run Gen18Creature29] reward=2.17±0.10  dist=0.00±0.00  upright=0.06±0.04  → FITNESS=0.0377

==================================================
Generacija 18/20  |  Best = 0.4531  |  Mean = 0.2036  |  Std = 0.1797
==================================================
URDF saved to temp_urdf\being_13012.urdf
Connecting to PyBullet, GUI: False
CreatureEnv Inicijalizacija: 12 motora. OBS_dim=40, frame_skip=1
[Fitness run Gen18Creature2] reward=1.58±0.01  dist=0.00±0.00  upright=0.00±0.00  → FITNESS=0.0183
URDF saved to temp_urdf\being_13012.urdf
Connecting to PyBullet, GUI: False
CreatureEnv Inicijalizacija: 12 motora. OBS_dim=40, frame_skip=1
[Fitness run Gen18Creature4] reward=1.63±0.01  dist=0.04±0.12  upright=0.09±0.03  → FITNESS=0.0464
URDF saved to temp_urdf\being_13012.urdf
Connecting to PyBullet, GUI: False
CreatureEnv Inicijalizacija: 12 motora. OBS_dim=40, frame_skip=1
[Fitness run Gen18Creature5] reward=2.03±0.13  dist=0.07±0.15  upright=0.90±0.30  → FITNESS=0.2900
URDF saved to temp_urdf\being_13012.urdf
Connecting to PyBullet, GUI: False
CreatureEnv Inicijalizacija: 12 motora. OBS_dim=40, frame_skip=1
[Fitness run Gen18Creature6] reward=1.65±0.00  dist=0.00±0.00  upright=0.05±0.05  → FITNESS=0.0328
URDF saved to temp_urdf\being_13012.urdf
Connecting to PyBullet, GUI: False
CreatureEnv Inicijalizacija: 12 motora. OBS_dim=40, frame_skip=1
[Fitness run Gen18Creature8] reward=987.38±328.59  dist=0.09±0.02  upright=0.93±0.22  → FITNESS=0.3880
URDF saved to temp_urdf\being_13012.urdf
Connecting to PyBullet, GUI: False
CreatureEnv Inicijalizacija: 12 motora. OBS_dim=40, frame_skip=1
[Fitness run Gen18Creature9] reward=1.84±0.24  dist=0.05±0.06  upright=0.01±0.04  → FITNESS=0.0236
URDF saved to temp_urdf\being_13012.urdf
Connecting to PyBullet, GUI: False
CreatureEnv Inicijalizacija: 12 motora. OBS_dim=40, frame_skip=1
[Fitness run Gen18Creature10] reward=977.20±325.32  dist=0.04±0.01  upright=0.91±0.26  → FITNESS=0.3819
URDF saved to temp_urdf\being_13012.urdf
Connecting to PyBullet, GUI: False
CreatureEnv Inicijalizacija: 12 motora. OBS_dim=40, frame_skip=1
[Fitness run Gen18Creature11] reward=1.71±0.05  dist=0.42±0.15  upright=0.00±0.00  → FITNESS=0.0288
URDF saved to temp_urdf\being_13012.urdf
Connecting to PyBullet, GUI: False
CreatureEnv Inicijalizacija: 12 motora. OBS_dim=40, frame_skip=1
[Fitness run Gen18Creature14] reward=1.61±0.01  dist=0.02±0.02  upright=0.01±0.02  → FITNESS=0.0208
URDF saved to temp_urdf\being_13012.urdf
Connecting to PyBullet, GUI: False
CreatureEnv Inicijalizacija: 12 motora. OBS_dim=40, frame_skip=1
[Fitness run Gen18Creature15] reward=1.65±0.05  dist=0.00±0.00  upright=0.29±0.10  → FITNESS=0.1045
URDF saved to temp_urdf\being_13012.urdf
Connecting to PyBullet, GUI: False
CreatureEnv Inicijalizacija: 12 motora. OBS_dim=40, frame_skip=1
[Fitness run Gen18Creature16] reward=1089.32±0.67  dist=0.08±0.10  upright=1.00±0.00  → FITNESS=0.4191
URDF saved to temp_urdf\being_13012.urdf
Connecting to PyBullet, GUI: False
CreatureEnv Inicijalizacija: 12 motora. OBS_dim=40, frame_skip=1
[Fitness run Gen18Creature17] reward=988.54±328.96  dist=0.05±0.02  upright=0.92±0.25  → FITNESS=0.3842
URDF saved to temp_urdf\being_13012.urdf
Connecting to PyBullet, GUI: False
CreatureEnv Inicijalizacija: 12 motora. OBS_dim=40, frame_skip=1
[Fitness run Gen18Creature18] reward=1.62±0.00  dist=0.15±0.01  upright=0.00±0.00  → FITNESS=0.0220
URDF saved to temp_urdf\being_13012.urdf
Connecting to PyBullet, GUI: False
CreatureEnv Inicijalizacija: 12 motora. OBS_dim=40, frame_skip=1
[Fitness run Gen18Creature19] reward=971.13±323.10  dist=0.04±0.01  upright=0.96±0.13  → FITNESS=0.3949
URDF saved to temp_urdf\being_13012.urdf
Connecting to PyBullet, GUI: False
CreatureEnv Inicijalizacija: 12 motora. OBS_dim=40, frame_skip=1
[Fitness run Gen18Creature20] reward=1.60±0.00  dist=0.03±0.08  upright=0.00±0.00  → FITNESS=0.0190
URDF saved to temp_urdf\being_13012.urdf
Connecting to PyBullet, GUI: False
CreatureEnv Inicijalizacija: 12 motora. OBS_dim=40, frame_skip=1
[Fitness run Gen18Creature21] reward=1.63±0.13  dist=0.31±0.11  upright=0.00±0.00  → FITNESS=0.0260
URDF saved to temp_urdf\being_13012.urdf
Connecting to PyBullet, GUI: False
CreatureEnv Inicijalizacija: 12 motora. OBS_dim=40, frame_skip=1
[Fitness run Gen18Creature22] reward=1.59±0.15  dist=0.00±0.00  upright=0.00±0.00  → FITNESS=0.0183
URDF saved to temp_urdf\being_13012.urdf
Connecting to PyBullet, GUI: False
CreatureEnv Inicijalizacija: 12 motora. OBS_dim=40, frame_skip=1
[Fitness run Gen18Creature23] reward=969.36±322.74  dist=0.08±0.05  upright=0.92±0.25  → FITNESS=0.3832
URDF saved to temp_urdf\being_13012.urdf
Connecting to PyBullet, GUI: False
CreatureEnv Inicijalizacija: 12 motora. OBS_dim=40, frame_skip=1
[Fitness run Gen18Creature24] reward=1.89±0.33  dist=0.30±0.89  upright=0.00±0.00  → FITNESS=0.0258
URDF saved to temp_urdf\being_13012.urdf
Connecting to PyBullet, GUI: False
CreatureEnv Inicijalizacija: 12 motora. OBS_dim=40, frame_skip=1
[Fitness run Gen18Creature25] reward=1.41±0.09  dist=0.00±0.00  upright=0.08±0.04  → FITNESS=0.0435
URDF saved to temp_urdf\being_13012.urdf
Connecting to PyBullet, GUI: False
CreatureEnv Inicijalizacija: 12 motora. OBS_dim=40, frame_skip=1
[Fitness run Gen18Creature26] reward=1.62±0.01  dist=0.07±0.02  upright=0.01±0.03  → FITNESS=0.0230
URDF saved to temp_urdf\being_13012.urdf
Connecting to PyBullet, GUI: False
CreatureEnv Inicijalizacija: 12 motora. OBS_dim=40, frame_skip=1
[Fitness run Gen18Creature27] reward=1.69±0.20  dist=0.14±0.07  upright=0.34±0.22  → FITNESS=0.1244
URDF saved to temp_urdf\being_13012.urdf
Connecting to PyBullet, GUI: False
CreatureEnv Inicijalizacija: 12 motora. OBS_dim=40, frame_skip=1
[Fitness run Gen18Creature28] reward=940.46±312.95  dist=0.06±0.18  upright=0.90±0.30  → FITNESS=0.3752
URDF saved to temp_urdf\being_13012.urdf
Connecting to PyBullet, GUI: False
CreatureEnv Inicijalizacija: 12 motora. OBS_dim=40, frame_skip=1
[Fitness run Gen18Creature29] reward=2.17±0.10  dist=0.00±0.00  upright=0.06±0.04  → FITNESS=0.0377
Genome saved to results\distanceBased500Steps5DifferentSeeds\run_5\run_5_best_creature.json
[plot] Summary saved → results\distanceBased500Steps5DifferentSeeds\run_5\run_5_summary.png
URDF saved to temp_urdf\being_13012.urdf
Connecting to PyBullet, GUI: False
CreatureEnv Inicijalizacija: 12 motora. OBS_dim=40, frame_skip=1
[Fitness run Gen19Creature2] reward=1.58±0.01  dist=0.00±0.00  upright=0.00±0.00  → FITNESS=0.0183
URDF saved to temp_urdf\being_13012.urdf
Connecting to PyBullet, GUI: False
CreatureEnv Inicijalizacija: 12 motora. OBS_dim=40, frame_skip=1
[Fitness run Gen19Creature4] reward=1.63±0.01  dist=0.04±0.12  upright=0.09±0.03  → FITNESS=0.0464
URDF saved to temp_urdf\being_13012.urdf
Connecting to PyBullet, GUI: False
CreatureEnv Inicijalizacija: 12 motora. OBS_dim=40, frame_skip=1
[Fitness run Gen19Creature5] reward=2.03±0.13  dist=0.07±0.15  upright=0.90±0.30  → FITNESS=0.2900
URDF saved to temp_urdf\being_13012.urdf
Connecting to PyBullet, GUI: False
CreatureEnv Inicijalizacija: 12 motora. OBS_dim=40, frame_skip=1
[Fitness run Gen19Creature6] reward=1.60±0.16  dist=0.00±0.00  upright=0.05±0.07  → FITNESS=0.0348
URDF saved to temp_urdf\being_13012.urdf
Connecting to PyBullet, GUI: False
CreatureEnv Inicijalizacija: 12 motora. OBS_dim=40, frame_skip=1
[Fitness run Gen19Creature7] reward=938.65±312.40  dist=0.02±0.05  upright=0.91±0.28  → FITNESS=0.3759
URDF saved to temp_urdf\being_13012.urdf
Connecting to PyBullet, GUI: False
CreatureEnv Inicijalizacija: 12 motora. OBS_dim=40, frame_skip=1
[Fitness run Gen19Creature8] reward=977.92±325.56  dist=0.00±0.00  upright=0.91±0.26  → FITNESS=0.3810
URDF saved to temp_urdf\being_13012.urdf
Connecting to PyBullet, GUI: False
CreatureEnv Inicijalizacija: 12 motora. OBS_dim=40, frame_skip=1
[Fitness run Gen19Creature9] reward=1.69±0.03  dist=0.00±0.00  upright=0.01±0.01  → FITNESS=0.0212
URDF saved to temp_urdf\being_13012.urdf
Connecting to PyBullet, GUI: False
CreatureEnv Inicijalizacija: 12 motora. OBS_dim=40, frame_skip=1
[Fitness run Gen19Creature10] reward=1.51±0.36  dist=0.00±0.00  upright=0.22±0.07  → FITNESS=0.0832
URDF saved to temp_urdf\being_13012.urdf
Connecting to PyBullet, GUI: False
CreatureEnv Inicijalizacija: 12 motora. OBS_dim=40, frame_skip=1
[Fitness run Gen19Creature11] reward=1.64±0.00  dist=0.00±0.00  upright=0.00±0.00  → FITNESS=0.0183
URDF saved to temp_urdf\being_13012.urdf
Connecting to PyBullet, GUI: False
CreatureEnv Inicijalizacija: 12 motora. OBS_dim=40, frame_skip=1
[Fitness run Gen19Creature14] reward=1.61±0.01  dist=0.02±0.02  upright=0.01±0.02  → FITNESS=0.0208
URDF saved to temp_urdf\being_13012.urdf
Connecting to PyBullet, GUI: False
CreatureEnv Inicijalizacija: 12 motora. OBS_dim=40, frame_skip=1
[Fitness run Gen19Creature15] reward=1.65±0.05  dist=0.00±0.00  upright=0.29±0.10  → FITNESS=0.1045
URDF saved to temp_urdf\being_13012.urdf
Connecting to PyBullet, GUI: False
CreatureEnv Inicijalizacija: 12 motora. OBS_dim=40, frame_skip=1
[Fitness run Gen19Creature16] reward=1.69±0.06  dist=0.00±0.00  upright=0.13±0.01  → FITNESS=0.0580
URDF saved to temp_urdf\being_13012.urdf
Connecting to PyBullet, GUI: False
CreatureEnv Inicijalizacija: 12 motora. OBS_dim=40, frame_skip=1
[Fitness run Gen19Creature17] reward=999.17±332.64  dist=0.28±0.12  upright=0.90±0.30  → FITNESS=0.3860
URDF saved to temp_urdf\being_13012.urdf
Connecting to PyBullet, GUI: False
CreatureEnv Inicijalizacija: 12 motora. OBS_dim=40, frame_skip=1
[Fitness run Gen19Creature18] reward=1.58±0.03  dist=0.00±0.00  upright=0.00±0.00  → FITNESS=0.0183
URDF saved to temp_urdf\being_13012.urdf
Connecting to PyBullet, GUI: False
CreatureEnv Inicijalizacija: 12 motora. OBS_dim=40, frame_skip=1
[Fitness run Gen19Creature20] reward=1.60±0.00  dist=0.03±0.08  upright=0.00±0.00  → FITNESS=0.0190
URDF saved to temp_urdf\being_13012.urdf
Connecting to PyBullet, GUI: False
CreatureEnv Inicijalizacija: 12 motora. OBS_dim=40, frame_skip=1
[Fitness run Gen19Creature21] reward=1.63±0.00  dist=0.13±0.04  upright=0.06±0.02  → FITNESS=0.0390
URDF saved to temp_urdf\being_13012.urdf
Connecting to PyBullet, GUI: False
CreatureEnv Inicijalizacija: 12 motora. OBS_dim=40, frame_skip=1
[Fitness run Gen19Creature22] reward=1.59±0.15  dist=0.00±0.00  upright=0.00±0.00  → FITNESS=0.0183
URDF saved to temp_urdf\being_13012.urdf
Connecting to PyBullet, GUI: False
CreatureEnv Inicijalizacija: 12 motora. OBS_dim=40, frame_skip=1
[Fitness run Gen19Creature23] reward=969.36±322.74  dist=0.08±0.05  upright=0.92±0.25  → FITNESS=0.3832
URDF saved to temp_urdf\being_13012.urdf
Connecting to PyBullet, GUI: False
CreatureEnv Inicijalizacija: 12 motora. OBS_dim=40, frame_skip=1
[Fitness run Gen19Creature24] reward=1.89±0.33  dist=0.30±0.89  upright=0.00±0.00  → FITNESS=0.0258
URDF saved to temp_urdf\being_13012.urdf
Connecting to PyBullet, GUI: False
CreatureEnv Inicijalizacija: 12 motora. OBS_dim=40, frame_skip=1
[Fitness run Gen19Creature25] reward=1.41±0.09  dist=0.00±0.00  upright=0.08±0.04  → FITNESS=0.0435
URDF saved to temp_urdf\being_13012.urdf
Connecting to PyBullet, GUI: False
CreatureEnv Inicijalizacija: 12 motora. OBS_dim=40, frame_skip=1
[Fitness run Gen19Creature26] reward=1.64±0.00  dist=0.05±0.03  upright=0.01±0.04  → FITNESS=0.0234
URDF saved to temp_urdf\being_13012.urdf
Connecting to PyBullet, GUI: False
CreatureEnv Inicijalizacija: 12 motora. OBS_dim=40, frame_skip=1
[Fitness run Gen19Creature27] reward=106.32±315.51  dist=0.13±0.14  upright=0.52±0.16  → FITNESS=0.1879
URDF saved to temp_urdf\being_13012.urdf
Connecting to PyBullet, GUI: False
CreatureEnv Inicijalizacija: 12 motora. OBS_dim=40, frame_skip=1
[Fitness run Gen19Creature28] reward=1.63±0.00  dist=0.00±0.00  upright=0.00±0.00  → FITNESS=0.0183
URDF saved to temp_urdf\being_13012.urdf
Connecting to PyBullet, GUI: False
CreatureEnv Inicijalizacija: 12 motora. OBS_dim=40, frame_skip=1
[Fitness run Gen19Creature29] reward=1.23±0.21  dist=0.13±0.38  upright=0.05±0.07  → FITNESS=0.0379

==================================================
Generacija 19/20  |  Best = 0.4531  |  Mean = 0.1735  |  Std = 0.1754
==================================================
URDF saved to temp_urdf\being_13012.urdf
Connecting to PyBullet, GUI: False
CreatureEnv Inicijalizacija: 12 motora. OBS_dim=40, frame_skip=1
[Fitness run Gen19Creature2] reward=1.58±0.01  dist=0.00±0.00  upright=0.00±0.00  → FITNESS=0.0183
URDF saved to temp_urdf\being_13012.urdf
Connecting to PyBullet, GUI: False
CreatureEnv Inicijalizacija: 12 motora. OBS_dim=40, frame_skip=1
[Fitness run Gen19Creature4] reward=1.63±0.01  dist=0.04±0.12  upright=0.09±0.03  → FITNESS=0.0464
URDF saved to temp_urdf\being_13012.urdf
Connecting to PyBullet, GUI: False
CreatureEnv Inicijalizacija: 12 motora. OBS_dim=40, frame_skip=1
[Fitness run Gen19Creature5] reward=2.03±0.13  dist=0.07±0.15  upright=0.90±0.30  → FITNESS=0.2900
URDF saved to temp_urdf\being_13012.urdf
Connecting to PyBullet, GUI: False
CreatureEnv Inicijalizacija: 12 motora. OBS_dim=40, frame_skip=1
[Fitness run Gen19Creature6] reward=1.60±0.16  dist=0.00±0.00  upright=0.05±0.07  → FITNESS=0.0348
URDF saved to temp_urdf\being_13012.urdf
Connecting to PyBullet, GUI: False
CreatureEnv Inicijalizacija: 12 motora. OBS_dim=40, frame_skip=1
[Fitness run Gen19Creature7] reward=938.65±312.40  dist=0.02±0.05  upright=0.91±0.28  → FITNESS=0.3759
URDF saved to temp_urdf\being_13012.urdf
Connecting to PyBullet, GUI: False
CreatureEnv Inicijalizacija: 12 motora. OBS_dim=40, frame_skip=1
[Fitness run Gen19Creature8] reward=977.92±325.56  dist=0.00±0.00  upright=0.91±0.26  → FITNESS=0.3810
URDF saved to temp_urdf\being_13012.urdf
Connecting to PyBullet, GUI: False
CreatureEnv Inicijalizacija: 12 motora. OBS_dim=40, frame_skip=1
[Fitness run Gen19Creature9] reward=1.69±0.03  dist=0.00±0.00  upright=0.01±0.01  → FITNESS=0.0212
URDF saved to temp_urdf\being_13012.urdf
Connecting to PyBullet, GUI: False
CreatureEnv Inicijalizacija: 12 motora. OBS_dim=40, frame_skip=1
[Fitness run Gen19Creature10] reward=1.51±0.36  dist=0.00±0.00  upright=0.22±0.07  → FITNESS=0.0832
URDF saved to temp_urdf\being_13012.urdf
Connecting to PyBullet, GUI: False
CreatureEnv Inicijalizacija: 12 motora. OBS_dim=40, frame_skip=1
[Fitness run Gen19Creature11] reward=1.64±0.00  dist=0.00±0.00  upright=0.00±0.00  → FITNESS=0.0183
URDF saved to temp_urdf\being_13012.urdf
Connecting to PyBullet, GUI: False
CreatureEnv Inicijalizacija: 12 motora. OBS_dim=40, frame_skip=1
[Fitness run Gen19Creature14] reward=1.61±0.01  dist=0.02±0.02  upright=0.01±0.02  → FITNESS=0.0208
URDF saved to temp_urdf\being_13012.urdf
Connecting to PyBullet, GUI: False
CreatureEnv Inicijalizacija: 12 motora. OBS_dim=40, frame_skip=1
[Fitness run Gen19Creature15] reward=1.65±0.05  dist=0.00±0.00  upright=0.29±0.10  → FITNESS=0.1045
URDF saved to temp_urdf\being_13012.urdf
Connecting to PyBullet, GUI: False
CreatureEnv Inicijalizacija: 12 motora. OBS_dim=40, frame_skip=1
[Fitness run Gen19Creature16] reward=1.69±0.06  dist=0.00±0.00  upright=0.13±0.01  → FITNESS=0.0580
URDF saved to temp_urdf\being_13012.urdf
Connecting to PyBullet, GUI: False
CreatureEnv Inicijalizacija: 12 motora. OBS_dim=40, frame_skip=1
[Fitness run Gen19Creature17] reward=999.17±332.64  dist=0.28±0.12  upright=0.90±0.30  → FITNESS=0.3860
URDF saved to temp_urdf\being_13012.urdf
Connecting to PyBullet, GUI: False
CreatureEnv Inicijalizacija: 12 motora. OBS_dim=40, frame_skip=1
[Fitness run Gen19Creature18] reward=1.58±0.03  dist=0.00±0.00  upright=0.00±0.00  → FITNESS=0.0183
URDF saved to temp_urdf\being_13012.urdf
Connecting to PyBullet, GUI: False
CreatureEnv Inicijalizacija: 12 motora. OBS_dim=40, frame_skip=1
[Fitness run Gen19Creature20] reward=1.60±0.00  dist=0.03±0.08  upright=0.00±0.00  → FITNESS=0.0190
URDF saved to temp_urdf\being_13012.urdf
Connecting to PyBullet, GUI: False
CreatureEnv Inicijalizacija: 12 motora. OBS_dim=40, frame_skip=1
[Fitness run Gen19Creature21] reward=1.63±0.00  dist=0.13±0.04  upright=0.06±0.02  → FITNESS=0.0390
URDF saved to temp_urdf\being_13012.urdf
Connecting to PyBullet, GUI: False
CreatureEnv Inicijalizacija: 12 motora. OBS_dim=40, frame_skip=1
[Fitness run Gen19Creature22] reward=1.59±0.15  dist=0.00±0.00  upright=0.00±0.00  → FITNESS=0.0183
URDF saved to temp_urdf\being_13012.urdf
Connecting to PyBullet, GUI: False
CreatureEnv Inicijalizacija: 12 motora. OBS_dim=40, frame_skip=1
[Fitness run Gen19Creature23] reward=969.36±322.74  dist=0.08±0.05  upright=0.92±0.25  → FITNESS=0.3832
URDF saved to temp_urdf\being_13012.urdf
Connecting to PyBullet, GUI: False
CreatureEnv Inicijalizacija: 12 motora. OBS_dim=40, frame_skip=1
[Fitness run Gen19Creature24] reward=1.89±0.33  dist=0.30±0.89  upright=0.00±0.00  → FITNESS=0.0258
URDF saved to temp_urdf\being_13012.urdf
Connecting to PyBullet, GUI: False
CreatureEnv Inicijalizacija: 12 motora. OBS_dim=40, frame_skip=1
[Fitness run Gen19Creature25] reward=1.41±0.09  dist=0.00±0.00  upright=0.08±0.04  → FITNESS=0.0435
URDF saved to temp_urdf\being_13012.urdf
Connecting to PyBullet, GUI: False
CreatureEnv Inicijalizacija: 12 motora. OBS_dim=40, frame_skip=1
[Fitness run Gen19Creature26] reward=1.64±0.00  dist=0.05±0.03  upright=0.01±0.04  → FITNESS=0.0234
URDF saved to temp_urdf\being_13012.urdf
Connecting to PyBullet, GUI: False
CreatureEnv Inicijalizacija: 12 motora. OBS_dim=40, frame_skip=1
[Fitness run Gen19Creature27] reward=106.32±315.51  dist=0.13±0.14  upright=0.52±0.16  → FITNESS=0.1879
URDF saved to temp_urdf\being_13012.urdf
Connecting to PyBullet, GUI: False
CreatureEnv Inicijalizacija: 12 motora. OBS_dim=40, frame_skip=1
[Fitness run Gen19Creature28] reward=1.63±0.00  dist=0.00±0.00  upright=0.00±0.00  → FITNESS=0.0183
URDF saved to temp_urdf\being_13012.urdf
Connecting to PyBullet, GUI: False
CreatureEnv Inicijalizacija: 12 motora. OBS_dim=40, frame_skip=1
[Fitness run Gen19Creature29] reward=1.23±0.21  dist=0.13±0.38  upright=0.05±0.07  → FITNESS=0.0379
Genome saved to results\distanceBased500Steps5DifferentSeeds\run_5\run_5_best_creature.json
[plot] Summary saved → results\distanceBased500Steps5DifferentSeeds\run_5\run_5_summary.png
URDF saved to temp_urdf\being_13012.urdf
Connecting to PyBullet, GUI: False
CreatureEnv Inicijalizacija: 12 motora. OBS_dim=40, frame_skip=1
[Fitness run Gen20Creature2] reward=1.58±0.01  dist=0.00±0.00  upright=0.00±0.00  → FITNESS=0.0183
URDF saved to temp_urdf\being_13012.urdf
Connecting to PyBullet, GUI: False
CreatureEnv Inicijalizacija: 12 motora. OBS_dim=40, frame_skip=1
[Fitness run Gen20Creature4] reward=1.63±0.01  dist=0.04±0.12  upright=0.09±0.03  → FITNESS=0.0464
URDF saved to temp_urdf\being_13012.urdf
Connecting to PyBullet, GUI: False
CreatureEnv Inicijalizacija: 12 motora. OBS_dim=40, frame_skip=1
[Fitness run Gen20Creature5] reward=2.03±0.13  dist=0.07±0.15  upright=0.90±0.30  → FITNESS=0.2900
URDF saved to temp_urdf\being_13012.urdf
Connecting to PyBullet, GUI: False
CreatureEnv Inicijalizacija: 12 motora. OBS_dim=40, frame_skip=1
[Fitness run Gen20Creature6] reward=1.65±0.00  dist=0.00±0.00  upright=0.05±0.05  → FITNESS=0.0328
URDF saved to temp_urdf\being_13012.urdf
Connecting to PyBullet, GUI: False
CreatureEnv Inicijalizacija: 12 motora. OBS_dim=40, frame_skip=1
[Fitness run Gen20Creature8] reward=987.38±328.59  dist=0.09±0.02  upright=0.93±0.22  → FITNESS=0.3880
URDF saved to temp_urdf\being_13012.urdf
Connecting to PyBullet, GUI: False
CreatureEnv Inicijalizacija: 12 motora. OBS_dim=40, frame_skip=1
[Fitness run Gen20Creature9] reward=1.84±0.24  dist=0.05±0.06  upright=0.01±0.04  → FITNESS=0.0236
URDF saved to temp_urdf\being_13012.urdf
Connecting to PyBullet, GUI: False
CreatureEnv Inicijalizacija: 12 motora. OBS_dim=40, frame_skip=1
[Fitness run Gen20Creature10] reward=977.20±325.32  dist=0.04±0.01  upright=0.91±0.26  → FITNESS=0.3819
URDF saved to temp_urdf\being_13012.urdf
Connecting to PyBullet, GUI: False
CreatureEnv Inicijalizacija: 12 motora. OBS_dim=40, frame_skip=1
[Fitness run Gen20Creature11] reward=1.71±0.05  dist=0.42±0.15  upright=0.00±0.00  → FITNESS=0.0288
URDF saved to temp_urdf\being_13012.urdf
Connecting to PyBullet, GUI: False
CreatureEnv Inicijalizacija: 12 motora. OBS_dim=40, frame_skip=1
[Fitness run Gen20Creature14] reward=1.61±0.01  dist=0.02±0.02  upright=0.01±0.02  → FITNESS=0.0208
URDF saved to temp_urdf\being_13012.urdf
Connecting to PyBullet, GUI: False
CreatureEnv Inicijalizacija: 12 motora. OBS_dim=40, frame_skip=1
[Fitness run Gen20Creature15] reward=1.65±0.05  dist=0.00±0.00  upright=0.29±0.10  → FITNESS=0.1045
URDF saved to temp_urdf\being_13012.urdf
Connecting to PyBullet, GUI: False
CreatureEnv Inicijalizacija: 12 motora. OBS_dim=40, frame_skip=1
[Fitness run Gen20Creature16] reward=1089.32±0.67  dist=0.08±0.10  upright=1.00±0.00  → FITNESS=0.4191
URDF saved to temp_urdf\being_13012.urdf
Connecting to PyBullet, GUI: False
CreatureEnv Inicijalizacija: 12 motora. OBS_dim=40, frame_skip=1
[Fitness run Gen20Creature17] reward=988.54±328.96  dist=0.05±0.02  upright=0.92±0.25  → FITNESS=0.3842
URDF saved to temp_urdf\being_13012.urdf
Connecting to PyBullet, GUI: False
CreatureEnv Inicijalizacija: 12 motora. OBS_dim=40, frame_skip=1
[Fitness run Gen20Creature18] reward=1.62±0.00  dist=0.15±0.01  upright=0.00±0.00  → FITNESS=0.0220
URDF saved to temp_urdf\being_13012.urdf
Connecting to PyBullet, GUI: False
CreatureEnv Inicijalizacija: 12 motora. OBS_dim=40, frame_skip=1
[Fitness run Gen20Creature19] reward=971.13±323.10  dist=0.04±0.01  upright=0.96±0.13  → FITNESS=0.3949
URDF saved to temp_urdf\being_13012.urdf
Connecting to PyBullet, GUI: False
CreatureEnv Inicijalizacija: 12 motora. OBS_dim=40, frame_skip=1
[Fitness run Gen20Creature20] reward=1.60±0.00  dist=0.03±0.08  upright=0.00±0.00  → FITNESS=0.0190
URDF saved to temp_urdf\being_13012.urdf
Connecting to PyBullet, GUI: False
CreatureEnv Inicijalizacija: 12 motora. OBS_dim=40, frame_skip=1
[Fitness run Gen20Creature21] reward=1.63±0.13  dist=0.31±0.11  upright=0.00±0.00  → FITNESS=0.0260
URDF saved to temp_urdf\being_13012.urdf
Connecting to PyBullet, GUI: False
CreatureEnv Inicijalizacija: 12 motora. OBS_dim=40, frame_skip=1
[Fitness run Gen20Creature22] reward=1.59±0.15  dist=0.00±0.00  upright=0.00±0.00  → FITNESS=0.0183
URDF saved to temp_urdf\being_13012.urdf
Connecting to PyBullet, GUI: False
CreatureEnv Inicijalizacija: 12 motora. OBS_dim=40, frame_skip=1
[Fitness run Gen20Creature23] reward=969.36±322.74  dist=0.08±0.05  upright=0.92±0.25  → FITNESS=0.3832
URDF saved to temp_urdf\being_13012.urdf
Connecting to PyBullet, GUI: False
CreatureEnv Inicijalizacija: 12 motora. OBS_dim=40, frame_skip=1
[Fitness run Gen20Creature24] reward=1.89±0.33  dist=0.30±0.89  upright=0.00±0.00  → FITNESS=0.0258
URDF saved to temp_urdf\being_13012.urdf
Connecting to PyBullet, GUI: False
CreatureEnv Inicijalizacija: 12 motora. OBS_dim=40, frame_skip=1
[Fitness run Gen20Creature25] reward=1.41±0.09  dist=0.00±0.00  upright=0.08±0.04  → FITNESS=0.0435
URDF saved to temp_urdf\being_13012.urdf
Connecting to PyBullet, GUI: False
CreatureEnv Inicijalizacija: 12 motora. OBS_dim=40, frame_skip=1
[Fitness run Gen20Creature26] reward=1.62±0.01  dist=0.07±0.02  upright=0.01±0.03  → FITNESS=0.0230
URDF saved to temp_urdf\being_13012.urdf
Connecting to PyBullet, GUI: False
CreatureEnv Inicijalizacija: 12 motora. OBS_dim=40, frame_skip=1
[Fitness run Gen20Creature27] reward=1.69±0.20  dist=0.14±0.07  upright=0.34±0.22  → FITNESS=0.1244
URDF saved to temp_urdf\being_13012.urdf
Connecting to PyBullet, GUI: False
CreatureEnv Inicijalizacija: 12 motora. OBS_dim=40, frame_skip=1
[Fitness run Gen20Creature28] reward=940.46±312.95  dist=0.06±0.18  upright=0.90±0.30  → FITNESS=0.3752
URDF saved to temp_urdf\being_13012.urdf
Connecting to PyBullet, GUI: False
CreatureEnv Inicijalizacija: 12 motora. OBS_dim=40, frame_skip=1
[Fitness run Gen20Creature29] reward=2.17±0.10  dist=0.00±0.00  upright=0.06±0.04  → FITNESS=0.0377

==================================================
Generacija 20/20  |  Best = 0.4531  |  Mean = 0.2036  |  Std = 0.1797
==================================================
URDF saved to temp_urdf\being_13012.urdf
Connecting to PyBullet, GUI: False
CreatureEnv Inicijalizacija: 12 motora. OBS_dim=40, frame_skip=1
[Fitness run Gen20Creature2] reward=1.58±0.01  dist=0.00±0.00  upright=0.00±0.00  → FITNESS=0.0183
URDF saved to temp_urdf\being_13012.urdf
Connecting to PyBullet, GUI: False
CreatureEnv Inicijalizacija: 12 motora. OBS_dim=40, frame_skip=1
[Fitness run Gen20Creature4] reward=1.63±0.01  dist=0.04±0.12  upright=0.09±0.03  → FITNESS=0.0464
URDF saved to temp_urdf\being_13012.urdf
Connecting to PyBullet, GUI: False
CreatureEnv Inicijalizacija: 12 motora. OBS_dim=40, frame_skip=1
[Fitness run Gen20Creature5] reward=2.03±0.13  dist=0.07±0.15  upright=0.90±0.30  → FITNESS=0.2900
URDF saved to temp_urdf\being_13012.urdf
Connecting to PyBullet, GUI: False
CreatureEnv Inicijalizacija: 12 motora. OBS_dim=40, frame_skip=1
[Fitness run Gen20Creature6] reward=1.65±0.00  dist=0.00±0.00  upright=0.05±0.05  → FITNESS=0.0328
URDF saved to temp_urdf\being_13012.urdf
Connecting to PyBullet, GUI: False
CreatureEnv Inicijalizacija: 12 motora. OBS_dim=40, frame_skip=1
[Fitness run Gen20Creature8] reward=987.38±328.59  dist=0.09±0.02  upright=0.93±0.22  → FITNESS=0.3880
URDF saved to temp_urdf\being_13012.urdf
Connecting to PyBullet, GUI: False
CreatureEnv Inicijalizacija: 12 motora. OBS_dim=40, frame_skip=1
[Fitness run Gen20Creature9] reward=1.84±0.24  dist=0.05±0.06  upright=0.01±0.04  → FITNESS=0.0236
URDF saved to temp_urdf\being_13012.urdf
Connecting to PyBullet, GUI: False
CreatureEnv Inicijalizacija: 12 motora. OBS_dim=40, frame_skip=1
[Fitness run Gen20Creature10] reward=977.20±325.32  dist=0.04±0.01  upright=0.91±0.26  → FITNESS=0.3819
URDF saved to temp_urdf\being_13012.urdf
Connecting to PyBullet, GUI: False
CreatureEnv Inicijalizacija: 12 motora. OBS_dim=40, frame_skip=1
[Fitness run Gen20Creature11] reward=1.71±0.05  dist=0.42±0.15  upright=0.00±0.00  → FITNESS=0.0288
URDF saved to temp_urdf\being_13012.urdf
Connecting to PyBullet, GUI: False
CreatureEnv Inicijalizacija: 12 motora. OBS_dim=40, frame_skip=1
[Fitness run Gen20Creature14] reward=1.61±0.01  dist=0.02±0.02  upright=0.01±0.02  → FITNESS=0.0208
URDF saved to temp_urdf\being_13012.urdf
Connecting to PyBullet, GUI: False
CreatureEnv Inicijalizacija: 12 motora. OBS_dim=40, frame_skip=1
[Fitness run Gen20Creature15] reward=1.65±0.05  dist=0.00±0.00  upright=0.29±0.10  → FITNESS=0.1045
URDF saved to temp_urdf\being_13012.urdf
Connecting to PyBullet, GUI: False
CreatureEnv Inicijalizacija: 12 motora. OBS_dim=40, frame_skip=1
[Fitness run Gen20Creature16] reward=1089.32±0.67  dist=0.08±0.10  upright=1.00±0.00  → FITNESS=0.4191
URDF saved to temp_urdf\being_13012.urdf
Connecting to PyBullet, GUI: False
CreatureEnv Inicijalizacija: 12 motora. OBS_dim=40, frame_skip=1
[Fitness run Gen20Creature17] reward=988.54±328.96  dist=0.05±0.02  upright=0.92±0.25  → FITNESS=0.3842
URDF saved to temp_urdf\being_13012.urdf
Connecting to PyBullet, GUI: False
CreatureEnv Inicijalizacija: 12 motora. OBS_dim=40, frame_skip=1
[Fitness run Gen20Creature18] reward=1.62±0.00  dist=0.15±0.01  upright=0.00±0.00  → FITNESS=0.0220
URDF saved to temp_urdf\being_13012.urdf
Connecting to PyBullet, GUI: False
CreatureEnv Inicijalizacija: 12 motora. OBS_dim=40, frame_skip=1
[Fitness run Gen20Creature19] reward=971.13±323.10  dist=0.04±0.01  upright=0.96±0.13  → FITNESS=0.3949
URDF saved to temp_urdf\being_13012.urdf
Connecting to PyBullet, GUI: False
CreatureEnv Inicijalizacija: 12 motora. OBS_dim=40, frame_skip=1
[Fitness run Gen20Creature20] reward=1.60±0.00  dist=0.03±0.08  upright=0.00±0.00  → FITNESS=0.0190
URDF saved to temp_urdf\being_13012.urdf
Connecting to PyBullet, GUI: False
CreatureEnv Inicijalizacija: 12 motora. OBS_dim=40, frame_skip=1
[Fitness run Gen20Creature21] reward=1.63±0.13  dist=0.31±0.11  upright=0.00±0.00  → FITNESS=0.0260
URDF saved to temp_urdf\being_13012.urdf
Connecting to PyBullet, GUI: False
CreatureEnv Inicijalizacija: 12 motora. OBS_dim=40, frame_skip=1
[Fitness run Gen20Creature22] reward=1.59±0.15  dist=0.00±0.00  upright=0.00±0.00  → FITNESS=0.0183
URDF saved to temp_urdf\being_13012.urdf
Connecting to PyBullet, GUI: False
CreatureEnv Inicijalizacija: 12 motora. OBS_dim=40, frame_skip=1
[Fitness run Gen20Creature23] reward=969.36±322.74  dist=0.08±0.05  upright=0.92±0.25  → FITNESS=0.3832
URDF saved to temp_urdf\being_13012.urdf
Connecting to PyBullet, GUI: False
CreatureEnv Inicijalizacija: 12 motora. OBS_dim=40, frame_skip=1
[Fitness run Gen20Creature24] reward=1.89±0.33  dist=0.30±0.89  upright=0.00±0.00  → FITNESS=0.0258
URDF saved to temp_urdf\being_13012.urdf
Connecting to PyBullet, GUI: False
CreatureEnv Inicijalizacija: 12 motora. OBS_dim=40, frame_skip=1
[Fitness run Gen20Creature25] reward=1.41±0.09  dist=0.00±0.00  upright=0.08±0.04  → FITNESS=0.0435
URDF saved to temp_urdf\being_13012.urdf
Connecting to PyBullet, GUI: False
CreatureEnv Inicijalizacija: 12 motora. OBS_dim=40, frame_skip=1
[Fitness run Gen20Creature26] reward=1.62±0.01  dist=0.07±0.02  upright=0.01±0.03  → FITNESS=0.0230
URDF saved to temp_urdf\being_13012.urdf
Connecting to PyBullet, GUI: False
CreatureEnv Inicijalizacija: 12 motora. OBS_dim=40, frame_skip=1
[Fitness run Gen20Creature27] reward=1.69±0.20  dist=0.14±0.07  upright=0.34±0.22  → FITNESS=0.1244
URDF saved to temp_urdf\being_13012.urdf
Connecting to PyBullet, GUI: False
CreatureEnv Inicijalizacija: 12 motora. OBS_dim=40, frame_skip=1
[Fitness run Gen20Creature28] reward=940.46±312.95  dist=0.06±0.18  upright=0.90±0.30  → FITNESS=0.3752
URDF saved to temp_urdf\being_13012.urdf
Connecting to PyBullet, GUI: False
CreatureEnv Inicijalizacija: 12 motora. OBS_dim=40, frame_skip=1
[Fitness run Gen20Creature29] reward=2.17±0.10  dist=0.00±0.00  upright=0.06±0.04  → FITNESS=0.0377
Genome saved to results\distanceBased500Steps5DifferentSeeds\run_5\run_5_best_creature.json
[plot] Summary saved → results\distanceBased500Steps5DifferentSeeds\run_5\run_5_summary.png
[log] Experiment finalised → ./results\distanceBased500Steps5DifferentSeeds\run_5\run_5.json
URDF saved to temp_urdf\being_13012.urdf
Connecting to PyBullet, GUI: False
CreatureEnv Inicijalizacija: 12 motora. OBS_dim=40, frame_skip=1
[Fitness run Gen20Creature2] reward=1.58±0.01  dist=0.00±0.00  upright=0.00±0.00  → FITNESS=0.0183
URDF saved to temp_urdf\being_13012.urdf
Connecting to PyBullet, GUI: False
CreatureEnv Inicijalizacija: 12 motora. OBS_dim=40, frame_skip=1
[Fitness run Gen20Creature4] reward=1.63±0.01  dist=0.04±0.12  upright=0.09±0.03  → FITNESS=0.0464
URDF saved to temp_urdf\being_13012.urdf
Connecting to PyBullet, GUI: False
CreatureEnv Inicijalizacija: 12 motora. OBS_dim=40, frame_skip=1
[Fitness run Gen20Creature5] reward=2.03±0.13  dist=0.07±0.15  upright=0.90±0.30  → FITNESS=0.2900
URDF saved to temp_urdf\being_13012.urdf
Connecting to PyBullet, GUI: False
CreatureEnv Inicijalizacija: 12 motora. OBS_dim=40, frame_skip=1
[Fitness run Gen20Creature6] reward=1.65±0.00  dist=0.00±0.00  upright=0.05±0.05  → FITNESS=0.0328
URDF saved to temp_urdf\being_13012.urdf
Connecting to PyBullet, GUI: False
CreatureEnv Inicijalizacija: 12 motora. OBS_dim=40, frame_skip=1
[Fitness run Gen20Creature7] reward=938.65±312.40  dist=0.02±0.05  upright=0.91±0.28  → FITNESS=0.3759
URDF saved to temp_urdf\being_13012.urdf
Connecting to PyBullet, GUI: False
CreatureEnv Inicijalizacija: 12 motora. OBS_dim=40, frame_skip=1
[Fitness run Gen20Creature9] reward=1.84±0.24  dist=0.05±0.06  upright=0.01±0.04  → FITNESS=0.0236
URDF saved to temp_urdf\being_13012.urdf
Connecting to PyBullet, GUI: False
CreatureEnv Inicijalizacija: 12 motora. OBS_dim=40, frame_skip=1
[Fitness run Gen20Creature14] reward=1.61±0.01  dist=0.02±0.02  upright=0.01±0.02  → FITNESS=0.0208
URDF saved to temp_urdf\being_13012.urdf
Connecting to PyBullet, GUI: False
CreatureEnv Inicijalizacija: 12 motora. OBS_dim=40, frame_skip=1
[Fitness run Gen20Creature15] reward=1.65±0.05  dist=0.00±0.00  upright=0.29±0.10  → FITNESS=0.1045
URDF saved to temp_urdf\being_13012.urdf
Connecting to PyBullet, GUI: False
CreatureEnv Inicijalizacija: 12 motora. OBS_dim=40, frame_skip=1
[Fitness run Gen20Creature16] reward=1089.32±0.67  dist=0.08±0.10  upright=1.00±0.00  → FITNESS=0.4191
URDF saved to temp_urdf\being_13012.urdf
Connecting to PyBullet, GUI: False
CreatureEnv Inicijalizacija: 12 motora. OBS_dim=40, frame_skip=1
[Fitness run Gen20Creature17] reward=988.54±328.96  dist=0.05±0.02  upright=0.92±0.25  → FITNESS=0.3842
URDF saved to temp_urdf\being_13012.urdf
Connecting to PyBullet, GUI: False
CreatureEnv Inicijalizacija: 12 motora. OBS_dim=40, frame_skip=1
[Fitness run Gen20Creature18] reward=1.62±0.00  dist=0.15±0.01  upright=0.00±0.00  → FITNESS=0.0220
URDF saved to temp_urdf\being_13012.urdf
Connecting to PyBullet, GUI: False
CreatureEnv Inicijalizacija: 12 motora. OBS_dim=40, frame_skip=1
[Fitness run Gen20Creature19] reward=971.13±323.10  dist=0.04±0.01  upright=0.96±0.13  → FITNESS=0.3949
URDF saved to temp_urdf\being_13012.urdf
Connecting to PyBullet, GUI: False
CreatureEnv Inicijalizacija: 12 motora. OBS_dim=40, frame_skip=1
[Fitness run Gen20Creature20] reward=1.60±0.00  dist=0.03±0.08  upright=0.00±0.00  → FITNESS=0.0190
URDF saved to temp_urdf\being_13012.urdf
Connecting to PyBullet, GUI: False
CreatureEnv Inicijalizacija: 12 motora. OBS_dim=40, frame_skip=1
[Fitness run Gen20Creature22] reward=1.59±0.15  dist=0.00±0.00  upright=0.00±0.00  → FITNESS=0.0183
URDF saved to temp_urdf\being_13012.urdf
Connecting to PyBullet, GUI: False
CreatureEnv Inicijalizacija: 12 motora. OBS_dim=40, frame_skip=1
[Fitness run Gen20Creature23] reward=969.36±322.74  dist=0.08±0.05  upright=0.92±0.25  → FITNESS=0.3832
URDF saved to temp_urdf\being_13012.urdf
Connecting to PyBullet, GUI: False
CreatureEnv Inicijalizacija: 12 motora. OBS_dim=40, frame_skip=1
[Fitness run Gen20Creature24] reward=1.89±0.33  dist=0.30±0.89  upright=0.00±0.00  → FITNESS=0.0258
URDF saved to temp_urdf\being_13012.urdf
Connecting to PyBullet, GUI: False
CreatureEnv Inicijalizacija: 12 motora. OBS_dim=40, frame_skip=1
[Fitness run Gen20Creature25] reward=1.41±0.09  dist=0.00±0.00  upright=0.08±0.04  → FITNESS=0.0435
URDF saved to temp_urdf\being_13012.urdf
Connecting to PyBullet, GUI: False
CreatureEnv Inicijalizacija: 12 motora. OBS_dim=40, frame_skip=1
[Fitness run Gen20Creature26] reward=1.62±0.01  dist=0.07±0.02  upright=0.01±0.03  → FITNESS=0.0230
URDF saved to temp_urdf\being_13012.urdf
Connecting to PyBullet, GUI: False
CreatureEnv Inicijalizacija: 12 motora. OBS_dim=40, frame_skip=1
[Fitness run Gen20Creature27] reward=1.69±0.20  dist=0.14±0.07  upright=0.34±0.22  → FITNESS=0.1244
URDF saved to temp_urdf\being_13012.urdf
Connecting to PyBullet, GUI: False
CreatureEnv Inicijalizacija: 12 motora. OBS_dim=40, frame_skip=1
[Fitness run Gen20Creature28] reward=940.46±312.95  dist=0.06±0.18  upright=0.90±0.30  → FITNESS=0.3752
URDF saved to temp_urdf\being_13012.urdf
Connecting to PyBullet, GUI: False
CreatureEnv Inicijalizacija: 12 motora. OBS_dim=40, frame_skip=1
[Fitness run Gen20Creature29] reward=2.17±0.10  dist=0.00±0.00  upright=0.06±0.04  → FITNESS=0.0377

BEST FITNESS: 0.4191
Genome saved to results\distanceBased500Steps5DifferentSeeds\run_5\run_5_best_creature.json
[plot] Progress saved → results\distanceBased500Steps5DifferentSeeds\run_5\run_5_progress.png
[0m