pybullet build time: Dec  5 2025 14:05:30
[power] Windows sleep/throttle prevention active
[distanceBased500Steps1Seed/run_5] starting  seed=0
NUM_GENES: 48  (BODY=4 + 4 noge x 11 = 48)
Pop: 30  |  Gen: 20  |  Train koraci: 500

[log] Experiment log created → ./results\distanceBased500Steps1Seed\run_5\run_5.json
URDF saved to being.urdf
Connecting to PyBullet, GUI: False
CreatureEnv Inicijalizacija: 12 motora. OBS_dim=40, frame_skip=1
[Fitness run Gen0Creature0] reward=1.33±0.03  dist=0.08±0.01  upright=0.00±0.00  → FITNESS=0.0203
URDF saved to being.urdf
Connecting to PyBullet, GUI: False
CreatureEnv Inicijalizacija: 12 motora. OBS_dim=40, frame_skip=1
[Fitness run Gen0Creature1] reward=1.52±0.04  dist=0.15±0.07  upright=0.00±0.00  → FITNESS=0.0220
URDF saved to being.urdf
Connecting to PyBullet, GUI: False
CreatureEnv Inicijalizacija: 12 motora. OBS_dim=40, frame_skip=1
[Fitness run Gen0Creature2] reward=1.72±0.00  dist=0.00±0.00  upright=0.01±0.02  → FITNESS=0.0203
URDF saved to being.urdf
Connecting to PyBullet, GUI: False
CreatureEnv Inicijalizacija: 12 motora. OBS_dim=40, frame_skip=1
[Fitness run Gen0Creature3] reward=0.77±0.27  dist=0.00±0.00  upright=0.04±0.11  → FITNESS=0.0289
URDF saved to being.urdf
Connecting to PyBullet, GUI: False
CreatureEnv Inicijalizacija: 12 motora. OBS_dim=40, frame_skip=1
[Fitness run Gen0Creature4] reward=0.38±0.49  dist=0.90±0.30  upright=0.04±0.05  → FITNESS=0.0524
URDF saved to being.urdf
Connecting to PyBullet, GUI: False
CreatureEnv Inicijalizacija: 12 motora. OBS_dim=40, frame_skip=1
[Fitness run Gen0Creature5] reward=966.39±321.55  dist=0.03±0.01  upright=0.90±0.30  → FITNESS=0.3767
URDF saved to being.urdf
Connecting to PyBullet, GUI: False
CreatureEnv Inicijalizacija: 12 motora. OBS_dim=40, frame_skip=1
[Fitness run Gen0Creature6] reward=1.50±0.02  dist=0.00±0.00  upright=0.00±0.00  → FITNESS=0.0183
URDF saved to being.urdf
Connecting to PyBullet, GUI: False
CreatureEnv Inicijalizacija: 12 motora. OBS_dim=40, frame_skip=1
[Fitness run Gen0Creature7] reward=1.68±0.03  dist=0.20±0.04  upright=0.04±0.02  → FITNESS=0.0358
URDF saved to being.urdf
Connecting to PyBullet, GUI: False
CreatureEnv Inicijalizacija: 12 motora. OBS_dim=40, frame_skip=1
[Fitness run Gen0Creature8] reward=1.78±0.00  dist=0.00±0.00  upright=0.03±0.08  → FITNESS=0.0261
URDF saved to being.urdf
Connecting to PyBullet, GUI: False
CreatureEnv Inicijalizacija: 12 motora. OBS_dim=40, frame_skip=1
[Fitness run Gen0Creature9] reward=1.56±0.02  dist=0.00±0.00  upright=0.02±0.04  → FITNESS=0.0241
URDF saved to being.urdf
Connecting to PyBullet, GUI: False
CreatureEnv Inicijalizacija: 12 motora. OBS_dim=40, frame_skip=1
[Fitness run Gen0Creature10] reward=1.63±0.03  dist=0.00±0.00  upright=0.15±0.06  → FITNESS=0.0619
URDF saved to being.urdf
Connecting to PyBullet, GUI: False
CreatureEnv Inicijalizacija: 12 motora. OBS_dim=40, frame_skip=1
[Fitness run Gen0Creature11] reward=0.33±0.59  dist=0.00±0.00  upright=0.04±0.11  → FITNESS=0.0289
URDF saved to being.urdf
Connecting to PyBullet, GUI: False
CreatureEnv Inicijalizacija: 12 motora. OBS_dim=40, frame_skip=1
[Fitness run Gen0Creature12] reward=1.49±0.67  dist=0.04±0.06  upright=0.00±0.00  → FITNESS=0.0193
URDF saved to being.urdf
Connecting to PyBullet, GUI: False
CreatureEnv Inicijalizacija: 12 motora. OBS_dim=40, frame_skip=1
[Fitness run Gen0Creature13] reward=0.81±0.18  dist=0.00±0.01  upright=0.06±0.00  → FITNESS=0.0377
URDF saved to being.urdf
Connecting to PyBullet, GUI: False
CreatureEnv Inicijalizacija: 12 motora. OBS_dim=40, frame_skip=1
[Fitness run Gen0Creature14] reward=1.54±0.31  dist=0.00±0.00  upright=0.01±0.04  → FITNESS=0.0222
URDF saved to being.urdf
Connecting to PyBullet, GUI: False
CreatureEnv Inicijalizacija: 12 motora. OBS_dim=40, frame_skip=1
[Fitness run Gen0Creature15] reward=-0.38±0.09  dist=0.00±0.00  upright=0.00±0.00  → FITNESS=0.0181
URDF saved to being.urdf
Connecting to PyBullet, GUI: False
CreatureEnv Inicijalizacija: 12 motora. OBS_dim=40, frame_skip=1
[Fitness run Gen0Creature16] reward=1.67±0.62  dist=0.06±0.17  upright=0.00±0.00  → FITNESS=0.0197
URDF saved to being.urdf
Connecting to PyBullet, GUI: False
CreatureEnv Inicijalizacija: 12 motora. OBS_dim=40, frame_skip=1
[Fitness run Gen0Creature17] reward=1.65±0.00  dist=0.30±0.02  upright=0.00±0.00  → FITNESS=0.0260
URDF saved to being.urdf
Connecting to PyBullet, GUI: False
CreatureEnv Inicijalizacija: 12 motora. OBS_dim=40, frame_skip=1
[Fitness run Gen0Creature18] reward=1.87±0.07  dist=0.18±0.08  upright=0.05±0.06  → FITNESS=0.0382
URDF saved to being.urdf
Connecting to PyBullet, GUI: False
CreatureEnv Inicijalizacija: 12 motora. OBS_dim=40, frame_skip=1
[Fitness run Gen0Creature19] reward=1.75±0.05  dist=0.00±0.00  upright=0.07±0.02  → FITNESS=0.0387
URDF saved to being.urdf
Connecting to PyBullet, GUI: False
CreatureEnv Inicijalizacija: 12 motora. OBS_dim=40, frame_skip=1
[Fitness run Gen0Creature20] reward=1.46±0.10  dist=0.05±0.02  upright=0.00±0.00  → FITNESS=0.0197
URDF saved to being.urdf
Connecting to PyBullet, GUI: False
CreatureEnv Inicijalizacija: 12 motora. OBS_dim=40, frame_skip=1
[Fitness run Gen0Creature21] reward=1.49±0.34  dist=0.00±0.00  upright=0.00±0.00  → FITNESS=0.0183
URDF saved to being.urdf
Connecting to PyBullet, GUI: False
CreatureEnv Inicijalizacija: 12 motora. OBS_dim=40, frame_skip=1
[Fitness run Gen0Creature22] reward=0.52±0.98  dist=1.50±0.56  upright=0.01±0.04  → FITNESS=0.0595
URDF saved to being.urdf
Connecting to PyBullet, GUI: False
CreatureEnv Inicijalizacija: 12 motora. OBS_dim=40, frame_skip=1
[Fitness run Gen0Creature23] reward=1.51±0.00  dist=0.00±0.00  upright=0.99±0.02  → FITNESS=0.3164
URDF saved to being.urdf
Connecting to PyBullet, GUI: False
CreatureEnv Inicijalizacija: 12 motora. OBS_dim=40, frame_skip=1
[Fitness run Gen0Creature24] reward=1.56±0.03  dist=0.00±0.00  upright=0.03±0.09  → FITNESS=0.0270
URDF saved to being.urdf
Connecting to PyBullet, GUI: False
CreatureEnv Inicijalizacija: 12 motora. OBS_dim=40, frame_skip=1
[Fitness run Gen0Creature25] reward=1.65±0.02  dist=0.20±0.19  upright=0.00±0.00  → FITNESS=0.0233
URDF saved to being.urdf
Connecting to PyBullet, GUI: False
CreatureEnv Inicijalizacija: 12 motora. OBS_dim=40, frame_skip=1
[Fitness run Gen0Creature26] reward=1.63±0.00  dist=0.00±0.00  upright=0.00±0.00  → FITNESS=0.0183
URDF saved to being.urdf
Connecting to PyBullet, GUI: False
CreatureEnv Inicijalizacija: 12 motora. OBS_dim=40, frame_skip=1
[Fitness run Gen0Creature27] reward=1.68±0.01  dist=0.00±0.00  upright=0.00±0.00  → FITNESS=0.0184
URDF saved to being.urdf
Connecting to PyBullet, GUI: False
CreatureEnv Inicijalizacija: 12 motora. OBS_dim=40, frame_skip=1
[Fitness run Gen0Creature28] reward=1.66±0.14  dist=0.00±0.00  upright=0.01±0.03  → FITNESS=0.0212
URDF saved to being.urdf
Connecting to PyBullet, GUI: False
CreatureEnv Inicijalizacija: 12 motora. OBS_dim=40, frame_skip=1
[Fitness run Gen0Creature29] reward=1.81±0.01  dist=0.00±0.00  upright=0.01±0.04  → FITNESS=0.0222
URDF saved to being.urdf
Connecting to PyBullet, GUI: False
CreatureEnv Inicijalizacija: 12 motora. OBS_dim=40, frame_skip=1
[Fitness run Gen1Creature2] reward=0.69±0.32  dist=0.02±0.07  upright=0.00±0.00  → FITNESS=0.0188
URDF saved to being.urdf
Connecting to PyBullet, GUI: False
CreatureEnv Inicijalizacija: 12 motora. OBS_dim=40, frame_skip=1
[Fitness run Gen1Creature3] reward=1.74±0.12  dist=0.00±0.00  upright=0.10±0.04  → FITNESS=0.0474
URDF saved to being.urdf
Connecting to PyBullet, GUI: False
CreatureEnv Inicijalizacija: 12 motora. OBS_dim=40, frame_skip=1
[Fitness run Gen1Creature4] reward=1.65±0.01  dist=0.10±0.01  upright=0.14±0.05  → FITNESS=0.0614
URDF saved to being.urdf
Connecting to PyBullet, GUI: False
CreatureEnv Inicijalizacija: 12 motora. OBS_dim=40, frame_skip=1
[Fitness run Gen1Creature5] reward=1035.10±2.36  dist=0.00±0.00  upright=1.00±0.00  → FITNESS=0.4123
URDF saved to being.urdf
Connecting to PyBullet, GUI: False
CreatureEnv Inicijalizacija: 12 motora. OBS_dim=40, frame_skip=1
[Fitness run Gen1Creature6] reward=1.86±0.04  dist=0.03±0.09  upright=0.01±0.03  → FITNESS=0.0221
URDF saved to being.urdf
Connecting to PyBullet, GUI: False
CreatureEnv Inicijalizacija: 12 motora. OBS_dim=40, frame_skip=1
[Fitness run Gen1Creature7] reward=1.83±0.04  dist=0.02±0.01  upright=0.00±0.01  → FITNESS=0.0199
URDF saved to being.urdf
Connecting to PyBullet, GUI: False
CreatureEnv Inicijalizacija: 12 motora. OBS_dim=40, frame_skip=1
[Fitness run Gen1Creature8] reward=1.66±0.03  dist=0.00±0.00  upright=0.12±0.02  → FITNESS=0.0532
URDF saved to being.urdf
Connecting to PyBullet, GUI: False
CreatureEnv Inicijalizacija: 12 motora. OBS_dim=40, frame_skip=1
[Fitness run Gen1Creature9] reward=1.70±0.12  dist=0.00±0.00  upright=0.00±0.00  → FITNESS=0.0183
URDF saved to being.urdf
Connecting to PyBullet, GUI: False
CreatureEnv Inicijalizacija: 12 motora. OBS_dim=40, frame_skip=1
[Fitness run Gen1Creature10] reward=1.49±0.05  dist=0.00±0.01  upright=0.89±0.09  → FITNESS=0.2864
URDF saved to being.urdf
Connecting to PyBullet, GUI: False
CreatureEnv Inicijalizacija: 12 motora. OBS_dim=40, frame_skip=1
[Fitness run Gen1Creature11] reward=1.64±0.02  dist=0.01±0.01  upright=0.04±0.02  → FITNESS=0.0311
URDF saved to being.urdf
Connecting to PyBullet, GUI: False
CreatureEnv Inicijalizacija: 12 motora. OBS_dim=40, frame_skip=1
[Fitness run Gen1Creature12] reward=1.58±0.04  dist=0.09±0.04  upright=0.00±0.00  → FITNESS=0.0207
URDF saved to being.urdf
Connecting to PyBullet, GUI: False
CreatureEnv Inicijalizacija: 12 motora. OBS_dim=40, frame_skip=1
[Fitness run Gen1Creature13] reward=1.41±0.27  dist=0.01±0.03  upright=0.10±0.30  → FITNESS=0.0495
URDF saved to being.urdf
Connecting to PyBullet, GUI: False
CreatureEnv Inicijalizacija: 12 motora. OBS_dim=40, frame_skip=1
[Fitness run Gen1Creature14] reward=1.68±0.00  dist=0.05±0.14  upright=0.00±0.00  → FITNESS=0.0195
URDF saved to being.urdf
Connecting to PyBullet, GUI: False
CreatureEnv Inicijalizacija: 12 motora. OBS_dim=40, frame_skip=1
[Fitness run Gen1Creature15] reward=1.68±0.29  dist=0.43±0.21  upright=0.57±0.15  → FITNESS=0.2013
URDF saved to being.urdf
Connecting to PyBullet, GUI: False
CreatureEnv Inicijalizacija: 12 motora. OBS_dim=40, frame_skip=1
[Fitness run Gen1Creature16] reward=1.76±0.09  dist=0.05±0.04  upright=0.00±0.00  → FITNESS=0.0195
URDF saved to being.urdf
Connecting to PyBullet, GUI: False
CreatureEnv Inicijalizacija: 12 motora. OBS_dim=40, frame_skip=1
[Fitness run Gen1Creature17] reward=1.93±0.04  dist=0.03±0.02  upright=0.00±0.00  → FITNESS=0.0190
URDF saved to being.urdf
Connecting to PyBullet, GUI: False
CreatureEnv Inicijalizacija: 12 motora. OBS_dim=40, frame_skip=1
[Fitness run Gen1Creature18] reward=1.86±0.54  dist=0.09±0.10  upright=0.39±0.15  → FITNESS=0.1387
URDF saved to being.urdf
Connecting to PyBullet, GUI: False
CreatureEnv Inicijalizacija: 12 motora. OBS_dim=40, frame_skip=1
[Fitness run Gen1Creature19] reward=1.58±0.02  dist=0.04±0.12  upright=0.01±0.04  → FITNESS=0.0232
URDF saved to being.urdf
Connecting to PyBullet, GUI: False
CreatureEnv Inicijalizacija: 12 motora. OBS_dim=40, frame_skip=1
[Fitness run Gen1Creature20] reward=1.13±0.09  dist=0.00±0.01  upright=0.00±0.00  → FITNESS=0.0183
URDF saved to being.urdf
Connecting to PyBullet, GUI: False
CreatureEnv Inicijalizacija: 12 motora. OBS_dim=40, frame_skip=1
[Fitness run Gen1Creature21] reward=1.49±0.09  dist=0.00±0.01  upright=0.57±0.07  → FITNESS=0.1887
URDF saved to being.urdf
Connecting to PyBullet, GUI: False
CreatureEnv Inicijalizacija: 12 motora. OBS_dim=40, frame_skip=1
[Fitness run Gen1Creature22] reward=1.62±0.02  dist=0.00±0.00  upright=0.00±0.00  → FITNESS=0.0183
URDF saved to being.urdf
Connecting to PyBullet, GUI: False
CreatureEnv Inicijalizacija: 12 motora. OBS_dim=40, frame_skip=1
[Fitness run Gen1Creature23] reward=1.45±0.26  dist=0.01±0.04  upright=0.01±0.02  → FITNESS=0.0205
URDF saved to being.urdf
Connecting to PyBullet, GUI: False
CreatureEnv Inicijalizacija: 12 motora. OBS_dim=40, frame_skip=1
[Fitness run Gen1Creature24] reward=1.68±0.16  dist=0.13±0.04  upright=0.38±0.41  → FITNESS=0.1349
URDF saved to being.urdf
Connecting to PyBullet, GUI: False
CreatureEnv Inicijalizacija: 12 motora. OBS_dim=40, frame_skip=1
[Fitness run Gen1Creature25] reward=1.65±0.01  dist=0.00±0.01  upright=0.01±0.03  → FITNESS=0.0213
URDF saved to being.urdf
Connecting to PyBullet, GUI: False
CreatureEnv Inicijalizacija: 12 motora. OBS_dim=40, frame_skip=1
[Fitness run Gen1Creature26] reward=1.66±0.17  dist=0.09±0.07  upright=0.03±0.10  → FITNESS=0.0302
URDF saved to being.urdf
Connecting to PyBullet, GUI: False
CreatureEnv Inicijalizacija: 12 motora. OBS_dim=40, frame_skip=1
[Fitness run Gen1Creature27] reward=1.79±0.01  dist=0.16±0.04  upright=0.01±0.02  → FITNESS=0.0244
URDF saved to being.urdf
Connecting to PyBullet, GUI: False
CreatureEnv Inicijalizacija: 12 motora. OBS_dim=40, frame_skip=1
[Fitness run Gen1Creature28] reward=-0.32±0.65  dist=0.15±0.15  upright=0.05±0.04  → FITNESS=0.0363
URDF saved to being.urdf
Connecting to PyBullet, GUI: False
CreatureEnv Inicijalizacija: 12 motora. OBS_dim=40, frame_skip=1
[Fitness run Gen1Creature29] reward=1.70±0.02  dist=0.02±0.01  upright=0.23±0.12  → FITNESS=0.0876

==================================================
Generacija 1/20  |  Best = 0.4123  |  Mean = 0.0912  |  Std = 0.1134
==================================================
URDF saved to being.urdf
Connecting to PyBullet, GUI: False
CreatureEnv Inicijalizacija: 12 motora. OBS_dim=40, frame_skip=1
[Fitness run Gen1Creature2] reward=0.69±0.32  dist=0.02±0.07  upright=0.00±0.00  → FITNESS=0.0188
URDF saved to being.urdf
Connecting to PyBullet, GUI: False
CreatureEnv Inicijalizacija: 12 motora. OBS_dim=40, frame_skip=1
[Fitness run Gen1Creature3] reward=1.74±0.12  dist=0.00±0.00  upright=0.10±0.04  → FITNESS=0.0474
URDF saved to being.urdf
Connecting to PyBullet, GUI: False
CreatureEnv Inicijalizacija: 12 motora. OBS_dim=40, frame_skip=1
[Fitness run Gen1Creature4] reward=1.65±0.01  dist=0.10±0.01  upright=0.14±0.05  → FITNESS=0.0614
URDF saved to being.urdf
Connecting to PyBullet, GUI: False
CreatureEnv Inicijalizacija: 12 motora. OBS_dim=40, frame_skip=1
[Fitness run Gen1Creature5] reward=1035.10±2.36  dist=0.00±0.00  upright=1.00±0.00  → FITNESS=0.4123
URDF saved to being.urdf
Connecting to PyBullet, GUI: False
CreatureEnv Inicijalizacija: 12 motora. OBS_dim=40, frame_skip=1
[Fitness run Gen1Creature6] reward=1.86±0.04  dist=0.03±0.09  upright=0.01±0.03  → FITNESS=0.0221
URDF saved to being.urdf
Connecting to PyBullet, GUI: False
CreatureEnv Inicijalizacija: 12 motora. OBS_dim=40, frame_skip=1
[Fitness run Gen1Creature7] reward=1.83±0.04  dist=0.02±0.01  upright=0.00±0.01  → FITNESS=0.0199
URDF saved to being.urdf
Connecting to PyBullet, GUI: False
CreatureEnv Inicijalizacija: 12 motora. OBS_dim=40, frame_skip=1
[Fitness run Gen1Creature8] reward=1.66±0.03  dist=0.00±0.00  upright=0.12±0.02  → FITNESS=0.0532
URDF saved to being.urdf
Connecting to PyBullet, GUI: False
CreatureEnv Inicijalizacija: 12 motora. OBS_dim=40, frame_skip=1
[Fitness run Gen1Creature9] reward=1.70±0.12  dist=0.00±0.00  upright=0.00±0.00  → FITNESS=0.0183
URDF saved to being.urdf
Connecting to PyBullet, GUI: False
CreatureEnv Inicijalizacija: 12 motora. OBS_dim=40, frame_skip=1
[Fitness run Gen1Creature10] reward=1.49±0.05  dist=0.00±0.01  upright=0.89±0.09  → FITNESS=0.2864
URDF saved to being.urdf
Connecting to PyBullet, GUI: False
CreatureEnv Inicijalizacija: 12 motora. OBS_dim=40, frame_skip=1
[Fitness run Gen1Creature11] reward=1.64±0.02  dist=0.01±0.01  upright=0.04±0.02  → FITNESS=0.0311
URDF saved to being.urdf
Connecting to PyBullet, GUI: False
CreatureEnv Inicijalizacija: 12 motora. OBS_dim=40, frame_skip=1
[Fitness run Gen1Creature12] reward=1.58±0.04  dist=0.09±0.04  upright=0.00±0.00  → FITNESS=0.0207
URDF saved to being.urdf
Connecting to PyBullet, GUI: False
CreatureEnv Inicijalizacija: 12 motora. OBS_dim=40, frame_skip=1
[Fitness run Gen1Creature13] reward=1.41±0.27  dist=0.01±0.03  upright=0.10±0.30  → FITNESS=0.0495
URDF saved to being.urdf
Connecting to PyBullet, GUI: False
CreatureEnv Inicijalizacija: 12 motora. OBS_dim=40, frame_skip=1
[Fitness run Gen1Creature14] reward=1.68±0.00  dist=0.05±0.14  upright=0.00±0.00  → FITNESS=0.0195
URDF saved to being.urdf
Connecting to PyBullet, GUI: False
CreatureEnv Inicijalizacija: 12 motora. OBS_dim=40, frame_skip=1
[Fitness run Gen1Creature15] reward=1.68±0.29  dist=0.43±0.21  upright=0.57±0.15  → FITNESS=0.2013
URDF saved to being.urdf
Connecting to PyBullet, GUI: False
CreatureEnv Inicijalizacija: 12 motora. OBS_dim=40, frame_skip=1
[Fitness run Gen1Creature16] reward=1.76±0.09  dist=0.05±0.04  upright=0.00±0.00  → FITNESS=0.0195
URDF saved to being.urdf
Connecting to PyBullet, GUI: False
CreatureEnv Inicijalizacija: 12 motora. OBS_dim=40, frame_skip=1
[Fitness run Gen1Creature17] reward=1.93±0.04  dist=0.03±0.02  upright=0.00±0.00  → FITNESS=0.0190
URDF saved to being.urdf
Connecting to PyBullet, GUI: False
CreatureEnv Inicijalizacija: 12 motora. OBS_dim=40, frame_skip=1
[Fitness run Gen1Creature18] reward=1.86±0.54  dist=0.09±0.10  upright=0.39±0.15  → FITNESS=0.1387
URDF saved to being.urdf
Connecting to PyBullet, GUI: False
CreatureEnv Inicijalizacija: 12 motora. OBS_dim=40, frame_skip=1
[Fitness run Gen1Creature19] reward=1.58±0.02  dist=0.04±0.12  upright=0.01±0.04  → FITNESS=0.0232
URDF saved to being.urdf
Connecting to PyBullet, GUI: False
CreatureEnv Inicijalizacija: 12 motora. OBS_dim=40, frame_skip=1
[Fitness run Gen1Creature20] reward=1.13±0.09  dist=0.00±0.01  upright=0.00±0.00  → FITNESS=0.0183
URDF saved to being.urdf
Connecting to PyBullet, GUI: False
CreatureEnv Inicijalizacija: 12 motora. OBS_dim=40, frame_skip=1
[Fitness run Gen1Creature21] reward=1.49±0.09  dist=0.00±0.01  upright=0.57±0.07  → FITNESS=0.1887
URDF saved to being.urdf
Connecting to PyBullet, GUI: False
CreatureEnv Inicijalizacija: 12 motora. OBS_dim=40, frame_skip=1
[Fitness run Gen1Creature22] reward=1.62±0.02  dist=0.00±0.00  upright=0.00±0.00  → FITNESS=0.0183
URDF saved to being.urdf
Connecting to PyBullet, GUI: False
CreatureEnv Inicijalizacija: 12 motora. OBS_dim=40, frame_skip=1
[Fitness run Gen1Creature23] reward=1.45±0.26  dist=0.01±0.04  upright=0.01±0.02  → FITNESS=0.0205
URDF saved to being.urdf
Connecting to PyBullet, GUI: False
CreatureEnv Inicijalizacija: 12 motora. OBS_dim=40, frame_skip=1
[Fitness run Gen1Creature24] reward=1.68±0.16  dist=0.13±0.04  upright=0.38±0.41  → FITNESS=0.1349
URDF saved to being.urdf
Connecting to PyBullet, GUI: False
CreatureEnv Inicijalizacija: 12 motora. OBS_dim=40, frame_skip=1
[Fitness run Gen1Creature25] reward=1.65±0.01  dist=0.00±0.01  upright=0.01±0.03  → FITNESS=0.0213
URDF saved to being.urdf
Connecting to PyBullet, GUI: False
CreatureEnv Inicijalizacija: 12 motora. OBS_dim=40, frame_skip=1
[Fitness run Gen1Creature26] reward=1.66±0.17  dist=0.09±0.07  upright=0.03±0.10  → FITNESS=0.0302
URDF saved to being.urdf
Connecting to PyBullet, GUI: False
CreatureEnv Inicijalizacija: 12 motora. OBS_dim=40, frame_skip=1
[Fitness run Gen1Creature27] reward=1.79±0.01  dist=0.16±0.04  upright=0.01±0.02  → FITNESS=0.0244
URDF saved to being.urdf
Connecting to PyBullet, GUI: False
CreatureEnv Inicijalizacija: 12 motora. OBS_dim=40, frame_skip=1
[Fitness run Gen1Creature28] reward=-0.32±0.65  dist=0.15±0.15  upright=0.05±0.04  → FITNESS=0.0363
URDF saved to being.urdf
Connecting to PyBullet, GUI: False
CreatureEnv Inicijalizacija: 12 motora. OBS_dim=40, frame_skip=1
[Fitness run Gen1Creature29] reward=1.70±0.02  dist=0.02±0.01  upright=0.23±0.12  → FITNESS=0.0876
Genome saved to results\distanceBased500Steps1Seed\run_5\run_5_best_creature.json
[plot] Saved → ./results\distanceBased500Steps1Seed\run_5\run_5_summary.png
URDF saved to being.urdf
Connecting to PyBullet, GUI: False
CreatureEnv Inicijalizacija: 12 motora. OBS_dim=40, frame_skip=1
[Fitness run Gen2Creature2] reward=1.61±0.01  dist=0.00±0.00  upright=0.03±0.09  → FITNESS=0.0271
URDF saved to being.urdf
Connecting to PyBullet, GUI: False
CreatureEnv Inicijalizacija: 12 motora. OBS_dim=40, frame_skip=1
[Fitness run Gen2Creature3] reward=94.40±281.01  dist=0.49±0.26  upright=0.13±0.28  → FITNESS=0.0785
URDF saved to being.urdf
Connecting to PyBullet, GUI: False
CreatureEnv Inicijalizacija: 12 motora. OBS_dim=40, frame_skip=1
[Fitness run Gen2Creature4] reward=1.01±0.19  dist=0.34±0.10  upright=0.20±0.07  → FITNESS=0.0859
URDF saved to being.urdf
Connecting to PyBullet, GUI: False
CreatureEnv Inicijalizacija: 12 motora. OBS_dim=40, frame_skip=1
[Fitness run Gen2Creature5] reward=1.69±0.16  dist=0.03±0.07  upright=0.00±0.00  → FITNESS=0.0192
URDF saved to being.urdf
Connecting to PyBullet, GUI: False
CreatureEnv Inicijalizacija: 12 motora. OBS_dim=40, frame_skip=1
[Fitness run Gen2Creature6] reward=1.40±0.13  dist=0.01±0.03  upright=0.22±0.07  → FITNESS=0.0834
URDF saved to being.urdf
Connecting to PyBullet, GUI: False
CreatureEnv Inicijalizacija: 12 motora. OBS_dim=40, frame_skip=1
[Fitness run Gen2Creature7] reward=1.65±0.09  dist=0.00±0.01  upright=0.00±0.00  → FITNESS=0.0184
URDF saved to being.urdf
Connecting to PyBullet, GUI: False
CreatureEnv Inicijalizacija: 12 motora. OBS_dim=40, frame_skip=1
[Fitness run Gen2Creature8] reward=1.67±0.04  dist=0.43±0.11  upright=0.12±0.04  → FITNESS=0.0639
URDF saved to being.urdf
Connecting to PyBullet, GUI: False
CreatureEnv Inicijalizacija: 12 motora. OBS_dim=40, frame_skip=1
[Fitness run Gen2Creature9] reward=1.35±0.21  dist=0.06±0.08  upright=0.14±0.12  → FITNESS=0.0614
URDF saved to being.urdf
Connecting to PyBullet, GUI: False
CreatureEnv Inicijalizacija: 12 motora. OBS_dim=40, frame_skip=1
[Fitness run Gen2Creature10] reward=93.87±278.77  dist=0.01±0.03  upright=0.56±0.24  → FITNESS=0.1963
URDF saved to being.urdf
Connecting to PyBullet, GUI: False
CreatureEnv Inicijalizacija: 12 motora. OBS_dim=40, frame_skip=1
[Fitness run Gen2Creature11] reward=93.87±278.77  dist=0.01±0.03  upright=0.56±0.24  → FITNESS=0.1963
URDF saved to being.urdf
Connecting to PyBullet, GUI: False
CreatureEnv Inicijalizacija: 12 motora. OBS_dim=40, frame_skip=1
[Fitness run Gen2Creature12] reward=1.73±0.09  dist=0.01±0.02  upright=0.00±0.00  → FITNESS=0.0185
URDF saved to being.urdf
Connecting to PyBullet, GUI: False
CreatureEnv Inicijalizacija: 12 motora. OBS_dim=40, frame_skip=1
[Fitness run Gen2Creature13] reward=1.52±0.01  dist=0.00±0.00  upright=0.15±0.08  → FITNESS=0.0648
URDF saved to being.urdf
Connecting to PyBullet, GUI: False
CreatureEnv Inicijalizacija: 12 motora. OBS_dim=40, frame_skip=1
[Fitness run Gen2Creature14] reward=1.48±0.00  dist=0.00±0.00  upright=0.00±0.00  → FITNESS=0.0183
URDF saved to being.urdf
Connecting to PyBullet, GUI: False
CreatureEnv Inicijalizacija: 12 motora. OBS_dim=40, frame_skip=1
[Fitness run Gen2Creature15] reward=1.28±0.09  dist=0.26±0.09  upright=0.00±0.00  → FITNESS=0.0247
URDF saved to being.urdf
Connecting to PyBullet, GUI: False
CreatureEnv Inicijalizacija: 12 motora. OBS_dim=40, frame_skip=1
[Fitness run Gen2Creature16] reward=1.46±0.30  dist=0.00±0.00  upright=0.06±0.02  → FITNESS=0.0357
URDF saved to being.urdf
Connecting to PyBullet, GUI: False
CreatureEnv Inicijalizacija: 12 motora. OBS_dim=40, frame_skip=1
[Fitness run Gen2Creature17] reward=1.57±0.08  dist=0.10±0.03  upright=0.02±0.06  → FITNESS=0.0266
URDF saved to being.urdf
Connecting to PyBullet, GUI: False
CreatureEnv Inicijalizacija: 12 motora. OBS_dim=40, frame_skip=1
[Fitness run Gen2Creature18] reward=1.67±0.02  dist=0.07±0.04  upright=0.01±0.03  → FITNESS=0.0230
URDF saved to being.urdf
Connecting to PyBullet, GUI: False
CreatureEnv Inicijalizacija: 12 motora. OBS_dim=40, frame_skip=1
[Fitness run Gen2Creature19] reward=1.91±0.15  dist=0.19±0.05  upright=0.09±0.02  → FITNESS=0.0501
URDF saved to being.urdf
Connecting to PyBullet, GUI: False
CreatureEnv Inicijalizacija: 12 motora. OBS_dim=40, frame_skip=1
[Fitness run Gen2Creature20] reward=1.78±0.00  dist=0.13±0.04  upright=1.00±0.00  → FITNESS=0.3216
URDF saved to being.urdf
Connecting to PyBullet, GUI: False
CreatureEnv Inicijalizacija: 12 motora. OBS_dim=40, frame_skip=1
[Fitness run Gen2Creature21] reward=1.74±0.00  dist=0.06±0.02  upright=0.01±0.03  → FITNESS=0.0228
URDF saved to being.urdf
Connecting to PyBullet, GUI: False
CreatureEnv Inicijalizacija: 12 motora. OBS_dim=40, frame_skip=1
[Fitness run Gen2Creature22] reward=1.56±0.02  dist=0.00±0.00  upright=0.00±0.00  → FITNESS=0.0183
URDF saved to being.urdf
Connecting to PyBullet, GUI: False
CreatureEnv Inicijalizacija: 12 motora. OBS_dim=40, frame_skip=1
[Fitness run Gen2Creature23] reward=-0.30±0.58  dist=1.68±0.59  upright=0.03±0.09  → FITNESS=0.0688
URDF saved to being.urdf
Connecting to PyBullet, GUI: False
CreatureEnv Inicijalizacija: 12 motora. OBS_dim=40, frame_skip=1
[Fitness run Gen2Creature24] reward=1.40±0.16  dist=0.00±0.00  upright=0.00±0.00  → FITNESS=0.0183
URDF saved to being.urdf
Connecting to PyBullet, GUI: False
CreatureEnv Inicijalizacija: 12 motora. OBS_dim=40, frame_skip=1
[Fitness run Gen2Creature25] reward=1.53±0.08  dist=0.00±0.00  upright=0.05±0.02  → FITNESS=0.0319
URDF saved to being.urdf
Connecting to PyBullet, GUI: False
CreatureEnv Inicijalizacija: 12 motora. OBS_dim=40, frame_skip=1
[Fitness run Gen2Creature26] reward=1.42±0.66  dist=0.29±0.26  upright=0.00±0.00  → FITNESS=0.0257
URDF saved to being.urdf
Connecting to PyBullet, GUI: False
CreatureEnv Inicijalizacija: 12 motora. OBS_dim=40, frame_skip=1
[Fitness run Gen2Creature27] reward=1.64±0.06  dist=0.00±0.00  upright=0.03±0.01  → FITNESS=0.0261
URDF saved to being.urdf
Connecting to PyBullet, GUI: False
CreatureEnv Inicijalizacija: 12 motora. OBS_dim=40, frame_skip=1
[Fitness run Gen2Creature28] reward=1.68±0.03  dist=0.05±0.02  upright=0.02±0.07  → FITNESS=0.0264
URDF saved to being.urdf
Connecting to PyBullet, GUI: False
CreatureEnv Inicijalizacija: 12 motora. OBS_dim=40, frame_skip=1
[Fitness run Gen2Creature29] reward=1.62±0.37  dist=0.01±0.04  upright=0.02±0.05  → FITNESS=0.0235

==================================================
Generacija 2/20  |  Best = 0.4123  |  Mean = 0.0822  |  Std = 0.1064
==================================================
URDF saved to being.urdf
Connecting to PyBullet, GUI: False
CreatureEnv Inicijalizacija: 12 motora. OBS_dim=40, frame_skip=1
[Fitness run Gen2Creature2] reward=1.61±0.01  dist=0.00±0.00  upright=0.03±0.09  → FITNESS=0.0271
URDF saved to being.urdf
Connecting to PyBullet, GUI: False
CreatureEnv Inicijalizacija: 12 motora. OBS_dim=40, frame_skip=1
[Fitness run Gen2Creature3] reward=94.40±281.01  dist=0.49±0.26  upright=0.13±0.28  → FITNESS=0.0785
URDF saved to being.urdf
Connecting to PyBullet, GUI: False
CreatureEnv Inicijalizacija: 12 motora. OBS_dim=40, frame_skip=1
[Fitness run Gen2Creature4] reward=1.01±0.19  dist=0.34±0.10  upright=0.20±0.07  → FITNESS=0.0859
URDF saved to being.urdf
Connecting to PyBullet, GUI: False
CreatureEnv Inicijalizacija: 12 motora. OBS_dim=40, frame_skip=1
[Fitness run Gen2Creature5] reward=1.69±0.16  dist=0.03±0.07  upright=0.00±0.00  → FITNESS=0.0192
URDF saved to being.urdf
Connecting to PyBullet, GUI: False
CreatureEnv Inicijalizacija: 12 motora. OBS_dim=40, frame_skip=1
[Fitness run Gen2Creature6] reward=1.01±0.19  dist=0.34±0.10  upright=0.20±0.07  → FITNESS=0.0859
URDF saved to being.urdf
Connecting to PyBullet, GUI: False
CreatureEnv Inicijalizacija: 12 motora. OBS_dim=40, frame_skip=1
[Fitness run Gen2Creature7] reward=1.65±0.09  dist=0.00±0.01  upright=0.00±0.00  → FITNESS=0.0184
URDF saved to being.urdf
Connecting to PyBullet, GUI: False
CreatureEnv Inicijalizacija: 12 motora. OBS_dim=40, frame_skip=1
[Fitness run Gen2Creature8] reward=1.67±0.04  dist=0.43±0.11  upright=0.12±0.04  → FITNESS=0.0639
URDF saved to being.urdf
Connecting to PyBullet, GUI: False
CreatureEnv Inicijalizacija: 12 motora. OBS_dim=40, frame_skip=1
[Fitness run Gen2Creature9] reward=1.35±0.21  dist=0.06±0.08  upright=0.14±0.12  → FITNESS=0.0614
URDF saved to being.urdf
Connecting to PyBullet, GUI: False
CreatureEnv Inicijalizacija: 12 motora. OBS_dim=40, frame_skip=1
[Fitness run Gen2Creature10] reward=93.87±278.77  dist=0.01±0.03  upright=0.56±0.24  → FITNESS=0.1963
URDF saved to being.urdf
Connecting to PyBullet, GUI: False
CreatureEnv Inicijalizacija: 12 motora. OBS_dim=40, frame_skip=1
[Fitness run Gen2Creature11] reward=1.72±0.14  dist=0.13±0.04  upright=0.24±0.26  → FITNESS=0.0931
URDF saved to being.urdf
Connecting to PyBullet, GUI: False
CreatureEnv Inicijalizacija: 12 motora. OBS_dim=40, frame_skip=1
[Fitness run Gen2Creature12] reward=1.73±0.09  dist=0.01±0.02  upright=0.00±0.00  → FITNESS=0.0185
URDF saved to being.urdf
Connecting to PyBullet, GUI: False
CreatureEnv Inicijalizacija: 12 motora. OBS_dim=40, frame_skip=1
[Fitness run Gen2Creature13] reward=1.52±0.01  dist=0.00±0.00  upright=0.15±0.08  → FITNESS=0.0648
URDF saved to being.urdf
Connecting to PyBullet, GUI: False
CreatureEnv Inicijalizacija: 12 motora. OBS_dim=40, frame_skip=1
[Fitness run Gen2Creature14] reward=1.48±0.00  dist=0.00±0.00  upright=0.00±0.00  → FITNESS=0.0183
URDF saved to being.urdf
Connecting to PyBullet, GUI: False
CreatureEnv Inicijalizacija: 12 motora. OBS_dim=40, frame_skip=1
[Fitness run Gen2Creature15] reward=1.28±0.09  dist=0.26±0.09  upright=0.00±0.00  → FITNESS=0.0247
URDF saved to being.urdf
Connecting to PyBullet, GUI: False
CreatureEnv Inicijalizacija: 12 motora. OBS_dim=40, frame_skip=1
[Fitness run Gen2Creature16] reward=1.46±0.30  dist=0.00±0.00  upright=0.06±0.02  → FITNESS=0.0357
URDF saved to being.urdf
Connecting to PyBullet, GUI: False
CreatureEnv Inicijalizacija: 12 motora. OBS_dim=40, frame_skip=1
[Fitness run Gen2Creature17] reward=1.57±0.08  dist=0.10±0.03  upright=0.02±0.06  → FITNESS=0.0266
URDF saved to being.urdf
Connecting to PyBullet, GUI: False
CreatureEnv Inicijalizacija: 12 motora. OBS_dim=40, frame_skip=1
[Fitness run Gen2Creature18] reward=1.67±0.02  dist=0.07±0.04  upright=0.01±0.03  → FITNESS=0.0230
URDF saved to being.urdf
Connecting to PyBullet, GUI: False
CreatureEnv Inicijalizacija: 12 motora. OBS_dim=40, frame_skip=1
[Fitness run Gen2Creature19] reward=1.91±0.15  dist=0.19±0.05  upright=0.09±0.02  → FITNESS=0.0501
URDF saved to being.urdf
Connecting to PyBullet, GUI: False
CreatureEnv Inicijalizacija: 12 motora. OBS_dim=40, frame_skip=1
[Fitness run Gen2Creature20] reward=1.78±0.00  dist=0.13±0.04  upright=1.00±0.00  → FITNESS=0.3216
URDF saved to being.urdf
Connecting to PyBullet, GUI: False
CreatureEnv Inicijalizacija: 12 motora. OBS_dim=40, frame_skip=1
[Fitness run Gen2Creature21] reward=1.74±0.00  dist=0.06±0.02  upright=0.01±0.03  → FITNESS=0.0228
URDF saved to being.urdf
Connecting to PyBullet, GUI: False
CreatureEnv Inicijalizacija: 12 motora. OBS_dim=40, frame_skip=1
[Fitness run Gen2Creature22] reward=1.56±0.02  dist=0.00±0.00  upright=0.00±0.00  → FITNESS=0.0183
URDF saved to being.urdf
Connecting to PyBullet, GUI: False
CreatureEnv Inicijalizacija: 12 motora. OBS_dim=40, frame_skip=1
[Fitness run Gen2Creature23] reward=-0.30±0.58  dist=1.68±0.59  upright=0.03±0.09  → FITNESS=0.0688
URDF saved to being.urdf
Connecting to PyBullet, GUI: False
CreatureEnv Inicijalizacija: 12 motora. OBS_dim=40, frame_skip=1
[Fitness run Gen2Creature24] reward=1.40±0.16  dist=0.00±0.00  upright=0.00±0.00  → FITNESS=0.0183
URDF saved to being.urdf
Connecting to PyBullet, GUI: False
CreatureEnv Inicijalizacija: 12 motora. OBS_dim=40, frame_skip=1
[Fitness run Gen2Creature25] reward=1.53±0.08  dist=0.00±0.00  upright=0.05±0.02  → FITNESS=0.0319
URDF saved to being.urdf
Connecting to PyBullet, GUI: False
CreatureEnv Inicijalizacija: 12 motora. OBS_dim=40, frame_skip=1
[Fitness run Gen2Creature26] reward=1.42±0.66  dist=0.29±0.26  upright=0.00±0.00  → FITNESS=0.0257
URDF saved to being.urdf
Connecting to PyBullet, GUI: False
CreatureEnv Inicijalizacija: 12 motora. OBS_dim=40, frame_skip=1
[Fitness run Gen2Creature27] reward=1.64±0.06  dist=0.00±0.00  upright=0.03±0.01  → FITNESS=0.0261
URDF saved to being.urdf
Connecting to PyBullet, GUI: False
CreatureEnv Inicijalizacija: 12 motora. OBS_dim=40, frame_skip=1
[Fitness run Gen2Creature28] reward=1.68±0.03  dist=0.05±0.02  upright=0.02±0.07  → FITNESS=0.0264
URDF saved to being.urdf
Connecting to PyBullet, GUI: False
CreatureEnv Inicijalizacija: 12 motora. OBS_dim=40, frame_skip=1
[Fitness run Gen2Creature29] reward=1.62±0.37  dist=0.01±0.04  upright=0.02±0.05  → FITNESS=0.0235
Genome saved to results\distanceBased500Steps1Seed\run_5\run_5_best_creature.json
[plot] Saved → ./results\distanceBased500Steps1Seed\run_5\run_5_summary.png
URDF saved to being.urdf
Connecting to PyBullet, GUI: False
CreatureEnv Inicijalizacija: 12 motora. OBS_dim=40, frame_skip=1
[Fitness run Gen3Creature2] reward=1.84±0.01  dist=0.03±0.01  upright=1.00±0.00  → FITNESS=0.3192
URDF saved to being.urdf
Connecting to PyBullet, GUI: False
CreatureEnv Inicijalizacija: 12 motora. OBS_dim=40, frame_skip=1
[Fitness run Gen3Creature3] reward=1.78±0.08  dist=0.00±0.00  upright=0.59±0.18  → FITNESS=0.1964
URDF saved to being.urdf
Connecting to PyBullet, GUI: False
CreatureEnv Inicijalizacija: 12 motora. OBS_dim=40, frame_skip=1
[Fitness run Gen3Creature4] reward=1.57±0.00  dist=0.15±0.00  upright=0.99±0.02  → FITNESS=0.3202
URDF saved to being.urdf
Connecting to PyBullet, GUI: False
CreatureEnv Inicijalizacija: 12 motora. OBS_dim=40, frame_skip=1
[Fitness run Gen3Creature5] reward=1.42±0.02  dist=0.00±0.01  upright=0.01±0.01  → FITNESS=0.0203
URDF saved to being.urdf
Connecting to PyBullet, GUI: False
CreatureEnv Inicijalizacija: 12 motora. OBS_dim=40, frame_skip=1
[Fitness run Gen3Creature6] reward=1.75±0.15  dist=0.22±0.08  upright=0.08±0.18  → FITNESS=0.0472
URDF saved to being.urdf
Connecting to PyBullet, GUI: False
CreatureEnv Inicijalizacija: 12 motora. OBS_dim=40, frame_skip=1
[Fitness run Gen3Creature7] reward=1.55±0.09  dist=0.18±0.08  upright=0.00±0.00  → FITNESS=0.0228
URDF saved to being.urdf
Connecting to PyBullet, GUI: False
CreatureEnv Inicijalizacija: 12 motora. OBS_dim=40, frame_skip=1
[Fitness run Gen3Creature8] reward=1.33±0.04  dist=0.00±0.00  upright=0.00±0.00  → FITNESS=0.0183
URDF saved to being.urdf
Connecting to PyBullet, GUI: False
CreatureEnv Inicijalizacija: 12 motora. OBS_dim=40, frame_skip=1
[Fitness run Gen3Creature9] reward=1002.51±333.67  dist=0.00±0.00  upright=0.90±0.30  → FITNESS=0.3793
URDF saved to being.urdf
Connecting to PyBullet, GUI: False
CreatureEnv Inicijalizacija: 12 motora. OBS_dim=40, frame_skip=1
[Fitness run Gen3Creature10] reward=314.27±478.28  dist=0.12±0.10  upright=0.71±0.27  → FITNESS=0.2627
URDF saved to being.urdf
Connecting to PyBullet, GUI: False
CreatureEnv Inicijalizacija: 12 motora. OBS_dim=40, frame_skip=1
[Fitness run Gen3Creature11] reward=1.48±0.00  dist=0.09±0.03  upright=0.93±0.04  → FITNESS=0.3003
URDF saved to being.urdf
Connecting to PyBullet, GUI: False
CreatureEnv Inicijalizacija: 12 motora. OBS_dim=40, frame_skip=1
[Fitness run Gen3Creature12] reward=1.59±0.08  dist=0.00±0.00  upright=0.77±0.08  → FITNESS=0.2496
URDF saved to being.urdf
Connecting to PyBullet, GUI: False
CreatureEnv Inicijalizacija: 12 motora. OBS_dim=40, frame_skip=1
[Fitness run Gen3Creature13] reward=1.95±0.16  dist=0.38±0.13  upright=0.00±0.00  → FITNESS=0.0278
URDF saved to being.urdf
Connecting to PyBullet, GUI: False
CreatureEnv Inicijalizacija: 12 motora. OBS_dim=40, frame_skip=1
[Fitness run Gen3Creature14] reward=1.44±0.09  dist=0.02±0.03  upright=0.89±0.11  → FITNESS=0.2860
URDF saved to being.urdf
Connecting to PyBullet, GUI: False
CreatureEnv Inicijalizacija: 12 motora. OBS_dim=40, frame_skip=1
[Fitness run Gen3Creature15] reward=3.57±4.43  dist=0.02±0.01  upright=1.00±0.00  → FITNESS=0.3190
URDF saved to being.urdf
Connecting to PyBullet, GUI: False
CreatureEnv Inicijalizacija: 12 motora. OBS_dim=40, frame_skip=1
[Fitness run Gen3Creature16] reward=1.59±0.02  dist=0.09±0.03  upright=0.18±0.05  → FITNESS=0.0738
URDF saved to being.urdf
Connecting to PyBullet, GUI: False
CreatureEnv Inicijalizacija: 12 motora. OBS_dim=40, frame_skip=1
[Fitness run Gen3Creature17] reward=1.57±0.37  dist=0.08±0.04  upright=0.05±0.02  → FITNESS=0.0348
URDF saved to being.urdf
Connecting to PyBullet, GUI: False
CreatureEnv Inicijalizacija: 12 motora. OBS_dim=40, frame_skip=1
[Fitness run Gen3Creature18] reward=1.90±0.17  dist=0.00±0.00  upright=0.06±0.02  → FITNESS=0.0358
URDF saved to being.urdf
Connecting to PyBullet, GUI: False
CreatureEnv Inicijalizacija: 12 motora. OBS_dim=40, frame_skip=1
[Fitness run Gen3Creature19] reward=2.02±0.14  dist=0.00±0.00  upright=0.90±0.30  → FITNESS=0.2884
URDF saved to being.urdf
Connecting to PyBullet, GUI: False
CreatureEnv Inicijalizacija: 12 motora. OBS_dim=40, frame_skip=1
[Fitness run Gen3Creature20] reward=213.46±423.84  dist=0.02±0.03  upright=0.62±0.29  → FITNESS=0.2239
URDF saved to being.urdf
Connecting to PyBullet, GUI: False
CreatureEnv Inicijalizacija: 12 motora. OBS_dim=40, frame_skip=1
[Fitness run Gen3Creature21] reward=1.78±0.00  dist=0.00±0.00  upright=0.00±0.01  → FITNESS=0.0193
URDF saved to being.urdf
Connecting to PyBullet, GUI: False
CreatureEnv Inicijalizacija: 12 motora. OBS_dim=40, frame_skip=1
[Fitness run Gen3Creature22] reward=1.85±0.00  dist=0.06±0.02  upright=1.00±0.00  → FITNESS=0.3199
URDF saved to being.urdf
Connecting to PyBullet, GUI: False
CreatureEnv Inicijalizacija: 12 motora. OBS_dim=40, frame_skip=1
[Fitness run Gen3Creature23] reward=1.87±0.18  dist=0.22±0.42  upright=0.01±0.02  → FITNESS=0.0257
URDF saved to being.urdf
Connecting to PyBullet, GUI: False
CreatureEnv Inicijalizacija: 12 motora. OBS_dim=40, frame_skip=1
[Fitness run Gen3Creature24] reward=1.53±0.06  dist=0.06±0.02  upright=0.10±0.01  → FITNESS=0.0488
URDF saved to being.urdf
Connecting to PyBullet, GUI: False
CreatureEnv Inicijalizacija: 12 motora. OBS_dim=40, frame_skip=1
[Fitness run Gen3Creature25] reward=2.00±0.18  dist=0.00±0.00  upright=0.90±0.29  → FITNESS=0.2893
URDF saved to being.urdf
Connecting to PyBullet, GUI: False
CreatureEnv Inicijalizacija: 12 motora. OBS_dim=40, frame_skip=1
[Fitness run Gen3Creature26] reward=1.62±0.04  dist=0.07±0.03  upright=0.01±0.04  → FITNESS=0.0240
URDF saved to being.urdf
Connecting to PyBullet, GUI: False
CreatureEnv Inicijalizacija: 12 motora. OBS_dim=40, frame_skip=1
[Fitness run Gen3Creature27] reward=1.62±0.24  dist=0.09±0.04  upright=0.03±0.01  → FITNESS=0.0294
URDF saved to being.urdf
Connecting to PyBullet, GUI: False
CreatureEnv Inicijalizacija: 12 motora. OBS_dim=40, frame_skip=1
[Fitness run Gen3Creature28] reward=1.75±0.06  dist=0.00±0.01  upright=0.90±0.29  → FITNESS=0.2894
URDF saved to being.urdf
Connecting to PyBullet, GUI: False
CreatureEnv Inicijalizacija: 12 motora. OBS_dim=40, frame_skip=1
[Fitness run Gen3Creature29] reward=957.81±318.79  dist=0.00±0.00  upright=0.90±0.30  → FITNESS=0.3753

==================================================
Generacija 3/20  |  Best = 0.4123  |  Mean = 0.1879  |  Std = 0.1421
==================================================
URDF saved to being.urdf
Connecting to PyBullet, GUI: False
CreatureEnv Inicijalizacija: 12 motora. OBS_dim=40, frame_skip=1
[Fitness run Gen3Creature2] reward=1.84±0.01  dist=0.03±0.01  upright=1.00±0.00  → FITNESS=0.3192
URDF saved to being.urdf
Connecting to PyBullet, GUI: False
CreatureEnv Inicijalizacija: 12 motora. OBS_dim=40, frame_skip=1
[Fitness run Gen3Creature3] reward=1.78±0.08  dist=0.00±0.00  upright=0.59±0.18  → FITNESS=0.1964
URDF saved to being.urdf
Connecting to PyBullet, GUI: False
CreatureEnv Inicijalizacija: 12 motora. OBS_dim=40, frame_skip=1
[Fitness run Gen3Creature4] reward=1.57±0.00  dist=0.15±0.00  upright=0.99±0.02  → FITNESS=0.3202
URDF saved to being.urdf
Connecting to PyBullet, GUI: False
CreatureEnv Inicijalizacija: 12 motora. OBS_dim=40, frame_skip=1
[Fitness run Gen3Creature5] reward=1.42±0.02  dist=0.00±0.01  upright=0.01±0.01  → FITNESS=0.0203
URDF saved to being.urdf
Connecting to PyBullet, GUI: False
CreatureEnv Inicijalizacija: 12 motora. OBS_dim=40, frame_skip=1
[Fitness run Gen3Creature6] reward=1.75±0.15  dist=0.22±0.08  upright=0.08±0.18  → FITNESS=0.0472
URDF saved to being.urdf
Connecting to PyBullet, GUI: False
CreatureEnv Inicijalizacija: 12 motora. OBS_dim=40, frame_skip=1
[Fitness run Gen3Creature7] reward=1.55±0.09  dist=0.18±0.08  upright=0.00±0.00  → FITNESS=0.0228
URDF saved to being.urdf
Connecting to PyBullet, GUI: False
CreatureEnv Inicijalizacija: 12 motora. OBS_dim=40, frame_skip=1
[Fitness run Gen3Creature8] reward=1.33±0.04  dist=0.00±0.00  upright=0.00±0.00  → FITNESS=0.0183
URDF saved to being.urdf
Connecting to PyBullet, GUI: False
CreatureEnv Inicijalizacija: 12 motora. OBS_dim=40, frame_skip=1
[Fitness run Gen3Creature9] reward=1002.51±333.67  dist=0.00±0.00  upright=0.90±0.30  → FITNESS=0.3793
URDF saved to being.urdf
Connecting to PyBullet, GUI: False
CreatureEnv Inicijalizacija: 12 motora. OBS_dim=40, frame_skip=1
[Fitness run Gen3Creature10] reward=314.27±478.28  dist=0.12±0.10  upright=0.71±0.27  → FITNESS=0.2627
URDF saved to being.urdf
Connecting to PyBullet, GUI: False
CreatureEnv Inicijalizacija: 12 motora. OBS_dim=40, frame_skip=1
[Fitness run Gen3Creature11] reward=1.48±0.00  dist=0.09±0.03  upright=0.93±0.04  → FITNESS=0.3003
URDF saved to being.urdf
Connecting to PyBullet, GUI: False
CreatureEnv Inicijalizacija: 12 motora. OBS_dim=40, frame_skip=1
[Fitness run Gen3Creature12] reward=1.59±0.08  dist=0.00±0.00  upright=0.77±0.08  → FITNESS=0.2496
URDF saved to being.urdf
Connecting to PyBullet, GUI: False
CreatureEnv Inicijalizacija: 12 motora. OBS_dim=40, frame_skip=1
[Fitness run Gen3Creature13] reward=1.95±0.16  dist=0.38±0.13  upright=0.00±0.00  → FITNESS=0.0278
URDF saved to being.urdf
Connecting to PyBullet, GUI: False
CreatureEnv Inicijalizacija: 12 motora. OBS_dim=40, frame_skip=1
[Fitness run Gen3Creature14] reward=1.44±0.09  dist=0.02±0.03  upright=0.89±0.11  → FITNESS=0.2860
URDF saved to being.urdf
Connecting to PyBullet, GUI: False
CreatureEnv Inicijalizacija: 12 motora. OBS_dim=40, frame_skip=1
[Fitness run Gen3Creature15] reward=3.57±4.43  dist=0.02±0.01  upright=1.00±0.00  → FITNESS=0.3190
URDF saved to being.urdf
Connecting to PyBullet, GUI: False
CreatureEnv Inicijalizacija: 12 motora. OBS_dim=40, frame_skip=1
[Fitness run Gen3Creature16] reward=1.59±0.02  dist=0.09±0.03  upright=0.18±0.05  → FITNESS=0.0738
URDF saved to being.urdf
Connecting to PyBullet, GUI: False
CreatureEnv Inicijalizacija: 12 motora. OBS_dim=40, frame_skip=1
[Fitness run Gen3Creature17] reward=1.57±0.37  dist=0.08±0.04  upright=0.05±0.02  → FITNESS=0.0348
URDF saved to being.urdf
Connecting to PyBullet, GUI: False
CreatureEnv Inicijalizacija: 12 motora. OBS_dim=40, frame_skip=1
[Fitness run Gen3Creature18] reward=1.90±0.17  dist=0.00±0.00  upright=0.06±0.02  → FITNESS=0.0358
URDF saved to being.urdf
Connecting to PyBullet, GUI: False
CreatureEnv Inicijalizacija: 12 motora. OBS_dim=40, frame_skip=1
[Fitness run Gen3Creature19] reward=2.02±0.14  dist=0.00±0.00  upright=0.90±0.30  → FITNESS=0.2884
URDF saved to being.urdf
Connecting to PyBullet, GUI: False
CreatureEnv Inicijalizacija: 12 motora. OBS_dim=40, frame_skip=1
[Fitness run Gen3Creature20] reward=213.46±423.84  dist=0.02±0.03  upright=0.62±0.29  → FITNESS=0.2239
URDF saved to being.urdf
Connecting to PyBullet, GUI: False
CreatureEnv Inicijalizacija: 12 motora. OBS_dim=40, frame_skip=1
[Fitness run Gen3Creature21] reward=1.78±0.00  dist=0.00±0.00  upright=0.00±0.01  → FITNESS=0.0193
URDF saved to being.urdf
Connecting to PyBullet, GUI: False
CreatureEnv Inicijalizacija: 12 motora. OBS_dim=40, frame_skip=1
[Fitness run Gen3Creature22] reward=1.85±0.00  dist=0.06±0.02  upright=1.00±0.00  → FITNESS=0.3199
URDF saved to being.urdf
Connecting to PyBullet, GUI: False
CreatureEnv Inicijalizacija: 12 motora. OBS_dim=40, frame_skip=1
[Fitness run Gen3Creature23] reward=1.87±0.18  dist=0.22±0.42  upright=0.01±0.02  → FITNESS=0.0257
URDF saved to being.urdf
Connecting to PyBullet, GUI: False
CreatureEnv Inicijalizacija: 12 motora. OBS_dim=40, frame_skip=1
[Fitness run Gen3Creature24] reward=1.53±0.06  dist=0.06±0.02  upright=0.10±0.01  → FITNESS=0.0488
URDF saved to being.urdf
Connecting to PyBullet, GUI: False
CreatureEnv Inicijalizacija: 12 motora. OBS_dim=40, frame_skip=1
[Fitness run Gen3Creature25] reward=2.00±0.18  dist=0.00±0.00  upright=0.90±0.29  → FITNESS=0.2893
URDF saved to being.urdf
Connecting to PyBullet, GUI: False
CreatureEnv Inicijalizacija: 12 motora. OBS_dim=40, frame_skip=1
[Fitness run Gen3Creature26] reward=1.62±0.04  dist=0.07±0.03  upright=0.01±0.04  → FITNESS=0.0240
URDF saved to being.urdf
Connecting to PyBullet, GUI: False
CreatureEnv Inicijalizacija: 12 motora. OBS_dim=40, frame_skip=1
[Fitness run Gen3Creature27] reward=1.62±0.24  dist=0.09±0.04  upright=0.03±0.01  → FITNESS=0.0294
URDF saved to being.urdf
Connecting to PyBullet, GUI: False
CreatureEnv Inicijalizacija: 12 motora. OBS_dim=40, frame_skip=1
[Fitness run Gen3Creature28] reward=1.75±0.06  dist=0.00±0.01  upright=0.90±0.29  → FITNESS=0.2894
URDF saved to being.urdf
Connecting to PyBullet, GUI: False
CreatureEnv Inicijalizacija: 12 motora. OBS_dim=40, frame_skip=1
[Fitness run Gen3Creature29] reward=957.81±318.79  dist=0.00±0.00  upright=0.90±0.30  → FITNESS=0.3753
Genome saved to results\distanceBased500Steps1Seed\run_5\run_5_best_creature.json
[plot] Saved → ./results\distanceBased500Steps1Seed\run_5\run_5_summary.png
URDF saved to being.urdf
Connecting to PyBullet, GUI: False
CreatureEnv Inicijalizacija: 12 motora. OBS_dim=40, frame_skip=1
[Fitness run Gen4Creature2] reward=1.73±0.02  dist=0.00±0.00  upright=1.00±0.00  → FITNESS=0.3183
URDF saved to being.urdf
Connecting to PyBullet, GUI: False
CreatureEnv Inicijalizacija: 12 motora. OBS_dim=40, frame_skip=1
[Fitness run Gen4Creature3] reward=1.80±0.15  dist=0.00±0.00  upright=0.73±0.22  → FITNESS=0.2371
URDF saved to being.urdf
Connecting to PyBullet, GUI: False
CreatureEnv Inicijalizacija: 12 motora. OBS_dim=40, frame_skip=1
[Fitness run Gen4Creature4] reward=1.54±0.00  dist=0.00±0.00  upright=0.00±0.00  → FITNESS=0.0184
URDF saved to being.urdf
Connecting to PyBullet, GUI: False
CreatureEnv Inicijalizacija: 12 motora. OBS_dim=40, frame_skip=1
[Fitness run Gen4Creature5] reward=1.67±0.00  dist=0.15±0.10  upright=0.00±0.01  → FITNESS=0.0231
URDF saved to being.urdf
Connecting to PyBullet, GUI: False
CreatureEnv Inicijalizacija: 12 motora. OBS_dim=40, frame_skip=1
[Fitness run Gen4Creature6] reward=348.00±448.77  dist=0.09±0.05  upright=0.74±0.32  → FITNESS=0.2727
URDF saved to being.urdf
Connecting to PyBullet, GUI: False
CreatureEnv Inicijalizacija: 12 motora. OBS_dim=40, frame_skip=1
[Fitness run Gen4Creature7] reward=1.70±0.06  dist=0.19±0.16  upright=0.00±0.00  → FITNESS=0.0231
URDF saved to being.urdf
Connecting to PyBullet, GUI: False
CreatureEnv Inicijalizacija: 12 motora. OBS_dim=40, frame_skip=1
[Fitness run Gen4Creature8] reward=1.59±0.06  dist=0.13±0.01  upright=0.10±0.04  → FITNESS=0.0507
URDF saved to being.urdf
Connecting to PyBullet, GUI: False
CreatureEnv Inicijalizacija: 12 motora. OBS_dim=40, frame_skip=1
[Fitness run Gen4Creature9] reward=981.53±326.67  dist=0.00±0.01  upright=0.91±0.27  → FITNESS=0.3804
URDF saved to being.urdf
Connecting to PyBullet, GUI: False
CreatureEnv Inicijalizacija: 12 motora. OBS_dim=40, frame_skip=1
[Fitness run Gen4Creature10] reward=314.27±478.28  dist=0.12±0.10  upright=0.71±0.27  → FITNESS=0.2627
URDF saved to being.urdf
Connecting to PyBullet, GUI: False
CreatureEnv Inicijalizacija: 12 motora. OBS_dim=40, frame_skip=1
[Fitness run Gen4Creature12] reward=1.48±0.05  dist=0.21±0.07  upright=0.33±0.01  → FITNESS=0.1213
URDF saved to being.urdf
Connecting to PyBullet, GUI: False
CreatureEnv Inicijalizacija: 12 motora. OBS_dim=40, frame_skip=1
[Fitness run Gen4Creature13] reward=1.78±0.07  dist=0.29±0.10  upright=0.90±0.30  → FITNESS=0.2957
URDF saved to being.urdf
Connecting to PyBullet, GUI: False
CreatureEnv Inicijalizacija: 12 motora. OBS_dim=40, frame_skip=1
[Fitness run Gen4Creature14] reward=0.76±0.06  dist=0.16±0.09  upright=0.53±0.04  → FITNESS=0.1819
URDF saved to being.urdf
Connecting to PyBullet, GUI: False
CreatureEnv Inicijalizacija: 12 motora. OBS_dim=40, frame_skip=1
[Fitness run Gen4Creature15] reward=1.65±0.01  dist=0.07±0.04  upright=0.00±0.00  → FITNESS=0.0200
URDF saved to being.urdf
Connecting to PyBullet, GUI: False
CreatureEnv Inicijalizacija: 12 motora. OBS_dim=40, frame_skip=1
[Fitness run Gen4Creature16] reward=1.46±0.03  dist=0.01±0.01  upright=0.01±0.03  → FITNESS=0.0215
URDF saved to being.urdf
Connecting to PyBullet, GUI: False
CreatureEnv Inicijalizacija: 12 motora. OBS_dim=40, frame_skip=1
[Fitness run Gen4Creature17] reward=1.69±0.02  dist=0.01±0.04  upright=0.01±0.02  → FITNESS=0.0206
URDF saved to being.urdf
Connecting to PyBullet, GUI: False
CreatureEnv Inicijalizacija: 12 motora. OBS_dim=40, frame_skip=1
[Fitness run Gen4Creature18] reward=1.49±0.00  dist=0.00±0.00  upright=0.74±0.06  → FITNESS=0.2399
URDF saved to being.urdf
Connecting to PyBullet, GUI: False
CreatureEnv Inicijalizacija: 12 motora. OBS_dim=40, frame_skip=1
[Fitness run Gen4Creature19] reward=1.51±0.01  dist=0.00±0.00  upright=0.01±0.04  → FITNESS=0.0222
URDF saved to being.urdf
Connecting to PyBullet, GUI: False
CreatureEnv Inicijalizacija: 12 motora. OBS_dim=40, frame_skip=1
[Fitness run Gen4Creature20] reward=213.46±423.84  dist=0.02±0.03  upright=0.62±0.29  → FITNESS=0.2239
URDF saved to being.urdf
Connecting to PyBullet, GUI: False
CreatureEnv Inicijalizacija: 12 motora. OBS_dim=40, frame_skip=1
[Fitness run Gen4Creature21] reward=1.76±0.02  dist=0.05±0.01  upright=0.00±0.00  → FITNESS=0.0195
URDF saved to being.urdf
Connecting to PyBullet, GUI: False
CreatureEnv Inicijalizacija: 12 motora. OBS_dim=40, frame_skip=1
[Fitness run Gen4Creature22] reward=1.85±0.00  dist=0.19±0.06  upright=1.00±0.00  → FITNESS=0.3232
URDF saved to being.urdf
Connecting to PyBullet, GUI: False
CreatureEnv Inicijalizacija: 12 motora. OBS_dim=40, frame_skip=1
[Fitness run Gen4Creature23] reward=1.62±0.00  dist=0.12±0.04  upright=0.01±0.02  → FITNESS=0.0233
URDF saved to being.urdf
Connecting to PyBullet, GUI: False
CreatureEnv Inicijalizacija: 12 motora. OBS_dim=40, frame_skip=1
[Fitness run Gen4Creature24] reward=1.56±0.07  dist=0.04±0.02  upright=0.01±0.04  → FITNESS=0.0231
URDF saved to being.urdf
Connecting to PyBullet, GUI: False
CreatureEnv Inicijalizacija: 12 motora. OBS_dim=40, frame_skip=1
[Fitness run Gen4Creature25] reward=1.64±0.01  dist=0.00±0.00  upright=0.00±0.00  → FITNESS=0.0183
URDF saved to being.urdf
Connecting to PyBullet, GUI: False
CreatureEnv Inicijalizacija: 12 motora. OBS_dim=40, frame_skip=1
[Fitness run Gen4Creature26] reward=1.54±0.11  dist=0.01±0.01  upright=0.06±0.19  → FITNESS=0.0380
URDF saved to being.urdf
Connecting to PyBullet, GUI: False
CreatureEnv Inicijalizacija: 12 motora. OBS_dim=40, frame_skip=1
[Fitness run Gen4Creature27] reward=1.33±0.00  dist=0.00±0.00  upright=0.00±0.00  → FITNESS=0.0183
URDF saved to being.urdf
Connecting to PyBullet, GUI: False
CreatureEnv Inicijalizacija: 12 motora. OBS_dim=40, frame_skip=1
[Fitness run Gen4Creature28] reward=1.39±0.00  dist=0.03±0.01  upright=0.96±0.13  → FITNESS=0.3064
URDF saved to being.urdf
Connecting to PyBullet, GUI: False
CreatureEnv Inicijalizacija: 12 motora. OBS_dim=40, frame_skip=1
[Fitness run Gen4Creature29] reward=983.27±327.38  dist=0.00±0.01  upright=0.90±0.30  → FITNESS=0.3777

==================================================
Generacija 4/20  |  Best = 0.4123  |  Mean = 0.1658  |  Std = 0.1436
==================================================
URDF saved to being.urdf
Connecting to PyBullet, GUI: False
CreatureEnv Inicijalizacija: 12 motora. OBS_dim=40, frame_skip=1
[Fitness run Gen4Creature2] reward=1.73±0.02  dist=0.00±0.00  upright=1.00±0.00  → FITNESS=0.3183
URDF saved to being.urdf
Connecting to PyBullet, GUI: False
CreatureEnv Inicijalizacija: 12 motora. OBS_dim=40, frame_skip=1
[Fitness run Gen4Creature3] reward=1.80±0.15  dist=0.00±0.00  upright=0.73±0.22  → FITNESS=0.2371
URDF saved to being.urdf
Connecting to PyBullet, GUI: False
CreatureEnv Inicijalizacija: 12 motora. OBS_dim=40, frame_skip=1
[Fitness run Gen4Creature4] reward=1.54±0.00  dist=0.00±0.00  upright=0.00±0.00  → FITNESS=0.0184
URDF saved to being.urdf
Connecting to PyBullet, GUI: False
CreatureEnv Inicijalizacija: 12 motora. OBS_dim=40, frame_skip=1
[Fitness run Gen4Creature5] reward=1.67±0.00  dist=0.15±0.10  upright=0.00±0.01  → FITNESS=0.0231
URDF saved to being.urdf
Connecting to PyBullet, GUI: False
CreatureEnv Inicijalizacija: 12 motora. OBS_dim=40, frame_skip=1
[Fitness run Gen4Creature6] reward=348.00±448.77  dist=0.09±0.05  upright=0.74±0.32  → FITNESS=0.2727
URDF saved to being.urdf
Connecting to PyBullet, GUI: False
CreatureEnv Inicijalizacija: 12 motora. OBS_dim=40, frame_skip=1
[Fitness run Gen4Creature7] reward=1.70±0.06  dist=0.19±0.16  upright=0.00±0.00  → FITNESS=0.0231
URDF saved to being.urdf
Connecting to PyBullet, GUI: False
CreatureEnv Inicijalizacija: 12 motora. OBS_dim=40, frame_skip=1
[Fitness run Gen4Creature8] reward=1.59±0.06  dist=0.13±0.01  upright=0.10±0.04  → FITNESS=0.0507
URDF saved to being.urdf
Connecting to PyBullet, GUI: False
CreatureEnv Inicijalizacija: 12 motora. OBS_dim=40, frame_skip=1
[Fitness run Gen4Creature9] reward=981.53±326.67  dist=0.00±0.01  upright=0.91±0.27  → FITNESS=0.3804
URDF saved to being.urdf
Connecting to PyBullet, GUI: False
CreatureEnv Inicijalizacija: 12 motora. OBS_dim=40, frame_skip=1
[Fitness run Gen4Creature10] reward=314.27±478.28  dist=0.12±0.10  upright=0.71±0.27  → FITNESS=0.2627
URDF saved to being.urdf
Connecting to PyBullet, GUI: False
CreatureEnv Inicijalizacija: 12 motora. OBS_dim=40, frame_skip=1
[Fitness run Gen4Creature12] reward=1.48±0.05  dist=0.21±0.07  upright=0.33±0.01  → FITNESS=0.1213
URDF saved to being.urdf
Connecting to PyBullet, GUI: False
CreatureEnv Inicijalizacija: 12 motora. OBS_dim=40, frame_skip=1
[Fitness run Gen4Creature13] reward=1.78±0.07  dist=0.29±0.10  upright=0.90±0.30  → FITNESS=0.2957
URDF saved to being.urdf
Connecting to PyBullet, GUI: False
CreatureEnv Inicijalizacija: 12 motora. OBS_dim=40, frame_skip=1
[Fitness run Gen4Creature14] reward=0.76±0.06  dist=0.16±0.09  upright=0.53±0.04  → FITNESS=0.1819
URDF saved to being.urdf
Connecting to PyBullet, GUI: False
CreatureEnv Inicijalizacija: 12 motora. OBS_dim=40, frame_skip=1
[Fitness run Gen4Creature15] reward=1.65±0.01  dist=0.07±0.04  upright=0.00±0.00  → FITNESS=0.0200
URDF saved to being.urdf
Connecting to PyBullet, GUI: False
CreatureEnv Inicijalizacija: 12 motora. OBS_dim=40, frame_skip=1
[Fitness run Gen4Creature16] reward=1.46±0.03  dist=0.01±0.01  upright=0.01±0.03  → FITNESS=0.0215
URDF saved to being.urdf
Connecting to PyBullet, GUI: False
CreatureEnv Inicijalizacija: 12 motora. OBS_dim=40, frame_skip=1
[Fitness run Gen4Creature17] reward=1.69±0.02  dist=0.01±0.04  upright=0.01±0.02  → FITNESS=0.0206
URDF saved to being.urdf
Connecting to PyBullet, GUI: False
CreatureEnv Inicijalizacija: 12 motora. OBS_dim=40, frame_skip=1
[Fitness run Gen4Creature18] reward=1.49±0.00  dist=0.00±0.00  upright=0.74±0.06  → FITNESS=0.2399
URDF saved to being.urdf
Connecting to PyBullet, GUI: False
CreatureEnv Inicijalizacija: 12 motora. OBS_dim=40, frame_skip=1
[Fitness run Gen4Creature19] reward=1.51±0.01  dist=0.00±0.00  upright=0.01±0.04  → FITNESS=0.0222
URDF saved to being.urdf
Connecting to PyBullet, GUI: False
CreatureEnv Inicijalizacija: 12 motora. OBS_dim=40, frame_skip=1
[Fitness run Gen4Creature20] reward=213.46±423.84  dist=0.02±0.03  upright=0.62±0.29  → FITNESS=0.2239
URDF saved to being.urdf
Connecting to PyBullet, GUI: False
CreatureEnv Inicijalizacija: 12 motora. OBS_dim=40, frame_skip=1
[Fitness run Gen4Creature21] reward=1.76±0.02  dist=0.05±0.01  upright=0.00±0.00  → FITNESS=0.0195
URDF saved to being.urdf
Connecting to PyBullet, GUI: False
CreatureEnv Inicijalizacija: 12 motora. OBS_dim=40, frame_skip=1
[Fitness run Gen4Creature22] reward=1.85±0.00  dist=0.19±0.06  upright=1.00±0.00  → FITNESS=0.3232
URDF saved to being.urdf
Connecting to PyBullet, GUI: False
CreatureEnv Inicijalizacija: 12 motora. OBS_dim=40, frame_skip=1
[Fitness run Gen4Creature23] reward=1.62±0.00  dist=0.12±0.04  upright=0.01±0.02  → FITNESS=0.0233
URDF saved to being.urdf
Connecting to PyBullet, GUI: False
CreatureEnv Inicijalizacija: 12 motora. OBS_dim=40, frame_skip=1
[Fitness run Gen4Creature24] reward=1.56±0.07  dist=0.04±0.02  upright=0.01±0.04  → FITNESS=0.0231
URDF saved to being.urdf
Connecting to PyBullet, GUI: False
CreatureEnv Inicijalizacija: 12 motora. OBS_dim=40, frame_skip=1
[Fitness run Gen4Creature25] reward=1.64±0.01  dist=0.00±0.00  upright=0.00±0.00  → FITNESS=0.0183
URDF saved to being.urdf
Connecting to PyBullet, GUI: False
CreatureEnv Inicijalizacija: 12 motora. OBS_dim=40, frame_skip=1
[Fitness run Gen4Creature26] reward=1.54±0.11  dist=0.01±0.01  upright=0.06±0.19  → FITNESS=0.0380
URDF saved to being.urdf
Connecting to PyBullet, GUI: False
CreatureEnv Inicijalizacija: 12 motora. OBS_dim=40, frame_skip=1
[Fitness run Gen4Creature27] reward=1.33±0.00  dist=0.00±0.00  upright=0.00±0.00  → FITNESS=0.0183
URDF saved to being.urdf
Connecting to PyBullet, GUI: False
CreatureEnv Inicijalizacija: 12 motora. OBS_dim=40, frame_skip=1
[Fitness run Gen4Creature28] reward=1.39±0.00  dist=0.03±0.01  upright=0.96±0.13  → FITNESS=0.3064
URDF saved to being.urdf
Connecting to PyBullet, GUI: False
CreatureEnv Inicijalizacija: 12 motora. OBS_dim=40, frame_skip=1
[Fitness run Gen4Creature29] reward=983.27±327.38  dist=0.00±0.01  upright=0.90±0.30  → FITNESS=0.3777
Genome saved to results\distanceBased500Steps1Seed\run_5\run_5_best_creature.json
[plot] Saved → ./results\distanceBased500Steps1Seed\run_5\run_5_summary.png
URDF saved to being.urdf
Connecting to PyBullet, GUI: False
CreatureEnv Inicijalizacija: 12 motora. OBS_dim=40, frame_skip=1
[Fitness run Gen5Creature3] reward=1.41±0.02  dist=0.00±0.00  upright=0.03±0.01  → FITNESS=0.0270
URDF saved to being.urdf
Connecting to PyBullet, GUI: False
CreatureEnv Inicijalizacija: 12 motora. OBS_dim=40, frame_skip=1
[Fitness run Gen5Creature4] reward=1.81±0.21  dist=0.00±0.00  upright=0.12±0.27  → FITNESS=0.0551
URDF saved to being.urdf
Connecting to PyBullet, GUI: False
CreatureEnv Inicijalizacija: 12 motora. OBS_dim=40, frame_skip=1
[Fitness run Gen5Creature5] reward=1.71±0.06  dist=0.08±0.08  upright=0.90±0.30  → FITNESS=0.2904
URDF saved to being.urdf
Connecting to PyBullet, GUI: False
CreatureEnv Inicijalizacija: 12 motora. OBS_dim=40, frame_skip=1
[Fitness run Gen5Creature6] reward=1025.30±0.01  dist=0.03±0.01  upright=1.00±0.00  → FITNESS=0.4122
URDF saved to being.urdf
Connecting to PyBullet, GUI: False
CreatureEnv Inicijalizacija: 12 motora. OBS_dim=40, frame_skip=1
[Fitness run Gen5Creature7] reward=1.65±0.07  dist=0.00±0.00  upright=0.35±0.33  → FITNESS=0.1228
URDF saved to being.urdf
Connecting to PyBullet, GUI: False
CreatureEnv Inicijalizacija: 12 motora. OBS_dim=40, frame_skip=1
[Fitness run Gen5Creature8] reward=1.53±0.00  dist=0.01±0.04  upright=0.70±0.08  → FITNESS=0.2296
URDF saved to being.urdf
Connecting to PyBullet, GUI: False
CreatureEnv Inicijalizacija: 12 motora. OBS_dim=40, frame_skip=1
[Fitness run Gen5Creature9] reward=981.53±326.67  dist=0.00±0.01  upright=0.91±0.27  → FITNESS=0.3804
URDF saved to being.urdf
Connecting to PyBullet, GUI: False
CreatureEnv Inicijalizacija: 12 motora. OBS_dim=40, frame_skip=1
[Fitness run Gen5Creature10] reward=1.64±0.08  dist=0.16±0.10  upright=0.18±0.04  → FITNESS=0.0766
URDF saved to being.urdf
Connecting to PyBullet, GUI: False
CreatureEnv Inicijalizacija: 12 motora. OBS_dim=40, frame_skip=1
[Fitness run Gen5Creature11] reward=1.45±0.05  dist=0.31±0.03  upright=0.15±0.03  → FITNESS=0.0716
URDF saved to being.urdf
Connecting to PyBullet, GUI: False
CreatureEnv Inicijalizacija: 12 motora. OBS_dim=40, frame_skip=1
[Fitness run Gen5Creature12] reward=1.48±0.05  dist=0.21±0.07  upright=0.33±0.01  → FITNESS=0.1213
URDF saved to being.urdf
Connecting to PyBullet, GUI: False
CreatureEnv Inicijalizacija: 12 motora. OBS_dim=40, frame_skip=1
[Fitness run Gen5Creature13] reward=1.50±0.13  dist=0.06±0.02  upright=0.04±0.12  → FITNESS=0.0313
URDF saved to being.urdf
Connecting to PyBullet, GUI: False
CreatureEnv Inicijalizacija: 12 motora. OBS_dim=40, frame_skip=1
[Fitness run Gen5Creature14] reward=1.72±0.21  dist=0.00±0.01  upright=0.40±0.18  → FITNESS=0.1374
URDF saved to being.urdf
Connecting to PyBullet, GUI: False
CreatureEnv Inicijalizacija: 12 motora. OBS_dim=40, frame_skip=1
[Fitness run Gen5Creature15] reward=1.81±0.09  dist=0.15±0.05  upright=0.90±0.30  → FITNESS=0.2920
URDF saved to being.urdf
Connecting to PyBullet, GUI: False
CreatureEnv Inicijalizacija: 12 motora. OBS_dim=40, frame_skip=1
[Fitness run Gen5Creature16] reward=1.37±0.06  dist=0.00±0.00  upright=0.03±0.08  → FITNESS=0.0260
URDF saved to being.urdf
Connecting to PyBullet, GUI: False
CreatureEnv Inicijalizacija: 12 motora. OBS_dim=40, frame_skip=1
[Fitness run Gen5Creature17] reward=1.54±0.05  dist=0.00±0.00  upright=0.56±0.15  → FITNESS=0.1877
URDF saved to being.urdf
Connecting to PyBullet, GUI: False
CreatureEnv Inicijalizacija: 12 motora. OBS_dim=40, frame_skip=1
[Fitness run Gen5Creature18] reward=1.55±0.02  dist=0.00±0.01  upright=0.27±0.20  → FITNESS=0.1007
URDF saved to being.urdf
Connecting to PyBullet, GUI: False
CreatureEnv Inicijalizacija: 12 motora. OBS_dim=40, frame_skip=1
[Fitness run Gen5Creature19] reward=1.54±0.04  dist=0.02±0.01  upright=0.03±0.09  → FITNESS=0.0275
URDF saved to being.urdf
Connecting to PyBullet, GUI: False
CreatureEnv Inicijalizacija: 12 motora. OBS_dim=40, frame_skip=1
[Fitness run Gen5Creature20] reward=977.32±325.29  dist=0.00±0.00  upright=0.91±0.28  → FITNESS=0.3790
URDF saved to being.urdf
Connecting to PyBullet, GUI: False
CreatureEnv Inicijalizacija: 12 motora. OBS_dim=40, frame_skip=1
[Fitness run Gen5Creature21] reward=1.75±0.05  dist=0.02±0.04  upright=0.00±0.00  → FITNESS=0.0188
URDF saved to being.urdf
Connecting to PyBullet, GUI: False
CreatureEnv Inicijalizacija: 12 motora. OBS_dim=40, frame_skip=1
[Fitness run Gen5Creature23] reward=956.00±319.65  dist=0.00±0.00  upright=0.90±0.30  → FITNESS=0.3751
URDF saved to being.urdf
Connecting to PyBullet, GUI: False
CreatureEnv Inicijalizacija: 12 motora. OBS_dim=40, frame_skip=1
[Fitness run Gen5Creature24] reward=954.82±317.69  dist=0.00±0.00  upright=0.90±0.30  → FITNESS=0.3750
URDF saved to being.urdf
Connecting to PyBullet, GUI: False
CreatureEnv Inicijalizacija: 12 motora. OBS_dim=40, frame_skip=1
[Fitness run Gen5Creature25] reward=1.69±0.06  dist=0.17±0.06  upright=0.70±0.23  → FITNESS=0.2316
URDF saved to being.urdf
Connecting to PyBullet, GUI: False
CreatureEnv Inicijalizacija: 12 motora. OBS_dim=40, frame_skip=1
[Fitness run Gen5Creature26] reward=1.51±0.03  dist=0.04±0.01  upright=0.03±0.10  → FITNESS=0.0289
URDF saved to being.urdf
Connecting to PyBullet, GUI: False
CreatureEnv Inicijalizacija: 12 motora. OBS_dim=40, frame_skip=1
[Fitness run Gen5Creature27] reward=1.56±0.00  dist=0.01±0.03  upright=0.00±0.00  → FITNESS=0.0186
URDF saved to being.urdf
Connecting to PyBullet, GUI: False
CreatureEnv Inicijalizacija: 12 motora. OBS_dim=40, frame_skip=1
[Fitness run Gen5Creature28] reward=1.50±0.00  dist=0.00±0.00  upright=0.91±0.01  → FITNESS=0.2903
URDF saved to being.urdf
Connecting to PyBullet, GUI: False
CreatureEnv Inicijalizacija: 12 motora. OBS_dim=40, frame_skip=1
[Fitness run Gen5Creature29] reward=991.06±329.87  dist=0.00±0.00  upright=0.90±0.30  → FITNESS=0.3783

==================================================
Generacija 5/20  |  Best = 0.4123  |  Mean = 0.2040  |  Std = 0.1447
==================================================
URDF saved to being.urdf
Connecting to PyBullet, GUI: False
CreatureEnv Inicijalizacija: 12 motora. OBS_dim=40, frame_skip=1
[Fitness run Gen5Creature3] reward=1.41±0.02  dist=0.00±0.00  upright=0.03±0.01  → FITNESS=0.0270
URDF saved to being.urdf
Connecting to PyBullet, GUI: False
CreatureEnv Inicijalizacija: 12 motora. OBS_dim=40, frame_skip=1
[Fitness run Gen5Creature4] reward=1.81±0.21  dist=0.00±0.00  upright=0.12±0.27  → FITNESS=0.0551
URDF saved to being.urdf
Connecting to PyBullet, GUI: False
CreatureEnv Inicijalizacija: 12 motora. OBS_dim=40, frame_skip=1
[Fitness run Gen5Creature5] reward=1.71±0.06  dist=0.08±0.08  upright=0.90±0.30  → FITNESS=0.2904
URDF saved to being.urdf
Connecting to PyBullet, GUI: False
CreatureEnv Inicijalizacija: 12 motora. OBS_dim=40, frame_skip=1
[Fitness run Gen5Creature6] reward=1025.30±0.01  dist=0.03±0.01  upright=1.00±0.00  → FITNESS=0.4122
URDF saved to being.urdf
Connecting to PyBullet, GUI: False
CreatureEnv Inicijalizacija: 12 motora. OBS_dim=40, frame_skip=1
[Fitness run Gen5Creature7] reward=1.65±0.07  dist=0.00±0.00  upright=0.35±0.33  → FITNESS=0.1228
URDF saved to being.urdf
Connecting to PyBullet, GUI: False
CreatureEnv Inicijalizacija: 12 motora. OBS_dim=40, frame_skip=1
[Fitness run Gen5Creature8] reward=1.53±0.00  dist=0.01±0.04  upright=0.70±0.08  → FITNESS=0.2296
URDF saved to being.urdf
Connecting to PyBullet, GUI: False
CreatureEnv Inicijalizacija: 12 motora. OBS_dim=40, frame_skip=1
[Fitness run Gen5Creature9] reward=981.53±326.67  dist=0.00±0.01  upright=0.91±0.27  → FITNESS=0.3804
URDF saved to being.urdf
Connecting to PyBullet, GUI: False
CreatureEnv Inicijalizacija: 12 motora. OBS_dim=40, frame_skip=1
[Fitness run Gen5Creature10] reward=1.64±0.08  dist=0.16±0.10  upright=0.18±0.04  → FITNESS=0.0766
URDF saved to being.urdf
Connecting to PyBullet, GUI: False
CreatureEnv Inicijalizacija: 12 motora. OBS_dim=40, frame_skip=1
[Fitness run Gen5Creature11] reward=1.45±0.05  dist=0.31±0.03  upright=0.15±0.03  → FITNESS=0.0716
URDF saved to being.urdf
Connecting to PyBullet, GUI: False
CreatureEnv Inicijalizacija: 12 motora. OBS_dim=40, frame_skip=1
[Fitness run Gen5Creature12] reward=1.48±0.05  dist=0.21±0.07  upright=0.33±0.01  → FITNESS=0.1213
URDF saved to being.urdf
Connecting to PyBullet, GUI: False
CreatureEnv Inicijalizacija: 12 motora. OBS_dim=40, frame_skip=1
[Fitness run Gen5Creature13] reward=1.50±0.13  dist=0.06±0.02  upright=0.04±0.12  → FITNESS=0.0313
URDF saved to being.urdf
Connecting to PyBullet, GUI: False
CreatureEnv Inicijalizacija: 12 motora. OBS_dim=40, frame_skip=1
[Fitness run Gen5Creature14] reward=1.72±0.21  dist=0.00±0.01  upright=0.40±0.18  → FITNESS=0.1374
URDF saved to being.urdf
Connecting to PyBullet, GUI: False
CreatureEnv Inicijalizacija: 12 motora. OBS_dim=40, frame_skip=1
[Fitness run Gen5Creature15] reward=1.81±0.09  dist=0.15±0.05  upright=0.90±0.30  → FITNESS=0.2920
URDF saved to being.urdf
Connecting to PyBullet, GUI: False
CreatureEnv Inicijalizacija: 12 motora. OBS_dim=40, frame_skip=1
[Fitness run Gen5Creature16] reward=1.37±0.06  dist=0.00±0.00  upright=0.03±0.08  → FITNESS=0.0260
URDF saved to being.urdf
Connecting to PyBullet, GUI: False
CreatureEnv Inicijalizacija: 12 motora. OBS_dim=40, frame_skip=1
[Fitness run Gen5Creature17] reward=1.54±0.05  dist=0.00±0.00  upright=0.56±0.15  → FITNESS=0.1877
URDF saved to being.urdf
Connecting to PyBullet, GUI: False
CreatureEnv Inicijalizacija: 12 motora. OBS_dim=40, frame_skip=1
[Fitness run Gen5Creature18] reward=1.55±0.02  dist=0.00±0.01  upright=0.27±0.20  → FITNESS=0.1007
URDF saved to being.urdf
Connecting to PyBullet, GUI: False
CreatureEnv Inicijalizacija: 12 motora. OBS_dim=40, frame_skip=1
[Fitness run Gen5Creature19] reward=1.54±0.04  dist=0.02±0.01  upright=0.03±0.09  → FITNESS=0.0275
URDF saved to being.urdf
Connecting to PyBullet, GUI: False
CreatureEnv Inicijalizacija: 12 motora. OBS_dim=40, frame_skip=1
[Fitness run Gen5Creature20] reward=977.32±325.29  dist=0.00±0.00  upright=0.91±0.28  → FITNESS=0.3790
URDF saved to being.urdf
Connecting to PyBullet, GUI: False
CreatureEnv Inicijalizacija: 12 motora. OBS_dim=40, frame_skip=1
[Fitness run Gen5Creature21] reward=1.75±0.05  dist=0.02±0.04  upright=0.00±0.00  → FITNESS=0.0188
URDF saved to being.urdf
Connecting to PyBullet, GUI: False
CreatureEnv Inicijalizacija: 12 motora. OBS_dim=40, frame_skip=1
[Fitness run Gen5Creature23] reward=956.00±319.65  dist=0.00±0.00  upright=0.90±0.30  → FITNESS=0.3751
URDF saved to being.urdf
Connecting to PyBullet, GUI: False
CreatureEnv Inicijalizacija: 12 motora. OBS_dim=40, frame_skip=1
[Fitness run Gen5Creature24] reward=954.82±317.69  dist=0.00±0.00  upright=0.90±0.30  → FITNESS=0.3750
URDF saved to being.urdf
Connecting to PyBullet, GUI: False
CreatureEnv Inicijalizacija: 12 motora. OBS_dim=40, frame_skip=1
[Fitness run Gen5Creature25] reward=1.69±0.06  dist=0.17±0.06  upright=0.70±0.23  → FITNESS=0.2316
URDF saved to being.urdf
Connecting to PyBullet, GUI: False
CreatureEnv Inicijalizacija: 12 motora. OBS_dim=40, frame_skip=1
[Fitness run Gen5Creature26] reward=1.51±0.03  dist=0.04±0.01  upright=0.03±0.10  → FITNESS=0.0289
URDF saved to being.urdf
Connecting to PyBullet, GUI: False
CreatureEnv Inicijalizacija: 12 motora. OBS_dim=40, frame_skip=1
[Fitness run Gen5Creature27] reward=1.56±0.00  dist=0.01±0.03  upright=0.00±0.00  → FITNESS=0.0186
URDF saved to being.urdf
Connecting to PyBullet, GUI: False
CreatureEnv Inicijalizacija: 12 motora. OBS_dim=40, frame_skip=1
[Fitness run Gen5Creature28] reward=1.50±0.00  dist=0.00±0.00  upright=0.91±0.01  → FITNESS=0.2903
URDF saved to being.urdf
Connecting to PyBullet, GUI: False
CreatureEnv Inicijalizacija: 12 motora. OBS_dim=40, frame_skip=1
[Fitness run Gen5Creature29] reward=991.06±329.87  dist=0.00±0.00  upright=0.90±0.30  → FITNESS=0.3783
Genome saved to results\distanceBased500Steps1Seed\run_5\run_5_best_creature.json
[plot] Saved → ./results\distanceBased500Steps1Seed\run_5\run_5_summary.png
URDF saved to being.urdf
Connecting to PyBullet, GUI: False
CreatureEnv Inicijalizacija: 12 motora. OBS_dim=40, frame_skip=1
[Fitness run Gen6Creature2] reward=1.62±0.02  dist=0.01±0.01  upright=0.07±0.03  → FITNESS=0.0407
URDF saved to being.urdf
Connecting to PyBullet, GUI: False
CreatureEnv Inicijalizacija: 12 motora. OBS_dim=40, frame_skip=1
[Fitness run Gen6Creature3] reward=1.58±0.02  dist=0.01±0.01  upright=0.23±0.08  → FITNESS=0.0884
URDF saved to being.urdf
Connecting to PyBullet, GUI: False
CreatureEnv Inicijalizacija: 12 motora. OBS_dim=40, frame_skip=1
[Fitness run Gen6Creature4] reward=1.73±0.12  dist=0.00±0.00  upright=0.40±0.08  → FITNESS=0.1374
URDF saved to being.urdf
Connecting to PyBullet, GUI: False
CreatureEnv Inicijalizacija: 12 motora. OBS_dim=40, frame_skip=1
[Fitness run Gen6Creature5] reward=1.71±0.06  dist=0.08±0.08  upright=0.90±0.30  → FITNESS=0.2904
URDF saved to being.urdf
Connecting to PyBullet, GUI: False
CreatureEnv Inicijalizacija: 12 motora. OBS_dim=40, frame_skip=1
[Fitness run Gen6Creature7] reward=1.65±0.07  dist=0.00±0.00  upright=0.35±0.33  → FITNESS=0.1228
URDF saved to being.urdf
Connecting to PyBullet, GUI: False
CreatureEnv Inicijalizacija: 12 motora. OBS_dim=40, frame_skip=1
[Fitness run Gen6Creature9] reward=992.06±330.32  dist=0.01±0.01  upright=0.90±0.30  → FITNESS=0.3786
URDF saved to being.urdf
Connecting to PyBullet, GUI: False
CreatureEnv Inicijalizacija: 12 motora. OBS_dim=40, frame_skip=1
[Fitness run Gen6Creature10] reward=1.22±0.21  dist=0.08±0.04  upright=0.15±0.05  → FITNESS=0.0658
URDF saved to being.urdf
Connecting to PyBullet, GUI: False
CreatureEnv Inicijalizacija: 12 motora. OBS_dim=40, frame_skip=1
[Fitness run Gen6Creature11] reward=934.89±311.11  dist=0.00±0.00  upright=0.91±0.26  → FITNESS=0.3771
URDF saved to being.urdf
Connecting to PyBullet, GUI: False
CreatureEnv Inicijalizacija: 12 motora. OBS_dim=40, frame_skip=1
[Fitness run Gen6Creature12] reward=1.64±0.01  dist=0.16±0.09  upright=0.02±0.06  → FITNESS=0.0281
URDF saved to being.urdf
Connecting to PyBullet, GUI: False
CreatureEnv Inicijalizacija: 12 motora. OBS_dim=40, frame_skip=1
[Fitness run Gen6Creature13] reward=1.70±0.00  dist=0.00±0.00  upright=0.02±0.06  → FITNESS=0.0241
URDF saved to being.urdf
Connecting to PyBullet, GUI: False
CreatureEnv Inicijalizacija: 12 motora. OBS_dim=40, frame_skip=1
[Fitness run Gen6Creature14] reward=1.78±0.11  dist=0.00±0.00  upright=0.06±0.00  → FITNESS=0.0377
URDF saved to being.urdf
Connecting to PyBullet, GUI: False
CreatureEnv Inicijalizacija: 12 motora. OBS_dim=40, frame_skip=1
[Fitness run Gen6Creature15] reward=1.81±0.09  dist=0.15±0.05  upright=0.90±0.30  → FITNESS=0.2920
URDF saved to being.urdf
Connecting to PyBullet, GUI: False
CreatureEnv Inicijalizacija: 12 motora. OBS_dim=40, frame_skip=1
[Fitness run Gen6Creature16] reward=1.37±0.06  dist=0.00±0.00  upright=0.03±0.08  → FITNESS=0.0260
URDF saved to being.urdf
Connecting to PyBullet, GUI: False
CreatureEnv Inicijalizacija: 12 motora. OBS_dim=40, frame_skip=1
[Fitness run Gen6Creature17] reward=1.54±0.05  dist=0.00±0.00  upright=0.56±0.15  → FITNESS=0.1877
URDF saved to being.urdf
Connecting to PyBullet, GUI: False
CreatureEnv Inicijalizacija: 12 motora. OBS_dim=40, frame_skip=1
[Fitness run Gen6Creature18] reward=1.56±0.00  dist=0.01±0.01  upright=0.97±0.09  → FITNESS=0.3099
URDF saved to being.urdf
Connecting to PyBullet, GUI: False
CreatureEnv Inicijalizacija: 12 motora. OBS_dim=40, frame_skip=1
[Fitness run Gen6Creature19] reward=1.48±0.04  dist=0.11±0.04  upright=0.08±0.05  → FITNESS=0.0444
URDF saved to being.urdf
Connecting to PyBullet, GUI: False
CreatureEnv Inicijalizacija: 12 motora. OBS_dim=40, frame_skip=1
[Fitness run Gen6Creature20] reward=963.08±320.53  dist=0.00±0.00  upright=0.90±0.30  → FITNESS=0.3757
URDF saved to being.urdf
Connecting to PyBullet, GUI: False
CreatureEnv Inicijalizacija: 12 motora. OBS_dim=40, frame_skip=1
[Fitness run Gen6Creature21] reward=232.84±415.89  dist=0.04±0.01  upright=0.71±0.30  → FITNESS=0.2534
URDF saved to being.urdf
Connecting to PyBullet, GUI: False
CreatureEnv Inicijalizacija: 12 motora. OBS_dim=40, frame_skip=1
[Fitness run Gen6Creature22] reward=989.08±329.20  dist=0.01±0.01  upright=0.90±0.30  → FITNESS=0.3784
URDF saved to being.urdf
Connecting to PyBullet, GUI: False
CreatureEnv Inicijalizacija: 12 motora. OBS_dim=40, frame_skip=1
[Fitness run Gen6Creature23] reward=969.65±322.66  dist=0.00±0.00  upright=0.90±0.30  → FITNESS=0.3763
URDF saved to being.urdf
Connecting to PyBullet, GUI: False
CreatureEnv Inicijalizacija: 12 motora. OBS_dim=40, frame_skip=1
[Fitness run Gen6Creature24] reward=997.63±331.98  dist=0.03±0.07  upright=0.90±0.30  → FITNESS=0.3795
URDF saved to being.urdf
Connecting to PyBullet, GUI: False
CreatureEnv Inicijalizacija: 12 motora. OBS_dim=40, frame_skip=1
[Fitness run Gen6Creature25] reward=1.69±0.06  dist=0.17±0.06  upright=0.70±0.23  → FITNESS=0.2316
URDF saved to being.urdf
Connecting to PyBullet, GUI: False
CreatureEnv Inicijalizacija: 12 motora. OBS_dim=40, frame_skip=1
[Fitness run Gen6Creature26] reward=1.51±0.03  dist=0.04±0.01  upright=0.03±0.10  → FITNESS=0.0289
URDF saved to being.urdf
Connecting to PyBullet, GUI: False
CreatureEnv Inicijalizacija: 12 motora. OBS_dim=40, frame_skip=1
[Fitness run Gen6Creature27] reward=1.56±0.00  dist=0.01±0.03  upright=0.00±0.00  → FITNESS=0.0186
URDF saved to being.urdf
Connecting to PyBullet, GUI: False
CreatureEnv Inicijalizacija: 12 motora. OBS_dim=40, frame_skip=1
[Fitness run Gen6Creature28] reward=1.47±0.00  dist=0.01±0.03  upright=0.98±0.05  → FITNESS=0.3137
URDF saved to being.urdf
Connecting to PyBullet, GUI: False
CreatureEnv Inicijalizacija: 12 motora. OBS_dim=40, frame_skip=1
[Fitness run Gen6Creature29] reward=977.35±325.31  dist=0.01±0.01  upright=0.90±0.30  → FITNESS=0.3773

==================================================
Generacija 6/20  |  Best = 0.4123  |  Mean = 0.2217  |  Std = 0.1480
==================================================
URDF saved to being.urdf
Connecting to PyBullet, GUI: False
CreatureEnv Inicijalizacija: 12 motora. OBS_dim=40, frame_skip=1
[Fitness run Gen6Creature2] reward=1.62±0.02  dist=0.01±0.01  upright=0.07±0.03  → FITNESS=0.0407
URDF saved to being.urdf
Connecting to PyBullet, GUI: False
CreatureEnv Inicijalizacija: 12 motora. OBS_dim=40, frame_skip=1
[Fitness run Gen6Creature3] reward=1.58±0.02  dist=0.01±0.01  upright=0.23±0.08  → FITNESS=0.0884
URDF saved to being.urdf
Connecting to PyBullet, GUI: False
CreatureEnv Inicijalizacija: 12 motora. OBS_dim=40, frame_skip=1
[Fitness run Gen6Creature4] reward=1.73±0.12  dist=0.00±0.00  upright=0.40±0.08  → FITNESS=0.1374
URDF saved to being.urdf
Connecting to PyBullet, GUI: False
CreatureEnv Inicijalizacija: 12 motora. OBS_dim=40, frame_skip=1
[Fitness run Gen6Creature5] reward=1.71±0.06  dist=0.08±0.08  upright=0.90±0.30  → FITNESS=0.2904
URDF saved to being.urdf
Connecting to PyBullet, GUI: False
CreatureEnv Inicijalizacija: 12 motora. OBS_dim=40, frame_skip=1
[Fitness run Gen6Creature7] reward=1.65±0.07  dist=0.00±0.00  upright=0.35±0.33  → FITNESS=0.1228
URDF saved to being.urdf
Connecting to PyBullet, GUI: False
CreatureEnv Inicijalizacija: 12 motora. OBS_dim=40, frame_skip=1
[Fitness run Gen6Creature9] reward=992.06±330.32  dist=0.01±0.01  upright=0.90±0.30  → FITNESS=0.3786
URDF saved to being.urdf
Connecting to PyBullet, GUI: False
CreatureEnv Inicijalizacija: 12 motora. OBS_dim=40, frame_skip=1
[Fitness run Gen6Creature10] reward=1.22±0.21  dist=0.08±0.04  upright=0.15±0.05  → FITNESS=0.0658
URDF saved to being.urdf
Connecting to PyBullet, GUI: False
CreatureEnv Inicijalizacija: 12 motora. OBS_dim=40, frame_skip=1
[Fitness run Gen6Creature11] reward=934.89±311.11  dist=0.00±0.00  upright=0.91±0.26  → FITNESS=0.3771
URDF saved to being.urdf
Connecting to PyBullet, GUI: False
CreatureEnv Inicijalizacija: 12 motora. OBS_dim=40, frame_skip=1
[Fitness run Gen6Creature12] reward=1.64±0.01  dist=0.16±0.09  upright=0.02±0.06  → FITNESS=0.0281
URDF saved to being.urdf
Connecting to PyBullet, GUI: False
CreatureEnv Inicijalizacija: 12 motora. OBS_dim=40, frame_skip=1
[Fitness run Gen6Creature13] reward=1.70±0.00  dist=0.00±0.00  upright=0.02±0.06  → FITNESS=0.0241
URDF saved to being.urdf
Connecting to PyBullet, GUI: False
CreatureEnv Inicijalizacija: 12 motora. OBS_dim=40, frame_skip=1
[Fitness run Gen6Creature14] reward=1.78±0.11  dist=0.00±0.00  upright=0.06±0.00  → FITNESS=0.0377
URDF saved to being.urdf
Connecting to PyBullet, GUI: False
CreatureEnv Inicijalizacija: 12 motora. OBS_dim=40, frame_skip=1
[Fitness run Gen6Creature15] reward=1.81±0.09  dist=0.15±0.05  upright=0.90±0.30  → FITNESS=0.2920
URDF saved to being.urdf
Connecting to PyBullet, GUI: False
CreatureEnv Inicijalizacija: 12 motora. OBS_dim=40, frame_skip=1
[Fitness run Gen6Creature16] reward=1.37±0.06  dist=0.00±0.00  upright=0.03±0.08  → FITNESS=0.0260
URDF saved to being.urdf
Connecting to PyBullet, GUI: False
CreatureEnv Inicijalizacija: 12 motora. OBS_dim=40, frame_skip=1
[Fitness run Gen6Creature17] reward=1.54±0.05  dist=0.00±0.00  upright=0.56±0.15  → FITNESS=0.1877
URDF saved to being.urdf
Connecting to PyBullet, GUI: False
CreatureEnv Inicijalizacija: 12 motora. OBS_dim=40, frame_skip=1
[Fitness run Gen6Creature18] reward=1.56±0.00  dist=0.01±0.01  upright=0.97±0.09  → FITNESS=0.3099
URDF saved to being.urdf
Connecting to PyBullet, GUI: False
CreatureEnv Inicijalizacija: 12 motora. OBS_dim=40, frame_skip=1
[Fitness run Gen6Creature19] reward=1.48±0.04  dist=0.11±0.04  upright=0.08±0.05  → FITNESS=0.0444
URDF saved to being.urdf
Connecting to PyBullet, GUI: False
CreatureEnv Inicijalizacija: 12 motora. OBS_dim=40, frame_skip=1
[Fitness run Gen6Creature20] reward=963.08±320.53  dist=0.00±0.00  upright=0.90±0.30  → FITNESS=0.3757
URDF saved to being.urdf
Connecting to PyBullet, GUI: False
CreatureEnv Inicijalizacija: 12 motora. OBS_dim=40, frame_skip=1
[Fitness run Gen6Creature21] reward=232.84±415.89  dist=0.04±0.01  upright=0.71±0.30  → FITNESS=0.2534
URDF saved to being.urdf
Connecting to PyBullet, GUI: False
CreatureEnv Inicijalizacija: 12 motora. OBS_dim=40, frame_skip=1
[Fitness run Gen6Creature22] reward=989.08±329.20  dist=0.01±0.01  upright=0.90±0.30  → FITNESS=0.3784
URDF saved to being.urdf
Connecting to PyBullet, GUI: False
CreatureEnv Inicijalizacija: 12 motora. OBS_dim=40, frame_skip=1
[Fitness run Gen6Creature23] reward=969.65±322.66  dist=0.00±0.00  upright=0.90±0.30  → FITNESS=0.3763
URDF saved to being.urdf
Connecting to PyBullet, GUI: False
CreatureEnv Inicijalizacija: 12 motora. OBS_dim=40, frame_skip=1
[Fitness run Gen6Creature24] reward=997.63±331.98  dist=0.03±0.07  upright=0.90±0.30  → FITNESS=0.3795
URDF saved to being.urdf
Connecting to PyBullet, GUI: False
CreatureEnv Inicijalizacija: 12 motora. OBS_dim=40, frame_skip=1
[Fitness run Gen6Creature25] reward=1.69±0.06  dist=0.17±0.06  upright=0.70±0.23  → FITNESS=0.2316
URDF saved to being.urdf
Connecting to PyBullet, GUI: False
CreatureEnv Inicijalizacija: 12 motora. OBS_dim=40, frame_skip=1
[Fitness run Gen6Creature26] reward=1.51±0.03  dist=0.04±0.01  upright=0.03±0.10  → FITNESS=0.0289
URDF saved to being.urdf
Connecting to PyBullet, GUI: False
CreatureEnv Inicijalizacija: 12 motora. OBS_dim=40, frame_skip=1
[Fitness run Gen6Creature27] reward=1.56±0.00  dist=0.01±0.03  upright=0.00±0.00  → FITNESS=0.0186
URDF saved to being.urdf
Connecting to PyBullet, GUI: False
CreatureEnv Inicijalizacija: 12 motora. OBS_dim=40, frame_skip=1
[Fitness run Gen6Creature28] reward=1.47±0.00  dist=0.01±0.03  upright=0.98±0.05  → FITNESS=0.3137
URDF saved to being.urdf
Connecting to PyBullet, GUI: False
CreatureEnv Inicijalizacija: 12 motora. OBS_dim=40, frame_skip=1
[Fitness run Gen6Creature29] reward=977.35±325.31  dist=0.01±0.01  upright=0.90±0.30  → FITNESS=0.3773
Genome saved to results\distanceBased500Steps1Seed\run_5\run_5_best_creature.json
[plot] Saved → ./results\distanceBased500Steps1Seed\run_5\run_5_summary.png
URDF saved to being.urdf
Connecting to PyBullet, GUI: False
CreatureEnv Inicijalizacija: 12 motora. OBS_dim=40, frame_skip=1
[Fitness run Gen7Creature2] reward=894.42±297.75  dist=0.01±0.01  upright=0.90±0.30  → FITNESS=0.3698
URDF saved to being.urdf
Connecting to PyBullet, GUI: False
CreatureEnv Inicijalizacija: 12 motora. OBS_dim=40, frame_skip=1
[Fitness run Gen7Creature3] reward=22.32±24.59  dist=0.07±0.02  upright=0.88±0.29  → FITNESS=0.2851
URDF saved to being.urdf
Connecting to PyBullet, GUI: False
CreatureEnv Inicijalizacija: 12 motora. OBS_dim=40, frame_skip=1
[Fitness run Gen7Creature4] reward=923.05±307.28  dist=0.01±0.00  upright=0.93±0.20  → FITNESS=0.3820
URDF saved to being.urdf
Connecting to PyBullet, GUI: False
CreatureEnv Inicijalizacija: 12 motora. OBS_dim=40, frame_skip=1
[Fitness run Gen7Creature5] reward=1.48±0.01  dist=0.00±0.00  upright=0.90±0.30  → FITNESS=0.2883
URDF saved to being.urdf
Connecting to PyBullet, GUI: False
CreatureEnv Inicijalizacija: 12 motora. OBS_dim=40, frame_skip=1
[Fitness run Gen7Creature6] reward=954.39±317.66  dist=0.02±0.01  upright=0.90±0.30  → FITNESS=0.3754
URDF saved to being.urdf
Connecting to PyBullet, GUI: False
CreatureEnv Inicijalizacija: 12 motora. OBS_dim=40, frame_skip=1
[Fitness run Gen7Creature7] reward=1058.52±0.08  dist=0.00±0.00  upright=1.00±0.00  → FITNESS=0.4144
URDF saved to being.urdf
Connecting to PyBullet, GUI: False
CreatureEnv Inicijalizacija: 12 motora. OBS_dim=40, frame_skip=1
[Fitness run Gen7Creature8] reward=1.37±0.00  dist=0.01±0.00  upright=0.00±0.00  → FITNESS=0.0186
URDF saved to being.urdf
Connecting to PyBullet, GUI: False
CreatureEnv Inicijalizacija: 12 motora. OBS_dim=40, frame_skip=1
[Fitness run Gen7Creature9] reward=1065.05±0.07  dist=0.00±0.00  upright=1.00±0.00  → FITNESS=0.4150
URDF saved to being.urdf
Connecting to PyBullet, GUI: False
CreatureEnv Inicijalizacija: 12 motora. OBS_dim=40, frame_skip=1
[Fitness run Gen7Creature10] reward=1074.86±1.25  dist=0.00±0.00  upright=1.00±0.00  → FITNESS=0.4159
URDF saved to being.urdf
Connecting to PyBullet, GUI: False
CreatureEnv Inicijalizacija: 12 motora. OBS_dim=40, frame_skip=1
[Fitness run Gen7Creature11] reward=936.90±311.88  dist=0.00±0.00  upright=0.91±0.28  → FITNESS=0.3754
URDF saved to being.urdf
Connecting to PyBullet, GUI: False
CreatureEnv Inicijalizacija: 12 motora. OBS_dim=40, frame_skip=1
[Fitness run Gen7Creature12] reward=1.35±0.10  dist=0.08±0.04  upright=0.03±0.10  → FITNESS=0.0299
URDF saved to being.urdf
Connecting to PyBullet, GUI: False
CreatureEnv Inicijalizacija: 12 motora. OBS_dim=40, frame_skip=1
[Fitness run Gen7Creature13] reward=1.54±0.07  dist=0.03±0.02  upright=0.06±0.17  → FITNESS=0.0365
URDF saved to being.urdf
Connecting to PyBullet, GUI: False
CreatureEnv Inicijalizacija: 12 motora. OBS_dim=40, frame_skip=1
[Fitness run Gen7Creature14] reward=1.96±0.21  dist=0.03±0.07  upright=0.74±0.15  → FITNESS=0.2417
URDF saved to being.urdf
Connecting to PyBullet, GUI: False
CreatureEnv Inicijalizacija: 12 motora. OBS_dim=40, frame_skip=1
[Fitness run Gen7Creature15] reward=1.52±0.00  dist=0.03±0.06  upright=0.22±0.03  → FITNESS=0.0849
URDF saved to being.urdf
Connecting to PyBullet, GUI: False
CreatureEnv Inicijalizacija: 12 motora. OBS_dim=40, frame_skip=1
[Fitness run Gen7Creature16] reward=1.56±0.09  dist=0.00±0.00  upright=0.08±0.23  → FITNESS=0.0425
URDF saved to being.urdf
Connecting to PyBullet, GUI: False
CreatureEnv Inicijalizacija: 12 motora. OBS_dim=40, frame_skip=1
[Fitness run Gen7Creature17] reward=1119.81±0.17  dist=0.00±0.00  upright=1.00±0.00  → FITNESS=0.4200
URDF saved to being.urdf
Connecting to PyBullet, GUI: False
CreatureEnv Inicijalizacija: 12 motora. OBS_dim=40, frame_skip=1
[Fitness run Gen7Creature18] reward=1.60±0.14  dist=0.01±0.01  upright=0.01±0.02  → FITNESS=0.0223
URDF saved to being.urdf
Connecting to PyBullet, GUI: False
CreatureEnv Inicijalizacija: 12 motora. OBS_dim=40, frame_skip=1
[Fitness run Gen7Creature19] reward=1.51±0.23  dist=0.05±0.02  upright=0.01±0.04  → FITNESS=0.0234
URDF saved to being.urdf
Connecting to PyBullet, GUI: False
CreatureEnv Inicijalizacija: 12 motora. OBS_dim=40, frame_skip=1
[Fitness run Gen7Creature20] reward=1033.18±0.58  dist=0.00±0.00  upright=1.00±0.00  → FITNESS=0.4121
URDF saved to being.urdf
Connecting to PyBullet, GUI: False
CreatureEnv Inicijalizacija: 12 motora. OBS_dim=40, frame_skip=1
[Fitness run Gen7Creature21] reward=1.65±0.02  dist=0.03±0.01  upright=0.17±0.06  → FITNESS=0.0712
URDF saved to being.urdf
Connecting to PyBullet, GUI: False
CreatureEnv Inicijalizacija: 12 motora. OBS_dim=40, frame_skip=1
[Fitness run Gen7Creature22] reward=989.66±329.42  dist=0.01±0.00  upright=0.90±0.30  → FITNESS=0.3783
URDF saved to being.urdf
Connecting to PyBullet, GUI: False
CreatureEnv Inicijalizacija: 12 motora. OBS_dim=40, frame_skip=1
[Fitness run Gen7Creature23] reward=972.88±323.79  dist=0.01±0.00  upright=0.90±0.30  → FITNESS=0.3769
URDF saved to being.urdf
Connecting to PyBullet, GUI: False
CreatureEnv Inicijalizacija: 12 motora. OBS_dim=40, frame_skip=1
[Fitness run Gen7Creature24] reward=959.22±319.21  dist=0.00±0.00  upright=0.90±0.30  → FITNESS=0.3754
URDF saved to being.urdf
Connecting to PyBullet, GUI: False
CreatureEnv Inicijalizacija: 12 motora. OBS_dim=40, frame_skip=1
[Fitness run Gen7Creature25] reward=1.46±0.04  dist=0.00±0.00  upright=0.78±0.26  → FITNESS=0.2525
URDF saved to being.urdf
Connecting to PyBullet, GUI: False
CreatureEnv Inicijalizacija: 12 motora. OBS_dim=40, frame_skip=1
[Fitness run Gen7Creature26] reward=1.57±0.00  dist=0.00±0.00  upright=1.00±0.01  → FITNESS=0.3174
URDF saved to being.urdf
Connecting to PyBullet, GUI: False
CreatureEnv Inicijalizacija: 12 motora. OBS_dim=40, frame_skip=1
[Fitness run Gen7Creature27] reward=1.42±0.01  dist=0.12±0.04  upright=0.15±0.05  → FITNESS=0.0650
URDF saved to being.urdf
Connecting to PyBullet, GUI: False
CreatureEnv Inicijalizacija: 12 motora. OBS_dim=40, frame_skip=1
[Fitness run Gen7Creature28] reward=1.41±0.08  dist=0.07±0.02  upright=0.67±0.22  → FITNESS=0.2205
URDF saved to being.urdf
Connecting to PyBullet, GUI: False
CreatureEnv Inicijalizacija: 12 motora. OBS_dim=40, frame_skip=1
[Fitness run Gen7Creature29] reward=863.13±430.98  dist=0.00±0.01  upright=0.82±0.36  → FITNESS=0.3435

==================================================
Generacija 7/20  |  Best = 0.4200  |  Mean = 0.2626  |  Std = 0.1528
==================================================
URDF saved to being.urdf
Connecting to PyBullet, GUI: False
CreatureEnv Inicijalizacija: 12 motora. OBS_dim=40, frame_skip=1
[Fitness run Gen7Creature2] reward=894.42±297.75  dist=0.01±0.01  upright=0.90±0.30  → FITNESS=0.3698
URDF saved to being.urdf
Connecting to PyBullet, GUI: False
CreatureEnv Inicijalizacija: 12 motora. OBS_dim=40, frame_skip=1
[Fitness run Gen7Creature3] reward=22.32±24.59  dist=0.07±0.02  upright=0.88±0.29  → FITNESS=0.2851
URDF saved to being.urdf
Connecting to PyBullet, GUI: False
CreatureEnv Inicijalizacija: 12 motora. OBS_dim=40, frame_skip=1
[Fitness run Gen7Creature4] reward=923.05±307.28  dist=0.01±0.00  upright=0.93±0.20  → FITNESS=0.3820
URDF saved to being.urdf
Connecting to PyBullet, GUI: False
CreatureEnv Inicijalizacija: 12 motora. OBS_dim=40, frame_skip=1
[Fitness run Gen7Creature5] reward=1.48±0.01  dist=0.00±0.00  upright=0.90±0.30  → FITNESS=0.2883
URDF saved to being.urdf
Connecting to PyBullet, GUI: False
CreatureEnv Inicijalizacija: 12 motora. OBS_dim=40, frame_skip=1
[Fitness run Gen7Creature6] reward=954.39±317.66  dist=0.02±0.01  upright=0.90±0.30  → FITNESS=0.3754
URDF saved to being.urdf
Connecting to PyBullet, GUI: False
CreatureEnv Inicijalizacija: 12 motora. OBS_dim=40, frame_skip=1
[Fitness run Gen7Creature7] reward=1058.52±0.08  dist=0.00±0.00  upright=1.00±0.00  → FITNESS=0.4144
URDF saved to being.urdf
Connecting to PyBullet, GUI: False
CreatureEnv Inicijalizacija: 12 motora. OBS_dim=40, frame_skip=1
[Fitness run Gen7Creature8] reward=1.37±0.00  dist=0.01±0.00  upright=0.00±0.00  → FITNESS=0.0186
URDF saved to being.urdf
Connecting to PyBullet, GUI: False
CreatureEnv Inicijalizacija: 12 motora. OBS_dim=40, frame_skip=1
[Fitness run Gen7Creature9] reward=1065.05±0.07  dist=0.00±0.00  upright=1.00±0.00  → FITNESS=0.4150
URDF saved to being.urdf
Connecting to PyBullet, GUI: False
CreatureEnv Inicijalizacija: 12 motora. OBS_dim=40, frame_skip=1
[Fitness run Gen7Creature10] reward=1074.86±1.25  dist=0.00±0.00  upright=1.00±0.00  → FITNESS=0.4159
URDF saved to being.urdf
Connecting to PyBullet, GUI: False
CreatureEnv Inicijalizacija: 12 motora. OBS_dim=40, frame_skip=1
[Fitness run Gen7Creature11] reward=936.90±311.88  dist=0.00±0.00  upright=0.91±0.28  → FITNESS=0.3754
URDF saved to being.urdf
Connecting to PyBullet, GUI: False
CreatureEnv Inicijalizacija: 12 motora. OBS_dim=40, frame_skip=1
[Fitness run Gen7Creature12] reward=1.35±0.10  dist=0.08±0.04  upright=0.03±0.10  → FITNESS=0.0299
URDF saved to being.urdf
Connecting to PyBullet, GUI: False
CreatureEnv Inicijalizacija: 12 motora. OBS_dim=40, frame_skip=1
[Fitness run Gen7Creature13] reward=1.54±0.07  dist=0.03±0.02  upright=0.06±0.17  → FITNESS=0.0365
URDF saved to being.urdf
Connecting to PyBullet, GUI: False
CreatureEnv Inicijalizacija: 12 motora. OBS_dim=40, frame_skip=1
[Fitness run Gen7Creature14] reward=1.96±0.21  dist=0.03±0.07  upright=0.74±0.15  → FITNESS=0.2417
URDF saved to being.urdf
Connecting to PyBullet, GUI: False
CreatureEnv Inicijalizacija: 12 motora. OBS_dim=40, frame_skip=1
[Fitness run Gen7Creature15] reward=1.52±0.00  dist=0.03±0.06  upright=0.22±0.03  → FITNESS=0.0849
URDF saved to being.urdf
Connecting to PyBullet, GUI: False
CreatureEnv Inicijalizacija: 12 motora. OBS_dim=40, frame_skip=1
[Fitness run Gen7Creature16] reward=1.56±0.09  dist=0.00±0.00  upright=0.08±0.23  → FITNESS=0.0425
URDF saved to being.urdf
Connecting to PyBullet, GUI: False
CreatureEnv Inicijalizacija: 12 motora. OBS_dim=40, frame_skip=1
[Fitness run Gen7Creature17] reward=1119.81±0.17  dist=0.00±0.00  upright=1.00±0.00  → FITNESS=0.4200
URDF saved to being.urdf
Connecting to PyBullet, GUI: False
CreatureEnv Inicijalizacija: 12 motora. OBS_dim=40, frame_skip=1
[Fitness run Gen7Creature18] reward=1.60±0.14  dist=0.01±0.01  upright=0.01±0.02  → FITNESS=0.0223
URDF saved to being.urdf
Connecting to PyBullet, GUI: False
CreatureEnv Inicijalizacija: 12 motora. OBS_dim=40, frame_skip=1
[Fitness run Gen7Creature19] reward=1.51±0.23  dist=0.05±0.02  upright=0.01±0.04  → FITNESS=0.0234
URDF saved to being.urdf
Connecting to PyBullet, GUI: False
CreatureEnv Inicijalizacija: 12 motora. OBS_dim=40, frame_skip=1
[Fitness run Gen7Creature20] reward=1033.18±0.58  dist=0.00±0.00  upright=1.00±0.00  → FITNESS=0.4121
URDF saved to being.urdf
Connecting to PyBullet, GUI: False
CreatureEnv Inicijalizacija: 12 motora. OBS_dim=40, frame_skip=1
[Fitness run Gen7Creature21] reward=1.65±0.02  dist=0.03±0.01  upright=0.17±0.06  → FITNESS=0.0712
URDF saved to being.urdf
Connecting to PyBullet, GUI: False
CreatureEnv Inicijalizacija: 12 motora. OBS_dim=40, frame_skip=1
[Fitness run Gen7Creature22] reward=989.66±329.42  dist=0.01±0.00  upright=0.90±0.30  → FITNESS=0.3783
URDF saved to being.urdf
Connecting to PyBullet, GUI: False
CreatureEnv Inicijalizacija: 12 motora. OBS_dim=40, frame_skip=1
[Fitness run Gen7Creature23] reward=972.88±323.79  dist=0.01±0.00  upright=0.90±0.30  → FITNESS=0.3769
URDF saved to being.urdf
Connecting to PyBullet, GUI: False
CreatureEnv Inicijalizacija: 12 motora. OBS_dim=40, frame_skip=1
[Fitness run Gen7Creature24] reward=959.22±319.21  dist=0.00±0.00  upright=0.90±0.30  → FITNESS=0.3754
URDF saved to being.urdf
Connecting to PyBullet, GUI: False
CreatureEnv Inicijalizacija: 12 motora. OBS_dim=40, frame_skip=1
[Fitness run Gen7Creature25] reward=1.46±0.04  dist=0.00±0.00  upright=0.78±0.26  → FITNESS=0.2525
URDF saved to being.urdf
Connecting to PyBullet, GUI: False
CreatureEnv Inicijalizacija: 12 motora. OBS_dim=40, frame_skip=1
[Fitness run Gen7Creature26] reward=1.57±0.00  dist=0.00±0.00  upright=1.00±0.01  → FITNESS=0.3174
URDF saved to being.urdf
Connecting to PyBullet, GUI: False
CreatureEnv Inicijalizacija: 12 motora. OBS_dim=40, frame_skip=1
[Fitness run Gen7Creature27] reward=1.42±0.01  dist=0.12±0.04  upright=0.15±0.05  → FITNESS=0.0650
URDF saved to being.urdf
Connecting to PyBullet, GUI: False
CreatureEnv Inicijalizacija: 12 motora. OBS_dim=40, frame_skip=1
[Fitness run Gen7Creature28] reward=1.41±0.08  dist=0.07±0.02  upright=0.67±0.22  → FITNESS=0.2205
URDF saved to being.urdf
Connecting to PyBullet, GUI: False
CreatureEnv Inicijalizacija: 12 motora. OBS_dim=40, frame_skip=1
[Fitness run Gen7Creature29] reward=863.13±430.98  dist=0.00±0.01  upright=0.82±0.36  → FITNESS=0.3435
Genome saved to results\distanceBased500Steps1Seed\run_5\run_5_best_creature.json
[plot] Saved → ./results\distanceBased500Steps1Seed\run_5\run_5_summary.png
URDF saved to being.urdf
Connecting to PyBullet, GUI: False
CreatureEnv Inicijalizacija: 12 motora. OBS_dim=40, frame_skip=1
[Fitness run Gen8Creature2] reward=2.06±0.20  dist=0.00±0.00  upright=0.90±0.30  → FITNESS=0.2884
URDF saved to being.urdf
Connecting to PyBullet, GUI: False
CreatureEnv Inicijalizacija: 12 motora. OBS_dim=40, frame_skip=1
[Fitness run Gen8Creature3] reward=1.49±0.03  dist=0.00±0.01  upright=0.04±0.02  → FITNESS=0.0291
URDF saved to being.urdf
Connecting to PyBullet, GUI: False
CreatureEnv Inicijalizacija: 12 motora. OBS_dim=40, frame_skip=1
[Fitness run Gen8Creature4] reward=963.34±320.65  dist=0.03±0.02  upright=0.90±0.30  → FITNESS=0.3766
URDF saved to being.urdf
Connecting to PyBullet, GUI: False
CreatureEnv Inicijalizacija: 12 motora. OBS_dim=40, frame_skip=1
[Fitness run Gen8Creature5] reward=955.97±318.18  dist=0.01±0.01  upright=0.90±0.30  → FITNESS=0.3754
URDF saved to being.urdf
Connecting to PyBullet, GUI: False
CreatureEnv Inicijalizacija: 12 motora. OBS_dim=40, frame_skip=1
[Fitness run Gen8Creature6] reward=926.74±308.50  dist=0.00±0.00  upright=0.90±0.30  → FITNESS=0.3725
URDF saved to being.urdf
Connecting to PyBullet, GUI: False
CreatureEnv Inicijalizacija: 12 motora. OBS_dim=40, frame_skip=1
[Fitness run Gen8Creature7] reward=1058.99±0.00  dist=0.00±0.00  upright=1.00±0.00  → FITNESS=0.4145
URDF saved to being.urdf
Connecting to PyBullet, GUI: False
CreatureEnv Inicijalizacija: 12 motora. OBS_dim=40, frame_skip=1
[Fitness run Gen8Creature8] reward=1.63±0.29  dist=0.01±0.03  upright=0.66±0.27  → FITNESS=0.2170
URDF saved to being.urdf
Connecting to PyBullet, GUI: False
CreatureEnv Inicijalizacija: 12 motora. OBS_dim=40, frame_skip=1
[Fitness run Gen8Creature9] reward=1037.67±2.66  dist=0.01±0.01  upright=1.00±0.00  → FITNESS=0.4127
URDF saved to being.urdf
Connecting to PyBullet, GUI: False
CreatureEnv Inicijalizacija: 12 motora. OBS_dim=40, frame_skip=1
[Fitness run Gen8Creature11] reward=1.36±0.54  dist=0.05±0.06  upright=0.53±0.38  → FITNESS=0.1782
URDF saved to being.urdf
Connecting to PyBullet, GUI: False
CreatureEnv Inicijalizacija: 12 motora. OBS_dim=40, frame_skip=1
[Fitness run Gen8Creature12] reward=1.53±0.08  dist=0.11±0.04  upright=0.02±0.06  → FITNESS=0.0268
URDF saved to being.urdf
Connecting to PyBullet, GUI: False
CreatureEnv Inicijalizacija: 12 motora. OBS_dim=40, frame_skip=1
[Fitness run Gen8Creature13] reward=1.52±0.01  dist=0.00±0.00  upright=0.00±0.00  → FITNESS=0.0183
URDF saved to being.urdf
Connecting to PyBullet, GUI: False
CreatureEnv Inicijalizacija: 12 motora. OBS_dim=40, frame_skip=1
[Fitness run Gen8Creature14] reward=1.75±0.03  dist=0.00±0.00  upright=0.00±0.01  → FITNESS=0.0193
URDF saved to being.urdf
Connecting to PyBullet, GUI: False
CreatureEnv Inicijalizacija: 12 motora. OBS_dim=40, frame_skip=1
[Fitness run Gen8Creature15] reward=1.53±0.05  dist=0.00±0.00  upright=0.09±0.03  → FITNESS=0.0444
URDF saved to being.urdf
Connecting to PyBullet, GUI: False
CreatureEnv Inicijalizacija: 12 motora. OBS_dim=40, frame_skip=1
[Fitness run Gen8Creature16] reward=928.45±308.99  dist=0.00±0.00  upright=0.90±0.30  → FITNESS=0.3726
URDF saved to being.urdf
Connecting to PyBullet, GUI: False
CreatureEnv Inicijalizacija: 12 motora. OBS_dim=40, frame_skip=1
[Fitness run Gen8Creature17] reward=1080.67±0.34  dist=0.10±0.03  upright=1.00±0.00  → FITNESS=0.4188
URDF saved to being.urdf
Connecting to PyBullet, GUI: False
CreatureEnv Inicijalizacija: 12 motora. OBS_dim=40, frame_skip=1
[Fitness run Gen8Creature18] reward=1.40±0.01  dist=0.00±0.00  upright=0.15±0.04  → FITNESS=0.0628
URDF saved to being.urdf
Connecting to PyBullet, GUI: False
CreatureEnv Inicijalizacija: 12 motora. OBS_dim=40, frame_skip=1
[Fitness run Gen8Creature19] reward=1.52±0.01  dist=0.05±0.02  upright=0.00±0.00  → FITNESS=0.0197
URDF saved to being.urdf
Connecting to PyBullet, GUI: False
CreatureEnv Inicijalizacija: 12 motora. OBS_dim=40, frame_skip=1
[Fitness run Gen8Creature21] reward=948.44±315.58  dist=0.00±0.00  upright=0.92±0.25  → FITNESS=0.3792
URDF saved to being.urdf
Connecting to PyBullet, GUI: False
CreatureEnv Inicijalizacija: 12 motora. OBS_dim=40, frame_skip=1
[Fitness run Gen8Creature22] reward=1121.21±13.52  dist=0.00±0.00  upright=1.00±0.00  → FITNESS=0.4202
URDF saved to being.urdf
Connecting to PyBullet, GUI: False
CreatureEnv Inicijalizacija: 12 motora. OBS_dim=40, frame_skip=1
[Fitness run Gen8Creature23] reward=1058.89±0.19  dist=0.00±0.00  upright=1.00±0.00  → FITNESS=0.4144
URDF saved to being.urdf
Connecting to PyBullet, GUI: False
CreatureEnv Inicijalizacija: 12 motora. OBS_dim=40, frame_skip=1
[Fitness run Gen8Creature24] reward=1096.39±0.09  dist=0.00±0.00  upright=1.00±0.00  → FITNESS=0.4179
URDF saved to being.urdf
Connecting to PyBullet, GUI: False
CreatureEnv Inicijalizacija: 12 motora. OBS_dim=40, frame_skip=1
[Fitness run Gen8Creature25] reward=913.98±304.18  dist=0.00±0.00  upright=0.90±0.30  → FITNESS=0.3713
URDF saved to being.urdf
Connecting to PyBullet, GUI: False
CreatureEnv Inicijalizacija: 12 motora. OBS_dim=40, frame_skip=1
[Fitness run Gen8Creature26] reward=893.21±297.31  dist=0.00±0.00  upright=0.90±0.30  → FITNESS=0.3694
URDF saved to being.urdf
Connecting to PyBullet, GUI: False
CreatureEnv Inicijalizacija: 12 motora. OBS_dim=40, frame_skip=1
[Fitness run Gen8Creature27] reward=952.50±317.07  dist=0.01±0.02  upright=0.90±0.30  → FITNESS=0.3751
URDF saved to being.urdf
Connecting to PyBullet, GUI: False
CreatureEnv Inicijalizacija: 12 motora. OBS_dim=40, frame_skip=1
[Fitness run Gen8Creature28] reward=1.75±0.09  dist=0.00±0.01  upright=0.90±0.30  → FITNESS=0.2884
URDF saved to being.urdf
Connecting to PyBullet, GUI: False
CreatureEnv Inicijalizacija: 12 motora. OBS_dim=40, frame_skip=1
[Fitness run Gen8Creature29] reward=1.46±0.17  dist=0.00±0.00  upright=0.07±0.11  → FITNESS=0.0396

==================================================
Generacija 8/20  |  Best = 0.4202  |  Mean = 0.2796  |  Std = 0.1594
==================================================
URDF saved to being.urdf
Connecting to PyBullet, GUI: False
CreatureEnv Inicijalizacija: 12 motora. OBS_dim=40, frame_skip=1
[Fitness run Gen8Creature2] reward=2.06±0.20  dist=0.00±0.00  upright=0.90±0.30  → FITNESS=0.2884
URDF saved to being.urdf
Connecting to PyBullet, GUI: False
CreatureEnv Inicijalizacija: 12 motora. OBS_dim=40, frame_skip=1
[Fitness run Gen8Creature3] reward=1.49±0.03  dist=0.00±0.01  upright=0.04±0.02  → FITNESS=0.0291
URDF saved to being.urdf
Connecting to PyBullet, GUI: False
CreatureEnv Inicijalizacija: 12 motora. OBS_dim=40, frame_skip=1
[Fitness run Gen8Creature4] reward=963.34±320.65  dist=0.03±0.02  upright=0.90±0.30  → FITNESS=0.3766
URDF saved to being.urdf
Connecting to PyBullet, GUI: False
CreatureEnv Inicijalizacija: 12 motora. OBS_dim=40, frame_skip=1
[Fitness run Gen8Creature5] reward=955.97±318.18  dist=0.01±0.01  upright=0.90±0.30  → FITNESS=0.3754
URDF saved to being.urdf
Connecting to PyBullet, GUI: False
CreatureEnv Inicijalizacija: 12 motora. OBS_dim=40, frame_skip=1
[Fitness run Gen8Creature6] reward=926.74±308.50  dist=0.00±0.00  upright=0.90±0.30  → FITNESS=0.3725
URDF saved to being.urdf
Connecting to PyBullet, GUI: False
CreatureEnv Inicijalizacija: 12 motora. OBS_dim=40, frame_skip=1
[Fitness run Gen8Creature7] reward=1058.99±0.00  dist=0.00±0.00  upright=1.00±0.00  → FITNESS=0.4145
URDF saved to being.urdf
Connecting to PyBullet, GUI: False
CreatureEnv Inicijalizacija: 12 motora. OBS_dim=40, frame_skip=1
[Fitness run Gen8Creature8] reward=1.63±0.29  dist=0.01±0.03  upright=0.66±0.27  → FITNESS=0.2170
URDF saved to being.urdf
Connecting to PyBullet, GUI: False
CreatureEnv Inicijalizacija: 12 motora. OBS_dim=40, frame_skip=1
[Fitness run Gen8Creature9] reward=1037.67±2.66  dist=0.01±0.01  upright=1.00±0.00  → FITNESS=0.4127
URDF saved to being.urdf
Connecting to PyBullet, GUI: False
CreatureEnv Inicijalizacija: 12 motora. OBS_dim=40, frame_skip=1
[Fitness run Gen8Creature11] reward=1.36±0.54  dist=0.05±0.06  upright=0.53±0.38  → FITNESS=0.1782
URDF saved to being.urdf
Connecting to PyBullet, GUI: False
CreatureEnv Inicijalizacija: 12 motora. OBS_dim=40, frame_skip=1
[Fitness run Gen8Creature12] reward=1.53±0.08  dist=0.11±0.04  upright=0.02±0.06  → FITNESS=0.0268
URDF saved to being.urdf
Connecting to PyBullet, GUI: False
CreatureEnv Inicijalizacija: 12 motora. OBS_dim=40, frame_skip=1
[Fitness run Gen8Creature13] reward=1.52±0.01  dist=0.00±0.00  upright=0.00±0.00  → FITNESS=0.0183
URDF saved to being.urdf
Connecting to PyBullet, GUI: False
CreatureEnv Inicijalizacija: 12 motora. OBS_dim=40, frame_skip=1
[Fitness run Gen8Creature14] reward=1.36±0.54  dist=0.05±0.06  upright=0.53±0.38  → FITNESS=0.1782
URDF saved to being.urdf
Connecting to PyBullet, GUI: False
CreatureEnv Inicijalizacija: 12 motora. OBS_dim=40, frame_skip=1
[Fitness run Gen8Creature15] reward=1.53±0.05  dist=0.00±0.00  upright=0.09±0.03  → FITNESS=0.0444
URDF saved to being.urdf
Connecting to PyBullet, GUI: False
CreatureEnv Inicijalizacija: 12 motora. OBS_dim=40, frame_skip=1
[Fitness run Gen8Creature16] reward=928.45±308.99  dist=0.00±0.00  upright=0.90±0.30  → FITNESS=0.3726
URDF saved to being.urdf
Connecting to PyBullet, GUI: False
CreatureEnv Inicijalizacija: 12 motora. OBS_dim=40, frame_skip=1
[Fitness run Gen8Creature17] reward=1080.67±0.34  dist=0.10±0.03  upright=1.00±0.00  → FITNESS=0.4188
URDF saved to being.urdf
Connecting to PyBullet, GUI: False
CreatureEnv Inicijalizacija: 12 motora. OBS_dim=40, frame_skip=1
[Fitness run Gen8Creature18] reward=1.40±0.01  dist=0.00±0.00  upright=0.15±0.04  → FITNESS=0.0628
URDF saved to being.urdf
Connecting to PyBullet, GUI: False
CreatureEnv Inicijalizacija: 12 motora. OBS_dim=40, frame_skip=1
[Fitness run Gen8Creature19] reward=1.52±0.01  dist=0.05±0.02  upright=0.00±0.00  → FITNESS=0.0197
URDF saved to being.urdf
Connecting to PyBullet, GUI: False
CreatureEnv Inicijalizacija: 12 motora. OBS_dim=40, frame_skip=1
[Fitness run Gen8Creature21] reward=948.44±315.58  dist=0.00±0.00  upright=0.92±0.25  → FITNESS=0.3792
URDF saved to being.urdf
Connecting to PyBullet, GUI: False
CreatureEnv Inicijalizacija: 12 motora. OBS_dim=40, frame_skip=1
[Fitness run Gen8Creature22] reward=1121.21±13.52  dist=0.00±0.00  upright=1.00±0.00  → FITNESS=0.4202
URDF saved to being.urdf
Connecting to PyBullet, GUI: False
CreatureEnv Inicijalizacija: 12 motora. OBS_dim=40, frame_skip=1
[Fitness run Gen8Creature23] reward=1058.89±0.19  dist=0.00±0.00  upright=1.00±0.00  → FITNESS=0.4144
URDF saved to being.urdf
Connecting to PyBullet, GUI: False
CreatureEnv Inicijalizacija: 12 motora. OBS_dim=40, frame_skip=1
[Fitness run Gen8Creature24] reward=1096.39±0.09  dist=0.00±0.00  upright=1.00±0.00  → FITNESS=0.4179
URDF saved to being.urdf
Connecting to PyBullet, GUI: False
CreatureEnv Inicijalizacija: 12 motora. OBS_dim=40, frame_skip=1
[Fitness run Gen8Creature25] reward=913.98±304.18  dist=0.00±0.00  upright=0.90±0.30  → FITNESS=0.3713
URDF saved to being.urdf
Connecting to PyBullet, GUI: False
CreatureEnv Inicijalizacija: 12 motora. OBS_dim=40, frame_skip=1
[Fitness run Gen8Creature26] reward=893.21±297.31  dist=0.00±0.00  upright=0.90±0.30  → FITNESS=0.3694
URDF saved to being.urdf
Connecting to PyBullet, GUI: False
CreatureEnv Inicijalizacija: 12 motora. OBS_dim=40, frame_skip=1
[Fitness run Gen8Creature27] reward=952.50±317.07  dist=0.01±0.02  upright=0.90±0.30  → FITNESS=0.3751
URDF saved to being.urdf
Connecting to PyBullet, GUI: False
CreatureEnv Inicijalizacija: 12 motora. OBS_dim=40, frame_skip=1
[Fitness run Gen8Creature28] reward=1.75±0.09  dist=0.00±0.01  upright=0.90±0.30  → FITNESS=0.2884
URDF saved to being.urdf
Connecting to PyBullet, GUI: False
CreatureEnv Inicijalizacija: 12 motora. OBS_dim=40, frame_skip=1
[Fitness run Gen8Creature29] reward=1.46±0.17  dist=0.00±0.00  upright=0.07±0.11  → FITNESS=0.0396
Genome saved to results\distanceBased500Steps1Seed\run_5\run_5_best_creature.json
[plot] Saved → ./results\distanceBased500Steps1Seed\run_5\run_5_summary.png
URDF saved to being.urdf
Connecting to PyBullet, GUI: False
CreatureEnv Inicijalizacija: 12 motora. OBS_dim=40, frame_skip=1
[Fitness run Gen9Creature2] reward=2.06±0.20  dist=0.00±0.00  upright=0.90±0.30  → FITNESS=0.2884
URDF saved to being.urdf
Connecting to PyBullet, GUI: False
CreatureEnv Inicijalizacija: 12 motora. OBS_dim=40, frame_skip=1
[Fitness run Gen9Creature3] reward=855.53±284.72  dist=0.08±0.03  upright=0.88±0.29  → FITNESS=0.3624
URDF saved to being.urdf
Connecting to PyBullet, GUI: False
CreatureEnv Inicijalizacija: 12 motora. OBS_dim=40, frame_skip=1
[Fitness run Gen9Creature4] reward=1054.42±0.06  dist=0.00±0.00  upright=1.00±0.00  → FITNESS=0.4140
URDF saved to being.urdf
Connecting to PyBullet, GUI: False
CreatureEnv Inicijalizacija: 12 motora. OBS_dim=40, frame_skip=1
[Fitness run Gen9Creature5] reward=1.85±0.00  dist=0.17±0.06  upright=1.00±0.00  → FITNESS=0.3225
URDF saved to being.urdf
Connecting to PyBullet, GUI: False
CreatureEnv Inicijalizacija: 12 motora. OBS_dim=40, frame_skip=1
[Fitness run Gen9Creature6] reward=2.18±0.00  dist=0.01±0.00  upright=1.00±0.00  → FITNESS=0.3187
URDF saved to being.urdf
Connecting to PyBullet, GUI: False
CreatureEnv Inicijalizacija: 12 motora. OBS_dim=40, frame_skip=1
[Fitness run Gen9Creature7] reward=1056.19±0.03  dist=0.00±0.00  upright=1.00±0.00  → FITNESS=0.4142
URDF saved to being.urdf
Connecting to PyBullet, GUI: False
CreatureEnv Inicijalizacija: 12 motora. OBS_dim=40, frame_skip=1
[Fitness run Gen9Creature8] reward=1.53±0.06  dist=0.00±0.00  upright=0.21±0.06  → FITNESS=0.0812
URDF saved to being.urdf
Connecting to PyBullet, GUI: False
CreatureEnv Inicijalizacija: 12 motora. OBS_dim=40, frame_skip=1
[Fitness run Gen9Creature9] reward=871.01±290.17  dist=0.06±0.13  upright=0.93±0.20  → FITNESS=0.3786
URDF saved to being.urdf
Connecting to PyBullet, GUI: False
CreatureEnv Inicijalizacija: 12 motora. OBS_dim=40, frame_skip=1
[Fitness run Gen9Creature11] reward=1.36±0.54  dist=0.05±0.06  upright=0.53±0.38  → FITNESS=0.1782
URDF saved to being.urdf
Connecting to PyBullet, GUI: False
CreatureEnv Inicijalizacija: 12 motora. OBS_dim=40, frame_skip=1
[Fitness run Gen9Creature12] reward=1.53±0.08  dist=0.11±0.04  upright=0.02±0.06  → FITNESS=0.0268
URDF saved to being.urdf
Connecting to PyBullet, GUI: False
CreatureEnv Inicijalizacija: 12 motora. OBS_dim=40, frame_skip=1
[Fitness run Gen9Creature13] reward=1.50±0.00  dist=0.25±0.08  upright=0.00±0.00  → FITNESS=0.0245
URDF saved to being.urdf
Connecting to PyBullet, GUI: False
CreatureEnv Inicijalizacija: 12 motora. OBS_dim=40, frame_skip=1
[Fitness run Gen9Creature14] reward=1.78±0.10  dist=0.04±0.01  upright=0.00±0.00  → FITNESS=0.0193
URDF saved to being.urdf
Connecting to PyBullet, GUI: False
CreatureEnv Inicijalizacija: 12 motora. OBS_dim=40, frame_skip=1
[Fitness run Gen9Creature15] reward=1.80±0.07  dist=0.01±0.01  upright=1.00±0.00  → FITNESS=0.3185
URDF saved to being.urdf
Connecting to PyBullet, GUI: False
CreatureEnv Inicijalizacija: 12 motora. OBS_dim=40, frame_skip=1
[Fitness run Gen9Creature16] reward=1.54±0.05  dist=0.08±0.03  upright=0.03±0.08  → FITNESS=0.0282
URDF saved to being.urdf
Connecting to PyBullet, GUI: False
CreatureEnv Inicijalizacija: 12 motora. OBS_dim=40, frame_skip=1
[Fitness run Gen9Creature17] reward=1106.13±0.00  dist=0.00±0.00  upright=1.00±0.00  → FITNESS=0.4187
URDF saved to being.urdf
Connecting to PyBullet, GUI: False
CreatureEnv Inicijalizacija: 12 motora. OBS_dim=40, frame_skip=1
[Fitness run Gen9Creature18] reward=2.02±0.21  dist=0.09±0.07  upright=0.25±0.07  → FITNESS=0.0969
URDF saved to being.urdf
Connecting to PyBullet, GUI: False
CreatureEnv Inicijalizacija: 12 motora. OBS_dim=40, frame_skip=1
[Fitness run Gen9Creature19] reward=957.88±318.76  dist=0.00±0.00  upright=0.92±0.25  → FITNESS=0.3801
URDF saved to being.urdf
Connecting to PyBullet, GUI: False
CreatureEnv Inicijalizacija: 12 motora. OBS_dim=40, frame_skip=1
[Fitness run Gen9Creature20] reward=0.30±0.16  dist=0.19±0.11  upright=0.40±0.08  → FITNESS=0.1419
URDF saved to being.urdf
Connecting to PyBullet, GUI: False
CreatureEnv Inicijalizacija: 12 motora. OBS_dim=40, frame_skip=1
[Fitness run Gen9Creature21] reward=956.41±318.24  dist=0.00±0.00  upright=0.91±0.28  → FITNESS=0.3771
URDF saved to being.urdf
Connecting to PyBullet, GUI: False
CreatureEnv Inicijalizacija: 12 motora. OBS_dim=40, frame_skip=1
[Fitness run Gen9Creature23] reward=1053.70±0.02  dist=0.03±0.01  upright=1.00±0.00  → FITNESS=0.4147
URDF saved to being.urdf
Connecting to PyBullet, GUI: False
CreatureEnv Inicijalizacija: 12 motora. OBS_dim=40, frame_skip=1
[Fitness run Gen9Creature24] reward=1058.93±0.00  dist=0.00±0.00  upright=1.00±0.00  → FITNESS=0.4144
URDF saved to being.urdf
Connecting to PyBullet, GUI: False
CreatureEnv Inicijalizacija: 12 motora. OBS_dim=40, frame_skip=1
[Fitness run Gen9Creature25] reward=1.78±0.00  dist=0.00±0.00  upright=1.00±0.00  → FITNESS=0.3183
URDF saved to being.urdf
Connecting to PyBullet, GUI: False
CreatureEnv Inicijalizacija: 12 motora. OBS_dim=40, frame_skip=1
[Fitness run Gen9Creature26] reward=1.63±0.05  dist=0.04±0.02  upright=0.90±0.30  → FITNESS=0.2893
URDF saved to being.urdf
Connecting to PyBullet, GUI: False
CreatureEnv Inicijalizacija: 12 motora. OBS_dim=40, frame_skip=1
[Fitness run Gen9Creature27] reward=966.88±321.89  dist=0.00±0.00  upright=0.90±0.30  → FITNESS=0.3761
URDF saved to being.urdf
Connecting to PyBullet, GUI: False
CreatureEnv Inicijalizacija: 12 motora. OBS_dim=40, frame_skip=1
[Fitness run Gen9Creature28] reward=1.85±0.00  dist=0.00±0.00  upright=1.00±0.00  → FITNESS=0.3184
URDF saved to being.urdf
Connecting to PyBullet, GUI: False
CreatureEnv Inicijalizacija: 12 motora. OBS_dim=40, frame_skip=1
[Fitness run Gen9Creature29] reward=945.18±314.58  dist=0.00±0.00  upright=0.90±0.30  → FITNESS=0.3741

==================================================
Generacija 9/20  |  Best = 0.4202  |  Mean = 0.2924  |  Std = 0.1402
==================================================
URDF saved to being.urdf
Connecting to PyBullet, GUI: False
CreatureEnv Inicijalizacija: 12 motora. OBS_dim=40, frame_skip=1
[Fitness run Gen9Creature2] reward=2.06±0.20  dist=0.00±0.00  upright=0.90±0.30  → FITNESS=0.2884
URDF saved to being.urdf
Connecting to PyBullet, GUI: False
CreatureEnv Inicijalizacija: 12 motora. OBS_dim=40, frame_skip=1
[Fitness run Gen9Creature3] reward=855.53±284.72  dist=0.08±0.03  upright=0.88±0.29  → FITNESS=0.3624
URDF saved to being.urdf
Connecting to PyBullet, GUI: False
CreatureEnv Inicijalizacija: 12 motora. OBS_dim=40, frame_skip=1
[Fitness run Gen9Creature4] reward=1054.42±0.06  dist=0.00±0.00  upright=1.00±0.00  → FITNESS=0.4140
URDF saved to being.urdf
Connecting to PyBullet, GUI: False
CreatureEnv Inicijalizacija: 12 motora. OBS_dim=40, frame_skip=1
[Fitness run Gen9Creature5] reward=1.85±0.00  dist=0.17±0.06  upright=1.00±0.00  → FITNESS=0.3225
URDF saved to being.urdf
Connecting to PyBullet, GUI: False
CreatureEnv Inicijalizacija: 12 motora. OBS_dim=40, frame_skip=1
[Fitness run Gen9Creature6] reward=2.18±0.00  dist=0.01±0.00  upright=1.00±0.00  → FITNESS=0.3187
URDF saved to being.urdf
Connecting to PyBullet, GUI: False
CreatureEnv Inicijalizacija: 12 motora. OBS_dim=40, frame_skip=1
[Fitness run Gen9Creature7] reward=1056.19±0.03  dist=0.00±0.00  upright=1.00±0.00  → FITNESS=0.4142
URDF saved to being.urdf
Connecting to PyBullet, GUI: False
CreatureEnv Inicijalizacija: 12 motora. OBS_dim=40, frame_skip=1
[Fitness run Gen9Creature8] reward=1.53±0.06  dist=0.00±0.00  upright=0.21±0.06  → FITNESS=0.0812
URDF saved to being.urdf
Connecting to PyBullet, GUI: False
CreatureEnv Inicijalizacija: 12 motora. OBS_dim=40, frame_skip=1
[Fitness run Gen9Creature9] reward=871.01±290.17  dist=0.06±0.13  upright=0.93±0.20  → FITNESS=0.3786
URDF saved to being.urdf
Connecting to PyBullet, GUI: False
CreatureEnv Inicijalizacija: 12 motora. OBS_dim=40, frame_skip=1
[Fitness run Gen9Creature11] reward=1.36±0.54  dist=0.05±0.06  upright=0.53±0.38  → FITNESS=0.1782
URDF saved to being.urdf
Connecting to PyBullet, GUI: False
CreatureEnv Inicijalizacija: 12 motora. OBS_dim=40, frame_skip=1
[Fitness run Gen9Creature12] reward=1.53±0.08  dist=0.11±0.04  upright=0.02±0.06  → FITNESS=0.0268
URDF saved to being.urdf
Connecting to PyBullet, GUI: False
CreatureEnv Inicijalizacija: 12 motora. OBS_dim=40, frame_skip=1
[Fitness run Gen9Creature13] reward=1.50±0.00  dist=0.25±0.08  upright=0.00±0.00  → FITNESS=0.0245
URDF saved to being.urdf
Connecting to PyBullet, GUI: False
CreatureEnv Inicijalizacija: 12 motora. OBS_dim=40, frame_skip=1
[Fitness run Gen9Creature14] reward=1.78±0.10  dist=0.04±0.01  upright=0.00±0.00  → FITNESS=0.0193
URDF saved to being.urdf
Connecting to PyBullet, GUI: False
CreatureEnv Inicijalizacija: 12 motora. OBS_dim=40, frame_skip=1
[Fitness run Gen9Creature15] reward=1.80±0.07  dist=0.01±0.01  upright=1.00±0.00  → FITNESS=0.3185
URDF saved to being.urdf
Connecting to PyBullet, GUI: False
CreatureEnv Inicijalizacija: 12 motora. OBS_dim=40, frame_skip=1
[Fitness run Gen9Creature16] reward=1.54±0.05  dist=0.08±0.03  upright=0.03±0.08  → FITNESS=0.0282
URDF saved to being.urdf
Connecting to PyBullet, GUI: False
CreatureEnv Inicijalizacija: 12 motora. OBS_dim=40, frame_skip=1
[Fitness run Gen9Creature17] reward=1106.13±0.00  dist=0.00±0.00  upright=1.00±0.00  → FITNESS=0.4187
URDF saved to being.urdf
Connecting to PyBullet, GUI: False
CreatureEnv Inicijalizacija: 12 motora. OBS_dim=40, frame_skip=1
[Fitness run Gen9Creature18] reward=2.02±0.21  dist=0.09±0.07  upright=0.25±0.07  → FITNESS=0.0969
URDF saved to being.urdf
Connecting to PyBullet, GUI: False
CreatureEnv Inicijalizacija: 12 motora. OBS_dim=40, frame_skip=1
[Fitness run Gen9Creature19] reward=957.88±318.76  dist=0.00±0.00  upright=0.92±0.25  → FITNESS=0.3801
URDF saved to being.urdf
Connecting to PyBullet, GUI: False
CreatureEnv Inicijalizacija: 12 motora. OBS_dim=40, frame_skip=1
[Fitness run Gen9Creature20] reward=0.30±0.16  dist=0.19±0.11  upright=0.40±0.08  → FITNESS=0.1419
URDF saved to being.urdf
Connecting to PyBullet, GUI: False
CreatureEnv Inicijalizacija: 12 motora. OBS_dim=40, frame_skip=1
[Fitness run Gen9Creature21] reward=956.41±318.24  dist=0.00±0.00  upright=0.91±0.28  → FITNESS=0.3771
URDF saved to being.urdf
Connecting to PyBullet, GUI: False
CreatureEnv Inicijalizacija: 12 motora. OBS_dim=40, frame_skip=1
[Fitness run Gen9Creature23] reward=1053.70±0.02  dist=0.03±0.01  upright=1.00±0.00  → FITNESS=0.4147
URDF saved to being.urdf
Connecting to PyBullet, GUI: False
CreatureEnv Inicijalizacija: 12 motora. OBS_dim=40, frame_skip=1
[Fitness run Gen9Creature24] reward=1058.93±0.00  dist=0.00±0.00  upright=1.00±0.00  → FITNESS=0.4144
URDF saved to being.urdf
Connecting to PyBullet, GUI: False
CreatureEnv Inicijalizacija: 12 motora. OBS_dim=40, frame_skip=1
[Fitness run Gen9Creature25] reward=1.78±0.00  dist=0.00±0.00  upright=1.00±0.00  → FITNESS=0.3183
URDF saved to being.urdf
Connecting to PyBullet, GUI: False
CreatureEnv Inicijalizacija: 12 motora. OBS_dim=40, frame_skip=1
[Fitness run Gen9Creature26] reward=1.63±0.05  dist=0.04±0.02  upright=0.90±0.30  → FITNESS=0.2893
URDF saved to being.urdf
Connecting to PyBullet, GUI: False
CreatureEnv Inicijalizacija: 12 motora. OBS_dim=40, frame_skip=1
[Fitness run Gen9Creature27] reward=966.88±321.89  dist=0.00±0.00  upright=0.90±0.30  → FITNESS=0.3761
URDF saved to being.urdf
Connecting to PyBullet, GUI: False
CreatureEnv Inicijalizacija: 12 motora. OBS_dim=40, frame_skip=1
[Fitness run Gen9Creature28] reward=1.85±0.00  dist=0.00±0.00  upright=1.00±0.00  → FITNESS=0.3184
URDF saved to being.urdf
Connecting to PyBullet, GUI: False
CreatureEnv Inicijalizacija: 12 motora. OBS_dim=40, frame_skip=1
[Fitness run Gen9Creature29] reward=945.18±314.58  dist=0.00±0.00  upright=0.90±0.30  → FITNESS=0.3741
Genome saved to results\distanceBased500Steps1Seed\run_5\run_5_best_creature.json
[plot] Saved → ./results\distanceBased500Steps1Seed\run_5\run_5_summary.png
URDF saved to being.urdf
Connecting to PyBullet, GUI: False
CreatureEnv Inicijalizacija: 12 motora. OBS_dim=40, frame_skip=1
[Fitness run Gen10Creature2] reward=1.67±0.02  dist=0.00±0.00  upright=0.20±0.04  → FITNESS=0.0783
URDF saved to being.urdf
Connecting to PyBullet, GUI: False
CreatureEnv Inicijalizacija: 12 motora. OBS_dim=40, frame_skip=1
[Fitness run Gen10Creature3] reward=1.37±0.01  dist=0.00±0.00  upright=0.00±0.00  → FITNESS=0.0183
URDF saved to being.urdf
Connecting to PyBullet, GUI: False
CreatureEnv Inicijalizacija: 12 motora. OBS_dim=40, frame_skip=1
[Fitness run Gen10Creature4] reward=1030.70±0.05  dist=0.00±0.00  upright=1.00±0.00  → FITNESS=0.4119
URDF saved to being.urdf
Connecting to PyBullet, GUI: False
CreatureEnv Inicijalizacija: 12 motora. OBS_dim=40, frame_skip=1
[Fitness run Gen10Creature5] reward=1.85±0.04  dist=0.00±0.00  upright=1.00±0.00  → FITNESS=0.3184
URDF saved to being.urdf
Connecting to PyBullet, GUI: False
CreatureEnv Inicijalizacija: 12 motora. OBS_dim=40, frame_skip=1
[Fitness run Gen10Creature6] reward=966.72±321.75  dist=0.01±0.01  upright=0.96±0.11  → FITNESS=0.3957
URDF saved to being.urdf
Connecting to PyBullet, GUI: False
CreatureEnv Inicijalizacija: 12 motora. OBS_dim=40, frame_skip=1
[Fitness run Gen10Creature8] reward=1.53±0.05  dist=0.00±0.00  upright=0.12±0.04  → FITNESS=0.0532
URDF saved to being.urdf
Connecting to PyBullet, GUI: False
CreatureEnv Inicijalizacija: 12 motora. OBS_dim=40, frame_skip=1
[Fitness run Gen10Creature9] reward=993.18±330.56  dist=0.00±0.00  upright=0.91±0.26  → FITNESS=0.3823
URDF saved to being.urdf
Connecting to PyBullet, GUI: False
CreatureEnv Inicijalizacija: 12 motora. OBS_dim=40, frame_skip=1
[Fitness run Gen10Creature10] reward=3.85±7.35  dist=0.01±0.03  upright=0.68±0.13  → FITNESS=0.2243
URDF saved to being.urdf
Connecting to PyBullet, GUI: False
CreatureEnv Inicijalizacija: 12 motora. OBS_dim=40, frame_skip=1
[Fitness run Gen10Creature11] reward=-0.41±0.03  dist=0.00±0.00  upright=0.15±0.05  → FITNESS=0.0617
URDF saved to being.urdf
Connecting to PyBullet, GUI: False
CreatureEnv Inicijalizacija: 12 motora. OBS_dim=40, frame_skip=1
[Fitness run Gen10Creature12] reward=1.80±0.04  dist=0.05±0.02  upright=0.09±0.07  → FITNESS=0.0457
URDF saved to being.urdf
Connecting to PyBullet, GUI: False
CreatureEnv Inicijalizacija: 12 motora. OBS_dim=40, frame_skip=1
[Fitness run Gen10Creature13] reward=1.52±0.07  dist=0.00±0.00  upright=0.00±0.00  → FITNESS=0.0183
URDF saved to being.urdf
Connecting to PyBullet, GUI: False
CreatureEnv Inicijalizacija: 12 motora. OBS_dim=40, frame_skip=1
[Fitness run Gen10Creature14] reward=1.52±0.04  dist=0.00±0.00  upright=0.01±0.02  → FITNESS=0.0203
URDF saved to being.urdf
Connecting to PyBullet, GUI: False
CreatureEnv Inicijalizacija: 12 motora. OBS_dim=40, frame_skip=1
[Fitness run Gen10Creature15] reward=1.82±0.00  dist=0.00±0.00  upright=0.85±0.05  → FITNESS=0.2749
URDF saved to being.urdf
Connecting to PyBullet, GUI: False
CreatureEnv Inicijalizacija: 12 motora. OBS_dim=40, frame_skip=1
[Fitness run Gen10Creature16] reward=1.48±0.02  dist=0.02±0.01  upright=0.00±0.01  → FITNESS=0.0199
URDF saved to being.urdf
Connecting to PyBullet, GUI: False
CreatureEnv Inicijalizacija: 12 motora. OBS_dim=40, frame_skip=1
[Fitness run Gen10Creature17] reward=1106.13±0.00  dist=0.00±0.00  upright=1.00±0.00  → FITNESS=0.4187
URDF saved to being.urdf
Connecting to PyBullet, GUI: False
CreatureEnv Inicijalizacija: 12 motora. OBS_dim=40, frame_skip=1
[Fitness run Gen10Creature19] reward=99.61±294.79  dist=0.00±0.00  upright=0.16±0.28  → FITNESS=0.0747
URDF saved to being.urdf
Connecting to PyBullet, GUI: False
CreatureEnv Inicijalizacija: 12 motora. OBS_dim=40, frame_skip=1
[Fitness run Gen10Creature20] reward=1119.82±0.03  dist=0.00±0.00  upright=1.00±0.00  → FITNESS=0.4200
URDF saved to being.urdf
Connecting to PyBullet, GUI: False
CreatureEnv Inicijalizacija: 12 motora. OBS_dim=40, frame_skip=1
[Fitness run Gen10Creature21] reward=945.10±314.47  dist=0.05±0.03  upright=0.91±0.28  → FITNESS=0.3774
URDF saved to being.urdf
Connecting to PyBullet, GUI: False
CreatureEnv Inicijalizacija: 12 motora. OBS_dim=40, frame_skip=1
[Fitness run Gen10Creature22] reward=945.35±314.56  dist=0.02±0.05  upright=0.91±0.27  → FITNESS=0.3774
URDF saved to being.urdf
Connecting to PyBullet, GUI: False
CreatureEnv Inicijalizacija: 12 motora. OBS_dim=40, frame_skip=1
[Fitness run Gen10Creature23] reward=1070.49±7.25  dist=0.67±0.28  upright=1.00±0.00  → FITNESS=0.4321
URDF saved to being.urdf
Connecting to PyBullet, GUI: False
CreatureEnv Inicijalizacija: 12 motora. OBS_dim=40, frame_skip=1
[Fitness run Gen10Creature24] reward=962.12±320.25  dist=0.00±0.00  upright=0.91±0.28  → FITNESS=0.3776
URDF saved to being.urdf
Connecting to PyBullet, GUI: False
CreatureEnv Inicijalizacija: 12 motora. OBS_dim=40, frame_skip=1
[Fitness run Gen10Creature25] reward=1.80±0.00  dist=0.00±0.00  upright=1.00±0.00  → FITNESS=0.3183
URDF saved to being.urdf
Connecting to PyBullet, GUI: False
CreatureEnv Inicijalizacija: 12 motora. OBS_dim=40, frame_skip=1
[Fitness run Gen10Creature26] reward=1.44±0.09  dist=0.00±0.00  upright=0.91±0.03  → FITNESS=0.2922
URDF saved to being.urdf
Connecting to PyBullet, GUI: False
CreatureEnv Inicijalizacija: 12 motora. OBS_dim=40, frame_skip=1
[Fitness run Gen10Creature27] reward=0.60±0.31  dist=0.00±0.00  upright=0.48±0.17  → FITNESS=0.1634
URDF saved to being.urdf
Connecting to PyBullet, GUI: False
CreatureEnv Inicijalizacija: 12 motora. OBS_dim=40, frame_skip=1
[Fitness run Gen10Creature28] reward=1.87±0.00  dist=0.17±0.06  upright=1.00±0.00  → FITNESS=0.3226
URDF saved to being.urdf
Connecting to PyBullet, GUI: False
CreatureEnv Inicijalizacija: 12 motora. OBS_dim=40, frame_skip=1
[Fitness run Gen10Creature29] reward=1.29±0.08  dist=0.03±0.02  upright=0.23±0.11  → FITNESS=0.0878

==================================================
Generacija 10/20  |  Best = 0.4321  |  Mean = 0.2446  |  Std = 0.1584
==================================================
URDF saved to being.urdf
Connecting to PyBullet, GUI: False
CreatureEnv Inicijalizacija: 12 motora. OBS_dim=40, frame_skip=1
[Fitness run Gen10Creature2] reward=1.67±0.02  dist=0.00±0.00  upright=0.20±0.04  → FITNESS=0.0783
URDF saved to being.urdf
Connecting to PyBullet, GUI: False
CreatureEnv Inicijalizacija: 12 motora. OBS_dim=40, frame_skip=1
[Fitness run Gen10Creature3] reward=1.37±0.01  dist=0.00±0.00  upright=0.00±0.00  → FITNESS=0.0183
URDF saved to being.urdf
Connecting to PyBullet, GUI: False
CreatureEnv Inicijalizacija: 12 motora. OBS_dim=40, frame_skip=1
[Fitness run Gen10Creature4] reward=1030.70±0.05  dist=0.00±0.00  upright=1.00±0.00  → FITNESS=0.4119
URDF saved to being.urdf
Connecting to PyBullet, GUI: False
CreatureEnv Inicijalizacija: 12 motora. OBS_dim=40, frame_skip=1
[Fitness run Gen10Creature5] reward=1.85±0.04  dist=0.00±0.00  upright=1.00±0.00  → FITNESS=0.3184
URDF saved to being.urdf
Connecting to PyBullet, GUI: False
CreatureEnv Inicijalizacija: 12 motora. OBS_dim=40, frame_skip=1
[Fitness run Gen10Creature6] reward=966.72±321.75  dist=0.01±0.01  upright=0.96±0.11  → FITNESS=0.3957
URDF saved to being.urdf
Connecting to PyBullet, GUI: False
CreatureEnv Inicijalizacija: 12 motora. OBS_dim=40, frame_skip=1
[Fitness run Gen10Creature8] reward=1.53±0.05  dist=0.00±0.00  upright=0.12±0.04  → FITNESS=0.0532
URDF saved to being.urdf
Connecting to PyBullet, GUI: False
CreatureEnv Inicijalizacija: 12 motora. OBS_dim=40, frame_skip=1
[Fitness run Gen10Creature9] reward=993.18±330.56  dist=0.00±0.00  upright=0.91±0.26  → FITNESS=0.3823
URDF saved to being.urdf
Connecting to PyBullet, GUI: False
CreatureEnv Inicijalizacija: 12 motora. OBS_dim=40, frame_skip=1
[Fitness run Gen10Creature10] reward=3.85±7.35  dist=0.01±0.03  upright=0.68±0.13  → FITNESS=0.2243
URDF saved to being.urdf
Connecting to PyBullet, GUI: False
CreatureEnv Inicijalizacija: 12 motora. OBS_dim=40, frame_skip=1
[Fitness run Gen10Creature11] reward=-0.41±0.03  dist=0.00±0.00  upright=0.15±0.05  → FITNESS=0.0617
URDF saved to being.urdf
Connecting to PyBullet, GUI: False
CreatureEnv Inicijalizacija: 12 motora. OBS_dim=40, frame_skip=1
[Fitness run Gen10Creature12] reward=1.80±0.04  dist=0.05±0.02  upright=0.09±0.07  → FITNESS=0.0457
URDF saved to being.urdf
Connecting to PyBullet, GUI: False
CreatureEnv Inicijalizacija: 12 motora. OBS_dim=40, frame_skip=1
[Fitness run Gen10Creature13] reward=1.52±0.07  dist=0.00±0.00  upright=0.00±0.00  → FITNESS=0.0183
URDF saved to being.urdf
Connecting to PyBullet, GUI: False
CreatureEnv Inicijalizacija: 12 motora. OBS_dim=40, frame_skip=1
[Fitness run Gen10Creature14] reward=1.52±0.04  dist=0.00±0.00  upright=0.01±0.02  → FITNESS=0.0203
URDF saved to being.urdf
Connecting to PyBullet, GUI: False
CreatureEnv Inicijalizacija: 12 motora. OBS_dim=40, frame_skip=1
[Fitness run Gen10Creature15] reward=1.82±0.00  dist=0.00±0.00  upright=0.85±0.05  → FITNESS=0.2749
URDF saved to being.urdf
Connecting to PyBullet, GUI: False
CreatureEnv Inicijalizacija: 12 motora. OBS_dim=40, frame_skip=1
[Fitness run Gen10Creature16] reward=1.48±0.02  dist=0.02±0.01  upright=0.00±0.01  → FITNESS=0.0199
URDF saved to being.urdf
Connecting to PyBullet, GUI: False
CreatureEnv Inicijalizacija: 12 motora. OBS_dim=40, frame_skip=1
[Fitness run Gen10Creature17] reward=1106.13±0.00  dist=0.00±0.00  upright=1.00±0.00  → FITNESS=0.4187
URDF saved to being.urdf
Connecting to PyBullet, GUI: False
CreatureEnv Inicijalizacija: 12 motora. OBS_dim=40, frame_skip=1
[Fitness run Gen10Creature19] reward=99.61±294.79  dist=0.00±0.00  upright=0.16±0.28  → FITNESS=0.0747
URDF saved to being.urdf
Connecting to PyBullet, GUI: False
CreatureEnv Inicijalizacija: 12 motora. OBS_dim=40, frame_skip=1
[Fitness run Gen10Creature20] reward=1119.82±0.03  dist=0.00±0.00  upright=1.00±0.00  → FITNESS=0.4200
URDF saved to being.urdf
Connecting to PyBullet, GUI: False
CreatureEnv Inicijalizacija: 12 motora. OBS_dim=40, frame_skip=1
[Fitness run Gen10Creature21] reward=945.10±314.47  dist=0.05±0.03  upright=0.91±0.28  → FITNESS=0.3774
URDF saved to being.urdf
Connecting to PyBullet, GUI: False
CreatureEnv Inicijalizacija: 12 motora. OBS_dim=40, frame_skip=1
[Fitness run Gen10Creature22] reward=945.35±314.56  dist=0.02±0.05  upright=0.91±0.27  → FITNESS=0.3774
URDF saved to being.urdf
Connecting to PyBullet, GUI: False
CreatureEnv Inicijalizacija: 12 motora. OBS_dim=40, frame_skip=1
[Fitness run Gen10Creature23] reward=1070.49±7.25  dist=0.67±0.28  upright=1.00±0.00  → FITNESS=0.4321
URDF saved to being.urdf
Connecting to PyBullet, GUI: False
CreatureEnv Inicijalizacija: 12 motora. OBS_dim=40, frame_skip=1
[Fitness run Gen10Creature24] reward=962.12±320.25  dist=0.00±0.00  upright=0.91±0.28  → FITNESS=0.3776
URDF saved to being.urdf
Connecting to PyBullet, GUI: False
CreatureEnv Inicijalizacija: 12 motora. OBS_dim=40, frame_skip=1
[Fitness run Gen10Creature25] reward=1.80±0.00  dist=0.00±0.00  upright=1.00±0.00  → FITNESS=0.3183
URDF saved to being.urdf
Connecting to PyBullet, GUI: False
CreatureEnv Inicijalizacija: 12 motora. OBS_dim=40, frame_skip=1
[Fitness run Gen10Creature26] reward=1.44±0.09  dist=0.00±0.00  upright=0.91±0.03  → FITNESS=0.2922
URDF saved to being.urdf
Connecting to PyBullet, GUI: False
CreatureEnv Inicijalizacija: 12 motora. OBS_dim=40, frame_skip=1
[Fitness run Gen10Creature27] reward=0.60±0.31  dist=0.00±0.00  upright=0.48±0.17  → FITNESS=0.1634
URDF saved to being.urdf
Connecting to PyBullet, GUI: False
CreatureEnv Inicijalizacija: 12 motora. OBS_dim=40, frame_skip=1
[Fitness run Gen10Creature28] reward=1.87±0.00  dist=0.17±0.06  upright=1.00±0.00  → FITNESS=0.3226
URDF saved to being.urdf
Connecting to PyBullet, GUI: False
CreatureEnv Inicijalizacija: 12 motora. OBS_dim=40, frame_skip=1
[Fitness run Gen10Creature29] reward=1.29±0.08  dist=0.03±0.02  upright=0.23±0.11  → FITNESS=0.0878
Genome saved to results\distanceBased500Steps1Seed\run_5\run_5_best_creature.json
[plot] Saved → ./results\distanceBased500Steps1Seed\run_5\run_5_summary.png
URDF saved to being.urdf
Connecting to PyBullet, GUI: False
CreatureEnv Inicijalizacija: 12 motora. OBS_dim=40, frame_skip=1
[Fitness run Gen11Creature2] reward=948.16±315.55  dist=0.01±0.00  upright=0.90±0.30  → FITNESS=0.3747
URDF saved to being.urdf
Connecting to PyBullet, GUI: False
CreatureEnv Inicijalizacija: 12 motora. OBS_dim=40, frame_skip=1
[Fitness run Gen11Creature3] reward=1.02±0.27  dist=0.13±0.05  upright=0.39±0.15  → FITNESS=0.1376
URDF saved to being.urdf
Connecting to PyBullet, GUI: False
CreatureEnv Inicijalizacija: 12 motora. OBS_dim=40, frame_skip=1
[Fitness run Gen11Creature4] reward=1059.53±0.00  dist=0.01±0.00  upright=1.00±0.00  → FITNESS=0.4147
URDF saved to being.urdf
Connecting to PyBullet, GUI: False
CreatureEnv Inicijalizacija: 12 motora. OBS_dim=40, frame_skip=1
[Fitness run Gen11Creature5] reward=1.76±0.09  dist=0.14±0.05  upright=0.90±0.30  → FITNESS=0.2919
URDF saved to being.urdf
Connecting to PyBullet, GUI: False
CreatureEnv Inicijalizacija: 12 motora. OBS_dim=40, frame_skip=1
[Fitness run Gen11Creature6] reward=966.72±321.75  dist=0.01±0.01  upright=0.96±0.11  → FITNESS=0.3957
URDF saved to being.urdf
Connecting to PyBullet, GUI: False
CreatureEnv Inicijalizacija: 12 motora. OBS_dim=40, frame_skip=1
[Fitness run Gen11Creature7] reward=1035.04±0.10  dist=0.00±0.00  upright=1.00±0.00  → FITNESS=0.4123
URDF saved to being.urdf
Connecting to PyBullet, GUI: False
CreatureEnv Inicijalizacija: 12 motora. OBS_dim=40, frame_skip=1
[Fitness run Gen11Creature8] reward=0.97±0.24  dist=0.03±0.04  upright=0.32±0.09  → FITNESS=0.1159
URDF saved to being.urdf
Connecting to PyBullet, GUI: False
CreatureEnv Inicijalizacija: 12 motora. OBS_dim=40, frame_skip=1
[Fitness run Gen11Creature9] reward=1073.51±3.15  dist=1.34±0.15  upright=1.00±0.00  → FITNESS=0.4494
URDF saved to being.urdf
Connecting to PyBullet, GUI: False
CreatureEnv Inicijalizacija: 12 motora. OBS_dim=40, frame_skip=1
[Fitness run Gen11Creature10] reward=-0.19±0.05  dist=0.21±0.11  upright=0.28±0.05  → FITNESS=0.1067
URDF saved to being.urdf
Connecting to PyBullet, GUI: False
CreatureEnv Inicijalizacija: 12 motora. OBS_dim=40, frame_skip=1
[Fitness run Gen11Creature11] reward=0.83±0.24  dist=0.00±0.00  upright=0.44±0.11  → FITNESS=0.1489
URDF saved to being.urdf
Connecting to PyBullet, GUI: False
CreatureEnv Inicijalizacija: 12 motora. OBS_dim=40, frame_skip=1
[Fitness run Gen11Creature12] reward=1.40±0.07  dist=0.13±0.05  upright=0.03±0.08  → FITNESS=0.0292
URDF saved to being.urdf
Connecting to PyBullet, GUI: False
CreatureEnv Inicijalizacija: 12 motora. OBS_dim=40, frame_skip=1
[Fitness run Gen11Creature13] reward=1.51±0.02  dist=0.24±0.08  upright=0.00±0.01  → FITNESS=0.0252
URDF saved to being.urdf
Connecting to PyBullet, GUI: False
CreatureEnv Inicijalizacija: 12 motora. OBS_dim=40, frame_skip=1
[Fitness run Gen11Creature14] reward=1.56±0.15  dist=0.17±0.04  upright=0.00±0.00  → FITNESS=0.0225
URDF saved to being.urdf
Connecting to PyBullet, GUI: False
CreatureEnv Inicijalizacija: 12 motora. OBS_dim=40, frame_skip=1
[Fitness run Gen11Creature15] reward=1.89±0.03  dist=0.00±0.00  upright=0.10±0.30  → FITNESS=0.0484
URDF saved to being.urdf
Connecting to PyBullet, GUI: False
CreatureEnv Inicijalizacija: 12 motora. OBS_dim=40, frame_skip=1
[Fitness run Gen11Creature16] reward=1.52±0.15  dist=0.00±0.00  upright=0.05±0.16  → FITNESS=0.0348
URDF saved to being.urdf
Connecting to PyBullet, GUI: False
CreatureEnv Inicijalizacija: 12 motora. OBS_dim=40, frame_skip=1
[Fitness run Gen11Creature17] reward=1052.64±0.10  dist=0.00±0.00  upright=1.00±0.00  → FITNESS=0.4139
URDF saved to being.urdf
Connecting to PyBullet, GUI: False
CreatureEnv Inicijalizacija: 12 motora. OBS_dim=40, frame_skip=1
[Fitness run Gen11Creature18] reward=1.37±0.01  dist=0.18±0.02  upright=0.15±0.04  → FITNESS=0.0674
URDF saved to being.urdf
Connecting to PyBullet, GUI: False
CreatureEnv Inicijalizacija: 12 motora. OBS_dim=40, frame_skip=1
[Fitness run Gen11Creature19] reward=1.89±0.11  dist=0.00±0.00  upright=0.05±0.05  → FITNESS=0.0338
URDF saved to being.urdf
Connecting to PyBullet, GUI: False
CreatureEnv Inicijalizacija: 12 motora. OBS_dim=40, frame_skip=1
[Fitness run Gen11Creature20] reward=1064.12±0.00  dist=0.00±0.00  upright=1.00±0.00  → FITNESS=0.4149
URDF saved to being.urdf
Connecting to PyBullet, GUI: False
CreatureEnv Inicijalizacija: 12 motora. OBS_dim=40, frame_skip=1
[Fitness run Gen11Creature21] reward=550.64±549.47  dist=0.00±0.00  upright=0.75±0.26  → FITNESS=0.2937
URDF saved to being.urdf
Connecting to PyBullet, GUI: False
CreatureEnv Inicijalizacija: 12 motora. OBS_dim=40, frame_skip=1
[Fitness run Gen11Creature22] reward=1119.82±0.03  dist=0.00±0.00  upright=1.00±0.00  → FITNESS=0.4200
URDF saved to being.urdf
Connecting to PyBullet, GUI: False
CreatureEnv Inicijalizacija: 12 motora. OBS_dim=40, frame_skip=1
[Fitness run Gen11Creature23] reward=1122.31±4.60  dist=0.00±0.00  upright=1.00±0.00  → FITNESS=0.4203
URDF saved to being.urdf
Connecting to PyBullet, GUI: False
CreatureEnv Inicijalizacija: 12 motora. OBS_dim=40, frame_skip=1
[Fitness run Gen11Creature24] reward=1089.40±4.68  dist=0.00±0.00  upright=1.00±0.00  → FITNESS=0.4173
URDF saved to being.urdf
Connecting to PyBullet, GUI: False
CreatureEnv Inicijalizacija: 12 motora. OBS_dim=40, frame_skip=1
[Fitness run Gen11Creature25] reward=1.76±0.00  dist=0.00±0.00  upright=1.00±0.00  → FITNESS=0.3184
URDF saved to being.urdf
Connecting to PyBullet, GUI: False
CreatureEnv Inicijalizacija: 12 motora. OBS_dim=40, frame_skip=1
[Fitness run Gen11Creature26] reward=1.38±0.09  dist=0.00±0.00  upright=0.77±0.08  → FITNESS=0.2496
URDF saved to being.urdf
Connecting to PyBullet, GUI: False
CreatureEnv Inicijalizacija: 12 motora. OBS_dim=40, frame_skip=1
[Fitness run Gen11Creature27] reward=1.06±0.11  dist=0.07±0.22  upright=0.06±0.01  → FITNESS=0.0385
URDF saved to being.urdf
Connecting to PyBullet, GUI: False
CreatureEnv Inicijalizacija: 12 motora. OBS_dim=40, frame_skip=1
[Fitness run Gen11Creature28] reward=1.78±0.00  dist=0.00±0.00  upright=0.97±0.10  → FITNESS=0.3087
URDF saved to being.urdf
Connecting to PyBullet, GUI: False
CreatureEnv Inicijalizacija: 12 motora. OBS_dim=40, frame_skip=1
[Fitness run Gen11Creature29] reward=552.55±550.50  dist=0.00±0.00  upright=0.84±0.17  → FITNESS=0.3200

==================================================
Generacija 11/20  |  Best = 0.4494  |  Mean = 0.2526  |  Std = 0.1605
==================================================
URDF saved to being.urdf
Connecting to PyBullet, GUI: False
CreatureEnv Inicijalizacija: 12 motora. OBS_dim=40, frame_skip=1
[Fitness run Gen11Creature2] reward=948.16±315.55  dist=0.01±0.00  upright=0.90±0.30  → FITNESS=0.3747
URDF saved to being.urdf
Connecting to PyBullet, GUI: False
CreatureEnv Inicijalizacija: 12 motora. OBS_dim=40, frame_skip=1
[Fitness run Gen11Creature3] reward=1.02±0.27  dist=0.13±0.05  upright=0.39±0.15  → FITNESS=0.1376
URDF saved to being.urdf
Connecting to PyBullet, GUI: False
CreatureEnv Inicijalizacija: 12 motora. OBS_dim=40, frame_skip=1
[Fitness run Gen11Creature4] reward=1059.53±0.00  dist=0.01±0.00  upright=1.00±0.00  → FITNESS=0.4147
URDF saved to being.urdf
Connecting to PyBullet, GUI: False
CreatureEnv Inicijalizacija: 12 motora. OBS_dim=40, frame_skip=1
[Fitness run Gen11Creature5] reward=1.76±0.09  dist=0.14±0.05  upright=0.90±0.30  → FITNESS=0.2919
URDF saved to being.urdf
Connecting to PyBullet, GUI: False
CreatureEnv Inicijalizacija: 12 motora. OBS_dim=40, frame_skip=1
[Fitness run Gen11Creature6] reward=966.72±321.75  dist=0.01±0.01  upright=0.96±0.11  → FITNESS=0.3957
URDF saved to being.urdf
Connecting to PyBullet, GUI: False
CreatureEnv Inicijalizacija: 12 motora. OBS_dim=40, frame_skip=1
[Fitness run Gen11Creature7] reward=1035.04±0.10  dist=0.00±0.00  upright=1.00±0.00  → FITNESS=0.4123
URDF saved to being.urdf
Connecting to PyBullet, GUI: False
CreatureEnv Inicijalizacija: 12 motora. OBS_dim=40, frame_skip=1
[Fitness run Gen11Creature8] reward=0.97±0.24  dist=0.03±0.04  upright=0.32±0.09  → FITNESS=0.1159
URDF saved to being.urdf
Connecting to PyBullet, GUI: False
CreatureEnv Inicijalizacija: 12 motora. OBS_dim=40, frame_skip=1
[Fitness run Gen11Creature9] reward=1073.51±3.15  dist=1.34±0.15  upright=1.00±0.00  → FITNESS=0.4494
URDF saved to being.urdf
Connecting to PyBullet, GUI: False
CreatureEnv Inicijalizacija: 12 motora. OBS_dim=40, frame_skip=1
[Fitness run Gen11Creature10] reward=-0.19±0.05  dist=0.21±0.11  upright=0.28±0.05  → FITNESS=0.1067
URDF saved to being.urdf
Connecting to PyBullet, GUI: False
CreatureEnv Inicijalizacija: 12 motora. OBS_dim=40, frame_skip=1
[Fitness run Gen11Creature11] reward=0.83±0.24  dist=0.00±0.00  upright=0.44±0.11  → FITNESS=0.1489
URDF saved to being.urdf
Connecting to PyBullet, GUI: False
CreatureEnv Inicijalizacija: 12 motora. OBS_dim=40, frame_skip=1
[Fitness run Gen11Creature12] reward=1.40±0.07  dist=0.13±0.05  upright=0.03±0.08  → FITNESS=0.0292
URDF saved to being.urdf
Connecting to PyBullet, GUI: False
CreatureEnv Inicijalizacija: 12 motora. OBS_dim=40, frame_skip=1
[Fitness run Gen11Creature13] reward=1.51±0.02  dist=0.24±0.08  upright=0.00±0.01  → FITNESS=0.0252
URDF saved to being.urdf
Connecting to PyBullet, GUI: False
CreatureEnv Inicijalizacija: 12 motora. OBS_dim=40, frame_skip=1
[Fitness run Gen11Creature14] reward=1.56±0.15  dist=0.17±0.04  upright=0.00±0.00  → FITNESS=0.0225
URDF saved to being.urdf
Connecting to PyBullet, GUI: False
CreatureEnv Inicijalizacija: 12 motora. OBS_dim=40, frame_skip=1
[Fitness run Gen11Creature15] reward=1.89±0.03  dist=0.00±0.00  upright=0.10±0.30  → FITNESS=0.0484
URDF saved to being.urdf
Connecting to PyBullet, GUI: False
CreatureEnv Inicijalizacija: 12 motora. OBS_dim=40, frame_skip=1
[Fitness run Gen11Creature16] reward=1.52±0.15  dist=0.00±0.00  upright=0.05±0.16  → FITNESS=0.0348
URDF saved to being.urdf
Connecting to PyBullet, GUI: False
CreatureEnv Inicijalizacija: 12 motora. OBS_dim=40, frame_skip=1
[Fitness run Gen11Creature17] reward=1052.64±0.10  dist=0.00±0.00  upright=1.00±0.00  → FITNESS=0.4139
URDF saved to being.urdf
Connecting to PyBullet, GUI: False
CreatureEnv Inicijalizacija: 12 motora. OBS_dim=40, frame_skip=1
[Fitness run Gen11Creature18] reward=1.37±0.01  dist=0.18±0.02  upright=0.15±0.04  → FITNESS=0.0674
URDF saved to being.urdf
Connecting to PyBullet, GUI: False
CreatureEnv Inicijalizacija: 12 motora. OBS_dim=40, frame_skip=1
[Fitness run Gen11Creature19] reward=1.89±0.11  dist=0.00±0.00  upright=0.05±0.05  → FITNESS=0.0338
URDF saved to being.urdf
Connecting to PyBullet, GUI: False
CreatureEnv Inicijalizacija: 12 motora. OBS_dim=40, frame_skip=1
[Fitness run Gen11Creature20] reward=1064.12±0.00  dist=0.00±0.00  upright=1.00±0.00  → FITNESS=0.4149
URDF saved to being.urdf
Connecting to PyBullet, GUI: False
CreatureEnv Inicijalizacija: 12 motora. OBS_dim=40, frame_skip=1
[Fitness run Gen11Creature21] reward=550.64±549.47  dist=0.00±0.00  upright=0.75±0.26  → FITNESS=0.2937
URDF saved to being.urdf
Connecting to PyBullet, GUI: False
CreatureEnv Inicijalizacija: 12 motora. OBS_dim=40, frame_skip=1
[Fitness run Gen11Creature22] reward=1119.82±0.03  dist=0.00±0.00  upright=1.00±0.00  → FITNESS=0.4200
URDF saved to being.urdf
Connecting to PyBullet, GUI: False
CreatureEnv Inicijalizacija: 12 motora. OBS_dim=40, frame_skip=1
[Fitness run Gen11Creature23] reward=1122.31±4.60  dist=0.00±0.00  upright=1.00±0.00  → FITNESS=0.4203
URDF saved to being.urdf
Connecting to PyBullet, GUI: False
CreatureEnv Inicijalizacija: 12 motora. OBS_dim=40, frame_skip=1
[Fitness run Gen11Creature24] reward=1089.40±4.68  dist=0.00±0.00  upright=1.00±0.00  → FITNESS=0.4173
URDF saved to being.urdf
Connecting to PyBullet, GUI: False
CreatureEnv Inicijalizacija: 12 motora. OBS_dim=40, frame_skip=1
[Fitness run Gen11Creature25] reward=1.76±0.00  dist=0.00±0.00  upright=1.00±0.00  → FITNESS=0.3184
URDF saved to being.urdf
Connecting to PyBullet, GUI: False
CreatureEnv Inicijalizacija: 12 motora. OBS_dim=40, frame_skip=1
[Fitness run Gen11Creature26] reward=1.38±0.09  dist=0.00±0.00  upright=0.77±0.08  → FITNESS=0.2496
URDF saved to being.urdf
Connecting to PyBullet, GUI: False
CreatureEnv Inicijalizacija: 12 motora. OBS_dim=40, frame_skip=1
[Fitness run Gen11Creature27] reward=1.06±0.11  dist=0.07±0.22  upright=0.06±0.01  → FITNESS=0.0385
URDF saved to being.urdf
Connecting to PyBullet, GUI: False
CreatureEnv Inicijalizacija: 12 motora. OBS_dim=40, frame_skip=1
[Fitness run Gen11Creature28] reward=1.78±0.00  dist=0.00±0.00  upright=0.97±0.10  → FITNESS=0.3087
URDF saved to being.urdf
Connecting to PyBullet, GUI: False
CreatureEnv Inicijalizacija: 12 motora. OBS_dim=40, frame_skip=1
[Fitness run Gen11Creature29] reward=552.55±550.50  dist=0.00±0.00  upright=0.84±0.17  → FITNESS=0.3200
Genome saved to results\distanceBased500Steps1Seed\run_5\run_5_best_creature.json
[plot] Saved → ./results\distanceBased500Steps1Seed\run_5\run_5_summary.png
URDF saved to being.urdf
Connecting to PyBullet, GUI: False
CreatureEnv Inicijalizacija: 12 motora. OBS_dim=40, frame_skip=1
[Fitness run Gen12Creature2] reward=2.07±0.00  dist=0.03±0.01  upright=1.00±0.00  → FITNESS=0.3192
URDF saved to being.urdf
Connecting to PyBullet, GUI: False
CreatureEnv Inicijalizacija: 12 motora. OBS_dim=40, frame_skip=1
[Fitness run Gen12Creature3] reward=104.61±307.90  dist=0.00±0.00  upright=0.36±0.27  → FITNESS=0.1361
URDF saved to being.urdf
Connecting to PyBullet, GUI: False
CreatureEnv Inicijalizacija: 12 motora. OBS_dim=40, frame_skip=1
[Fitness run Gen12Creature4] reward=104.61±307.90  dist=0.00±0.00  upright=0.36±0.27  → FITNESS=0.1361
URDF saved to being.urdf
Connecting to PyBullet, GUI: False
CreatureEnv Inicijalizacija: 12 motora. OBS_dim=40, frame_skip=1
[Fitness run Gen12Creature5] reward=966.94±321.84  dist=0.01±0.00  upright=0.90±0.30  → FITNESS=0.3763
URDF saved to being.urdf
Connecting to PyBullet, GUI: False
CreatureEnv Inicijalizacija: 12 motora. OBS_dim=40, frame_skip=1
[Fitness run Gen12Creature6] reward=104.63±307.68  dist=0.00±0.00  upright=1.00±0.00  → FITNESS=0.3277
URDF saved to being.urdf
Connecting to PyBullet, GUI: False
CreatureEnv Inicijalizacija: 12 motora. OBS_dim=40, frame_skip=1
[Fitness run Gen12Creature7] reward=1054.47±0.22  dist=0.00±0.00  upright=1.00±0.00  → FITNESS=0.4141
URDF saved to being.urdf
Connecting to PyBullet, GUI: False
CreatureEnv Inicijalizacija: 12 motora. OBS_dim=40, frame_skip=1
[Fitness run Gen12Creature8] reward=1.46±0.01  dist=0.11±0.04  upright=0.12±0.04  → FITNESS=0.0558
URDF saved to being.urdf
Connecting to PyBullet, GUI: False
CreatureEnv Inicijalizacija: 12 motora. OBS_dim=40, frame_skip=1
[Fitness run Gen12Creature9] reward=966.81±321.79  dist=0.00±0.00  upright=0.90±0.30  → FITNESS=0.3761
URDF saved to being.urdf
Connecting to PyBullet, GUI: False
CreatureEnv Inicijalizacija: 12 motora. OBS_dim=40, frame_skip=1
[Fitness run Gen12Creature10] reward=0.50±0.27  dist=0.19±0.07  upright=0.38±0.13  → FITNESS=0.1363
URDF saved to being.urdf
Connecting to PyBullet, GUI: False
CreatureEnv Inicijalizacija: 12 motora. OBS_dim=40, frame_skip=1
[Fitness run Gen12Creature11] reward=0.91±0.36  dist=0.00±0.00  upright=0.20±0.05  → FITNESS=0.0792
URDF saved to being.urdf
Connecting to PyBullet, GUI: False
CreatureEnv Inicijalizacija: 12 motora. OBS_dim=40, frame_skip=1
[Fitness run Gen12Creature12] reward=1.31±0.06  dist=0.00±0.00  upright=0.01±0.02  → FITNESS=0.0202
URDF saved to being.urdf
Connecting to PyBullet, GUI: False
CreatureEnv Inicijalizacija: 12 motora. OBS_dim=40, frame_skip=1
[Fitness run Gen12Creature13] reward=1.15±0.12  dist=0.00±0.00  upright=0.00±0.00  → FITNESS=0.0183
URDF saved to being.urdf
Connecting to PyBullet, GUI: False
CreatureEnv Inicijalizacija: 12 motora. OBS_dim=40, frame_skip=1
[Fitness run Gen12Creature14] reward=1.92±0.05  dist=0.13±0.05  upright=0.00±0.00  → FITNESS=0.0217
URDF saved to being.urdf
Connecting to PyBullet, GUI: False
CreatureEnv Inicijalizacija: 12 motora. OBS_dim=40, frame_skip=1
[Fitness run Gen12Creature15] reward=1069.19±17.48  dist=0.00±0.00  upright=1.00±0.00  → FITNESS=0.4154
URDF saved to being.urdf
Connecting to PyBullet, GUI: False
CreatureEnv Inicijalizacija: 12 motora. OBS_dim=40, frame_skip=1
[Fitness run Gen12Creature16] reward=1.48±0.38  dist=0.01±0.01  upright=0.17±0.30  → FITNESS=0.0698
URDF saved to being.urdf
Connecting to PyBullet, GUI: False
CreatureEnv Inicijalizacija: 12 motora. OBS_dim=40, frame_skip=1
[Fitness run Gen12Creature17] reward=1123.07±2.68  dist=0.00±0.00  upright=1.00±0.00  → FITNESS=0.4203
URDF saved to being.urdf
Connecting to PyBullet, GUI: False
CreatureEnv Inicijalizacija: 12 motora. OBS_dim=40, frame_skip=1
[Fitness run Gen12Creature18] reward=1.37±0.02  dist=0.24±0.03  upright=0.08±0.02  → FITNESS=0.0476
URDF saved to being.urdf
Connecting to PyBullet, GUI: False
CreatureEnv Inicijalizacija: 12 motora. OBS_dim=40, frame_skip=1
[Fitness run Gen12Creature19] reward=1069.83±4.68  dist=0.00±0.00  upright=1.00±0.00  → FITNESS=0.4154
URDF saved to being.urdf
Connecting to PyBullet, GUI: False
CreatureEnv Inicijalizacija: 12 motora. OBS_dim=40, frame_skip=1
[Fitness run Gen12Creature21] reward=1.69±0.02  dist=0.13±0.05  upright=0.09±0.07  → FITNESS=0.0478
URDF saved to being.urdf
Connecting to PyBullet, GUI: False
CreatureEnv Inicijalizacija: 12 motora. OBS_dim=40, frame_skip=1
[Fitness run Gen12Creature22] reward=1080.74±0.12  dist=0.00±0.00  upright=1.00±0.00  → FITNESS=0.4164
URDF saved to being.urdf
Connecting to PyBullet, GUI: False
CreatureEnv Inicijalizacija: 12 motora. OBS_dim=40, frame_skip=1
[Fitness run Gen12Creature24] reward=1053.28±0.06  dist=0.00±0.00  upright=1.00±0.00  → FITNESS=0.4139
URDF saved to being.urdf
Connecting to PyBullet, GUI: False
CreatureEnv Inicijalizacija: 12 motora. OBS_dim=40, frame_skip=1
[Fitness run Gen12Creature25] reward=943.86±314.14  dist=0.13±0.06  upright=0.90±0.30  → FITNESS=0.3772
URDF saved to being.urdf
Connecting to PyBullet, GUI: False
CreatureEnv Inicijalizacija: 12 motora. OBS_dim=40, frame_skip=1
[Fitness run Gen12Creature26] reward=1.51±0.03  dist=0.02±0.01  upright=0.03±0.01  → FITNESS=0.0275
URDF saved to being.urdf
Connecting to PyBullet, GUI: False
CreatureEnv Inicijalizacija: 12 motora. OBS_dim=40, frame_skip=1
[Fitness run Gen12Creature27] reward=979.69±326.08  dist=0.00±0.01  upright=0.91±0.28  → FITNESS=0.3793
URDF saved to being.urdf
Connecting to PyBullet, GUI: False
CreatureEnv Inicijalizacija: 12 motora. OBS_dim=40, frame_skip=1
[Fitness run Gen12Creature28] reward=1.96±0.00  dist=0.10±0.03  upright=1.00±0.00  → FITNESS=0.3207
URDF saved to being.urdf
Connecting to PyBullet, GUI: False
CreatureEnv Inicijalizacija: 12 motora. OBS_dim=40, frame_skip=1
[Fitness run Gen12Creature29] reward=1102.92±9.66  dist=0.00±0.00  upright=1.00±0.00  → FITNESS=0.4184

==================================================
Generacija 12/20  |  Best = 0.4494  |  Mean = 0.2635  |  Std = 0.1659
==================================================
URDF saved to being.urdf
Connecting to PyBullet, GUI: False
CreatureEnv Inicijalizacija: 12 motora. OBS_dim=40, frame_skip=1
[Fitness run Gen12Creature2] reward=2.07±0.00  dist=0.03±0.01  upright=1.00±0.00  → FITNESS=0.3192
URDF saved to being.urdf
Connecting to PyBullet, GUI: False
CreatureEnv Inicijalizacija: 12 motora. OBS_dim=40, frame_skip=1
[Fitness run Gen12Creature3] reward=1.28±0.24  dist=0.02±0.03  upright=0.42±0.17  → FITNESS=0.1455
URDF saved to being.urdf
Connecting to PyBullet, GUI: False
CreatureEnv Inicijalizacija: 12 motora. OBS_dim=40, frame_skip=1
[Fitness run Gen12Creature4] reward=104.61±307.90  dist=0.00±0.00  upright=0.36±0.27  → FITNESS=0.1361
URDF saved to being.urdf
Connecting to PyBullet, GUI: False
CreatureEnv Inicijalizacija: 12 motora. OBS_dim=40, frame_skip=1
[Fitness run Gen12Creature5] reward=966.94±321.84  dist=0.01±0.00  upright=0.90±0.30  → FITNESS=0.3763
URDF saved to being.urdf
Connecting to PyBullet, GUI: False
CreatureEnv Inicijalizacija: 12 motora. OBS_dim=40, frame_skip=1
[Fitness run Gen12Creature6] reward=104.63±307.68  dist=0.00±0.00  upright=1.00±0.00  → FITNESS=0.3277
URDF saved to being.urdf
Connecting to PyBullet, GUI: False
CreatureEnv Inicijalizacija: 12 motora. OBS_dim=40, frame_skip=1
[Fitness run Gen12Creature7] reward=1054.47±0.22  dist=0.00±0.00  upright=1.00±0.00  → FITNESS=0.4141
URDF saved to being.urdf
Connecting to PyBullet, GUI: False
CreatureEnv Inicijalizacija: 12 motora. OBS_dim=40, frame_skip=1
[Fitness run Gen12Creature8] reward=1.46±0.01  dist=0.11±0.04  upright=0.12±0.04  → FITNESS=0.0558
URDF saved to being.urdf
Connecting to PyBullet, GUI: False
CreatureEnv Inicijalizacija: 12 motora. OBS_dim=40, frame_skip=1
[Fitness run Gen12Creature9] reward=966.81±321.79  dist=0.00±0.00  upright=0.90±0.30  → FITNESS=0.3761
URDF saved to being.urdf
Connecting to PyBullet, GUI: False
CreatureEnv Inicijalizacija: 12 motora. OBS_dim=40, frame_skip=1
[Fitness run Gen12Creature10] reward=0.50±0.27  dist=0.19±0.07  upright=0.38±0.13  → FITNESS=0.1363
URDF saved to being.urdf
Connecting to PyBullet, GUI: False
CreatureEnv Inicijalizacija: 12 motora. OBS_dim=40, frame_skip=1
[Fitness run Gen12Creature11] reward=0.91±0.36  dist=0.00±0.00  upright=0.20±0.05  → FITNESS=0.0792
URDF saved to being.urdf
Connecting to PyBullet, GUI: False
CreatureEnv Inicijalizacija: 12 motora. OBS_dim=40, frame_skip=1
[Fitness run Gen12Creature12] reward=1.31±0.06  dist=0.00±0.00  upright=0.01±0.02  → FITNESS=0.0202
URDF saved to being.urdf
Connecting to PyBullet, GUI: False
CreatureEnv Inicijalizacija: 12 motora. OBS_dim=40, frame_skip=1
[Fitness run Gen12Creature13] reward=1.15±0.12  dist=0.00±0.00  upright=0.00±0.00  → FITNESS=0.0183
URDF saved to being.urdf
Connecting to PyBullet, GUI: False
CreatureEnv Inicijalizacija: 12 motora. OBS_dim=40, frame_skip=1
[Fitness run Gen12Creature14] reward=1.92±0.05  dist=0.13±0.05  upright=0.00±0.00  → FITNESS=0.0217
URDF saved to being.urdf
Connecting to PyBullet, GUI: False
CreatureEnv Inicijalizacija: 12 motora. OBS_dim=40, frame_skip=1
[Fitness run Gen12Creature15] reward=1069.19±17.48  dist=0.00±0.00  upright=1.00±0.00  → FITNESS=0.4154
URDF saved to being.urdf
Connecting to PyBullet, GUI: False
CreatureEnv Inicijalizacija: 12 motora. OBS_dim=40, frame_skip=1
[Fitness run Gen12Creature16] reward=1.48±0.38  dist=0.01±0.01  upright=0.17±0.30  → FITNESS=0.0698
URDF saved to being.urdf
Connecting to PyBullet, GUI: False
CreatureEnv Inicijalizacija: 12 motora. OBS_dim=40, frame_skip=1
[Fitness run Gen12Creature17] reward=1123.07±2.68  dist=0.00±0.00  upright=1.00±0.00  → FITNESS=0.4203
URDF saved to being.urdf
Connecting to PyBullet, GUI: False
CreatureEnv Inicijalizacija: 12 motora. OBS_dim=40, frame_skip=1
[Fitness run Gen12Creature18] reward=1.37±0.02  dist=0.24±0.03  upright=0.08±0.02  → FITNESS=0.0476
URDF saved to being.urdf
Connecting to PyBullet, GUI: False
CreatureEnv Inicijalizacija: 12 motora. OBS_dim=40, frame_skip=1
[Fitness run Gen12Creature19] reward=1069.83±4.68  dist=0.00±0.00  upright=1.00±0.00  → FITNESS=0.4154
URDF saved to being.urdf
Connecting to PyBullet, GUI: False
CreatureEnv Inicijalizacija: 12 motora. OBS_dim=40, frame_skip=1
[Fitness run Gen12Creature21] reward=1.69±0.02  dist=0.13±0.05  upright=0.09±0.07  → FITNESS=0.0478
URDF saved to being.urdf
Connecting to PyBullet, GUI: False
CreatureEnv Inicijalizacija: 12 motora. OBS_dim=40, frame_skip=1
[Fitness run Gen12Creature22] reward=1080.74±0.12  dist=0.00±0.00  upright=1.00±0.00  → FITNESS=0.4164
URDF saved to being.urdf
Connecting to PyBullet, GUI: False
CreatureEnv Inicijalizacija: 12 motora. OBS_dim=40, frame_skip=1
[Fitness run Gen12Creature24] reward=1053.28±0.06  dist=0.00±0.00  upright=1.00±0.00  → FITNESS=0.4139
URDF saved to being.urdf
Connecting to PyBullet, GUI: False
CreatureEnv Inicijalizacija: 12 motora. OBS_dim=40, frame_skip=1
[Fitness run Gen12Creature25] reward=943.86±314.14  dist=0.13±0.06  upright=0.90±0.30  → FITNESS=0.3772
URDF saved to being.urdf
Connecting to PyBullet, GUI: False
CreatureEnv Inicijalizacija: 12 motora. OBS_dim=40, frame_skip=1
[Fitness run Gen12Creature26] reward=1.51±0.03  dist=0.02±0.01  upright=0.03±0.01  → FITNESS=0.0275
URDF saved to being.urdf
Connecting to PyBullet, GUI: False
CreatureEnv Inicijalizacija: 12 motora. OBS_dim=40, frame_skip=1
[Fitness run Gen12Creature27] reward=979.69±326.08  dist=0.00±0.01  upright=0.91±0.28  → FITNESS=0.3793
URDF saved to being.urdf
Connecting to PyBullet, GUI: False
CreatureEnv Inicijalizacija: 12 motora. OBS_dim=40, frame_skip=1
[Fitness run Gen12Creature28] reward=1.96±0.00  dist=0.10±0.03  upright=1.00±0.00  → FITNESS=0.3207
URDF saved to being.urdf
Connecting to PyBullet, GUI: False
CreatureEnv Inicijalizacija: 12 motora. OBS_dim=40, frame_skip=1
[Fitness run Gen12Creature29] reward=1102.92±9.66  dist=0.00±0.00  upright=1.00±0.00  → FITNESS=0.4184
Genome saved to results\distanceBased500Steps1Seed\run_5\run_5_best_creature.json
[plot] Saved → ./results\distanceBased500Steps1Seed\run_5\run_5_summary.png
URDF saved to being.urdf
Connecting to PyBullet, GUI: False
CreatureEnv Inicijalizacija: 12 motora. OBS_dim=40, frame_skip=1
[Fitness run Gen13Creature2] reward=915.43±304.71  dist=0.01±0.01  upright=0.90±0.30  → FITNESS=0.3708
URDF saved to being.urdf
Connecting to PyBullet, GUI: False
CreatureEnv Inicijalizacija: 12 motora. OBS_dim=40, frame_skip=1
[Fitness run Gen13Creature3] reward=985.69±328.07  dist=0.00±0.01  upright=0.90±0.30  → FITNESS=0.3779
URDF saved to being.urdf
Connecting to PyBullet, GUI: False
CreatureEnv Inicijalizacija: 12 motora. OBS_dim=40, frame_skip=1
[Fitness run Gen13Creature4] reward=1.57±0.23  dist=0.14±0.09  upright=0.06±0.17  → FITNESS=0.0402
URDF saved to being.urdf
Connecting to PyBullet, GUI: False
CreatureEnv Inicijalizacija: 12 motora. OBS_dim=40, frame_skip=1
[Fitness run Gen13Creature5] reward=1.89±0.00  dist=0.06±0.02  upright=1.00±0.00  → FITNESS=0.3198
URDF saved to being.urdf
Connecting to PyBullet, GUI: False
CreatureEnv Inicijalizacija: 12 motora. OBS_dim=40, frame_skip=1
[Fitness run Gen13Creature6] reward=524.13±522.11  dist=0.05±0.06  upright=0.82±0.18  → FITNESS=0.3139
URDF saved to being.urdf
Connecting to PyBullet, GUI: False
CreatureEnv Inicijalizacija: 12 motora. OBS_dim=40, frame_skip=1
[Fitness run Gen13Creature7] reward=1070.20±0.06  dist=0.00±0.00  upright=1.00±0.00  → FITNESS=0.4155
URDF saved to being.urdf
Connecting to PyBullet, GUI: False
CreatureEnv Inicijalizacija: 12 motora. OBS_dim=40, frame_skip=1
[Fitness run Gen13Creature8] reward=1.52±0.15  dist=0.06±0.03  upright=0.27±0.11  → FITNESS=0.1010
URDF saved to being.urdf
Connecting to PyBullet, GUI: False
CreatureEnv Inicijalizacija: 12 motora. OBS_dim=40, frame_skip=1
[Fitness run Gen13Creature9] reward=1114.07±11.61  dist=0.01±0.03  upright=1.00±0.00  → FITNESS=0.4197
URDF saved to being.urdf
Connecting to PyBullet, GUI: False
CreatureEnv Inicijalizacija: 12 motora. OBS_dim=40, frame_skip=1
[Fitness run Gen13Creature10] reward=7.31±8.49  dist=0.00±0.00  upright=0.59±0.26  → FITNESS=0.1953
URDF saved to being.urdf
Connecting to PyBullet, GUI: False
CreatureEnv Inicijalizacija: 12 motora. OBS_dim=40, frame_skip=1
[Fitness run Gen13Creature11] reward=96.26±283.03  dist=0.01±0.01  upright=0.35±0.22  → FITNESS=0.1327
URDF saved to being.urdf
Connecting to PyBullet, GUI: False
CreatureEnv Inicijalizacija: 12 motora. OBS_dim=40, frame_skip=1
[Fitness run Gen13Creature12] reward=1.40±0.02  dist=0.03±0.01  upright=0.00±0.01  → FITNESS=0.0201
URDF saved to being.urdf
Connecting to PyBullet, GUI: False
CreatureEnv Inicijalizacija: 12 motora. OBS_dim=40, frame_skip=1
[Fitness run Gen13Creature13] reward=1.50±0.00  dist=0.33±0.17  upright=0.00±0.00  → FITNESS=0.0265
URDF saved to being.urdf
Connecting to PyBullet, GUI: False
CreatureEnv Inicijalizacija: 12 motora. OBS_dim=40, frame_skip=1
[Fitness run Gen13Creature14] reward=1.50±0.00  dist=0.15±0.05  upright=0.00±0.00  → FITNESS=0.0222
URDF saved to being.urdf
Connecting to PyBullet, GUI: False
CreatureEnv Inicijalizacija: 12 motora. OBS_dim=40, frame_skip=1
[Fitness run Gen13Creature15] reward=1.99±0.11  dist=0.02±0.02  upright=0.14±0.31  → FITNESS=0.0613
URDF saved to being.urdf
Connecting to PyBullet, GUI: False
CreatureEnv Inicijalizacija: 12 motora. OBS_dim=40, frame_skip=1
[Fitness run Gen13Creature16] reward=1.66±0.20  dist=0.03±0.02  upright=0.20±0.35  → FITNESS=0.0782
URDF saved to being.urdf
Connecting to PyBullet, GUI: False
CreatureEnv Inicijalizacija: 12 motora. OBS_dim=40, frame_skip=1
[Fitness run Gen13Creature17] reward=1059.01±0.29  dist=0.00±0.00  upright=1.00±0.00  → FITNESS=0.4145
URDF saved to being.urdf
Connecting to PyBullet, GUI: False
CreatureEnv Inicijalizacija: 12 motora. OBS_dim=40, frame_skip=1
[Fitness run Gen13Creature18] reward=1.47±0.11  dist=0.00±0.00  upright=0.01±0.02  → FITNESS=0.0203
URDF saved to being.urdf
Connecting to PyBullet, GUI: False
CreatureEnv Inicijalizacija: 12 motora. OBS_dim=40, frame_skip=1
[Fitness run Gen13Creature19] reward=992.46±330.35  dist=0.00±0.01  upright=0.91±0.27  → FITNESS=0.3814
URDF saved to being.urdf
Connecting to PyBullet, GUI: False
CreatureEnv Inicijalizacija: 12 motora. OBS_dim=40, frame_skip=1
[Fitness run Gen13Creature20] reward=1064.12±0.00  dist=0.00±0.00  upright=1.00±0.00  → FITNESS=0.4149
URDF saved to being.urdf
Connecting to PyBullet, GUI: False
CreatureEnv Inicijalizacija: 12 motora. OBS_dim=40, frame_skip=1
[Fitness run Gen13Creature21] reward=900.76±299.69  dist=0.01±0.02  upright=0.90±0.29  → FITNESS=0.3712
URDF saved to being.urdf
Connecting to PyBullet, GUI: False
CreatureEnv Inicijalizacija: 12 motora. OBS_dim=40, frame_skip=1
[Fitness run Gen13Creature22] reward=1122.31±4.60  dist=0.00±0.00  upright=1.00±0.00  → FITNESS=0.4203
URDF saved to being.urdf
Connecting to PyBullet, GUI: False
CreatureEnv Inicijalizacija: 12 motora. OBS_dim=40, frame_skip=1
[Fitness run Gen13Creature24] reward=1101.05±0.05  dist=0.00±0.00  upright=1.00±0.00  → FITNESS=0.4183
URDF saved to being.urdf
Connecting to PyBullet, GUI: False
CreatureEnv Inicijalizacija: 12 motora. OBS_dim=40, frame_skip=1
[Fitness run Gen13Creature25] reward=1.63±0.04  dist=0.00±0.00  upright=0.90±0.30  → FITNESS=0.2883
URDF saved to being.urdf
Connecting to PyBullet, GUI: False
CreatureEnv Inicijalizacija: 12 motora. OBS_dim=40, frame_skip=1
[Fitness run Gen13Creature26] reward=1.75±0.00  dist=0.13±0.04  upright=0.15±0.02  → FITNESS=0.0681
URDF saved to being.urdf
Connecting to PyBullet, GUI: False
CreatureEnv Inicijalizacija: 12 motora. OBS_dim=40, frame_skip=1
[Fitness run Gen13Creature27] reward=0.76±0.28  dist=0.13±0.39  upright=0.08±0.05  → FITNESS=0.0457
URDF saved to being.urdf
Connecting to PyBullet, GUI: False
CreatureEnv Inicijalizacija: 12 motora. OBS_dim=40, frame_skip=1
[Fitness run Gen13Creature28] reward=1.81±0.00  dist=0.00±0.00  upright=1.00±0.00  → FITNESS=0.3184
URDF saved to being.urdf
Connecting to PyBullet, GUI: False
CreatureEnv Inicijalizacija: 12 motora. OBS_dim=40, frame_skip=1
[Fitness run Gen13Creature29] reward=109.06±324.41  dist=0.00±0.00  upright=0.35±0.22  → FITNESS=0.1336

==================================================
Generacija 13/20  |  Best = 0.4494  |  Mean = 0.2497  |  Std = 0.1624
==================================================
URDF saved to being.urdf
Connecting to PyBullet, GUI: False
CreatureEnv Inicijalizacija: 12 motora. OBS_dim=40, frame_skip=1
[Fitness run Gen13Creature2] reward=915.43±304.71  dist=0.01±0.01  upright=0.90±0.30  → FITNESS=0.3708
URDF saved to being.urdf
Connecting to PyBullet, GUI: False
CreatureEnv Inicijalizacija: 12 motora. OBS_dim=40, frame_skip=1
[Fitness run Gen13Creature3] reward=985.69±328.07  dist=0.00±0.01  upright=0.90±0.30  → FITNESS=0.3779
URDF saved to being.urdf
Connecting to PyBullet, GUI: False
CreatureEnv Inicijalizacija: 12 motora. OBS_dim=40, frame_skip=1
[Fitness run Gen13Creature4] reward=1.57±0.23  dist=0.14±0.09  upright=0.06±0.17  → FITNESS=0.0402
URDF saved to being.urdf
Connecting to PyBullet, GUI: False
CreatureEnv Inicijalizacija: 12 motora. OBS_dim=40, frame_skip=1
[Fitness run Gen13Creature5] reward=1.89±0.00  dist=0.06±0.02  upright=1.00±0.00  → FITNESS=0.3198
URDF saved to being.urdf
Connecting to PyBullet, GUI: False
CreatureEnv Inicijalizacija: 12 motora. OBS_dim=40, frame_skip=1
[Fitness run Gen13Creature6] reward=524.13±522.11  dist=0.05±0.06  upright=0.82±0.18  → FITNESS=0.3139
URDF saved to being.urdf
Connecting to PyBullet, GUI: False
CreatureEnv Inicijalizacija: 12 motora. OBS_dim=40, frame_skip=1
[Fitness run Gen13Creature7] reward=1070.20±0.06  dist=0.00±0.00  upright=1.00±0.00  → FITNESS=0.4155
URDF saved to being.urdf
Connecting to PyBullet, GUI: False
CreatureEnv Inicijalizacija: 12 motora. OBS_dim=40, frame_skip=1
[Fitness run Gen13Creature8] reward=1.52±0.15  dist=0.06±0.03  upright=0.27±0.11  → FITNESS=0.1010
URDF saved to being.urdf
Connecting to PyBullet, GUI: False
CreatureEnv Inicijalizacija: 12 motora. OBS_dim=40, frame_skip=1
[Fitness run Gen13Creature9] reward=1114.07±11.61  dist=0.01±0.03  upright=1.00±0.00  → FITNESS=0.4197
URDF saved to being.urdf
Connecting to PyBullet, GUI: False
CreatureEnv Inicijalizacija: 12 motora. OBS_dim=40, frame_skip=1
[Fitness run Gen13Creature10] reward=7.31±8.49  dist=0.00±0.00  upright=0.59±0.26  → FITNESS=0.1953
URDF saved to being.urdf
Connecting to PyBullet, GUI: False
CreatureEnv Inicijalizacija: 12 motora. OBS_dim=40, frame_skip=1
[Fitness run Gen13Creature11] reward=96.26±283.03  dist=0.01±0.01  upright=0.35±0.22  → FITNESS=0.1327
URDF saved to being.urdf
Connecting to PyBullet, GUI: False
CreatureEnv Inicijalizacija: 12 motora. OBS_dim=40, frame_skip=1
[Fitness run Gen13Creature12] reward=1.40±0.02  dist=0.03±0.01  upright=0.00±0.01  → FITNESS=0.0201
URDF saved to being.urdf
Connecting to PyBullet, GUI: False
CreatureEnv Inicijalizacija: 12 motora. OBS_dim=40, frame_skip=1
[Fitness run Gen13Creature13] reward=1.50±0.00  dist=0.33±0.17  upright=0.00±0.00  → FITNESS=0.0265
URDF saved to being.urdf
Connecting to PyBullet, GUI: False
CreatureEnv Inicijalizacija: 12 motora. OBS_dim=40, frame_skip=1
[Fitness run Gen13Creature14] reward=1.50±0.00  dist=0.15±0.05  upright=0.00±0.00  → FITNESS=0.0222
URDF saved to being.urdf
Connecting to PyBullet, GUI: False
CreatureEnv Inicijalizacija: 12 motora. OBS_dim=40, frame_skip=1
[Fitness run Gen13Creature15] reward=1.99±0.11  dist=0.02±0.02  upright=0.14±0.31  → FITNESS=0.0613
URDF saved to being.urdf
Connecting to PyBullet, GUI: False
CreatureEnv Inicijalizacija: 12 motora. OBS_dim=40, frame_skip=1
[Fitness run Gen13Creature16] reward=1.66±0.20  dist=0.03±0.02  upright=0.20±0.35  → FITNESS=0.0782
URDF saved to being.urdf
Connecting to PyBullet, GUI: False
CreatureEnv Inicijalizacija: 12 motora. OBS_dim=40, frame_skip=1
[Fitness run Gen13Creature17] reward=1059.01±0.29  dist=0.00±0.00  upright=1.00±0.00  → FITNESS=0.4145
URDF saved to being.urdf
Connecting to PyBullet, GUI: False
CreatureEnv Inicijalizacija: 12 motora. OBS_dim=40, frame_skip=1
[Fitness run Gen13Creature18] reward=1.47±0.11  dist=0.00±0.00  upright=0.01±0.02  → FITNESS=0.0203
URDF saved to being.urdf
Connecting to PyBullet, GUI: False
CreatureEnv Inicijalizacija: 12 motora. OBS_dim=40, frame_skip=1
[Fitness run Gen13Creature19] reward=992.46±330.35  dist=0.00±0.01  upright=0.91±0.27  → FITNESS=0.3814
URDF saved to being.urdf
Connecting to PyBullet, GUI: False
CreatureEnv Inicijalizacija: 12 motora. OBS_dim=40, frame_skip=1
[Fitness run Gen13Creature20] reward=1064.12±0.00  dist=0.00±0.00  upright=1.00±0.00  → FITNESS=0.4149
URDF saved to being.urdf
Connecting to PyBullet, GUI: False
CreatureEnv Inicijalizacija: 12 motora. OBS_dim=40, frame_skip=1
[Fitness run Gen13Creature21] reward=900.76±299.69  dist=0.01±0.02  upright=0.90±0.29  → FITNESS=0.3712
URDF saved to being.urdf
Connecting to PyBullet, GUI: False
CreatureEnv Inicijalizacija: 12 motora. OBS_dim=40, frame_skip=1
[Fitness run Gen13Creature22] reward=1122.31±4.60  dist=0.00±0.00  upright=1.00±0.00  → FITNESS=0.4203
URDF saved to being.urdf
Connecting to PyBullet, GUI: False
CreatureEnv Inicijalizacija: 12 motora. OBS_dim=40, frame_skip=1
[Fitness run Gen13Creature24] reward=1101.05±0.05  dist=0.00±0.00  upright=1.00±0.00  → FITNESS=0.4183
URDF saved to being.urdf
Connecting to PyBullet, GUI: False
CreatureEnv Inicijalizacija: 12 motora. OBS_dim=40, frame_skip=1
[Fitness run Gen13Creature25] reward=1.63±0.04  dist=0.00±0.00  upright=0.90±0.30  → FITNESS=0.2883
URDF saved to being.urdf
Connecting to PyBullet, GUI: False
CreatureEnv Inicijalizacija: 12 motora. OBS_dim=40, frame_skip=1
[Fitness run Gen13Creature26] reward=1.75±0.00  dist=0.13±0.04  upright=0.15±0.02  → FITNESS=0.0681
URDF saved to being.urdf
Connecting to PyBullet, GUI: False
CreatureEnv Inicijalizacija: 12 motora. OBS_dim=40, frame_skip=1
[Fitness run Gen13Creature27] reward=0.76±0.28  dist=0.13±0.39  upright=0.08±0.05  → FITNESS=0.0457
URDF saved to being.urdf
Connecting to PyBullet, GUI: False
CreatureEnv Inicijalizacija: 12 motora. OBS_dim=40, frame_skip=1
[Fitness run Gen13Creature28] reward=1.81±0.00  dist=0.00±0.00  upright=1.00±0.00  → FITNESS=0.3184
URDF saved to being.urdf
Connecting to PyBullet, GUI: False
CreatureEnv Inicijalizacija: 12 motora. OBS_dim=40, frame_skip=1
[Fitness run Gen13Creature29] reward=109.06±324.41  dist=0.00±0.00  upright=0.35±0.22  → FITNESS=0.1336
Genome saved to results\distanceBased500Steps1Seed\run_5\run_5_best_creature.json
[plot] Saved → ./results\distanceBased500Steps1Seed\run_5\run_5_summary.png
URDF saved to being.urdf
Connecting to PyBullet, GUI: False
CreatureEnv Inicijalizacija: 12 motora. OBS_dim=40, frame_skip=1
[Fitness run Gen14Creature2] reward=2.07±0.00  dist=0.03±0.01  upright=1.00±0.00  → FITNESS=0.3192
URDF saved to being.urdf
Connecting to PyBullet, GUI: False
CreatureEnv Inicijalizacija: 12 motora. OBS_dim=40, frame_skip=1
[Fitness run Gen14Creature3] reward=1.32±0.10  dist=0.03±0.04  upright=0.35±0.12  → FITNESS=0.1226
URDF saved to being.urdf
Connecting to PyBullet, GUI: False
CreatureEnv Inicijalizacija: 12 motora. OBS_dim=40, frame_skip=1
[Fitness run Gen14Creature4] reward=1020.12±0.04  dist=0.06±0.02  upright=1.00±0.00  → FITNESS=0.4123
URDF saved to being.urdf
Connecting to PyBullet, GUI: False
CreatureEnv Inicijalizacija: 12 motora. OBS_dim=40, frame_skip=1
[Fitness run Gen14Creature5] reward=952.48±317.01  dist=0.00±0.00  upright=0.90±0.30  → FITNESS=0.3748
URDF saved to being.urdf
Connecting to PyBullet, GUI: False
CreatureEnv Inicijalizacija: 12 motora. OBS_dim=40, frame_skip=1
[Fitness run Gen14Creature6] reward=1018.77±0.04  dist=0.00±0.00  upright=1.00±0.00  → FITNESS=0.4108
URDF saved to being.urdf
Connecting to PyBullet, GUI: False
CreatureEnv Inicijalizacija: 12 motora. OBS_dim=40, frame_skip=1
[Fitness run Gen14Creature7] reward=1063.81±0.04  dist=0.00±0.00  upright=1.00±0.00  → FITNESS=0.4149
URDF saved to being.urdf
Connecting to PyBullet, GUI: False
CreatureEnv Inicijalizacija: 12 motora. OBS_dim=40, frame_skip=1
[Fitness run Gen14Creature8] reward=1.43±0.06  dist=0.13±0.03  upright=0.14±0.02  → FITNESS=0.0631
URDF saved to being.urdf
Connecting to PyBullet, GUI: False
CreatureEnv Inicijalizacija: 12 motora. OBS_dim=40, frame_skip=1
[Fitness run Gen14Creature9] reward=1.99±0.01  dist=0.00±0.00  upright=0.28±0.02  → FITNESS=0.1035
URDF saved to being.urdf
Connecting to PyBullet, GUI: False
CreatureEnv Inicijalizacija: 12 motora. OBS_dim=40, frame_skip=1
[Fitness run Gen14Creature10] reward=7.31±8.49  dist=0.00±0.00  upright=0.59±0.26  → FITNESS=0.1953
URDF saved to being.urdf
Connecting to PyBullet, GUI: False
CreatureEnv Inicijalizacija: 12 motora. OBS_dim=40, frame_skip=1
[Fitness run Gen14Creature11] reward=1.20±0.32  dist=0.00±0.00  upright=0.38±0.16  → FITNESS=0.1315
URDF saved to being.urdf
Connecting to PyBullet, GUI: False
CreatureEnv Inicijalizacija: 12 motora. OBS_dim=40, frame_skip=1
[Fitness run Gen14Creature12] reward=1.31±0.06  dist=0.00±0.00  upright=0.01±0.02  → FITNESS=0.0202
URDF saved to being.urdf
Connecting to PyBullet, GUI: False
CreatureEnv Inicijalizacija: 12 motora. OBS_dim=40, frame_skip=1
[Fitness run Gen14Creature13] reward=1.11±0.15  dist=0.00±0.00  upright=0.00±0.00  → FITNESS=0.0183
URDF saved to being.urdf
Connecting to PyBullet, GUI: False
CreatureEnv Inicijalizacija: 12 motora. OBS_dim=40, frame_skip=1
[Fitness run Gen14Creature14] reward=2.00±0.01  dist=0.04±0.01  upright=0.00±0.00  → FITNESS=0.0194
URDF saved to being.urdf
Connecting to PyBullet, GUI: False
CreatureEnv Inicijalizacija: 12 motora. OBS_dim=40, frame_skip=1
[Fitness run Gen14Creature15] reward=965.83±321.46  dist=0.00±0.00  upright=0.90±0.30  → FITNESS=0.3761
URDF saved to being.urdf
Connecting to PyBullet, GUI: False
CreatureEnv Inicijalizacija: 12 motora. OBS_dim=40, frame_skip=1
[Fitness run Gen14Creature16] reward=903.97±300.84  dist=0.03±0.01  upright=0.90±0.30  → FITNESS=0.3712
URDF saved to being.urdf
Connecting to PyBullet, GUI: False
CreatureEnv Inicijalizacija: 12 motora. OBS_dim=40, frame_skip=1
[Fitness run Gen14Creature17] reward=1114.40±12.20  dist=0.00±0.00  upright=1.00±0.00  → FITNESS=0.4195
URDF saved to being.urdf
Connecting to PyBullet, GUI: False
CreatureEnv Inicijalizacija: 12 motora. OBS_dim=40, frame_skip=1
[Fitness run Gen14Creature18] reward=1.44±0.00  dist=0.16±0.05  upright=0.00±0.00  → FITNESS=0.0223
URDF saved to being.urdf
Connecting to PyBullet, GUI: False
CreatureEnv Inicijalizacija: 12 motora. OBS_dim=40, frame_skip=1
[Fitness run Gen14Creature19] reward=1104.14±0.49  dist=0.00±0.00  upright=1.00±0.00  → FITNESS=0.4186
URDF saved to being.urdf
Connecting to PyBullet, GUI: False
CreatureEnv Inicijalizacija: 12 motora. OBS_dim=40, frame_skip=1
[Fitness run Gen14Creature21] reward=1.70±0.01  dist=0.00±0.00  upright=0.01±0.03  → FITNESS=0.0212
URDF saved to being.urdf
Connecting to PyBullet, GUI: False
CreatureEnv Inicijalizacija: 12 motora. OBS_dim=40, frame_skip=1
[Fitness run Gen14Creature22] reward=1080.74±0.12  dist=0.00±0.00  upright=1.00±0.00  → FITNESS=0.4164
URDF saved to being.urdf
Connecting to PyBullet, GUI: False
CreatureEnv Inicijalizacija: 12 motora. OBS_dim=40, frame_skip=1
[Fitness run Gen14Creature24] reward=1052.88±0.57  dist=0.00±0.00  upright=1.00±0.00  → FITNESS=0.4139
URDF saved to being.urdf
Connecting to PyBullet, GUI: False
CreatureEnv Inicijalizacija: 12 motora. OBS_dim=40, frame_skip=1
[Fitness run Gen14Creature25] reward=983.99±327.49  dist=0.00±0.00  upright=0.90±0.30  → FITNESS=0.3776
URDF saved to being.urdf
Connecting to PyBullet, GUI: False
CreatureEnv Inicijalizacija: 12 motora. OBS_dim=40, frame_skip=1
[Fitness run Gen14Creature26] reward=800.29±399.32  dist=0.00±0.00  upright=0.90±0.30  → FITNESS=0.3609
URDF saved to being.urdf
Connecting to PyBullet, GUI: False
CreatureEnv Inicijalizacija: 12 motora. OBS_dim=40, frame_skip=1
[Fitness run Gen14Creature27] reward=540.33±538.55  dist=0.01±0.01  upright=0.82±0.29  → FITNESS=0.3133
URDF saved to being.urdf
Connecting to PyBullet, GUI: False
CreatureEnv Inicijalizacija: 12 motora. OBS_dim=40, frame_skip=1
[Fitness run Gen14Creature28] reward=1.91±0.00  dist=0.01±0.00  upright=1.00±0.00  → FITNESS=0.3187
URDF saved to being.urdf
Connecting to PyBullet, GUI: False
CreatureEnv Inicijalizacija: 12 motora. OBS_dim=40, frame_skip=1
[Fitness run Gen14Creature29] reward=441.88±539.59  dist=0.00±0.00  upright=0.79±0.19  → FITNESS=0.2955

==================================================
Generacija 14/20  |  Best = 0.4494  |  Mean = 0.2820  |  Std = 0.1568
==================================================
URDF saved to being.urdf
Connecting to PyBullet, GUI: False
CreatureEnv Inicijalizacija: 12 motora. OBS_dim=40, frame_skip=1
[Fitness run Gen14Creature2] reward=2.07±0.00  dist=0.03±0.01  upright=1.00±0.00  → FITNESS=0.3192
URDF saved to being.urdf
Connecting to PyBullet, GUI: False
CreatureEnv Inicijalizacija: 12 motora. OBS_dim=40, frame_skip=1
[Fitness run Gen14Creature3] reward=1.32±0.10  dist=0.03±0.04  upright=0.35±0.12  → FITNESS=0.1226
URDF saved to being.urdf
Connecting to PyBullet, GUI: False
CreatureEnv Inicijalizacija: 12 motora. OBS_dim=40, frame_skip=1
[Fitness run Gen14Creature4] reward=1020.12±0.04  dist=0.06±0.02  upright=1.00±0.00  → FITNESS=0.4123
URDF saved to being.urdf
Connecting to PyBullet, GUI: False
CreatureEnv Inicijalizacija: 12 motora. OBS_dim=40, frame_skip=1
[Fitness run Gen14Creature5] reward=952.48±317.01  dist=0.00±0.00  upright=0.90±0.30  → FITNESS=0.3748
URDF saved to being.urdf
Connecting to PyBullet, GUI: False
CreatureEnv Inicijalizacija: 12 motora. OBS_dim=40, frame_skip=1
[Fitness run Gen14Creature6] reward=1018.77±0.04  dist=0.00±0.00  upright=1.00±0.00  → FITNESS=0.4108
URDF saved to being.urdf
Connecting to PyBullet, GUI: False
CreatureEnv Inicijalizacija: 12 motora. OBS_dim=40, frame_skip=1
[Fitness run Gen14Creature7] reward=1063.81±0.04  dist=0.00±0.00  upright=1.00±0.00  → FITNESS=0.4149
URDF saved to being.urdf
Connecting to PyBullet, GUI: False
CreatureEnv Inicijalizacija: 12 motora. OBS_dim=40, frame_skip=1
[Fitness run Gen14Creature8] reward=1.43±0.06  dist=0.13±0.03  upright=0.14±0.02  → FITNESS=0.0631
URDF saved to being.urdf
Connecting to PyBullet, GUI: False
CreatureEnv Inicijalizacija: 12 motora. OBS_dim=40, frame_skip=1
[Fitness run Gen14Creature9] reward=1.99±0.01  dist=0.00±0.00  upright=0.28±0.02  → FITNESS=0.1035
URDF saved to being.urdf
Connecting to PyBullet, GUI: False
CreatureEnv Inicijalizacija: 12 motora. OBS_dim=40, frame_skip=1
[Fitness run Gen14Creature10] reward=7.31±8.49  dist=0.00±0.00  upright=0.59±0.26  → FITNESS=0.1953
URDF saved to being.urdf
Connecting to PyBullet, GUI: False
CreatureEnv Inicijalizacija: 12 motora. OBS_dim=40, frame_skip=1
[Fitness run Gen14Creature11] reward=1.20±0.32  dist=0.00±0.00  upright=0.38±0.16  → FITNESS=0.1315
URDF saved to being.urdf
Connecting to PyBullet, GUI: False
CreatureEnv Inicijalizacija: 12 motora. OBS_dim=40, frame_skip=1
[Fitness run Gen14Creature12] reward=1.31±0.06  dist=0.00±0.00  upright=0.01±0.02  → FITNESS=0.0202
URDF saved to being.urdf
Connecting to PyBullet, GUI: False
CreatureEnv Inicijalizacija: 12 motora. OBS_dim=40, frame_skip=1
[Fitness run Gen14Creature13] reward=1.11±0.15  dist=0.00±0.00  upright=0.00±0.00  → FITNESS=0.0183
URDF saved to being.urdf
Connecting to PyBullet, GUI: False
CreatureEnv Inicijalizacija: 12 motora. OBS_dim=40, frame_skip=1
[Fitness run Gen14Creature14] reward=2.00±0.01  dist=0.04±0.01  upright=0.00±0.00  → FITNESS=0.0194
URDF saved to being.urdf
Connecting to PyBullet, GUI: False
CreatureEnv Inicijalizacija: 12 motora. OBS_dim=40, frame_skip=1
[Fitness run Gen14Creature15] reward=965.83±321.46  dist=0.00±0.00  upright=0.90±0.30  → FITNESS=0.3761
URDF saved to being.urdf
Connecting to PyBullet, GUI: False
CreatureEnv Inicijalizacija: 12 motora. OBS_dim=40, frame_skip=1
[Fitness run Gen14Creature16] reward=903.97±300.84  dist=0.03±0.01  upright=0.90±0.30  → FITNESS=0.3712
URDF saved to being.urdf
Connecting to PyBullet, GUI: False
CreatureEnv Inicijalizacija: 12 motora. OBS_dim=40, frame_skip=1
[Fitness run Gen14Creature17] reward=1114.40±12.20  dist=0.00±0.00  upright=1.00±0.00  → FITNESS=0.4195
URDF saved to being.urdf
Connecting to PyBullet, GUI: False
CreatureEnv Inicijalizacija: 12 motora. OBS_dim=40, frame_skip=1
[Fitness run Gen14Creature18] reward=1.44±0.00  dist=0.16±0.05  upright=0.00±0.00  → FITNESS=0.0223
URDF saved to being.urdf
Connecting to PyBullet, GUI: False
CreatureEnv Inicijalizacija: 12 motora. OBS_dim=40, frame_skip=1
[Fitness run Gen14Creature19] reward=1104.14±0.49  dist=0.00±0.00  upright=1.00±0.00  → FITNESS=0.4186
URDF saved to being.urdf
Connecting to PyBullet, GUI: False
CreatureEnv Inicijalizacija: 12 motora. OBS_dim=40, frame_skip=1
[Fitness run Gen14Creature21] reward=1.70±0.01  dist=0.00±0.00  upright=0.01±0.03  → FITNESS=0.0212
URDF saved to being.urdf
Connecting to PyBullet, GUI: False
CreatureEnv Inicijalizacija: 12 motora. OBS_dim=40, frame_skip=1
[Fitness run Gen14Creature22] reward=1080.74±0.12  dist=0.00±0.00  upright=1.00±0.00  → FITNESS=0.4164
URDF saved to being.urdf
Connecting to PyBullet, GUI: False
CreatureEnv Inicijalizacija: 12 motora. OBS_dim=40, frame_skip=1
[Fitness run Gen14Creature24] reward=1052.88±0.57  dist=0.00±0.00  upright=1.00±0.00  → FITNESS=0.4139
URDF saved to being.urdf
Connecting to PyBullet, GUI: False
CreatureEnv Inicijalizacija: 12 motora. OBS_dim=40, frame_skip=1
[Fitness run Gen14Creature25] reward=983.99±327.49  dist=0.00±0.00  upright=0.90±0.30  → FITNESS=0.3776
URDF saved to being.urdf
Connecting to PyBullet, GUI: False
CreatureEnv Inicijalizacija: 12 motora. OBS_dim=40, frame_skip=1
[Fitness run Gen14Creature26] reward=800.29±399.32  dist=0.00±0.00  upright=0.90±0.30  → FITNESS=0.3609
URDF saved to being.urdf
Connecting to PyBullet, GUI: False
CreatureEnv Inicijalizacija: 12 motora. OBS_dim=40, frame_skip=1
[Fitness run Gen14Creature27] reward=540.33±538.55  dist=0.01±0.01  upright=0.82±0.29  → FITNESS=0.3133
URDF saved to being.urdf
Connecting to PyBullet, GUI: False
CreatureEnv Inicijalizacija: 12 motora. OBS_dim=40, frame_skip=1
[Fitness run Gen14Creature28] reward=1.91±0.00  dist=0.01±0.00  upright=1.00±0.00  → FITNESS=0.3187
URDF saved to being.urdf
Connecting to PyBullet, GUI: False
CreatureEnv Inicijalizacija: 12 motora. OBS_dim=40, frame_skip=1
[Fitness run Gen14Creature29] reward=441.88±539.59  dist=0.00±0.00  upright=0.79±0.19  → FITNESS=0.2955
Genome saved to results\distanceBased500Steps1Seed\run_5\run_5_best_creature.json
[plot] Saved → ./results\distanceBased500Steps1Seed\run_5\run_5_summary.png
URDF saved to being.urdf
Connecting to PyBullet, GUI: False
CreatureEnv Inicijalizacija: 12 motora. OBS_dim=40, frame_skip=1
[Fitness run Gen15Creature3] reward=1.28±0.24  dist=0.02±0.03  upright=0.42±0.17  → FITNESS=0.1455
URDF saved to being.urdf
Connecting to PyBullet, GUI: False
CreatureEnv Inicijalizacija: 12 motora. OBS_dim=40, frame_skip=1
[Fitness run Gen15Creature4] reward=1032.80±0.02  dist=0.00±0.00  upright=1.00±0.00  → FITNESS=0.4121
URDF saved to being.urdf
Connecting to PyBullet, GUI: False
CreatureEnv Inicijalizacija: 12 motora. OBS_dim=40, frame_skip=1
[Fitness run Gen15Creature5] reward=917.57±305.36  dist=0.01±0.02  upright=0.90±0.30  → FITNESS=0.3719
URDF saved to being.urdf
Connecting to PyBullet, GUI: False
CreatureEnv Inicijalizacija: 12 motora. OBS_dim=40, frame_skip=1
[Fitness run Gen15Creature6] reward=1037.01±0.20  dist=0.00±0.00  upright=1.00±0.00  → FITNESS=0.4125
URDF saved to being.urdf
Connecting to PyBullet, GUI: False
CreatureEnv Inicijalizacija: 12 motora. OBS_dim=40, frame_skip=1
[Fitness run Gen15Creature7] reward=1070.20±0.06  dist=0.00±0.00  upright=1.00±0.00  → FITNESS=0.4155
URDF saved to being.urdf
Connecting to PyBullet, GUI: False
CreatureEnv Inicijalizacija: 12 motora. OBS_dim=40, frame_skip=1
[Fitness run Gen15Creature8] reward=1.52±0.15  dist=0.06±0.03  upright=0.27±0.11  → FITNESS=0.1010
URDF saved to being.urdf
Connecting to PyBullet, GUI: False
CreatureEnv Inicijalizacija: 12 motora. OBS_dim=40, frame_skip=1
[Fitness run Gen15Creature9] reward=1.83±0.29  dist=0.00±0.01  upright=0.28±0.04  → FITNESS=0.1036
URDF saved to being.urdf
Connecting to PyBullet, GUI: False
CreatureEnv Inicijalizacija: 12 motora. OBS_dim=40, frame_skip=1
[Fitness run Gen15Creature10] reward=7.31±8.49  dist=0.00±0.00  upright=0.59±0.26  → FITNESS=0.1953
URDF saved to being.urdf
Connecting to PyBullet, GUI: False
CreatureEnv Inicijalizacija: 12 motora. OBS_dim=40, frame_skip=1
[Fitness run Gen15Creature11] reward=1.20±0.32  dist=0.00±0.00  upright=0.38±0.16  → FITNESS=0.1315
URDF saved to being.urdf
Connecting to PyBullet, GUI: False
CreatureEnv Inicijalizacija: 12 motora. OBS_dim=40, frame_skip=1
[Fitness run Gen15Creature12] reward=1.31±0.06  dist=0.00±0.00  upright=0.01±0.02  → FITNESS=0.0202
URDF saved to being.urdf
Connecting to PyBullet, GUI: False
CreatureEnv Inicijalizacija: 12 motora. OBS_dim=40, frame_skip=1
[Fitness run Gen15Creature13] reward=1.15±0.12  dist=0.00±0.00  upright=0.00±0.00  → FITNESS=0.0183
URDF saved to being.urdf
Connecting to PyBullet, GUI: False
CreatureEnv Inicijalizacija: 12 motora. OBS_dim=40, frame_skip=1
[Fitness run Gen15Creature14] reward=1.47±0.17  dist=0.00±0.00  upright=0.00±0.01  → FITNESS=0.0193
URDF saved to being.urdf
Connecting to PyBullet, GUI: False
CreatureEnv Inicijalizacija: 12 motora. OBS_dim=40, frame_skip=1
[Fitness run Gen15Creature15] reward=2.15±0.02  dist=0.00±0.00  upright=1.00±0.00  → FITNESS=0.3184
URDF saved to being.urdf
Connecting to PyBullet, GUI: False
CreatureEnv Inicijalizacija: 12 motora. OBS_dim=40, frame_skip=1
[Fitness run Gen15Creature16] reward=2.02±0.17  dist=0.00±0.00  upright=0.90±0.30  → FITNESS=0.2884
URDF saved to being.urdf
Connecting to PyBullet, GUI: False
CreatureEnv Inicijalizacija: 12 motora. OBS_dim=40, frame_skip=1
[Fitness run Gen15Creature17] reward=1098.50±11.62  dist=0.00±0.00  upright=1.00±0.00  → FITNESS=0.4181
URDF saved to being.urdf
Connecting to PyBullet, GUI: False
CreatureEnv Inicijalizacija: 12 motora. OBS_dim=40, frame_skip=1
[Fitness run Gen15Creature18] reward=1.43±0.01  dist=0.10±0.04  upright=0.10±0.00  → FITNESS=0.0499
URDF saved to being.urdf
Connecting to PyBullet, GUI: False
CreatureEnv Inicijalizacija: 12 motora. OBS_dim=40, frame_skip=1
[Fitness run Gen15Creature19] reward=979.32±325.93  dist=0.00±0.00  upright=0.90±0.30  → FITNESS=0.3772
URDF saved to being.urdf
Connecting to PyBullet, GUI: False
CreatureEnv Inicijalizacija: 12 motora. OBS_dim=40, frame_skip=1
[Fitness run Gen15Creature21] reward=1.70±0.01  dist=0.00±0.00  upright=0.01±0.03  → FITNESS=0.0212
URDF saved to being.urdf
Connecting to PyBullet, GUI: False
CreatureEnv Inicijalizacija: 12 motora. OBS_dim=40, frame_skip=1
[Fitness run Gen15Creature24] reward=1064.53±2.24  dist=0.00±0.00  upright=1.00±0.00  → FITNESS=0.4150
URDF saved to being.urdf
Connecting to PyBullet, GUI: False
CreatureEnv Inicijalizacija: 12 motora. OBS_dim=40, frame_skip=1
[Fitness run Gen15Creature25] reward=1.38±0.05  dist=0.00±0.00  upright=0.02±0.02  → FITNESS=0.0231
URDF saved to being.urdf
Connecting to PyBullet, GUI: False
CreatureEnv Inicijalizacija: 12 motora. OBS_dim=40, frame_skip=1
[Fitness run Gen15Creature26] reward=1.49±0.40  dist=0.10±0.06  upright=0.44±0.23  → FITNESS=0.1535
URDF saved to being.urdf
Connecting to PyBullet, GUI: False
CreatureEnv Inicijalizacija: 12 motora. OBS_dim=40, frame_skip=1
[Fitness run Gen15Creature27] reward=1.61±0.09  dist=0.84±0.28  upright=0.00±0.01  → FITNESS=0.0402
URDF saved to being.urdf
Connecting to PyBullet, GUI: False
CreatureEnv Inicijalizacija: 12 motora. OBS_dim=40, frame_skip=1
[Fitness run Gen15Creature28] reward=1.88±0.00  dist=0.00±0.00  upright=1.00±0.00  → FITNESS=0.3184
URDF saved to being.urdf
Connecting to PyBullet, GUI: False
CreatureEnv Inicijalizacija: 12 motora. OBS_dim=40, frame_skip=1
[Fitness run Gen15Creature29] reward=1079.54±15.47  dist=0.00±0.00  upright=1.00±0.00  → FITNESS=0.4163

==================================================
Generacija 15/20  |  Best = 0.4494  |  Mean = 0.2544  |  Std = 0.1626
==================================================
URDF saved to being.urdf
Connecting to PyBullet, GUI: False
CreatureEnv Inicijalizacija: 12 motora. OBS_dim=40, frame_skip=1
[Fitness run Gen15Creature3] reward=1.28±0.24  dist=0.02±0.03  upright=0.42±0.17  → FITNESS=0.1455
URDF saved to being.urdf
Connecting to PyBullet, GUI: False
CreatureEnv Inicijalizacija: 12 motora. OBS_dim=40, frame_skip=1
[Fitness run Gen15Creature4] reward=1032.80±0.02  dist=0.00±0.00  upright=1.00±0.00  → FITNESS=0.4121
URDF saved to being.urdf
Connecting to PyBullet, GUI: False
CreatureEnv Inicijalizacija: 12 motora. OBS_dim=40, frame_skip=1
[Fitness run Gen15Creature5] reward=917.57±305.36  dist=0.01±0.02  upright=0.90±0.30  → FITNESS=0.3719
URDF saved to being.urdf
Connecting to PyBullet, GUI: False
CreatureEnv Inicijalizacija: 12 motora. OBS_dim=40, frame_skip=1
[Fitness run Gen15Creature6] reward=1037.01±0.20  dist=0.00±0.00  upright=1.00±0.00  → FITNESS=0.4125
URDF saved to being.urdf
Connecting to PyBullet, GUI: False
CreatureEnv Inicijalizacija: 12 motora. OBS_dim=40, frame_skip=1
[Fitness run Gen15Creature7] reward=1070.20±0.06  dist=0.00±0.00  upright=1.00±0.00  → FITNESS=0.4155
URDF saved to being.urdf
Connecting to PyBullet, GUI: False
CreatureEnv Inicijalizacija: 12 motora. OBS_dim=40, frame_skip=1
[Fitness run Gen15Creature8] reward=1.52±0.15  dist=0.06±0.03  upright=0.27±0.11  → FITNESS=0.1010
URDF saved to being.urdf
Connecting to PyBullet, GUI: False
CreatureEnv Inicijalizacija: 12 motora. OBS_dim=40, frame_skip=1
[Fitness run Gen15Creature9] reward=1.83±0.29  dist=0.00±0.01  upright=0.28±0.04  → FITNESS=0.1036
URDF saved to being.urdf
Connecting to PyBullet, GUI: False
CreatureEnv Inicijalizacija: 12 motora. OBS_dim=40, frame_skip=1
[Fitness run Gen15Creature10] reward=7.31±8.49  dist=0.00±0.00  upright=0.59±0.26  → FITNESS=0.1953
URDF saved to being.urdf
Connecting to PyBullet, GUI: False
CreatureEnv Inicijalizacija: 12 motora. OBS_dim=40, frame_skip=1
[Fitness run Gen15Creature11] reward=1.20±0.32  dist=0.00±0.00  upright=0.38±0.16  → FITNESS=0.1315
URDF saved to being.urdf
Connecting to PyBullet, GUI: False
CreatureEnv Inicijalizacija: 12 motora. OBS_dim=40, frame_skip=1
[Fitness run Gen15Creature12] reward=1.31±0.06  dist=0.00±0.00  upright=0.01±0.02  → FITNESS=0.0202
URDF saved to being.urdf
Connecting to PyBullet, GUI: False
CreatureEnv Inicijalizacija: 12 motora. OBS_dim=40, frame_skip=1
[Fitness run Gen15Creature13] reward=1.15±0.12  dist=0.00±0.00  upright=0.00±0.00  → FITNESS=0.0183
URDF saved to being.urdf
Connecting to PyBullet, GUI: False
CreatureEnv Inicijalizacija: 12 motora. OBS_dim=40, frame_skip=1
[Fitness run Gen15Creature14] reward=1.47±0.17  dist=0.00±0.00  upright=0.00±0.01  → FITNESS=0.0193
URDF saved to being.urdf
Connecting to PyBullet, GUI: False
CreatureEnv Inicijalizacija: 12 motora. OBS_dim=40, frame_skip=1
[Fitness run Gen15Creature15] reward=2.15±0.02  dist=0.00±0.00  upright=1.00±0.00  → FITNESS=0.3184
URDF saved to being.urdf
Connecting to PyBullet, GUI: False
CreatureEnv Inicijalizacija: 12 motora. OBS_dim=40, frame_skip=1
[Fitness run Gen15Creature16] reward=2.02±0.17  dist=0.00±0.00  upright=0.90±0.30  → FITNESS=0.2884
URDF saved to being.urdf
Connecting to PyBullet, GUI: False
CreatureEnv Inicijalizacija: 12 motora. OBS_dim=40, frame_skip=1
[Fitness run Gen15Creature17] reward=1098.50±11.62  dist=0.00±0.00  upright=1.00±0.00  → FITNESS=0.4181
URDF saved to being.urdf
Connecting to PyBullet, GUI: False
CreatureEnv Inicijalizacija: 12 motora. OBS_dim=40, frame_skip=1
[Fitness run Gen15Creature18] reward=1.43±0.01  dist=0.10±0.04  upright=0.10±0.00  → FITNESS=0.0499
URDF saved to being.urdf
Connecting to PyBullet, GUI: False
CreatureEnv Inicijalizacija: 12 motora. OBS_dim=40, frame_skip=1
[Fitness run Gen15Creature19] reward=979.32±325.93  dist=0.00±0.00  upright=0.90±0.30  → FITNESS=0.3772
URDF saved to being.urdf
Connecting to PyBullet, GUI: False
CreatureEnv Inicijalizacija: 12 motora. OBS_dim=40, frame_skip=1
[Fitness run Gen15Creature21] reward=1.70±0.01  dist=0.00±0.00  upright=0.01±0.03  → FITNESS=0.0212
URDF saved to being.urdf
Connecting to PyBullet, GUI: False
CreatureEnv Inicijalizacija: 12 motora. OBS_dim=40, frame_skip=1
[Fitness run Gen15Creature24] reward=1064.53±2.24  dist=0.00±0.00  upright=1.00±0.00  → FITNESS=0.4150
URDF saved to being.urdf
Connecting to PyBullet, GUI: False
CreatureEnv Inicijalizacija: 12 motora. OBS_dim=40, frame_skip=1
[Fitness run Gen15Creature25] reward=1.38±0.05  dist=0.00±0.00  upright=0.02±0.02  → FITNESS=0.0231
URDF saved to being.urdf
Connecting to PyBullet, GUI: False
CreatureEnv Inicijalizacija: 12 motora. OBS_dim=40, frame_skip=1
[Fitness run Gen15Creature26] reward=1.49±0.40  dist=0.10±0.06  upright=0.44±0.23  → FITNESS=0.1535
URDF saved to being.urdf
Connecting to PyBullet, GUI: False
CreatureEnv Inicijalizacija: 12 motora. OBS_dim=40, frame_skip=1
[Fitness run Gen15Creature27] reward=1.61±0.09  dist=0.84±0.28  upright=0.00±0.01  → FITNESS=0.0402
URDF saved to being.urdf
Connecting to PyBullet, GUI: False
CreatureEnv Inicijalizacija: 12 motora. OBS_dim=40, frame_skip=1
[Fitness run Gen15Creature28] reward=1.88±0.00  dist=0.00±0.00  upright=1.00±0.00  → FITNESS=0.3184
URDF saved to being.urdf
Connecting to PyBullet, GUI: False
CreatureEnv Inicijalizacija: 12 motora. OBS_dim=40, frame_skip=1
[Fitness run Gen15Creature29] reward=1079.54±15.47  dist=0.00±0.00  upright=1.00±0.00  → FITNESS=0.4163
Genome saved to results\distanceBased500Steps1Seed\run_5\run_5_best_creature.json
[plot] Saved → ./results\distanceBased500Steps1Seed\run_5\run_5_summary.png
URDF saved to being.urdf
Connecting to PyBullet, GUI: False
CreatureEnv Inicijalizacija: 12 motora. OBS_dim=40, frame_skip=1
[Fitness run Gen16Creature3] reward=1.32±0.10  dist=0.03±0.04  upright=0.35±0.12  → FITNESS=0.1226
URDF saved to being.urdf
Connecting to PyBullet, GUI: False
CreatureEnv Inicijalizacija: 12 motora. OBS_dim=40, frame_skip=1
[Fitness run Gen16Creature4] reward=2.06±0.06  dist=0.00±0.00  upright=0.16±0.28  → FITNESS=0.0658
URDF saved to being.urdf
Connecting to PyBullet, GUI: False
CreatureEnv Inicijalizacija: 12 motora. OBS_dim=40, frame_skip=1
[Fitness run Gen16Creature5] reward=917.57±305.36  dist=0.01±0.02  upright=0.90±0.30  → FITNESS=0.3719
URDF saved to being.urdf
Connecting to PyBullet, GUI: False
CreatureEnv Inicijalizacija: 12 motora. OBS_dim=40, frame_skip=1
[Fitness run Gen16Creature6] reward=2.06±0.06  dist=0.00±0.00  upright=0.16±0.28  → FITNESS=0.0658
URDF saved to being.urdf
Connecting to PyBullet, GUI: False
CreatureEnv Inicijalizacija: 12 motora. OBS_dim=40, frame_skip=1
[Fitness run Gen16Creature9] reward=1.99±0.01  dist=0.00±0.00  upright=0.28±0.02  → FITNESS=0.1035
URDF saved to being.urdf
Connecting to PyBullet, GUI: False
CreatureEnv Inicijalizacija: 12 motora. OBS_dim=40, frame_skip=1
[Fitness run Gen16Creature10] reward=7.31±8.49  dist=0.00±0.00  upright=0.59±0.26  → FITNESS=0.1953
URDF saved to being.urdf
Connecting to PyBullet, GUI: False
CreatureEnv Inicijalizacija: 12 motora. OBS_dim=40, frame_skip=1
[Fitness run Gen16Creature11] reward=1.20±0.32  dist=0.00±0.00  upright=0.38±0.16  → FITNESS=0.1315
URDF saved to being.urdf
Connecting to PyBullet, GUI: False
CreatureEnv Inicijalizacija: 12 motora. OBS_dim=40, frame_skip=1
[Fitness run Gen16Creature12] reward=1.31±0.06  dist=0.00±0.00  upright=0.01±0.02  → FITNESS=0.0202
URDF saved to being.urdf
Connecting to PyBullet, GUI: False
CreatureEnv Inicijalizacija: 12 motora. OBS_dim=40, frame_skip=1
[Fitness run Gen16Creature13] reward=1.11±0.15  dist=0.00±0.00  upright=0.00±0.00  → FITNESS=0.0183
URDF saved to being.urdf
Connecting to PyBullet, GUI: False
CreatureEnv Inicijalizacija: 12 motora. OBS_dim=40, frame_skip=1
[Fitness run Gen16Creature14] reward=1.77±0.15  dist=0.00±0.00  upright=0.00±0.00  → FITNESS=0.0183
URDF saved to being.urdf
Connecting to PyBullet, GUI: False
CreatureEnv Inicijalizacija: 12 motora. OBS_dim=40, frame_skip=1
[Fitness run Gen16Creature15] reward=2.15±0.02  dist=0.00±0.00  upright=1.00±0.00  → FITNESS=0.3184
URDF saved to being.urdf
Connecting to PyBullet, GUI: False
CreatureEnv Inicijalizacija: 12 motora. OBS_dim=40, frame_skip=1
[Fitness run Gen16Creature16] reward=2.08±0.01  dist=0.00±0.00  upright=0.99±0.04  → FITNESS=0.3146
URDF saved to being.urdf
Connecting to PyBullet, GUI: False
CreatureEnv Inicijalizacija: 12 motora. OBS_dim=40, frame_skip=1
[Fitness run Gen16Creature17] reward=1098.50±11.62  dist=0.00±0.00  upright=1.00±0.00  → FITNESS=0.4181
URDF saved to being.urdf
Connecting to PyBullet, GUI: False
CreatureEnv Inicijalizacija: 12 motora. OBS_dim=40, frame_skip=1
[Fitness run Gen16Creature18] reward=1.41±0.01  dist=0.09±0.02  upright=0.02±0.02  → FITNESS=0.0264
URDF saved to being.urdf
Connecting to PyBullet, GUI: False
CreatureEnv Inicijalizacija: 12 motora. OBS_dim=40, frame_skip=1
[Fitness run Gen16Creature19] reward=1104.14±0.49  dist=0.00±0.00  upright=1.00±0.00  → FITNESS=0.4186
URDF saved to being.urdf
Connecting to PyBullet, GUI: False
CreatureEnv Inicijalizacija: 12 motora. OBS_dim=40, frame_skip=1
[Fitness run Gen16Creature21] reward=1.70±0.01  dist=0.00±0.00  upright=0.01±0.03  → FITNESS=0.0212
URDF saved to being.urdf
Connecting to PyBullet, GUI: False
CreatureEnv Inicijalizacija: 12 motora. OBS_dim=40, frame_skip=1
[Fitness run Gen16Creature24] reward=1071.56±0.05  dist=0.00±0.00  upright=1.00±0.00  → FITNESS=0.4156
URDF saved to being.urdf
Connecting to PyBullet, GUI: False
CreatureEnv Inicijalizacija: 12 motora. OBS_dim=40, frame_skip=1
[Fitness run Gen16Creature25] reward=1.50±0.01  dist=0.00±0.00  upright=0.03±0.01  → FITNESS=0.0270
URDF saved to being.urdf
Connecting to PyBullet, GUI: False
CreatureEnv Inicijalizacija: 12 motora. OBS_dim=40, frame_skip=1
[Fitness run Gen16Creature26] reward=1.49±0.40  dist=0.10±0.06  upright=0.44±0.23  → FITNESS=0.1535
URDF saved to being.urdf
Connecting to PyBullet, GUI: False
CreatureEnv Inicijalizacija: 12 motora. OBS_dim=40, frame_skip=1
[Fitness run Gen16Creature27] reward=1.56±0.32  dist=0.36±0.12  upright=0.01±0.04  → FITNESS=0.0312
URDF saved to being.urdf
Connecting to PyBullet, GUI: False
CreatureEnv Inicijalizacija: 12 motora. OBS_dim=40, frame_skip=1
[Fitness run Gen16Creature28] reward=1.85±0.00  dist=0.00±0.00  upright=1.00±0.00  → FITNESS=0.3184
URDF saved to being.urdf
Connecting to PyBullet, GUI: False
CreatureEnv Inicijalizacija: 12 motora. OBS_dim=40, frame_skip=1
[Fitness run Gen16Creature29] reward=441.88±539.59  dist=0.00±0.00  upright=0.79±0.19  → FITNESS=0.2955

==================================================
Generacija 16/20  |  Best = 0.4494  |  Mean = 0.2284  |  Std = 0.1641
==================================================
URDF saved to being.urdf
Connecting to PyBullet, GUI: False
CreatureEnv Inicijalizacija: 12 motora. OBS_dim=40, frame_skip=1
[Fitness run Gen16Creature3] reward=1.32±0.10  dist=0.03±0.04  upright=0.35±0.12  → FITNESS=0.1226
URDF saved to being.urdf
Connecting to PyBullet, GUI: False
CreatureEnv Inicijalizacija: 12 motora. OBS_dim=40, frame_skip=1
[Fitness run Gen16Creature4] reward=2.06±0.06  dist=0.00±0.00  upright=0.16±0.28  → FITNESS=0.0658
URDF saved to being.urdf
Connecting to PyBullet, GUI: False
CreatureEnv Inicijalizacija: 12 motora. OBS_dim=40, frame_skip=1
[Fitness run Gen16Creature5] reward=917.57±305.36  dist=0.01±0.02  upright=0.90±0.30  → FITNESS=0.3719
URDF saved to being.urdf
Connecting to PyBullet, GUI: False
CreatureEnv Inicijalizacija: 12 motora. OBS_dim=40, frame_skip=1
[Fitness run Gen16Creature6] reward=1052.83±0.03  dist=0.00±0.00  upright=1.00±0.00  → FITNESS=0.4139
URDF saved to being.urdf
Connecting to PyBullet, GUI: False
CreatureEnv Inicijalizacija: 12 motora. OBS_dim=40, frame_skip=1
[Fitness run Gen16Creature9] reward=1.99±0.01  dist=0.00±0.00  upright=0.28±0.02  → FITNESS=0.1035
URDF saved to being.urdf
Connecting to PyBullet, GUI: False
CreatureEnv Inicijalizacija: 12 motora. OBS_dim=40, frame_skip=1
[Fitness run Gen16Creature10] reward=7.31±8.49  dist=0.00±0.00  upright=0.59±0.26  → FITNESS=0.1953
URDF saved to being.urdf
Connecting to PyBullet, GUI: False
CreatureEnv Inicijalizacija: 12 motora. OBS_dim=40, frame_skip=1
[Fitness run Gen16Creature11] reward=1.20±0.32  dist=0.00±0.00  upright=0.38±0.16  → FITNESS=0.1315
URDF saved to being.urdf
Connecting to PyBullet, GUI: False
CreatureEnv Inicijalizacija: 12 motora. OBS_dim=40, frame_skip=1
[Fitness run Gen16Creature12] reward=1.31±0.06  dist=0.00±0.00  upright=0.01±0.02  → FITNESS=0.0202
URDF saved to being.urdf
Connecting to PyBullet, GUI: False
CreatureEnv Inicijalizacija: 12 motora. OBS_dim=40, frame_skip=1
[Fitness run Gen16Creature13] reward=1.11±0.15  dist=0.00±0.00  upright=0.00±0.00  → FITNESS=0.0183
URDF saved to being.urdf
Connecting to PyBullet, GUI: False
CreatureEnv Inicijalizacija: 12 motora. OBS_dim=40, frame_skip=1
[Fitness run Gen16Creature14] reward=1.77±0.15  dist=0.00±0.00  upright=0.00±0.00  → FITNESS=0.0183
URDF saved to being.urdf
Connecting to PyBullet, GUI: False
CreatureEnv Inicijalizacija: 12 motora. OBS_dim=40, frame_skip=1
[Fitness run Gen16Creature15] reward=2.15±0.02  dist=0.00±0.00  upright=1.00±0.00  → FITNESS=0.3184
URDF saved to being.urdf
Connecting to PyBullet, GUI: False
CreatureEnv Inicijalizacija: 12 motora. OBS_dim=40, frame_skip=1
[Fitness run Gen16Creature16] reward=2.08±0.01  dist=0.00±0.00  upright=0.99±0.04  → FITNESS=0.3146
URDF saved to being.urdf
Connecting to PyBullet, GUI: False
CreatureEnv Inicijalizacija: 12 motora. OBS_dim=40, frame_skip=1
[Fitness run Gen16Creature17] reward=1098.50±11.62  dist=0.00±0.00  upright=1.00±0.00  → FITNESS=0.4181
URDF saved to being.urdf
Connecting to PyBullet, GUI: False
CreatureEnv Inicijalizacija: 12 motora. OBS_dim=40, frame_skip=1
[Fitness run Gen16Creature18] reward=1.41±0.01  dist=0.09±0.02  upright=0.02±0.02  → FITNESS=0.0264
URDF saved to being.urdf
Connecting to PyBullet, GUI: False
CreatureEnv Inicijalizacija: 12 motora. OBS_dim=40, frame_skip=1
[Fitness run Gen16Creature19] reward=1104.14±0.49  dist=0.00±0.00  upright=1.00±0.00  → FITNESS=0.4186
URDF saved to being.urdf
Connecting to PyBullet, GUI: False
CreatureEnv Inicijalizacija: 12 motora. OBS_dim=40, frame_skip=1
[Fitness run Gen16Creature21] reward=1.70±0.01  dist=0.00±0.00  upright=0.01±0.03  → FITNESS=0.0212
URDF saved to being.urdf
Connecting to PyBullet, GUI: False
CreatureEnv Inicijalizacija: 12 motora. OBS_dim=40, frame_skip=1
[Fitness run Gen16Creature24] reward=1071.56±0.05  dist=0.00±0.00  upright=1.00±0.00  → FITNESS=0.4156
URDF saved to being.urdf
Connecting to PyBullet, GUI: False
CreatureEnv Inicijalizacija: 12 motora. OBS_dim=40, frame_skip=1
[Fitness run Gen16Creature25] reward=1.50±0.01  dist=0.00±0.00  upright=0.03±0.01  → FITNESS=0.0270
URDF saved to being.urdf
Connecting to PyBullet, GUI: False
CreatureEnv Inicijalizacija: 12 motora. OBS_dim=40, frame_skip=1
[Fitness run Gen16Creature26] reward=1.49±0.40  dist=0.10±0.06  upright=0.44±0.23  → FITNESS=0.1535
URDF saved to being.urdf
Connecting to PyBullet, GUI: False
CreatureEnv Inicijalizacija: 12 motora. OBS_dim=40, frame_skip=1
[Fitness run Gen16Creature27] reward=1.56±0.32  dist=0.36±0.12  upright=0.01±0.04  → FITNESS=0.0312
URDF saved to being.urdf
Connecting to PyBullet, GUI: False
CreatureEnv Inicijalizacija: 12 motora. OBS_dim=40, frame_skip=1
[Fitness run Gen16Creature28] reward=1.85±0.00  dist=0.00±0.00  upright=1.00±0.00  → FITNESS=0.3184
URDF saved to being.urdf
Connecting to PyBullet, GUI: False
CreatureEnv Inicijalizacija: 12 motora. OBS_dim=40, frame_skip=1
[Fitness run Gen16Creature29] reward=441.88±539.59  dist=0.00±0.00  upright=0.79±0.19  → FITNESS=0.2955
Genome saved to results\distanceBased500Steps1Seed\run_5\run_5_best_creature.json
[plot] Saved → ./results\distanceBased500Steps1Seed\run_5\run_5_summary.png
URDF saved to being.urdf
Connecting to PyBullet, GUI: False
CreatureEnv Inicijalizacija: 12 motora. OBS_dim=40, frame_skip=1
[Fitness run Gen17Creature3] reward=1.32±0.10  dist=0.03±0.04  upright=0.35±0.12  → FITNESS=0.1226
URDF saved to being.urdf
Connecting to PyBullet, GUI: False
CreatureEnv Inicijalizacija: 12 motora. OBS_dim=40, frame_skip=1
[Fitness run Gen17Creature4] reward=2.06±0.06  dist=0.00±0.00  upright=0.16±0.28  → FITNESS=0.0658
URDF saved to being.urdf
Connecting to PyBullet, GUI: False
CreatureEnv Inicijalizacija: 12 motora. OBS_dim=40, frame_skip=1
[Fitness run Gen17Creature5] reward=917.57±305.36  dist=0.01±0.02  upright=0.90±0.30  → FITNESS=0.3719
URDF saved to being.urdf
Connecting to PyBullet, GUI: False
CreatureEnv Inicijalizacija: 12 motora. OBS_dim=40, frame_skip=1
[Fitness run Gen17Creature6] reward=1052.83±0.03  dist=0.00±0.00  upright=1.00±0.00  → FITNESS=0.4139
URDF saved to being.urdf
Connecting to PyBullet, GUI: False
CreatureEnv Inicijalizacija: 12 motora. OBS_dim=40, frame_skip=1
[Fitness run Gen17Creature9] reward=1.99±0.01  dist=0.00±0.00  upright=0.28±0.02  → FITNESS=0.1035
URDF saved to being.urdf
Connecting to PyBullet, GUI: False
CreatureEnv Inicijalizacija: 12 motora. OBS_dim=40, frame_skip=1
[Fitness run Gen17Creature10] reward=7.31±8.49  dist=0.00±0.00  upright=0.59±0.26  → FITNESS=0.1953
URDF saved to being.urdf
Connecting to PyBullet, GUI: False
CreatureEnv Inicijalizacija: 12 motora. OBS_dim=40, frame_skip=1
[Fitness run Gen17Creature11] reward=1.20±0.32  dist=0.00±0.00  upright=0.38±0.16  → FITNESS=0.1315
URDF saved to being.urdf
Connecting to PyBullet, GUI: False
CreatureEnv Inicijalizacija: 12 motora. OBS_dim=40, frame_skip=1
[Fitness run Gen17Creature12] reward=1.31±0.06  dist=0.00±0.00  upright=0.01±0.02  → FITNESS=0.0202
URDF saved to being.urdf
Connecting to PyBullet, GUI: False
CreatureEnv Inicijalizacija: 12 motora. OBS_dim=40, frame_skip=1
[Fitness run Gen17Creature13] reward=1.11±0.15  dist=0.00±0.00  upright=0.00±0.00  → FITNESS=0.0183
URDF saved to being.urdf
Connecting to PyBullet, GUI: False
CreatureEnv Inicijalizacija: 12 motora. OBS_dim=40, frame_skip=1
[Fitness run Gen17Creature14] reward=1.77±0.15  dist=0.00±0.00  upright=0.00±0.00  → FITNESS=0.0183
URDF saved to being.urdf
Connecting to PyBullet, GUI: False
CreatureEnv Inicijalizacija: 12 motora. OBS_dim=40, frame_skip=1
[Fitness run Gen17Creature15] reward=2.15±0.02  dist=0.00±0.00  upright=1.00±0.00  → FITNESS=0.3184
URDF saved to being.urdf
Connecting to PyBullet, GUI: False
CreatureEnv Inicijalizacija: 12 motora. OBS_dim=40, frame_skip=1
[Fitness run Gen17Creature16] reward=2.08±0.01  dist=0.00±0.00  upright=0.99±0.04  → FITNESS=0.3146
URDF saved to being.urdf
Connecting to PyBullet, GUI: False
CreatureEnv Inicijalizacija: 12 motora. OBS_dim=40, frame_skip=1
[Fitness run Gen17Creature17] reward=1098.50±11.62  dist=0.00±0.00  upright=1.00±0.00  → FITNESS=0.4181
URDF saved to being.urdf
Connecting to PyBullet, GUI: False
CreatureEnv Inicijalizacija: 12 motora. OBS_dim=40, frame_skip=1
[Fitness run Gen17Creature18] reward=1.41±0.01  dist=0.09±0.02  upright=0.02±0.02  → FITNESS=0.0264
URDF saved to being.urdf
Connecting to PyBullet, GUI: False
CreatureEnv Inicijalizacija: 12 motora. OBS_dim=40, frame_skip=1
[Fitness run Gen17Creature19] reward=1104.14±0.49  dist=0.00±0.00  upright=1.00±0.00  → FITNESS=0.4186
URDF saved to being.urdf
Connecting to PyBullet, GUI: False
CreatureEnv Inicijalizacija: 12 motora. OBS_dim=40, frame_skip=1
[Fitness run Gen17Creature21] reward=1.70±0.01  dist=0.00±0.00  upright=0.01±0.03  → FITNESS=0.0212
URDF saved to being.urdf
Connecting to PyBullet, GUI: False
CreatureEnv Inicijalizacija: 12 motora. OBS_dim=40, frame_skip=1
[Fitness run Gen17Creature24] reward=1071.56±0.05  dist=0.00±0.00  upright=1.00±0.00  → FITNESS=0.4156
URDF saved to being.urdf
Connecting to PyBullet, GUI: False
CreatureEnv Inicijalizacija: 12 motora. OBS_dim=40, frame_skip=1
[Fitness run Gen17Creature25] reward=1.50±0.01  dist=0.00±0.00  upright=0.03±0.01  → FITNESS=0.0270
URDF saved to being.urdf
Connecting to PyBullet, GUI: False
CreatureEnv Inicijalizacija: 12 motora. OBS_dim=40, frame_skip=1
[Fitness run Gen17Creature26] reward=1.49±0.40  dist=0.10±0.06  upright=0.44±0.23  → FITNESS=0.1535
URDF saved to being.urdf
Connecting to PyBullet, GUI: False
CreatureEnv Inicijalizacija: 12 motora. OBS_dim=40, frame_skip=1
[Fitness run Gen17Creature27] reward=1.56±0.32  dist=0.36±0.12  upright=0.01±0.04  → FITNESS=0.0312
URDF saved to being.urdf
Connecting to PyBullet, GUI: False
CreatureEnv Inicijalizacija: 12 motora. OBS_dim=40, frame_skip=1
[Fitness run Gen17Creature28] reward=1.85±0.00  dist=0.00±0.00  upright=1.00±0.00  → FITNESS=0.3184
URDF saved to being.urdf
Connecting to PyBullet, GUI: False
CreatureEnv Inicijalizacija: 12 motora. OBS_dim=40, frame_skip=1
[Fitness run Gen17Creature29] reward=441.88±539.59  dist=0.00±0.00  upright=0.79±0.19  → FITNESS=0.2955

==================================================
Generacija 17/20  |  Best = 0.4494  |  Mean = 0.2400  |  Std = 0.1645
==================================================
URDF saved to being.urdf
Connecting to PyBullet, GUI: False
CreatureEnv Inicijalizacija: 12 motora. OBS_dim=40, frame_skip=1
[Fitness run Gen17Creature3] reward=1.32±0.10  dist=0.03±0.04  upright=0.35±0.12  → FITNESS=0.1226
URDF saved to being.urdf
Connecting to PyBullet, GUI: False
CreatureEnv Inicijalizacija: 12 motora. OBS_dim=40, frame_skip=1
[Fitness run Gen17Creature4] reward=2.06±0.06  dist=0.00±0.00  upright=0.16±0.28  → FITNESS=0.0658
URDF saved to being.urdf
Connecting to PyBullet, GUI: False
CreatureEnv Inicijalizacija: 12 motora. OBS_dim=40, frame_skip=1
[Fitness run Gen17Creature5] reward=917.57±305.36  dist=0.01±0.02  upright=0.90±0.30  → FITNESS=0.3719
URDF saved to being.urdf
Connecting to PyBullet, GUI: False
CreatureEnv Inicijalizacija: 12 motora. OBS_dim=40, frame_skip=1
[Fitness run Gen17Creature6] reward=1052.83±0.03  dist=0.00±0.00  upright=1.00±0.00  → FITNESS=0.4139
URDF saved to being.urdf
Connecting to PyBullet, GUI: False
CreatureEnv Inicijalizacija: 12 motora. OBS_dim=40, frame_skip=1
[Fitness run Gen17Creature9] reward=1.99±0.01  dist=0.00±0.00  upright=0.28±0.02  → FITNESS=0.1035
URDF saved to being.urdf
Connecting to PyBullet, GUI: False
CreatureEnv Inicijalizacija: 12 motora. OBS_dim=40, frame_skip=1
[Fitness run Gen17Creature10] reward=7.31±8.49  dist=0.00±0.00  upright=0.59±0.26  → FITNESS=0.1953
URDF saved to being.urdf
Connecting to PyBullet, GUI: False
CreatureEnv Inicijalizacija: 12 motora. OBS_dim=40, frame_skip=1
[Fitness run Gen17Creature11] reward=1.20±0.32  dist=0.00±0.00  upright=0.38±0.16  → FITNESS=0.1315
URDF saved to being.urdf
Connecting to PyBullet, GUI: False
CreatureEnv Inicijalizacija: 12 motora. OBS_dim=40, frame_skip=1
[Fitness run Gen17Creature12] reward=1.31±0.06  dist=0.00±0.00  upright=0.01±0.02  → FITNESS=0.0202
URDF saved to being.urdf
Connecting to PyBullet, GUI: False
CreatureEnv Inicijalizacija: 12 motora. OBS_dim=40, frame_skip=1
[Fitness run Gen17Creature13] reward=1.11±0.15  dist=0.00±0.00  upright=0.00±0.00  → FITNESS=0.0183
URDF saved to being.urdf
Connecting to PyBullet, GUI: False
CreatureEnv Inicijalizacija: 12 motora. OBS_dim=40, frame_skip=1
[Fitness run Gen17Creature14] reward=1.77±0.15  dist=0.00±0.00  upright=0.00±0.00  → FITNESS=0.0183
URDF saved to being.urdf
Connecting to PyBullet, GUI: False
CreatureEnv Inicijalizacija: 12 motora. OBS_dim=40, frame_skip=1
[Fitness run Gen17Creature15] reward=2.15±0.02  dist=0.00±0.00  upright=1.00±0.00  → FITNESS=0.3184
URDF saved to being.urdf
Connecting to PyBullet, GUI: False
CreatureEnv Inicijalizacija: 12 motora. OBS_dim=40, frame_skip=1
[Fitness run Gen17Creature16] reward=2.08±0.01  dist=0.00±0.00  upright=0.99±0.04  → FITNESS=0.3146
URDF saved to being.urdf
Connecting to PyBullet, GUI: False
CreatureEnv Inicijalizacija: 12 motora. OBS_dim=40, frame_skip=1
[Fitness run Gen17Creature17] reward=1098.50±11.62  dist=0.00±0.00  upright=1.00±0.00  → FITNESS=0.4181
URDF saved to being.urdf
Connecting to PyBullet, GUI: False
CreatureEnv Inicijalizacija: 12 motora. OBS_dim=40, frame_skip=1
[Fitness run Gen17Creature18] reward=1.41±0.01  dist=0.09±0.02  upright=0.02±0.02  → FITNESS=0.0264
URDF saved to being.urdf
Connecting to PyBullet, GUI: False
CreatureEnv Inicijalizacija: 12 motora. OBS_dim=40, frame_skip=1
[Fitness run Gen17Creature19] reward=1104.14±0.49  dist=0.00±0.00  upright=1.00±0.00  → FITNESS=0.4186
URDF saved to being.urdf
Connecting to PyBullet, GUI: False
CreatureEnv Inicijalizacija: 12 motora. OBS_dim=40, frame_skip=1
[Fitness run Gen17Creature21] reward=1.70±0.01  dist=0.00±0.00  upright=0.01±0.03  → FITNESS=0.0212
URDF saved to being.urdf
Connecting to PyBullet, GUI: False
CreatureEnv Inicijalizacija: 12 motora. OBS_dim=40, frame_skip=1
[Fitness run Gen17Creature24] reward=1071.56±0.05  dist=0.00±0.00  upright=1.00±0.00  → FITNESS=0.4156
URDF saved to being.urdf
Connecting to PyBullet, GUI: False
CreatureEnv Inicijalizacija: 12 motora. OBS_dim=40, frame_skip=1
[Fitness run Gen17Creature25] reward=1.50±0.01  dist=0.00±0.00  upright=0.03±0.01  → FITNESS=0.0270
URDF saved to being.urdf
Connecting to PyBullet, GUI: False
CreatureEnv Inicijalizacija: 12 motora. OBS_dim=40, frame_skip=1
[Fitness run Gen17Creature26] reward=1.49±0.40  dist=0.10±0.06  upright=0.44±0.23  → FITNESS=0.1535
URDF saved to being.urdf
Connecting to PyBullet, GUI: False
CreatureEnv Inicijalizacija: 12 motora. OBS_dim=40, frame_skip=1
[Fitness run Gen17Creature27] reward=1.56±0.32  dist=0.36±0.12  upright=0.01±0.04  → FITNESS=0.0312
URDF saved to being.urdf
Connecting to PyBullet, GUI: False
CreatureEnv Inicijalizacija: 12 motora. OBS_dim=40, frame_skip=1
[Fitness run Gen17Creature28] reward=1.85±0.00  dist=0.00±0.00  upright=1.00±0.00  → FITNESS=0.3184
URDF saved to being.urdf
Connecting to PyBullet, GUI: False
CreatureEnv Inicijalizacija: 12 motora. OBS_dim=40, frame_skip=1
[Fitness run Gen17Creature29] reward=441.88±539.59  dist=0.00±0.00  upright=0.79±0.19  → FITNESS=0.2955
Genome saved to results\distanceBased500Steps1Seed\run_5\run_5_best_creature.json
[plot] Saved → ./results\distanceBased500Steps1Seed\run_5\run_5_summary.png
URDF saved to being.urdf
Connecting to PyBullet, GUI: False
CreatureEnv Inicijalizacija: 12 motora. OBS_dim=40, frame_skip=1
[Fitness run Gen18Creature3] reward=1.32±0.10  dist=0.03±0.04  upright=0.35±0.12  → FITNESS=0.1226
URDF saved to being.urdf
Connecting to PyBullet, GUI: False
CreatureEnv Inicijalizacija: 12 motora. OBS_dim=40, frame_skip=1
[Fitness run Gen18Creature4] reward=2.06±0.06  dist=0.00±0.00  upright=0.16±0.28  → FITNESS=0.0658
URDF saved to being.urdf
Connecting to PyBullet, GUI: False
CreatureEnv Inicijalizacija: 12 motora. OBS_dim=40, frame_skip=1
[Fitness run Gen18Creature5] reward=917.57±305.36  dist=0.01±0.02  upright=0.90±0.30  → FITNESS=0.3719
URDF saved to being.urdf
Connecting to PyBullet, GUI: False
CreatureEnv Inicijalizacija: 12 motora. OBS_dim=40, frame_skip=1
[Fitness run Gen18Creature6] reward=1052.83±0.03  dist=0.00±0.00  upright=1.00±0.00  → FITNESS=0.4139
URDF saved to being.urdf
Connecting to PyBullet, GUI: False
CreatureEnv Inicijalizacija: 12 motora. OBS_dim=40, frame_skip=1
[Fitness run Gen18Creature9] reward=1.99±0.01  dist=0.00±0.00  upright=0.28±0.02  → FITNESS=0.1035
URDF saved to being.urdf
Connecting to PyBullet, GUI: False
CreatureEnv Inicijalizacija: 12 motora. OBS_dim=40, frame_skip=1
[Fitness run Gen18Creature10] reward=7.31±8.49  dist=0.00±0.00  upright=0.59±0.26  → FITNESS=0.1953
URDF saved to being.urdf
Connecting to PyBullet, GUI: False
CreatureEnv Inicijalizacija: 12 motora. OBS_dim=40, frame_skip=1
[Fitness run Gen18Creature11] reward=1.20±0.32  dist=0.00±0.00  upright=0.38±0.16  → FITNESS=0.1315
URDF saved to being.urdf
Connecting to PyBullet, GUI: False
CreatureEnv Inicijalizacija: 12 motora. OBS_dim=40, frame_skip=1
[Fitness run Gen18Creature12] reward=1.31±0.06  dist=0.00±0.00  upright=0.01±0.02  → FITNESS=0.0202
URDF saved to being.urdf
Connecting to PyBullet, GUI: False
CreatureEnv Inicijalizacija: 12 motora. OBS_dim=40, frame_skip=1
[Fitness run Gen18Creature13] reward=1.11±0.15  dist=0.00±0.00  upright=0.00±0.00  → FITNESS=0.0183
URDF saved to being.urdf
Connecting to PyBullet, GUI: False
CreatureEnv Inicijalizacija: 12 motora. OBS_dim=40, frame_skip=1
[Fitness run Gen18Creature14] reward=1.77±0.15  dist=0.00±0.00  upright=0.00±0.00  → FITNESS=0.0183
URDF saved to being.urdf
Connecting to PyBullet, GUI: False
CreatureEnv Inicijalizacija: 12 motora. OBS_dim=40, frame_skip=1
[Fitness run Gen18Creature15] reward=2.15±0.02  dist=0.00±0.00  upright=1.00±0.00  → FITNESS=0.3184
URDF saved to being.urdf
Connecting to PyBullet, GUI: False
CreatureEnv Inicijalizacija: 12 motora. OBS_dim=40, frame_skip=1
[Fitness run Gen18Creature16] reward=2.08±0.01  dist=0.00±0.00  upright=0.99±0.04  → FITNESS=0.3146
URDF saved to being.urdf
Connecting to PyBullet, GUI: False
CreatureEnv Inicijalizacija: 12 motora. OBS_dim=40, frame_skip=1
[Fitness run Gen18Creature17] reward=1098.50±11.62  dist=0.00±0.00  upright=1.00±0.00  → FITNESS=0.4181
URDF saved to being.urdf
Connecting to PyBullet, GUI: False
CreatureEnv Inicijalizacija: 12 motora. OBS_dim=40, frame_skip=1
[Fitness run Gen18Creature18] reward=1.41±0.01  dist=0.09±0.02  upright=0.02±0.02  → FITNESS=0.0264
URDF saved to being.urdf
Connecting to PyBullet, GUI: False
CreatureEnv Inicijalizacija: 12 motora. OBS_dim=40, frame_skip=1
[Fitness run Gen18Creature19] reward=1104.14±0.49  dist=0.00±0.00  upright=1.00±0.00  → FITNESS=0.4186
URDF saved to being.urdf
Connecting to PyBullet, GUI: False
CreatureEnv Inicijalizacija: 12 motora. OBS_dim=40, frame_skip=1
[Fitness run Gen18Creature21] reward=1.70±0.01  dist=0.00±0.00  upright=0.01±0.03  → FITNESS=0.0212
URDF saved to being.urdf
Connecting to PyBullet, GUI: False
CreatureEnv Inicijalizacija: 12 motora. OBS_dim=40, frame_skip=1
[Fitness run Gen18Creature24] reward=1071.56±0.05  dist=0.00±0.00  upright=1.00±0.00  → FITNESS=0.4156
URDF saved to being.urdf
Connecting to PyBullet, GUI: False
CreatureEnv Inicijalizacija: 12 motora. OBS_dim=40, frame_skip=1
[Fitness run Gen18Creature25] reward=1.50±0.01  dist=0.00±0.00  upright=0.03±0.01  → FITNESS=0.0270
URDF saved to being.urdf
Connecting to PyBullet, GUI: False
CreatureEnv Inicijalizacija: 12 motora. OBS_dim=40, frame_skip=1
[Fitness run Gen18Creature26] reward=1.49±0.40  dist=0.10±0.06  upright=0.44±0.23  → FITNESS=0.1535
URDF saved to being.urdf
Connecting to PyBullet, GUI: False
CreatureEnv Inicijalizacija: 12 motora. OBS_dim=40, frame_skip=1
[Fitness run Gen18Creature27] reward=1.56±0.32  dist=0.36±0.12  upright=0.01±0.04  → FITNESS=0.0312
URDF saved to being.urdf
Connecting to PyBullet, GUI: False
CreatureEnv Inicijalizacija: 12 motora. OBS_dim=40, frame_skip=1
[Fitness run Gen18Creature28] reward=1.85±0.00  dist=0.00±0.00  upright=1.00±0.00  → FITNESS=0.3184
URDF saved to being.urdf
Connecting to PyBullet, GUI: False
CreatureEnv Inicijalizacija: 12 motora. OBS_dim=40, frame_skip=1
[Fitness run Gen18Creature29] reward=441.88±539.59  dist=0.00±0.00  upright=0.79±0.19  → FITNESS=0.2955

==================================================
Generacija 18/20  |  Best = 0.4494  |  Mean = 0.2400  |  Std = 0.1645
==================================================
URDF saved to being.urdf
Connecting to PyBullet, GUI: False
CreatureEnv Inicijalizacija: 12 motora. OBS_dim=40, frame_skip=1
[Fitness run Gen18Creature3] reward=1.32±0.10  dist=0.03±0.04  upright=0.35±0.12  → FITNESS=0.1226
URDF saved to being.urdf
Connecting to PyBullet, GUI: False
CreatureEnv Inicijalizacija: 12 motora. OBS_dim=40, frame_skip=1
[Fitness run Gen18Creature4] reward=2.06±0.06  dist=0.00±0.00  upright=0.16±0.28  → FITNESS=0.0658
URDF saved to being.urdf
Connecting to PyBullet, GUI: False
CreatureEnv Inicijalizacija: 12 motora. OBS_dim=40, frame_skip=1
[Fitness run Gen18Creature5] reward=917.57±305.36  dist=0.01±0.02  upright=0.90±0.30  → FITNESS=0.3719
URDF saved to being.urdf
Connecting to PyBullet, GUI: False
CreatureEnv Inicijalizacija: 12 motora. OBS_dim=40, frame_skip=1
[Fitness run Gen18Creature6] reward=1052.83±0.03  dist=0.00±0.00  upright=1.00±0.00  → FITNESS=0.4139
URDF saved to being.urdf
Connecting to PyBullet, GUI: False
CreatureEnv Inicijalizacija: 12 motora. OBS_dim=40, frame_skip=1
[Fitness run Gen18Creature9] reward=1.99±0.01  dist=0.00±0.00  upright=0.28±0.02  → FITNESS=0.1035
URDF saved to being.urdf
Connecting to PyBullet, GUI: False
CreatureEnv Inicijalizacija: 12 motora. OBS_dim=40, frame_skip=1
[Fitness run Gen18Creature10] reward=7.31±8.49  dist=0.00±0.00  upright=0.59±0.26  → FITNESS=0.1953
URDF saved to being.urdf
Connecting to PyBullet, GUI: False
CreatureEnv Inicijalizacija: 12 motora. OBS_dim=40, frame_skip=1
[Fitness run Gen18Creature11] reward=1.20±0.32  dist=0.00±0.00  upright=0.38±0.16  → FITNESS=0.1315
URDF saved to being.urdf
Connecting to PyBullet, GUI: False
CreatureEnv Inicijalizacija: 12 motora. OBS_dim=40, frame_skip=1
[Fitness run Gen18Creature12] reward=1.31±0.06  dist=0.00±0.00  upright=0.01±0.02  → FITNESS=0.0202
URDF saved to being.urdf
Connecting to PyBullet, GUI: False
CreatureEnv Inicijalizacija: 12 motora. OBS_dim=40, frame_skip=1
[Fitness run Gen18Creature13] reward=1.11±0.15  dist=0.00±0.00  upright=0.00±0.00  → FITNESS=0.0183
URDF saved to being.urdf
Connecting to PyBullet, GUI: False
CreatureEnv Inicijalizacija: 12 motora. OBS_dim=40, frame_skip=1
[Fitness run Gen18Creature14] reward=1.77±0.15  dist=0.00±0.00  upright=0.00±0.00  → FITNESS=0.0183
URDF saved to being.urdf
Connecting to PyBullet, GUI: False
CreatureEnv Inicijalizacija: 12 motora. OBS_dim=40, frame_skip=1
[Fitness run Gen18Creature15] reward=2.15±0.02  dist=0.00±0.00  upright=1.00±0.00  → FITNESS=0.3184
URDF saved to being.urdf
Connecting to PyBullet, GUI: False
CreatureEnv Inicijalizacija: 12 motora. OBS_dim=40, frame_skip=1
[Fitness run Gen18Creature16] reward=2.08±0.01  dist=0.00±0.00  upright=0.99±0.04  → FITNESS=0.3146
URDF saved to being.urdf
Connecting to PyBullet, GUI: False
CreatureEnv Inicijalizacija: 12 motora. OBS_dim=40, frame_skip=1
[Fitness run Gen18Creature17] reward=1098.50±11.62  dist=0.00±0.00  upright=1.00±0.00  → FITNESS=0.4181
URDF saved to being.urdf
Connecting to PyBullet, GUI: False
CreatureEnv Inicijalizacija: 12 motora. OBS_dim=40, frame_skip=1
[Fitness run Gen18Creature18] reward=1.41±0.01  dist=0.09±0.02  upright=0.02±0.02  → FITNESS=0.0264
URDF saved to being.urdf
Connecting to PyBullet, GUI: False
CreatureEnv Inicijalizacija: 12 motora. OBS_dim=40, frame_skip=1
[Fitness run Gen18Creature19] reward=1104.14±0.49  dist=0.00±0.00  upright=1.00±0.00  → FITNESS=0.4186
URDF saved to being.urdf
Connecting to PyBullet, GUI: False
CreatureEnv Inicijalizacija: 12 motora. OBS_dim=40, frame_skip=1
[Fitness run Gen18Creature21] reward=1.70±0.01  dist=0.00±0.00  upright=0.01±0.03  → FITNESS=0.0212
URDF saved to being.urdf
Connecting to PyBullet, GUI: False
CreatureEnv Inicijalizacija: 12 motora. OBS_dim=40, frame_skip=1
[Fitness run Gen18Creature24] reward=1071.56±0.05  dist=0.00±0.00  upright=1.00±0.00  → FITNESS=0.4156
URDF saved to being.urdf
Connecting to PyBullet, GUI: False
CreatureEnv Inicijalizacija: 12 motora. OBS_dim=40, frame_skip=1
[Fitness run Gen18Creature25] reward=1.50±0.01  dist=0.00±0.00  upright=0.03±0.01  → FITNESS=0.0270
URDF saved to being.urdf
Connecting to PyBullet, GUI: False
CreatureEnv Inicijalizacija: 12 motora. OBS_dim=40, frame_skip=1
[Fitness run Gen18Creature26] reward=1.49±0.40  dist=0.10±0.06  upright=0.44±0.23  → FITNESS=0.1535
URDF saved to being.urdf
Connecting to PyBullet, GUI: False
CreatureEnv Inicijalizacija: 12 motora. OBS_dim=40, frame_skip=1
[Fitness run Gen18Creature27] reward=1.56±0.32  dist=0.36±0.12  upright=0.01±0.04  → FITNESS=0.0312
URDF saved to being.urdf
Connecting to PyBullet, GUI: False
CreatureEnv Inicijalizacija: 12 motora. OBS_dim=40, frame_skip=1
[Fitness run Gen18Creature28] reward=1.85±0.00  dist=0.00±0.00  upright=1.00±0.00  → FITNESS=0.3184
URDF saved to being.urdf
Connecting to PyBullet, GUI: False
CreatureEnv Inicijalizacija: 12 motora. OBS_dim=40, frame_skip=1
[Fitness run Gen18Creature29] reward=441.88±539.59  dist=0.00±0.00  upright=0.79±0.19  → FITNESS=0.2955
Genome saved to results\distanceBased500Steps1Seed\run_5\run_5_best_creature.json
[plot] Saved → ./results\distanceBased500Steps1Seed\run_5\run_5_summary.png
URDF saved to being.urdf
Connecting to PyBullet, GUI: False
CreatureEnv Inicijalizacija: 12 motora. OBS_dim=40, frame_skip=1
[Fitness run Gen19Creature3] reward=1.32±0.10  dist=0.03±0.04  upright=0.35±0.12  → FITNESS=0.1226
URDF saved to being.urdf
Connecting to PyBullet, GUI: False
CreatureEnv Inicijalizacija: 12 motora. OBS_dim=40, frame_skip=1
[Fitness run Gen19Creature4] reward=2.06±0.06  dist=0.00±0.00  upright=0.16±0.28  → FITNESS=0.0658
URDF saved to being.urdf
Connecting to PyBullet, GUI: False
CreatureEnv Inicijalizacija: 12 motora. OBS_dim=40, frame_skip=1
[Fitness run Gen19Creature5] reward=917.57±305.36  dist=0.01±0.02  upright=0.90±0.30  → FITNESS=0.3719
URDF saved to being.urdf
Connecting to PyBullet, GUI: False
CreatureEnv Inicijalizacija: 12 motora. OBS_dim=40, frame_skip=1
[Fitness run Gen19Creature6] reward=1052.83±0.03  dist=0.00±0.00  upright=1.00±0.00  → FITNESS=0.4139
URDF saved to being.urdf
Connecting to PyBullet, GUI: False
CreatureEnv Inicijalizacija: 12 motora. OBS_dim=40, frame_skip=1
[Fitness run Gen19Creature9] reward=1.99±0.01  dist=0.00±0.00  upright=0.28±0.02  → FITNESS=0.1035
URDF saved to being.urdf
Connecting to PyBullet, GUI: False
CreatureEnv Inicijalizacija: 12 motora. OBS_dim=40, frame_skip=1
[Fitness run Gen19Creature10] reward=7.31±8.49  dist=0.00±0.00  upright=0.59±0.26  → FITNESS=0.1953
URDF saved to being.urdf
Connecting to PyBullet, GUI: False
CreatureEnv Inicijalizacija: 12 motora. OBS_dim=40, frame_skip=1
[Fitness run Gen19Creature11] reward=1.20±0.32  dist=0.00±0.00  upright=0.38±0.16  → FITNESS=0.1315
URDF saved to being.urdf
Connecting to PyBullet, GUI: False
CreatureEnv Inicijalizacija: 12 motora. OBS_dim=40, frame_skip=1
[Fitness run Gen19Creature12] reward=1.31±0.06  dist=0.00±0.00  upright=0.01±0.02  → FITNESS=0.0202
URDF saved to being.urdf
Connecting to PyBullet, GUI: False
CreatureEnv Inicijalizacija: 12 motora. OBS_dim=40, frame_skip=1
[Fitness run Gen19Creature13] reward=1.11±0.15  dist=0.00±0.00  upright=0.00±0.00  → FITNESS=0.0183
URDF saved to being.urdf
Connecting to PyBullet, GUI: False
CreatureEnv Inicijalizacija: 12 motora. OBS_dim=40, frame_skip=1
[Fitness run Gen19Creature14] reward=1.77±0.15  dist=0.00±0.00  upright=0.00±0.00  → FITNESS=0.0183
URDF saved to being.urdf
Connecting to PyBullet, GUI: False
CreatureEnv Inicijalizacija: 12 motora. OBS_dim=40, frame_skip=1
[Fitness run Gen19Creature15] reward=2.15±0.02  dist=0.00±0.00  upright=1.00±0.00  → FITNESS=0.3184
URDF saved to being.urdf
Connecting to PyBullet, GUI: False
CreatureEnv Inicijalizacija: 12 motora. OBS_dim=40, frame_skip=1
[Fitness run Gen19Creature16] reward=2.08±0.01  dist=0.00±0.00  upright=0.99±0.04  → FITNESS=0.3146
URDF saved to being.urdf
Connecting to PyBullet, GUI: False
CreatureEnv Inicijalizacija: 12 motora. OBS_dim=40, frame_skip=1
[Fitness run Gen19Creature17] reward=1098.50±11.62  dist=0.00±0.00  upright=1.00±0.00  → FITNESS=0.4181
URDF saved to being.urdf
Connecting to PyBullet, GUI: False
CreatureEnv Inicijalizacija: 12 motora. OBS_dim=40, frame_skip=1
[Fitness run Gen19Creature18] reward=1.41±0.01  dist=0.09±0.02  upright=0.02±0.02  → FITNESS=0.0264
URDF saved to being.urdf
Connecting to PyBullet, GUI: False
CreatureEnv Inicijalizacija: 12 motora. OBS_dim=40, frame_skip=1
[Fitness run Gen19Creature19] reward=1104.14±0.49  dist=0.00±0.00  upright=1.00±0.00  → FITNESS=0.4186
URDF saved to being.urdf
Connecting to PyBullet, GUI: False
CreatureEnv Inicijalizacija: 12 motora. OBS_dim=40, frame_skip=1
[Fitness run Gen19Creature21] reward=1.70±0.01  dist=0.00±0.00  upright=0.01±0.03  → FITNESS=0.0212
URDF saved to being.urdf
Connecting to PyBullet, GUI: False
CreatureEnv Inicijalizacija: 12 motora. OBS_dim=40, frame_skip=1
[Fitness run Gen19Creature24] reward=1071.56±0.05  dist=0.00±0.00  upright=1.00±0.00  → FITNESS=0.4156
URDF saved to being.urdf
Connecting to PyBullet, GUI: False
CreatureEnv Inicijalizacija: 12 motora. OBS_dim=40, frame_skip=1
[Fitness run Gen19Creature25] reward=1.50±0.01  dist=0.00±0.00  upright=0.03±0.01  → FITNESS=0.0270
URDF saved to being.urdf
Connecting to PyBullet, GUI: False
CreatureEnv Inicijalizacija: 12 motora. OBS_dim=40, frame_skip=1
[Fitness run Gen19Creature26] reward=1.49±0.40  dist=0.10±0.06  upright=0.44±0.23  → FITNESS=0.1535
URDF saved to being.urdf
Connecting to PyBullet, GUI: False
CreatureEnv Inicijalizacija: 12 motora. OBS_dim=40, frame_skip=1
[Fitness run Gen19Creature27] reward=1.56±0.32  dist=0.36±0.12  upright=0.01±0.04  → FITNESS=0.0312
URDF saved to being.urdf
Connecting to PyBullet, GUI: False
CreatureEnv Inicijalizacija: 12 motora. OBS_dim=40, frame_skip=1
[Fitness run Gen19Creature28] reward=1.85±0.00  dist=0.00±0.00  upright=1.00±0.00  → FITNESS=0.3184
URDF saved to being.urdf
Connecting to PyBullet, GUI: False
CreatureEnv Inicijalizacija: 12 motora. OBS_dim=40, frame_skip=1
[Fitness run Gen19Creature29] reward=441.88±539.59  dist=0.00±0.00  upright=0.79±0.19  → FITNESS=0.2955

==================================================
Generacija 19/20  |  Best = 0.4494  |  Mean = 0.2400  |  Std = 0.1645
==================================================
URDF saved to being.urdf
Connecting to PyBullet, GUI: False
CreatureEnv Inicijalizacija: 12 motora. OBS_dim=40, frame_skip=1
[Fitness run Gen19Creature3] reward=1.32±0.10  dist=0.03±0.04  upright=0.35±0.12  → FITNESS=0.1226
URDF saved to being.urdf
Connecting to PyBullet, GUI: False
CreatureEnv Inicijalizacija: 12 motora. OBS_dim=40, frame_skip=1
[Fitness run Gen19Creature4] reward=2.06±0.06  dist=0.00±0.00  upright=0.16±0.28  → FITNESS=0.0658
URDF saved to being.urdf
Connecting to PyBullet, GUI: False
CreatureEnv Inicijalizacija: 12 motora. OBS_dim=40, frame_skip=1
[Fitness run Gen19Creature5] reward=917.57±305.36  dist=0.01±0.02  upright=0.90±0.30  → FITNESS=0.3719
URDF saved to being.urdf
Connecting to PyBullet, GUI: False
CreatureEnv Inicijalizacija: 12 motora. OBS_dim=40, frame_skip=1
[Fitness run Gen19Creature6] reward=1052.83±0.03  dist=0.00±0.00  upright=1.00±0.00  → FITNESS=0.4139
URDF saved to being.urdf
Connecting to PyBullet, GUI: False
CreatureEnv Inicijalizacija: 12 motora. OBS_dim=40, frame_skip=1
[Fitness run Gen19Creature9] reward=1.99±0.01  dist=0.00±0.00  upright=0.28±0.02  → FITNESS=0.1035
URDF saved to being.urdf
Connecting to PyBullet, GUI: False
CreatureEnv Inicijalizacija: 12 motora. OBS_dim=40, frame_skip=1
[Fitness run Gen19Creature10] reward=7.31±8.49  dist=0.00±0.00  upright=0.59±0.26  → FITNESS=0.1953
URDF saved to being.urdf
Connecting to PyBullet, GUI: False
CreatureEnv Inicijalizacija: 12 motora. OBS_dim=40, frame_skip=1
[Fitness run Gen19Creature11] reward=1.20±0.32  dist=0.00±0.00  upright=0.38±0.16  → FITNESS=0.1315
URDF saved to being.urdf
Connecting to PyBullet, GUI: False
CreatureEnv Inicijalizacija: 12 motora. OBS_dim=40, frame_skip=1
[Fitness run Gen19Creature12] reward=1.31±0.06  dist=0.00±0.00  upright=0.01±0.02  → FITNESS=0.0202
URDF saved to being.urdf
Connecting to PyBullet, GUI: False
CreatureEnv Inicijalizacija: 12 motora. OBS_dim=40, frame_skip=1
[Fitness run Gen19Creature13] reward=1.11±0.15  dist=0.00±0.00  upright=0.00±0.00  → FITNESS=0.0183
URDF saved to being.urdf
Connecting to PyBullet, GUI: False
CreatureEnv Inicijalizacija: 12 motora. OBS_dim=40, frame_skip=1
[Fitness run Gen19Creature14] reward=1.77±0.15  dist=0.00±0.00  upright=0.00±0.00  → FITNESS=0.0183
URDF saved to being.urdf
Connecting to PyBullet, GUI: False
CreatureEnv Inicijalizacija: 12 motora. OBS_dim=40, frame_skip=1
[Fitness run Gen19Creature15] reward=2.15±0.02  dist=0.00±0.00  upright=1.00±0.00  → FITNESS=0.3184
URDF saved to being.urdf
Connecting to PyBullet, GUI: False
CreatureEnv Inicijalizacija: 12 motora. OBS_dim=40, frame_skip=1
[Fitness run Gen19Creature16] reward=2.08±0.01  dist=0.00±0.00  upright=0.99±0.04  → FITNESS=0.3146
URDF saved to being.urdf
Connecting to PyBullet, GUI: False
CreatureEnv Inicijalizacija: 12 motora. OBS_dim=40, frame_skip=1
[Fitness run Gen19Creature17] reward=1098.50±11.62  dist=0.00±0.00  upright=1.00±0.00  → FITNESS=0.4181
URDF saved to being.urdf
Connecting to PyBullet, GUI: False
CreatureEnv Inicijalizacija: 12 motora. OBS_dim=40, frame_skip=1
[Fitness run Gen19Creature18] reward=1.41±0.01  dist=0.09±0.02  upright=0.02±0.02  → FITNESS=0.0264
URDF saved to being.urdf
Connecting to PyBullet, GUI: False
CreatureEnv Inicijalizacija: 12 motora. OBS_dim=40, frame_skip=1
[Fitness run Gen19Creature19] reward=1104.14±0.49  dist=0.00±0.00  upright=1.00±0.00  → FITNESS=0.4186
URDF saved to being.urdf
Connecting to PyBullet, GUI: False
CreatureEnv Inicijalizacija: 12 motora. OBS_dim=40, frame_skip=1
[Fitness run Gen19Creature21] reward=1.70±0.01  dist=0.00±0.00  upright=0.01±0.03  → FITNESS=0.0212
URDF saved to being.urdf
Connecting to PyBullet, GUI: False
CreatureEnv Inicijalizacija: 12 motora. OBS_dim=40, frame_skip=1
[Fitness run Gen19Creature24] reward=1071.56±0.05  dist=0.00±0.00  upright=1.00±0.00  → FITNESS=0.4156
URDF saved to being.urdf
Connecting to PyBullet, GUI: False
CreatureEnv Inicijalizacija: 12 motora. OBS_dim=40, frame_skip=1
[Fitness run Gen19Creature25] reward=1.50±0.01  dist=0.00±0.00  upright=0.03±0.01  → FITNESS=0.0270
URDF saved to being.urdf
Connecting to PyBullet, GUI: False
CreatureEnv Inicijalizacija: 12 motora. OBS_dim=40, frame_skip=1
[Fitness run Gen19Creature26] reward=1.49±0.40  dist=0.10±0.06  upright=0.44±0.23  → FITNESS=0.1535
URDF saved to being.urdf
Connecting to PyBullet, GUI: False
CreatureEnv Inicijalizacija: 12 motora. OBS_dim=40, frame_skip=1
[Fitness run Gen19Creature27] reward=1.56±0.32  dist=0.36±0.12  upright=0.01±0.04  → FITNESS=0.0312
URDF saved to being.urdf
Connecting to PyBullet, GUI: False
CreatureEnv Inicijalizacija: 12 motora. OBS_dim=40, frame_skip=1
[Fitness run Gen19Creature28] reward=1.85±0.00  dist=0.00±0.00  upright=1.00±0.00  → FITNESS=0.3184
URDF saved to being.urdf
Connecting to PyBullet, GUI: False
CreatureEnv Inicijalizacija: 12 motora. OBS_dim=40, frame_skip=1
[Fitness run Gen19Creature29] reward=441.88±539.59  dist=0.00±0.00  upright=0.79±0.19  → FITNESS=0.2955
Genome saved to results\distanceBased500Steps1Seed\run_5\run_5_best_creature.json
[plot] Saved → ./results\distanceBased500Steps1Seed\run_5\run_5_summary.png
URDF saved to being.urdf
Connecting to PyBullet, GUI: False
CreatureEnv Inicijalizacija: 12 motora. OBS_dim=40, frame_skip=1
[Fitness run Gen20Creature3] reward=1.32±0.10  dist=0.03±0.04  upright=0.35±0.12  → FITNESS=0.1226
URDF saved to being.urdf
Connecting to PyBullet, GUI: False
CreatureEnv Inicijalizacija: 12 motora. OBS_dim=40, frame_skip=1
[Fitness run Gen20Creature4] reward=2.06±0.06  dist=0.00±0.00  upright=0.16±0.28  → FITNESS=0.0658
URDF saved to being.urdf
Connecting to PyBullet, GUI: False
CreatureEnv Inicijalizacija: 12 motora. OBS_dim=40, frame_skip=1
[Fitness run Gen20Creature5] reward=917.57±305.36  dist=0.01±0.02  upright=0.90±0.30  → FITNESS=0.3719
URDF saved to being.urdf
Connecting to PyBullet, GUI: False
CreatureEnv Inicijalizacija: 12 motora. OBS_dim=40, frame_skip=1
[Fitness run Gen20Creature6] reward=1052.83±0.03  dist=0.00±0.00  upright=1.00±0.00  → FITNESS=0.4139
URDF saved to being.urdf
Connecting to PyBullet, GUI: False
CreatureEnv Inicijalizacija: 12 motora. OBS_dim=40, frame_skip=1
[Fitness run Gen20Creature9] reward=1.99±0.01  dist=0.00±0.00  upright=0.28±0.02  → FITNESS=0.1035
URDF saved to being.urdf
Connecting to PyBullet, GUI: False
CreatureEnv Inicijalizacija: 12 motora. OBS_dim=40, frame_skip=1
[Fitness run Gen20Creature10] reward=7.31±8.49  dist=0.00±0.00  upright=0.59±0.26  → FITNESS=0.1953
URDF saved to being.urdf
Connecting to PyBullet, GUI: False
CreatureEnv Inicijalizacija: 12 motora. OBS_dim=40, frame_skip=1
[Fitness run Gen20Creature11] reward=1.20±0.32  dist=0.00±0.00  upright=0.38±0.16  → FITNESS=0.1315
URDF saved to being.urdf
Connecting to PyBullet, GUI: False
CreatureEnv Inicijalizacija: 12 motora. OBS_dim=40, frame_skip=1
[Fitness run Gen20Creature12] reward=1.31±0.06  dist=0.00±0.00  upright=0.01±0.02  → FITNESS=0.0202
URDF saved to being.urdf
Connecting to PyBullet, GUI: False
CreatureEnv Inicijalizacija: 12 motora. OBS_dim=40, frame_skip=1
[Fitness run Gen20Creature13] reward=1.11±0.15  dist=0.00±0.00  upright=0.00±0.00  → FITNESS=0.0183
URDF saved to being.urdf
Connecting to PyBullet, GUI: False
CreatureEnv Inicijalizacija: 12 motora. OBS_dim=40, frame_skip=1
[Fitness run Gen20Creature14] reward=1.77±0.15  dist=0.00±0.00  upright=0.00±0.00  → FITNESS=0.0183
URDF saved to being.urdf
Connecting to PyBullet, GUI: False
CreatureEnv Inicijalizacija: 12 motora. OBS_dim=40, frame_skip=1
[Fitness run Gen20Creature15] reward=2.15±0.02  dist=0.00±0.00  upright=1.00±0.00  → FITNESS=0.3184
URDF saved to being.urdf
Connecting to PyBullet, GUI: False
CreatureEnv Inicijalizacija: 12 motora. OBS_dim=40, frame_skip=1
[Fitness run Gen20Creature16] reward=2.08±0.01  dist=0.00±0.00  upright=0.99±0.04  → FITNESS=0.3146
URDF saved to being.urdf
Connecting to PyBullet, GUI: False
CreatureEnv Inicijalizacija: 12 motora. OBS_dim=40, frame_skip=1
[Fitness run Gen20Creature17] reward=1098.50±11.62  dist=0.00±0.00  upright=1.00±0.00  → FITNESS=0.4181
URDF saved to being.urdf
Connecting to PyBullet, GUI: False
CreatureEnv Inicijalizacija: 12 motora. OBS_dim=40, frame_skip=1
[Fitness run Gen20Creature18] reward=1.41±0.01  dist=0.09±0.02  upright=0.02±0.02  → FITNESS=0.0264
URDF saved to being.urdf
Connecting to PyBullet, GUI: False
CreatureEnv Inicijalizacija: 12 motora. OBS_dim=40, frame_skip=1
[Fitness run Gen20Creature19] reward=1104.14±0.49  dist=0.00±0.00  upright=1.00±0.00  → FITNESS=0.4186
URDF saved to being.urdf
Connecting to PyBullet, GUI: False
CreatureEnv Inicijalizacija: 12 motora. OBS_dim=40, frame_skip=1
[Fitness run Gen20Creature21] reward=1.70±0.01  dist=0.00±0.00  upright=0.01±0.03  → FITNESS=0.0212
URDF saved to being.urdf
Connecting to PyBullet, GUI: False
CreatureEnv Inicijalizacija: 12 motora. OBS_dim=40, frame_skip=1
[Fitness run Gen20Creature24] reward=1071.56±0.05  dist=0.00±0.00  upright=1.00±0.00  → FITNESS=0.4156
URDF saved to being.urdf
Connecting to PyBullet, GUI: False
CreatureEnv Inicijalizacija: 12 motora. OBS_dim=40, frame_skip=1
[Fitness run Gen20Creature25] reward=1.50±0.01  dist=0.00±0.00  upright=0.03±0.01  → FITNESS=0.0270
URDF saved to being.urdf
Connecting to PyBullet, GUI: False
CreatureEnv Inicijalizacija: 12 motora. OBS_dim=40, frame_skip=1
[Fitness run Gen20Creature26] reward=1.49±0.40  dist=0.10±0.06  upright=0.44±0.23  → FITNESS=0.1535
URDF saved to being.urdf
Connecting to PyBullet, GUI: False
CreatureEnv Inicijalizacija: 12 motora. OBS_dim=40, frame_skip=1
[Fitness run Gen20Creature27] reward=1.56±0.32  dist=0.36±0.12  upright=0.01±0.04  → FITNESS=0.0312
URDF saved to being.urdf
Connecting to PyBullet, GUI: False
CreatureEnv Inicijalizacija: 12 motora. OBS_dim=40, frame_skip=1
[Fitness run Gen20Creature28] reward=1.85±0.00  dist=0.00±0.00  upright=1.00±0.00  → FITNESS=0.3184
URDF saved to being.urdf
Connecting to PyBullet, GUI: False
CreatureEnv Inicijalizacija: 12 motora. OBS_dim=40, frame_skip=1
[Fitness run Gen20Creature29] reward=441.88±539.59  dist=0.00±0.00  upright=0.79±0.19  → FITNESS=0.2955

==================================================
Generacija 20/20  |  Best = 0.4494  |  Mean = 0.2400  |  Std = 0.1645
==================================================
URDF saved to being.urdf
Connecting to PyBullet, GUI: False
CreatureEnv Inicijalizacija: 12 motora. OBS_dim=40, frame_skip=1
[Fitness run Gen20Creature3] reward=1.32±0.10  dist=0.03±0.04  upright=0.35±0.12  → FITNESS=0.1226
URDF saved to being.urdf
Connecting to PyBullet, GUI: False
CreatureEnv Inicijalizacija: 12 motora. OBS_dim=40, frame_skip=1
[Fitness run Gen20Creature4] reward=2.06±0.06  dist=0.00±0.00  upright=0.16±0.28  → FITNESS=0.0658
URDF saved to being.urdf
Connecting to PyBullet, GUI: False
CreatureEnv Inicijalizacija: 12 motora. OBS_dim=40, frame_skip=1
[Fitness run Gen20Creature5] reward=917.57±305.36  dist=0.01±0.02  upright=0.90±0.30  → FITNESS=0.3719
URDF saved to being.urdf
Connecting to PyBullet, GUI: False
CreatureEnv Inicijalizacija: 12 motora. OBS_dim=40, frame_skip=1
[Fitness run Gen20Creature6] reward=1052.83±0.03  dist=0.00±0.00  upright=1.00±0.00  → FITNESS=0.4139
URDF saved to being.urdf
Connecting to PyBullet, GUI: False
CreatureEnv Inicijalizacija: 12 motora. OBS_dim=40, frame_skip=1
[Fitness run Gen20Creature9] reward=1.99±0.01  dist=0.00±0.00  upright=0.28±0.02  → FITNESS=0.1035
URDF saved to being.urdf
Connecting to PyBullet, GUI: False
CreatureEnv Inicijalizacija: 12 motora. OBS_dim=40, frame_skip=1
[Fitness run Gen20Creature10] reward=7.31±8.49  dist=0.00±0.00  upright=0.59±0.26  → FITNESS=0.1953
URDF saved to being.urdf
Connecting to PyBullet, GUI: False
CreatureEnv Inicijalizacija: 12 motora. OBS_dim=40, frame_skip=1
[Fitness run Gen20Creature11] reward=1.20±0.32  dist=0.00±0.00  upright=0.38±0.16  → FITNESS=0.1315
URDF saved to being.urdf
Connecting to PyBullet, GUI: False
CreatureEnv Inicijalizacija: 12 motora. OBS_dim=40, frame_skip=1
[Fitness run Gen20Creature12] reward=1.31±0.06  dist=0.00±0.00  upright=0.01±0.02  → FITNESS=0.0202
URDF saved to being.urdf
Connecting to PyBullet, GUI: False
CreatureEnv Inicijalizacija: 12 motora. OBS_dim=40, frame_skip=1
[Fitness run Gen20Creature13] reward=1.11±0.15  dist=0.00±0.00  upright=0.00±0.00  → FITNESS=0.0183
URDF saved to being.urdf
Connecting to PyBullet, GUI: False
CreatureEnv Inicijalizacija: 12 motora. OBS_dim=40, frame_skip=1
[Fitness run Gen20Creature14] reward=1.77±0.15  dist=0.00±0.00  upright=0.00±0.00  → FITNESS=0.0183
URDF saved to being.urdf
Connecting to PyBullet, GUI: False
CreatureEnv Inicijalizacija: 12 motora. OBS_dim=40, frame_skip=1
[Fitness run Gen20Creature15] reward=2.15±0.02  dist=0.00±0.00  upright=1.00±0.00  → FITNESS=0.3184
URDF saved to being.urdf
Connecting to PyBullet, GUI: False
CreatureEnv Inicijalizacija: 12 motora. OBS_dim=40, frame_skip=1
[Fitness run Gen20Creature16] reward=2.08±0.01  dist=0.00±0.00  upright=0.99±0.04  → FITNESS=0.3146
URDF saved to being.urdf
Connecting to PyBullet, GUI: False
CreatureEnv Inicijalizacija: 12 motora. OBS_dim=40, frame_skip=1
[Fitness run Gen20Creature17] reward=1098.50±11.62  dist=0.00±0.00  upright=1.00±0.00  → FITNESS=0.4181
URDF saved to being.urdf
Connecting to PyBullet, GUI: False
CreatureEnv Inicijalizacija: 12 motora. OBS_dim=40, frame_skip=1
[Fitness run Gen20Creature18] reward=1.41±0.01  dist=0.09±0.02  upright=0.02±0.02  → FITNESS=0.0264
URDF saved to being.urdf
Connecting to PyBullet, GUI: False
CreatureEnv Inicijalizacija: 12 motora. OBS_dim=40, frame_skip=1
[Fitness run Gen20Creature19] reward=1104.14±0.49  dist=0.00±0.00  upright=1.00±0.00  → FITNESS=0.4186
URDF saved to being.urdf
Connecting to PyBullet, GUI: False
CreatureEnv Inicijalizacija: 12 motora. OBS_dim=40, frame_skip=1
[Fitness run Gen20Creature21] reward=1.70±0.01  dist=0.00±0.00  upright=0.01±0.03  → FITNESS=0.0212
URDF saved to being.urdf
Connecting to PyBullet, GUI: False
CreatureEnv Inicijalizacija: 12 motora. OBS_dim=40, frame_skip=1
[Fitness run Gen20Creature24] reward=1071.56±0.05  dist=0.00±0.00  upright=1.00±0.00  → FITNESS=0.4156
URDF saved to being.urdf
Connecting to PyBullet, GUI: False
CreatureEnv Inicijalizacija: 12 motora. OBS_dim=40, frame_skip=1
[Fitness run Gen20Creature25] reward=1.50±0.01  dist=0.00±0.00  upright=0.03±0.01  → FITNESS=0.0270
URDF saved to being.urdf
Connecting to PyBullet, GUI: False
CreatureEnv Inicijalizacija: 12 motora. OBS_dim=40, frame_skip=1
[Fitness run Gen20Creature26] reward=1.49±0.40  dist=0.10±0.06  upright=0.44±0.23  → FITNESS=0.1535
URDF saved to being.urdf
Connecting to PyBullet, GUI: False
CreatureEnv Inicijalizacija: 12 motora. OBS_dim=40, frame_skip=1
[Fitness run Gen20Creature27] reward=1.56±0.32  dist=0.36±0.12  upright=0.01±0.04  → FITNESS=0.0312
URDF saved to being.urdf
Connecting to PyBullet, GUI: False
CreatureEnv Inicijalizacija: 12 motora. OBS_dim=40, frame_skip=1
[Fitness run Gen20Creature28] reward=1.85±0.00  dist=0.00±0.00  upright=1.00±0.00  → FITNESS=0.3184
URDF saved to being.urdf
Connecting to PyBullet, GUI: False
CreatureEnv Inicijalizacija: 12 motora. OBS_dim=40, frame_skip=1
[Fitness run Gen20Creature29] reward=441.88±539.59  dist=0.00±0.00  upright=0.79±0.19  → FITNESS=0.2955
Genome saved to results\distanceBased500Steps1Seed\run_5\run_5_best_creature.json
[plot] Saved → ./results\distanceBased500Steps1Seed\run_5\run_5_summary.png
[log] Experiment finalised → ./results\distanceBased500Steps1Seed\run_5\run_5.json
URDF saved to being.urdf
Connecting to PyBullet, GUI: False
CreatureEnv Inicijalizacija: 12 motora. OBS_dim=40, frame_skip=1
[Fitness run Gen20Creature3] reward=1.32±0.10  dist=0.03±0.04  upright=0.35±0.12  → FITNESS=0.1226
URDF saved to being.urdf
Connecting to PyBullet, GUI: False
CreatureEnv Inicijalizacija: 12 motora. OBS_dim=40, frame_skip=1
[Fitness run Gen20Creature4] reward=2.06±0.06  dist=0.00±0.00  upright=0.16±0.28  → FITNESS=0.0658
URDF saved to being.urdf
Connecting to PyBullet, GUI: False
CreatureEnv Inicijalizacija: 12 motora. OBS_dim=40, frame_skip=1
[Fitness run Gen20Creature5] reward=917.57±305.36  dist=0.01±0.02  upright=0.90±0.30  → FITNESS=0.3719
URDF saved to being.urdf
Connecting to PyBullet, GUI: False
CreatureEnv Inicijalizacija: 12 motora. OBS_dim=40, frame_skip=1
[Fitness run Gen20Creature6] reward=1052.83±0.03  dist=0.00±0.00  upright=1.00±0.00  → FITNESS=0.4139
URDF saved to being.urdf
Connecting to PyBullet, GUI: False
CreatureEnv Inicijalizacija: 12 motora. OBS_dim=40, frame_skip=1
[Fitness run Gen20Creature9] reward=1.99±0.01  dist=0.00±0.00  upright=0.28±0.02  → FITNESS=0.1035
URDF saved to being.urdf
Connecting to PyBullet, GUI: False
CreatureEnv Inicijalizacija: 12 motora. OBS_dim=40, frame_skip=1
[Fitness run Gen20Creature10] reward=7.31±8.49  dist=0.00±0.00  upright=0.59±0.26  → FITNESS=0.1953
URDF saved to being.urdf
Connecting to PyBullet, GUI: False
CreatureEnv Inicijalizacija: 12 motora. OBS_dim=40, frame_skip=1
[Fitness run Gen20Creature11] reward=1.20±0.32  dist=0.00±0.00  upright=0.38±0.16  → FITNESS=0.1315
URDF saved to being.urdf
Connecting to PyBullet, GUI: False
CreatureEnv Inicijalizacija: 12 motora. OBS_dim=40, frame_skip=1
[Fitness run Gen20Creature12] reward=1.31±0.06  dist=0.00±0.00  upright=0.01±0.02  → FITNESS=0.0202
URDF saved to being.urdf
Connecting to PyBullet, GUI: False
CreatureEnv Inicijalizacija: 12 motora. OBS_dim=40, frame_skip=1
[Fitness run Gen20Creature13] reward=1.11±0.15  dist=0.00±0.00  upright=0.00±0.00  → FITNESS=0.0183
URDF saved to being.urdf
Connecting to PyBullet, GUI: False
CreatureEnv Inicijalizacija: 12 motora. OBS_dim=40, frame_skip=1
[Fitness run Gen20Creature14] reward=1.77±0.15  dist=0.00±0.00  upright=0.00±0.00  → FITNESS=0.0183
URDF saved to being.urdf
Connecting to PyBullet, GUI: False
CreatureEnv Inicijalizacija: 12 motora. OBS_dim=40, frame_skip=1
[Fitness run Gen20Creature15] reward=2.15±0.02  dist=0.00±0.00  upright=1.00±0.00  → FITNESS=0.3184
URDF saved to being.urdf
Connecting to PyBullet, GUI: False
CreatureEnv Inicijalizacija: 12 motora. OBS_dim=40, frame_skip=1
[Fitness run Gen20Creature16] reward=2.08±0.01  dist=0.00±0.00  upright=0.99±0.04  → FITNESS=0.3146
URDF saved to being.urdf
Connecting to PyBullet, GUI: False
CreatureEnv Inicijalizacija: 12 motora. OBS_dim=40, frame_skip=1
[Fitness run Gen20Creature17] reward=1098.50±11.62  dist=0.00±0.00  upright=1.00±0.00  → FITNESS=0.4181
URDF saved to being.urdf
Connecting to PyBullet, GUI: False
CreatureEnv Inicijalizacija: 12 motora. OBS_dim=40, frame_skip=1
[Fitness run Gen20Creature18] reward=1.41±0.01  dist=0.09±0.02  upright=0.02±0.02  → FITNESS=0.0264
URDF saved to being.urdf
Connecting to PyBullet, GUI: False
CreatureEnv Inicijalizacija: 12 motora. OBS_dim=40, frame_skip=1
[Fitness run Gen20Creature19] reward=1104.14±0.49  dist=0.00±0.00  upright=1.00±0.00  → FITNESS=0.4186
URDF saved to being.urdf
Connecting to PyBullet, GUI: False
CreatureEnv Inicijalizacija: 12 motora. OBS_dim=40, frame_skip=1
[Fitness run Gen20Creature21] reward=1.70±0.01  dist=0.00±0.00  upright=0.01±0.03  → FITNESS=0.0212
URDF saved to being.urdf
Connecting to PyBullet, GUI: False
CreatureEnv Inicijalizacija: 12 motora. OBS_dim=40, frame_skip=1
[Fitness run Gen20Creature24] reward=1071.56±0.05  dist=0.00±0.00  upright=1.00±0.00  → FITNESS=0.4156
URDF saved to being.urdf
Connecting to PyBullet, GUI: False
CreatureEnv Inicijalizacija: 12 motora. OBS_dim=40, frame_skip=1
[Fitness run Gen20Creature25] reward=1.50±0.01  dist=0.00±0.00  upright=0.03±0.01  → FITNESS=0.0270
URDF saved to being.urdf
Connecting to PyBullet, GUI: False
CreatureEnv Inicijalizacija: 12 motora. OBS_dim=40, frame_skip=1
[Fitness run Gen20Creature26] reward=1.49±0.40  dist=0.10±0.06  upright=0.44±0.23  → FITNESS=0.1535
URDF saved to being.urdf
Connecting to PyBullet, GUI: False
CreatureEnv Inicijalizacija: 12 motora. OBS_dim=40, frame_skip=1
[Fitness run Gen20Creature27] reward=1.56±0.32  dist=0.36±0.12  upright=0.01±0.04  → FITNESS=0.0312
URDF saved to being.urdf
Connecting to PyBullet, GUI: False
CreatureEnv Inicijalizacija: 12 motora. OBS_dim=40, frame_skip=1
[Fitness run Gen20Creature28] reward=1.85±0.00  dist=0.00±0.00  upright=1.00±0.00  → FITNESS=0.3184
URDF saved to being.urdf
Connecting to PyBullet, GUI: False
CreatureEnv Inicijalizacija: 12 motora. OBS_dim=40, frame_skip=1
[Fitness run Gen20Creature29] reward=441.88±539.59  dist=0.00±0.00  upright=0.79±0.19  → FITNESS=0.2955

BEST FITNESS: 0.4494
Genome saved to results\distanceBased500Steps1Seed\run_5\run_5_best_creature.json
[0m