pybullet build time: Dec  5 2025 14:05:30
[power] Windows sleep/throttle prevention active
[rewardBased500Steps1Seed/run_4] starting  seed=0
NUM_GENES: 48  (BODY=4 + 4 noge x 11 = 48)
Pop: 30  |  Gen: 20  |  Train koraci: 500

[log] Experiment log created → ./results\rewardBased500Steps1Seed\run_4\run_4.json
URDF saved to being.urdf
Connecting to PyBullet, GUI: False
CreatureEnv Inicijalizacija: 12 motora. OBS_dim=40, frame_skip=1
[Fitness run Gen0Creature0] reward=1.33±0.03  dist=0.08±0.01  upright=0.00±0.00  → FITNESS=0.0472
URDF saved to being.urdf
Connecting to PyBullet, GUI: False
CreatureEnv Inicijalizacija: 12 motora. OBS_dim=40, frame_skip=1
[Fitness run Gen0Creature1] reward=1.52±0.04  dist=0.15±0.07  upright=0.00±0.00  → FITNESS=0.0484
URDF saved to being.urdf
Connecting to PyBullet, GUI: False
CreatureEnv Inicijalizacija: 12 motora. OBS_dim=40, frame_skip=1
[Fitness run Gen0Creature2] reward=1.72±0.00  dist=0.00±0.00  upright=0.01±0.02  → FITNESS=0.0468
URDF saved to being.urdf
Connecting to PyBullet, GUI: False
CreatureEnv Inicijalizacija: 12 motora. OBS_dim=40, frame_skip=1
[Fitness run Gen0Creature3] reward=0.77±0.27  dist=0.00±0.00  upright=0.04±0.11  → FITNESS=0.0510
URDF saved to being.urdf
Connecting to PyBullet, GUI: False
CreatureEnv Inicijalizacija: 12 motora. OBS_dim=40, frame_skip=1
[Fitness run Gen0Creature4] reward=0.38±0.49  dist=0.90±0.30  upright=0.04±0.05  → FITNESS=0.0671
URDF saved to being.urdf
Connecting to PyBullet, GUI: False
CreatureEnv Inicijalizacija: 12 motora. OBS_dim=40, frame_skip=1
[Fitness run Gen0Creature5] reward=966.39±321.55  dist=0.03±0.01  upright=0.90±0.30  → FITNESS=0.4006
URDF saved to being.urdf
Connecting to PyBullet, GUI: False
CreatureEnv Inicijalizacija: 12 motora. OBS_dim=40, frame_skip=1
[Fitness run Gen0Creature6] reward=1.50±0.02  dist=0.00±0.00  upright=0.00±0.00  → FITNESS=0.0458
URDF saved to being.urdf
Connecting to PyBullet, GUI: False
CreatureEnv Inicijalizacija: 12 motora. OBS_dim=40, frame_skip=1
[Fitness run Gen0Creature7] reward=1.68±0.03  dist=0.20±0.04  upright=0.04±0.02  → FITNESS=0.0556
URDF saved to being.urdf
Connecting to PyBullet, GUI: False
CreatureEnv Inicijalizacija: 12 motora. OBS_dim=40, frame_skip=1
[Fitness run Gen0Creature8] reward=1.78±0.00  dist=0.00±0.00  upright=0.03±0.08  → FITNESS=0.0497
URDF saved to being.urdf
Connecting to PyBullet, GUI: False
CreatureEnv Inicijalizacija: 12 motora. OBS_dim=40, frame_skip=1
[Fitness run Gen0Creature9] reward=1.56±0.02  dist=0.00±0.00  upright=0.02±0.04  → FITNESS=0.0487
URDF saved to being.urdf
Connecting to PyBullet, GUI: False
CreatureEnv Inicijalizacija: 12 motora. OBS_dim=40, frame_skip=1
[Fitness run Gen0Creature10] reward=1.63±0.03  dist=0.00±0.00  upright=0.15±0.06  → FITNESS=0.0676
URDF saved to being.urdf
Connecting to PyBullet, GUI: False
CreatureEnv Inicijalizacija: 12 motora. OBS_dim=40, frame_skip=1
[Fitness run Gen0Creature11] reward=0.33±0.59  dist=0.00±0.00  upright=0.04±0.11  → FITNESS=0.0509
URDF saved to being.urdf
Connecting to PyBullet, GUI: False
CreatureEnv Inicijalizacija: 12 motora. OBS_dim=40, frame_skip=1
[Fitness run Gen0Creature12] reward=1.49±0.67  dist=0.04±0.06  upright=0.00±0.00  → FITNESS=0.0465
URDF saved to being.urdf
Connecting to PyBullet, GUI: False
CreatureEnv Inicijalizacija: 12 motora. OBS_dim=40, frame_skip=1
[Fitness run Gen0Creature13] reward=0.81±0.18  dist=0.00±0.01  upright=0.06±0.00  → FITNESS=0.0554
URDF saved to being.urdf
Connecting to PyBullet, GUI: False
CreatureEnv Inicijalizacija: 12 motora. OBS_dim=40, frame_skip=1
[Fitness run Gen0Creature14] reward=1.54±0.31  dist=0.00±0.00  upright=0.01±0.04  → FITNESS=0.0477
URDF saved to being.urdf
Connecting to PyBullet, GUI: False
CreatureEnv Inicijalizacija: 12 motora. OBS_dim=40, frame_skip=1
[Fitness run Gen0Creature15] reward=-0.38±0.09  dist=0.00±0.00  upright=0.00±0.00  → FITNESS=0.0454
URDF saved to being.urdf
Connecting to PyBullet, GUI: False
CreatureEnv Inicijalizacija: 12 motora. OBS_dim=40, frame_skip=1
[Fitness run Gen0Creature16] reward=1.67±0.62  dist=0.06±0.17  upright=0.00±0.00  → FITNESS=0.0468
URDF saved to being.urdf
Connecting to PyBullet, GUI: False
CreatureEnv Inicijalizacija: 12 motora. OBS_dim=40, frame_skip=1
[Fitness run Gen0Creature17] reward=1.65±0.00  dist=0.30±0.02  upright=0.00±0.00  → FITNESS=0.0512
URDF saved to being.urdf
Connecting to PyBullet, GUI: False
CreatureEnv Inicijalizacija: 12 motora. OBS_dim=40, frame_skip=1
[Fitness run Gen0Creature18] reward=1.87±0.07  dist=0.18±0.08  upright=0.05±0.06  → FITNESS=0.0567
URDF saved to being.urdf
Connecting to PyBullet, GUI: False
CreatureEnv Inicijalizacija: 12 motora. OBS_dim=40, frame_skip=1
[Fitness run Gen0Creature19] reward=1.75±0.05  dist=0.00±0.00  upright=0.07±0.02  → FITNESS=0.0561
URDF saved to being.urdf
Connecting to PyBullet, GUI: False
CreatureEnv Inicijalizacija: 12 motora. OBS_dim=40, frame_skip=1
[Fitness run Gen0Creature20] reward=1.46±0.10  dist=0.05±0.02  upright=0.00±0.00  → FITNESS=0.0467
URDF saved to being.urdf
Connecting to PyBullet, GUI: False
CreatureEnv Inicijalizacija: 12 motora. OBS_dim=40, frame_skip=1
[Fitness run Gen0Creature21] reward=1.49±0.34  dist=0.00±0.00  upright=0.00±0.00  → FITNESS=0.0458
URDF saved to being.urdf
Connecting to PyBullet, GUI: False
CreatureEnv Inicijalizacija: 12 motora. OBS_dim=40, frame_skip=1
[Fitness run Gen0Creature22] reward=0.52±0.98  dist=1.50±0.56  upright=0.01±0.04  → FITNESS=0.0737
URDF saved to being.urdf
Connecting to PyBullet, GUI: False
CreatureEnv Inicijalizacija: 12 motora. OBS_dim=40, frame_skip=1
[Fitness run Gen0Creature23] reward=1.51±0.00  dist=0.00±0.00  upright=0.99±0.02  → FITNESS=0.1948
URDF saved to being.urdf
Connecting to PyBullet, GUI: False
CreatureEnv Inicijalizacija: 12 motora. OBS_dim=40, frame_skip=1
[Fitness run Gen0Creature24] reward=1.56±0.03  dist=0.00±0.00  upright=0.03±0.09  → FITNESS=0.0502
URDF saved to being.urdf
Connecting to PyBullet, GUI: False
CreatureEnv Inicijalizacija: 12 motora. OBS_dim=40, frame_skip=1
[Fitness run Gen0Creature25] reward=1.65±0.02  dist=0.20±0.19  upright=0.00±0.00  → FITNESS=0.0493
URDF saved to being.urdf
Connecting to PyBullet, GUI: False
CreatureEnv Inicijalizacija: 12 motora. OBS_dim=40, frame_skip=1
[Fitness run Gen0Creature26] reward=1.63±0.00  dist=0.00±0.00  upright=0.00±0.00  → FITNESS=0.0458
URDF saved to being.urdf
Connecting to PyBullet, GUI: False
CreatureEnv Inicijalizacija: 12 motora. OBS_dim=40, frame_skip=1
[Fitness run Gen0Creature27] reward=1.68±0.01  dist=0.00±0.00  upright=0.00±0.00  → FITNESS=0.0459
URDF saved to being.urdf
Connecting to PyBullet, GUI: False
CreatureEnv Inicijalizacija: 12 motora. OBS_dim=40, frame_skip=1
[Fitness run Gen0Creature28] reward=1.66±0.14  dist=0.00±0.00  upright=0.01±0.03  → FITNESS=0.0473
URDF saved to being.urdf
Connecting to PyBullet, GUI: False
CreatureEnv Inicijalizacija: 12 motora. OBS_dim=40, frame_skip=1
[Fitness run Gen0Creature29] reward=1.81±0.01  dist=0.00±0.00  upright=0.01±0.04  → FITNESS=0.0478
URDF saved to being.urdf
Connecting to PyBullet, GUI: False
CreatureEnv Inicijalizacija: 12 motora. OBS_dim=40, frame_skip=1
[Fitness run Gen1Creature2] reward=0.69±0.32  dist=0.02±0.07  upright=0.00±0.00  → FITNESS=0.0460
URDF saved to being.urdf
Connecting to PyBullet, GUI: False
CreatureEnv Inicijalizacija: 12 motora. OBS_dim=40, frame_skip=1
[Fitness run Gen1Creature3] reward=1.74±0.12  dist=0.00±0.00  upright=0.10±0.04  → FITNESS=0.0604
URDF saved to being.urdf
Connecting to PyBullet, GUI: False
CreatureEnv Inicijalizacija: 12 motora. OBS_dim=40, frame_skip=1
[Fitness run Gen1Creature4] reward=1.65±0.01  dist=0.10±0.01  upright=0.14±0.05  → FITNESS=0.0679
URDF saved to being.urdf
Connecting to PyBullet, GUI: False
CreatureEnv Inicijalizacija: 12 motora. OBS_dim=40, frame_skip=1
[Fitness run Gen1Creature5] reward=1035.10±2.36  dist=0.00±0.00  upright=1.00±0.00  → FITNESS=0.4307
URDF saved to being.urdf
Connecting to PyBullet, GUI: False
CreatureEnv Inicijalizacija: 12 motora. OBS_dim=40, frame_skip=1
[Fitness run Gen1Creature6] reward=1.86±0.04  dist=0.03±0.09  upright=0.01±0.03  → FITNESS=0.0479
URDF saved to being.urdf
Connecting to PyBullet, GUI: False
CreatureEnv Inicijalizacija: 12 motora. OBS_dim=40, frame_skip=1
[Fitness run Gen1Creature7] reward=1.83±0.04  dist=0.02±0.01  upright=0.00±0.01  → FITNESS=0.0468
URDF saved to being.urdf
Connecting to PyBullet, GUI: False
CreatureEnv Inicijalizacija: 12 motora. OBS_dim=40, frame_skip=1
[Fitness run Gen1Creature8] reward=1.66±0.03  dist=0.00±0.00  upright=0.12±0.02  → FITNESS=0.0633
URDF saved to being.urdf
Connecting to PyBullet, GUI: False
CreatureEnv Inicijalizacija: 12 motora. OBS_dim=40, frame_skip=1
[Fitness run Gen1Creature9] reward=1.70±0.12  dist=0.00±0.00  upright=0.00±0.00  → FITNESS=0.0458
URDF saved to being.urdf
Connecting to PyBullet, GUI: False
CreatureEnv Inicijalizacija: 12 motora. OBS_dim=40, frame_skip=1
[Fitness run Gen1Creature10] reward=1.49±0.05  dist=0.00±0.01  upright=0.89±0.09  → FITNESS=0.1799
URDF saved to being.urdf
Connecting to PyBullet, GUI: False
CreatureEnv Inicijalizacija: 12 motora. OBS_dim=40, frame_skip=1
[Fitness run Gen1Creature11] reward=1.64±0.02  dist=0.01±0.01  upright=0.04±0.02  → FITNESS=0.0522
URDF saved to being.urdf
Connecting to PyBullet, GUI: False
CreatureEnv Inicijalizacija: 12 motora. OBS_dim=40, frame_skip=1
[Fitness run Gen1Creature12] reward=1.58±0.04  dist=0.09±0.04  upright=0.00±0.00  → FITNESS=0.0475
URDF saved to being.urdf
Connecting to PyBullet, GUI: False
CreatureEnv Inicijalizacija: 12 motora. OBS_dim=40, frame_skip=1
[Fitness run Gen1Creature13] reward=1.41±0.27  dist=0.01±0.03  upright=0.10±0.30  → FITNESS=0.0614
URDF saved to being.urdf
Connecting to PyBullet, GUI: False
CreatureEnv Inicijalizacija: 12 motora. OBS_dim=40, frame_skip=1
[Fitness run Gen1Creature14] reward=1.68±0.00  dist=0.05±0.14  upright=0.00±0.00  → FITNESS=0.0467
URDF saved to being.urdf
Connecting to PyBullet, GUI: False
CreatureEnv Inicijalizacija: 12 motora. OBS_dim=40, frame_skip=1
[Fitness run Gen1Creature15] reward=1.68±0.29  dist=0.43±0.21  upright=0.57±0.15  → FITNESS=0.1395
URDF saved to being.urdf
Connecting to PyBullet, GUI: False
CreatureEnv Inicijalizacija: 12 motora. OBS_dim=40, frame_skip=1
[Fitness run Gen1Creature16] reward=1.76±0.09  dist=0.05±0.04  upright=0.00±0.00  → FITNESS=0.0467
URDF saved to being.urdf
Connecting to PyBullet, GUI: False
CreatureEnv Inicijalizacija: 12 motora. OBS_dim=40, frame_skip=1
[Fitness run Gen1Creature17] reward=1.93±0.04  dist=0.03±0.02  upright=0.00±0.00  → FITNESS=0.0464
URDF saved to being.urdf
Connecting to PyBullet, GUI: False
CreatureEnv Inicijalizacija: 12 motora. OBS_dim=40, frame_skip=1
[Fitness run Gen1Creature18] reward=1.86±0.54  dist=0.09±0.10  upright=0.39±0.15  → FITNESS=0.1065
URDF saved to being.urdf
Connecting to PyBullet, GUI: False
CreatureEnv Inicijalizacija: 12 motora. OBS_dim=40, frame_skip=1
[Fitness run Gen1Creature19] reward=1.58±0.02  dist=0.04±0.12  upright=0.01±0.04  → FITNESS=0.0484
URDF saved to being.urdf
Connecting to PyBullet, GUI: False
CreatureEnv Inicijalizacija: 12 motora. OBS_dim=40, frame_skip=1
[Fitness run Gen1Creature20] reward=1.13±0.09  dist=0.00±0.01  upright=0.00±0.00  → FITNESS=0.0457
URDF saved to being.urdf
Connecting to PyBullet, GUI: False
CreatureEnv Inicijalizacija: 12 motora. OBS_dim=40, frame_skip=1
[Fitness run Gen1Creature21] reward=1.49±0.09  dist=0.00±0.01  upright=0.57±0.07  → FITNESS=0.1310
URDF saved to being.urdf
Connecting to PyBullet, GUI: False
CreatureEnv Inicijalizacija: 12 motora. OBS_dim=40, frame_skip=1
[Fitness run Gen1Creature22] reward=1.62±0.02  dist=0.00±0.00  upright=0.00±0.00  → FITNESS=0.0458
URDF saved to being.urdf
Connecting to PyBullet, GUI: False
CreatureEnv Inicijalizacija: 12 motora. OBS_dim=40, frame_skip=1
[Fitness run Gen1Creature23] reward=1.45±0.26  dist=0.01±0.04  upright=0.01±0.02  → FITNESS=0.0470
URDF saved to being.urdf
Connecting to PyBullet, GUI: False
CreatureEnv Inicijalizacija: 12 motora. OBS_dim=40, frame_skip=1
[Fitness run Gen1Creature24] reward=1.68±0.16  dist=0.13±0.04  upright=0.38±0.41  → FITNESS=0.1048
URDF saved to being.urdf
Connecting to PyBullet, GUI: False
CreatureEnv Inicijalizacija: 12 motora. OBS_dim=40, frame_skip=1
[Fitness run Gen1Creature25] reward=1.65±0.01  dist=0.00±0.01  upright=0.01±0.03  → FITNESS=0.0474
URDF saved to being.urdf
Connecting to PyBullet, GUI: False
CreatureEnv Inicijalizacija: 12 motora. OBS_dim=40, frame_skip=1
[Fitness run Gen1Creature26] reward=1.66±0.17  dist=0.09±0.07  upright=0.03±0.10  → FITNESS=0.0522
URDF saved to being.urdf
Connecting to PyBullet, GUI: False
CreatureEnv Inicijalizacija: 12 motora. OBS_dim=40, frame_skip=1
[Fitness run Gen1Creature27] reward=1.79±0.01  dist=0.16±0.04  upright=0.01±0.02  → FITNESS=0.0497
URDF saved to being.urdf
Connecting to PyBullet, GUI: False
CreatureEnv Inicijalizacija: 12 motora. OBS_dim=40, frame_skip=1
[Fitness run Gen1Creature28] reward=-0.32±0.65  dist=0.15±0.15  upright=0.05±0.04  → FITNESS=0.0552
URDF saved to being.urdf
Connecting to PyBullet, GUI: False
CreatureEnv Inicijalizacija: 12 motora. OBS_dim=40, frame_skip=1
[Fitness run Gen1Creature29] reward=1.70±0.02  dist=0.02±0.01  upright=0.23±0.12  → FITNESS=0.0806

==================================================
Generacija 1/20  |  Best = 0.4307  |  Mean = 0.0946  |  Std = 0.0946
==================================================
URDF saved to being.urdf
Connecting to PyBullet, GUI: False
CreatureEnv Inicijalizacija: 12 motora. OBS_dim=40, frame_skip=1
[Fitness run Gen1Creature2] reward=0.69±0.32  dist=0.02±0.07  upright=0.00±0.00  → FITNESS=0.0460
URDF saved to being.urdf
Connecting to PyBullet, GUI: False
CreatureEnv Inicijalizacija: 12 motora. OBS_dim=40, frame_skip=1
[Fitness run Gen1Creature3] reward=1.74±0.12  dist=0.00±0.00  upright=0.10±0.04  → FITNESS=0.0604
URDF saved to being.urdf
Connecting to PyBullet, GUI: False
CreatureEnv Inicijalizacija: 12 motora. OBS_dim=40, frame_skip=1
[Fitness run Gen1Creature4] reward=1.65±0.01  dist=0.10±0.01  upright=0.14±0.05  → FITNESS=0.0679
URDF saved to being.urdf
Connecting to PyBullet, GUI: False
CreatureEnv Inicijalizacija: 12 motora. OBS_dim=40, frame_skip=1
[Fitness run Gen1Creature5] reward=1035.10±2.36  dist=0.00±0.00  upright=1.00±0.00  → FITNESS=0.4307
URDF saved to being.urdf
Connecting to PyBullet, GUI: False
CreatureEnv Inicijalizacija: 12 motora. OBS_dim=40, frame_skip=1
[Fitness run Gen1Creature6] reward=1.86±0.04  dist=0.03±0.09  upright=0.01±0.03  → FITNESS=0.0479
URDF saved to being.urdf
Connecting to PyBullet, GUI: False
CreatureEnv Inicijalizacija: 12 motora. OBS_dim=40, frame_skip=1
[Fitness run Gen1Creature7] reward=1.83±0.04  dist=0.02±0.01  upright=0.00±0.01  → FITNESS=0.0468
URDF saved to being.urdf
Connecting to PyBullet, GUI: False
CreatureEnv Inicijalizacija: 12 motora. OBS_dim=40, frame_skip=1
[Fitness run Gen1Creature8] reward=1.66±0.03  dist=0.00±0.00  upright=0.12±0.02  → FITNESS=0.0633
URDF saved to being.urdf
Connecting to PyBullet, GUI: False
CreatureEnv Inicijalizacija: 12 motora. OBS_dim=40, frame_skip=1
[Fitness run Gen1Creature9] reward=1.70±0.12  dist=0.00±0.00  upright=0.00±0.00  → FITNESS=0.0458
URDF saved to being.urdf
Connecting to PyBullet, GUI: False
CreatureEnv Inicijalizacija: 12 motora. OBS_dim=40, frame_skip=1
[Fitness run Gen1Creature10] reward=1.49±0.05  dist=0.00±0.01  upright=0.89±0.09  → FITNESS=0.1799
URDF saved to being.urdf
Connecting to PyBullet, GUI: False
CreatureEnv Inicijalizacija: 12 motora. OBS_dim=40, frame_skip=1
[Fitness run Gen1Creature11] reward=1.64±0.02  dist=0.01±0.01  upright=0.04±0.02  → FITNESS=0.0522
URDF saved to being.urdf
Connecting to PyBullet, GUI: False
CreatureEnv Inicijalizacija: 12 motora. OBS_dim=40, frame_skip=1
[Fitness run Gen1Creature12] reward=1.58±0.04  dist=0.09±0.04  upright=0.00±0.00  → FITNESS=0.0475
URDF saved to being.urdf
Connecting to PyBullet, GUI: False
CreatureEnv Inicijalizacija: 12 motora. OBS_dim=40, frame_skip=1
[Fitness run Gen1Creature13] reward=1.41±0.27  dist=0.01±0.03  upright=0.10±0.30  → FITNESS=0.0614
URDF saved to being.urdf
Connecting to PyBullet, GUI: False
CreatureEnv Inicijalizacija: 12 motora. OBS_dim=40, frame_skip=1
[Fitness run Gen1Creature14] reward=1.68±0.00  dist=0.05±0.14  upright=0.00±0.00  → FITNESS=0.0467
URDF saved to being.urdf
Connecting to PyBullet, GUI: False
CreatureEnv Inicijalizacija: 12 motora. OBS_dim=40, frame_skip=1
[Fitness run Gen1Creature15] reward=1.68±0.29  dist=0.43±0.21  upright=0.57±0.15  → FITNESS=0.1395
URDF saved to being.urdf
Connecting to PyBullet, GUI: False
CreatureEnv Inicijalizacija: 12 motora. OBS_dim=40, frame_skip=1
[Fitness run Gen1Creature16] reward=1.76±0.09  dist=0.05±0.04  upright=0.00±0.00  → FITNESS=0.0467
URDF saved to being.urdf
Connecting to PyBullet, GUI: False
CreatureEnv Inicijalizacija: 12 motora. OBS_dim=40, frame_skip=1
[Fitness run Gen1Creature17] reward=1.93±0.04  dist=0.03±0.02  upright=0.00±0.00  → FITNESS=0.0464
URDF saved to being.urdf
Connecting to PyBullet, GUI: False
CreatureEnv Inicijalizacija: 12 motora. OBS_dim=40, frame_skip=1
[Fitness run Gen1Creature18] reward=1.86±0.54  dist=0.09±0.10  upright=0.39±0.15  → FITNESS=0.1065
URDF saved to being.urdf
Connecting to PyBullet, GUI: False
CreatureEnv Inicijalizacija: 12 motora. OBS_dim=40, frame_skip=1
[Fitness run Gen1Creature19] reward=1.58±0.02  dist=0.04±0.12  upright=0.01±0.04  → FITNESS=0.0484
URDF saved to being.urdf
Connecting to PyBullet, GUI: False
CreatureEnv Inicijalizacija: 12 motora. OBS_dim=40, frame_skip=1
[Fitness run Gen1Creature20] reward=1.13±0.09  dist=0.00±0.01  upright=0.00±0.00  → FITNESS=0.0457
URDF saved to being.urdf
Connecting to PyBullet, GUI: False
CreatureEnv Inicijalizacija: 12 motora. OBS_dim=40, frame_skip=1
[Fitness run Gen1Creature21] reward=1.49±0.09  dist=0.00±0.01  upright=0.57±0.07  → FITNESS=0.1310
URDF saved to being.urdf
Connecting to PyBullet, GUI: False
CreatureEnv Inicijalizacija: 12 motora. OBS_dim=40, frame_skip=1
[Fitness run Gen1Creature22] reward=1.62±0.02  dist=0.00±0.00  upright=0.00±0.00  → FITNESS=0.0458
URDF saved to being.urdf
Connecting to PyBullet, GUI: False
CreatureEnv Inicijalizacija: 12 motora. OBS_dim=40, frame_skip=1
[Fitness run Gen1Creature23] reward=1.45±0.26  dist=0.01±0.04  upright=0.01±0.02  → FITNESS=0.0470
URDF saved to being.urdf
Connecting to PyBullet, GUI: False
CreatureEnv Inicijalizacija: 12 motora. OBS_dim=40, frame_skip=1
[Fitness run Gen1Creature24] reward=1.68±0.16  dist=0.13±0.04  upright=0.38±0.41  → FITNESS=0.1048
URDF saved to being.urdf
Connecting to PyBullet, GUI: False
CreatureEnv Inicijalizacija: 12 motora. OBS_dim=40, frame_skip=1
[Fitness run Gen1Creature25] reward=1.65±0.01  dist=0.00±0.01  upright=0.01±0.03  → FITNESS=0.0474
URDF saved to being.urdf
Connecting to PyBullet, GUI: False
CreatureEnv Inicijalizacija: 12 motora. OBS_dim=40, frame_skip=1
[Fitness run Gen1Creature26] reward=1.66±0.17  dist=0.09±0.07  upright=0.03±0.10  → FITNESS=0.0522
URDF saved to being.urdf
Connecting to PyBullet, GUI: False
CreatureEnv Inicijalizacija: 12 motora. OBS_dim=40, frame_skip=1
[Fitness run Gen1Creature27] reward=1.79±0.01  dist=0.16±0.04  upright=0.01±0.02  → FITNESS=0.0497
URDF saved to being.urdf
Connecting to PyBullet, GUI: False
CreatureEnv Inicijalizacija: 12 motora. OBS_dim=40, frame_skip=1
[Fitness run Gen1Creature28] reward=-0.32±0.65  dist=0.15±0.15  upright=0.05±0.04  → FITNESS=0.0552
URDF saved to being.urdf
Connecting to PyBullet, GUI: False
CreatureEnv Inicijalizacija: 12 motora. OBS_dim=40, frame_skip=1
[Fitness run Gen1Creature29] reward=1.70±0.02  dist=0.02±0.01  upright=0.23±0.12  → FITNESS=0.0806
Genome saved to results\rewardBased500Steps1Seed\run_4\run_4_best_creature.json
[plot] Saved → ./results\rewardBased500Steps1Seed\run_4\run_4_summary.png
URDF saved to being.urdf
Connecting to PyBullet, GUI: False
CreatureEnv Inicijalizacija: 12 motora. OBS_dim=40, frame_skip=1
[Fitness run Gen2Creature2] reward=1.61±0.01  dist=0.00±0.00  upright=0.03±0.09  → FITNESS=0.0502
URDF saved to being.urdf
Connecting to PyBullet, GUI: False
CreatureEnv Inicijalizacija: 12 motora. OBS_dim=40, frame_skip=1
[Fitness run Gen2Creature3] reward=94.40±281.01  dist=0.49±0.26  upright=0.13±0.28  → FITNESS=0.0952
URDF saved to being.urdf
Connecting to PyBullet, GUI: False
CreatureEnv Inicijalizacija: 12 motora. OBS_dim=40, frame_skip=1
[Fitness run Gen2Creature4] reward=1.01±0.19  dist=0.34±0.10  upright=0.20±0.07  → FITNESS=0.0812
URDF saved to being.urdf
Connecting to PyBullet, GUI: False
CreatureEnv Inicijalizacija: 12 motora. OBS_dim=40, frame_skip=1
[Fitness run Gen2Creature5] reward=1.69±0.16  dist=0.03±0.07  upright=0.00±0.00  → FITNESS=0.0464
URDF saved to being.urdf
Connecting to PyBullet, GUI: False
CreatureEnv Inicijalizacija: 12 motora. OBS_dim=40, frame_skip=1
[Fitness run Gen2Creature6] reward=1.40±0.13  dist=0.01±0.03  upright=0.22±0.07  → FITNESS=0.0784
URDF saved to being.urdf
Connecting to PyBullet, GUI: False
CreatureEnv Inicijalizacija: 12 motora. OBS_dim=40, frame_skip=1
[Fitness run Gen2Creature7] reward=1.65±0.09  dist=0.00±0.01  upright=0.00±0.00  → FITNESS=0.0459
URDF saved to being.urdf
Connecting to PyBullet, GUI: False
CreatureEnv Inicijalizacija: 12 motora. OBS_dim=40, frame_skip=1
[Fitness run Gen2Creature8] reward=1.67±0.04  dist=0.43±0.11  upright=0.12±0.04  → FITNESS=0.0707
URDF saved to being.urdf
Connecting to PyBullet, GUI: False
CreatureEnv Inicijalizacija: 12 motora. OBS_dim=40, frame_skip=1
[Fitness run Gen2Creature9] reward=1.35±0.21  dist=0.06±0.08  upright=0.14±0.12  → FITNESS=0.0676
URDF saved to being.urdf
Connecting to PyBullet, GUI: False
CreatureEnv Inicijalizacija: 12 motora. OBS_dim=40, frame_skip=1
[Fitness run Gen2Creature10] reward=93.87±278.77  dist=0.01±0.03  upright=0.56±0.24  → FITNESS=0.1516
URDF saved to being.urdf
Connecting to PyBullet, GUI: False
CreatureEnv Inicijalizacija: 12 motora. OBS_dim=40, frame_skip=1
[Fitness run Gen2Creature11] reward=1.72±0.14  dist=0.13±0.04  upright=0.24±0.26  → FITNESS=0.0839
URDF saved to being.urdf
Connecting to PyBullet, GUI: False
CreatureEnv Inicijalizacija: 12 motora. OBS_dim=40, frame_skip=1
[Fitness run Gen2Creature12] reward=1.73±0.09  dist=0.01±0.02  upright=0.00±0.00  → FITNESS=0.0459
URDF saved to being.urdf
Connecting to PyBullet, GUI: False
CreatureEnv Inicijalizacija: 12 motora. OBS_dim=40, frame_skip=1
[Fitness run Gen2Creature13] reward=1.52±0.01  dist=0.00±0.00  upright=0.15±0.08  → FITNESS=0.0690
URDF saved to being.urdf
Connecting to PyBullet, GUI: False
CreatureEnv Inicijalizacija: 12 motora. OBS_dim=40, frame_skip=1
[Fitness run Gen2Creature14] reward=1.48±0.00  dist=0.00±0.00  upright=0.00±0.00  → FITNESS=0.0458
URDF saved to being.urdf
Connecting to PyBullet, GUI: False
CreatureEnv Inicijalizacija: 12 motora. OBS_dim=40, frame_skip=1
[Fitness run Gen2Creature15] reward=1.28±0.09  dist=0.26±0.09  upright=0.00±0.00  → FITNESS=0.0503
URDF saved to being.urdf
Connecting to PyBullet, GUI: False
CreatureEnv Inicijalizacija: 12 motora. OBS_dim=40, frame_skip=1
[Fitness run Gen2Creature16] reward=1.46±0.30  dist=0.00±0.00  upright=0.06±0.02  → FITNESS=0.0545
URDF saved to being.urdf
Connecting to PyBullet, GUI: False
CreatureEnv Inicijalizacija: 12 motora. OBS_dim=40, frame_skip=1
[Fitness run Gen2Creature17] reward=1.57±0.08  dist=0.10±0.03  upright=0.02±0.06  → FITNESS=0.0505
URDF saved to being.urdf
Connecting to PyBullet, GUI: False
CreatureEnv Inicijalizacija: 12 motora. OBS_dim=40, frame_skip=1
[Fitness run Gen2Creature18] reward=1.67±0.02  dist=0.07±0.04  upright=0.01±0.03  → FITNESS=0.0485
URDF saved to being.urdf
Connecting to PyBullet, GUI: False
CreatureEnv Inicijalizacija: 12 motora. OBS_dim=40, frame_skip=1
[Fitness run Gen2Creature19] reward=1.91±0.15  dist=0.19±0.05  upright=0.09±0.02  → FITNESS=0.0627
URDF saved to being.urdf
Connecting to PyBullet, GUI: False
CreatureEnv Inicijalizacija: 12 motora. OBS_dim=40, frame_skip=1
[Fitness run Gen2Creature20] reward=1.78±0.00  dist=0.13±0.04  upright=1.00±0.00  → FITNESS=0.1981
URDF saved to being.urdf
Connecting to PyBullet, GUI: False
CreatureEnv Inicijalizacija: 12 motora. OBS_dim=40, frame_skip=1
[Fitness run Gen2Creature21] reward=1.74±0.00  dist=0.06±0.02  upright=0.01±0.03  → FITNESS=0.0484
URDF saved to being.urdf
Connecting to PyBullet, GUI: False
CreatureEnv Inicijalizacija: 12 motora. OBS_dim=40, frame_skip=1
[Fitness run Gen2Creature22] reward=1.56±0.02  dist=0.00±0.00  upright=0.00±0.00  → FITNESS=0.0458
URDF saved to being.urdf
Connecting to PyBullet, GUI: False
CreatureEnv Inicijalizacija: 12 motora. OBS_dim=40, frame_skip=1
[Fitness run Gen2Creature23] reward=-0.30±0.58  dist=1.68±0.59  upright=0.03±0.09  → FITNESS=0.0791
URDF saved to being.urdf
Connecting to PyBullet, GUI: False
CreatureEnv Inicijalizacija: 12 motora. OBS_dim=40, frame_skip=1
[Fitness run Gen2Creature24] reward=1.40±0.16  dist=0.00±0.00  upright=0.00±0.00  → FITNESS=0.0458
URDF saved to being.urdf
Connecting to PyBullet, GUI: False
CreatureEnv Inicijalizacija: 12 motora. OBS_dim=40, frame_skip=1
[Fitness run Gen2Creature25] reward=1.53±0.08  dist=0.00±0.00  upright=0.05±0.02  → FITNESS=0.0526
URDF saved to being.urdf
Connecting to PyBullet, GUI: False
CreatureEnv Inicijalizacija: 12 motora. OBS_dim=40, frame_skip=1
[Fitness run Gen2Creature26] reward=1.42±0.66  dist=0.29±0.26  upright=0.00±0.00  → FITNESS=0.0509
URDF saved to being.urdf
Connecting to PyBullet, GUI: False
CreatureEnv Inicijalizacija: 12 motora. OBS_dim=40, frame_skip=1
[Fitness run Gen2Creature27] reward=1.64±0.06  dist=0.00±0.00  upright=0.03±0.01  → FITNESS=0.0497
URDF saved to being.urdf
Connecting to PyBullet, GUI: False
CreatureEnv Inicijalizacija: 12 motora. OBS_dim=40, frame_skip=1
[Fitness run Gen2Creature28] reward=1.68±0.03  dist=0.05±0.02  upright=0.02±0.07  → FITNESS=0.0502
URDF saved to being.urdf
Connecting to PyBullet, GUI: False
CreatureEnv Inicijalizacija: 12 motora. OBS_dim=40, frame_skip=1
[Fitness run Gen2Creature29] reward=1.62±0.37  dist=0.01±0.04  upright=0.02±0.05  → FITNESS=0.0485

==================================================
Generacija 2/20  |  Best = 0.4307  |  Mean = 0.0900  |  Std = 0.0930
==================================================
URDF saved to being.urdf
Connecting to PyBullet, GUI: False
CreatureEnv Inicijalizacija: 12 motora. OBS_dim=40, frame_skip=1
[Fitness run Gen2Creature2] reward=1.61±0.01  dist=0.00±0.00  upright=0.03±0.09  → FITNESS=0.0502
URDF saved to being.urdf
Connecting to PyBullet, GUI: False
CreatureEnv Inicijalizacija: 12 motora. OBS_dim=40, frame_skip=1
[Fitness run Gen2Creature3] reward=94.40±281.01  dist=0.49±0.26  upright=0.13±0.28  → FITNESS=0.0952
URDF saved to being.urdf
Connecting to PyBullet, GUI: False
CreatureEnv Inicijalizacija: 12 motora. OBS_dim=40, frame_skip=1
[Fitness run Gen2Creature4] reward=1.01±0.19  dist=0.34±0.10  upright=0.20±0.07  → FITNESS=0.0812
URDF saved to being.urdf
Connecting to PyBullet, GUI: False
CreatureEnv Inicijalizacija: 12 motora. OBS_dim=40, frame_skip=1
[Fitness run Gen2Creature5] reward=1.69±0.16  dist=0.03±0.07  upright=0.00±0.00  → FITNESS=0.0464
URDF saved to being.urdf
Connecting to PyBullet, GUI: False
CreatureEnv Inicijalizacija: 12 motora. OBS_dim=40, frame_skip=1
[Fitness run Gen2Creature6] reward=1.40±0.13  dist=0.01±0.03  upright=0.22±0.07  → FITNESS=0.0784
URDF saved to being.urdf
Connecting to PyBullet, GUI: False
CreatureEnv Inicijalizacija: 12 motora. OBS_dim=40, frame_skip=1
[Fitness run Gen2Creature7] reward=1.65±0.09  dist=0.00±0.01  upright=0.00±0.00  → FITNESS=0.0459
URDF saved to being.urdf
Connecting to PyBullet, GUI: False
CreatureEnv Inicijalizacija: 12 motora. OBS_dim=40, frame_skip=1
[Fitness run Gen2Creature8] reward=1.67±0.04  dist=0.43±0.11  upright=0.12±0.04  → FITNESS=0.0707
URDF saved to being.urdf
Connecting to PyBullet, GUI: False
CreatureEnv Inicijalizacija: 12 motora. OBS_dim=40, frame_skip=1
[Fitness run Gen2Creature9] reward=1.35±0.21  dist=0.06±0.08  upright=0.14±0.12  → FITNESS=0.0676
URDF saved to being.urdf
Connecting to PyBullet, GUI: False
CreatureEnv Inicijalizacija: 12 motora. OBS_dim=40, frame_skip=1
[Fitness run Gen2Creature10] reward=93.87±278.77  dist=0.01±0.03  upright=0.56±0.24  → FITNESS=0.1516
URDF saved to being.urdf
Connecting to PyBullet, GUI: False
CreatureEnv Inicijalizacija: 12 motora. OBS_dim=40, frame_skip=1
[Fitness run Gen2Creature11] reward=1.72±0.14  dist=0.13±0.04  upright=0.24±0.26  → FITNESS=0.0839
URDF saved to being.urdf
Connecting to PyBullet, GUI: False
CreatureEnv Inicijalizacija: 12 motora. OBS_dim=40, frame_skip=1
[Fitness run Gen2Creature12] reward=1.73±0.09  dist=0.01±0.02  upright=0.00±0.00  → FITNESS=0.0459
URDF saved to being.urdf
Connecting to PyBullet, GUI: False
CreatureEnv Inicijalizacija: 12 motora. OBS_dim=40, frame_skip=1
[Fitness run Gen2Creature13] reward=1.52±0.01  dist=0.00±0.00  upright=0.15±0.08  → FITNESS=0.0690
URDF saved to being.urdf
Connecting to PyBullet, GUI: False
CreatureEnv Inicijalizacija: 12 motora. OBS_dim=40, frame_skip=1
[Fitness run Gen2Creature14] reward=1.48±0.00  dist=0.00±0.00  upright=0.00±0.00  → FITNESS=0.0458
URDF saved to being.urdf
Connecting to PyBullet, GUI: False
CreatureEnv Inicijalizacija: 12 motora. OBS_dim=40, frame_skip=1
[Fitness run Gen2Creature15] reward=1.28±0.09  dist=0.26±0.09  upright=0.00±0.00  → FITNESS=0.0503
URDF saved to being.urdf
Connecting to PyBullet, GUI: False
CreatureEnv Inicijalizacija: 12 motora. OBS_dim=40, frame_skip=1
[Fitness run Gen2Creature16] reward=1.46±0.30  dist=0.00±0.00  upright=0.06±0.02  → FITNESS=0.0545
URDF saved to being.urdf
Connecting to PyBullet, GUI: False
CreatureEnv Inicijalizacija: 12 motora. OBS_dim=40, frame_skip=1
[Fitness run Gen2Creature17] reward=1.57±0.08  dist=0.10±0.03  upright=0.02±0.06  → FITNESS=0.0505
URDF saved to being.urdf
Connecting to PyBullet, GUI: False
CreatureEnv Inicijalizacija: 12 motora. OBS_dim=40, frame_skip=1
[Fitness run Gen2Creature18] reward=1.67±0.02  dist=0.07±0.04  upright=0.01±0.03  → FITNESS=0.0485
URDF saved to being.urdf
Connecting to PyBullet, GUI: False
CreatureEnv Inicijalizacija: 12 motora. OBS_dim=40, frame_skip=1
[Fitness run Gen2Creature19] reward=1.91±0.15  dist=0.19±0.05  upright=0.09±0.02  → FITNESS=0.0627
URDF saved to being.urdf
Connecting to PyBullet, GUI: False
CreatureEnv Inicijalizacija: 12 motora. OBS_dim=40, frame_skip=1
[Fitness run Gen2Creature20] reward=1.78±0.00  dist=0.13±0.04  upright=1.00±0.00  → FITNESS=0.1981
URDF saved to being.urdf
Connecting to PyBullet, GUI: False
CreatureEnv Inicijalizacija: 12 motora. OBS_dim=40, frame_skip=1
[Fitness run Gen2Creature21] reward=1.74±0.00  dist=0.06±0.02  upright=0.01±0.03  → FITNESS=0.0484
URDF saved to being.urdf
Connecting to PyBullet, GUI: False
CreatureEnv Inicijalizacija: 12 motora. OBS_dim=40, frame_skip=1
[Fitness run Gen2Creature22] reward=1.56±0.02  dist=0.00±0.00  upright=0.00±0.00  → FITNESS=0.0458
URDF saved to being.urdf
Connecting to PyBullet, GUI: False
CreatureEnv Inicijalizacija: 12 motora. OBS_dim=40, frame_skip=1
[Fitness run Gen2Creature23] reward=-0.30±0.58  dist=1.68±0.59  upright=0.03±0.09  → FITNESS=0.0791
URDF saved to being.urdf
Connecting to PyBullet, GUI: False
CreatureEnv Inicijalizacija: 12 motora. OBS_dim=40, frame_skip=1
[Fitness run Gen2Creature24] reward=1.40±0.16  dist=0.00±0.00  upright=0.00±0.00  → FITNESS=0.0458
URDF saved to being.urdf
Connecting to PyBullet, GUI: False
CreatureEnv Inicijalizacija: 12 motora. OBS_dim=40, frame_skip=1
[Fitness run Gen2Creature25] reward=1.53±0.08  dist=0.00±0.00  upright=0.05±0.02  → FITNESS=0.0526
URDF saved to being.urdf
Connecting to PyBullet, GUI: False
CreatureEnv Inicijalizacija: 12 motora. OBS_dim=40, frame_skip=1
[Fitness run Gen2Creature26] reward=1.42±0.66  dist=0.29±0.26  upright=0.00±0.00  → FITNESS=0.0509
URDF saved to being.urdf
Connecting to PyBullet, GUI: False
CreatureEnv Inicijalizacija: 12 motora. OBS_dim=40, frame_skip=1
[Fitness run Gen2Creature27] reward=1.64±0.06  dist=0.00±0.00  upright=0.03±0.01  → FITNESS=0.0497
URDF saved to being.urdf
Connecting to PyBullet, GUI: False
CreatureEnv Inicijalizacija: 12 motora. OBS_dim=40, frame_skip=1
[Fitness run Gen2Creature28] reward=1.68±0.03  dist=0.05±0.02  upright=0.02±0.07  → FITNESS=0.0502
URDF saved to being.urdf
Connecting to PyBullet, GUI: False
CreatureEnv Inicijalizacija: 12 motora. OBS_dim=40, frame_skip=1
[Fitness run Gen2Creature29] reward=1.62±0.37  dist=0.01±0.04  upright=0.02±0.05  → FITNESS=0.0485
Genome saved to results\rewardBased500Steps1Seed\run_4\run_4_best_creature.json
[plot] Saved → ./results\rewardBased500Steps1Seed\run_4\run_4_summary.png
URDF saved to being.urdf
Connecting to PyBullet, GUI: False
CreatureEnv Inicijalizacija: 12 motora. OBS_dim=40, frame_skip=1
[Fitness run Gen3Creature2] reward=1.84±0.01  dist=0.03±0.01  upright=1.00±0.00  → FITNESS=0.1964
URDF saved to being.urdf
Connecting to PyBullet, GUI: False
CreatureEnv Inicijalizacija: 12 motora. OBS_dim=40, frame_skip=1
[Fitness run Gen3Creature3] reward=1.78±0.08  dist=0.00±0.00  upright=0.59±0.18  → FITNESS=0.1349
URDF saved to being.urdf
Connecting to PyBullet, GUI: False
CreatureEnv Inicijalizacija: 12 motora. OBS_dim=40, frame_skip=1
[Fitness run Gen3Creature4] reward=1.57±0.00  dist=0.15±0.00  upright=0.99±0.02  → FITNESS=0.1975
URDF saved to being.urdf
Connecting to PyBullet, GUI: False
CreatureEnv Inicijalizacija: 12 motora. OBS_dim=40, frame_skip=1
[Fitness run Gen3Creature5] reward=1.42±0.02  dist=0.00±0.01  upright=0.01±0.01  → FITNESS=0.0468
URDF saved to being.urdf
Connecting to PyBullet, GUI: False
CreatureEnv Inicijalizacija: 12 motora. OBS_dim=40, frame_skip=1
[Fitness run Gen3Creature6] reward=1.75±0.15  dist=0.22±0.08  upright=0.08±0.18  → FITNESS=0.0614
URDF saved to being.urdf
Connecting to PyBullet, GUI: False
CreatureEnv Inicijalizacija: 12 motora. OBS_dim=40, frame_skip=1
[Fitness run Gen3Creature7] reward=1.55±0.09  dist=0.18±0.08  upright=0.00±0.00  → FITNESS=0.0489
URDF saved to being.urdf
Connecting to PyBullet, GUI: False
CreatureEnv Inicijalizacija: 12 motora. OBS_dim=40, frame_skip=1
[Fitness run Gen3Creature8] reward=1.33±0.04  dist=0.00±0.00  upright=0.00±0.00  → FITNESS=0.0458
URDF saved to being.urdf
Connecting to PyBullet, GUI: False
CreatureEnv Inicijalizacija: 12 motora. OBS_dim=40, frame_skip=1
[Fitness run Gen3Creature9] reward=1002.51±333.67  dist=0.00±0.00  upright=0.90±0.30  → FITNESS=0.4083
URDF saved to being.urdf
Connecting to PyBullet, GUI: False
CreatureEnv Inicijalizacija: 12 motora. OBS_dim=40, frame_skip=1
[Fitness run Gen3Creature10] reward=314.27±478.28  dist=0.12±0.10  upright=0.71±0.27  → FITNESS=0.2255
URDF saved to being.urdf
Connecting to PyBullet, GUI: False
CreatureEnv Inicijalizacija: 12 motora. OBS_dim=40, frame_skip=1
[Fitness run Gen3Creature11] reward=1.48±0.00  dist=0.09±0.03  upright=0.93±0.04  → FITNESS=0.1872
URDF saved to being.urdf
Connecting to PyBullet, GUI: False
CreatureEnv Inicijalizacija: 12 motora. OBS_dim=40, frame_skip=1
[Fitness run Gen3Creature12] reward=1.59±0.08  dist=0.00±0.00  upright=0.77±0.08  → FITNESS=0.1615
URDF saved to being.urdf
Connecting to PyBullet, GUI: False
CreatureEnv Inicijalizacija: 12 motora. OBS_dim=40, frame_skip=1
[Fitness run Gen3Creature13] reward=1.95±0.16  dist=0.38±0.13  upright=0.00±0.00  → FITNESS=0.0525
URDF saved to being.urdf
Connecting to PyBullet, GUI: False
CreatureEnv Inicijalizacija: 12 motora. OBS_dim=40, frame_skip=1
[Fitness run Gen3Creature14] reward=1.44±0.09  dist=0.02±0.03  upright=0.89±0.11  → FITNESS=0.1798
URDF saved to being.urdf
Connecting to PyBullet, GUI: False
CreatureEnv Inicijalizacija: 12 motora. OBS_dim=40, frame_skip=1
[Fitness run Gen3Creature15] reward=3.57±4.43  dist=0.02±0.01  upright=1.00±0.00  → FITNESS=0.1966
URDF saved to being.urdf
Connecting to PyBullet, GUI: False
CreatureEnv Inicijalizacija: 12 motora. OBS_dim=40, frame_skip=1
[Fitness run Gen3Creature16] reward=1.59±0.02  dist=0.09±0.03  upright=0.18±0.05  → FITNESS=0.0740
URDF saved to being.urdf
Connecting to PyBullet, GUI: False
CreatureEnv Inicijalizacija: 12 motora. OBS_dim=40, frame_skip=1
[Fitness run Gen3Creature17] reward=1.57±0.37  dist=0.08±0.04  upright=0.05±0.02  → FITNESS=0.0544
URDF saved to being.urdf
Connecting to PyBullet, GUI: False
CreatureEnv Inicijalizacija: 12 motora. OBS_dim=40, frame_skip=1
[Fitness run Gen3Creature18] reward=1.90±0.17  dist=0.00±0.00  upright=0.06±0.02  → FITNESS=0.0546
URDF saved to being.urdf
Connecting to PyBullet, GUI: False
CreatureEnv Inicijalizacija: 12 motora. OBS_dim=40, frame_skip=1
[Fitness run Gen3Creature19] reward=2.02±0.14  dist=0.00±0.00  upright=0.90±0.30  → FITNESS=0.1809
URDF saved to being.urdf
Connecting to PyBullet, GUI: False
CreatureEnv Inicijalizacija: 12 motora. OBS_dim=40, frame_skip=1
[Fitness run Gen3Creature20] reward=213.46±423.84  dist=0.02±0.03  upright=0.62±0.29  → FITNESS=0.1873
URDF saved to being.urdf
Connecting to PyBullet, GUI: False
CreatureEnv Inicijalizacija: 12 motora. OBS_dim=40, frame_skip=1
[Fitness run Gen3Creature21] reward=1.78±0.00  dist=0.00±0.00  upright=0.00±0.01  → FITNESS=0.0463
URDF saved to being.urdf
Connecting to PyBullet, GUI: False
CreatureEnv Inicijalizacija: 12 motora. OBS_dim=40, frame_skip=1
[Fitness run Gen3Creature22] reward=1.85±0.00  dist=0.06±0.02  upright=1.00±0.00  → FITNESS=0.1970
URDF saved to being.urdf
Connecting to PyBullet, GUI: False
CreatureEnv Inicijalizacija: 12 motora. OBS_dim=40, frame_skip=1
[Fitness run Gen3Creature23] reward=1.87±0.18  dist=0.22±0.42  upright=0.01±0.02  → FITNESS=0.0506
URDF saved to being.urdf
Connecting to PyBullet, GUI: False
CreatureEnv Inicijalizacija: 12 motora. OBS_dim=40, frame_skip=1
[Fitness run Gen3Creature24] reward=1.53±0.06  dist=0.06±0.02  upright=0.10±0.01  → FITNESS=0.0613
URDF saved to being.urdf
Connecting to PyBullet, GUI: False
CreatureEnv Inicijalizacija: 12 motora. OBS_dim=40, frame_skip=1
[Fitness run Gen3Creature25] reward=2.00±0.18  dist=0.00±0.00  upright=0.90±0.29  → FITNESS=0.1814
URDF saved to being.urdf
Connecting to PyBullet, GUI: False
CreatureEnv Inicijalizacija: 12 motora. OBS_dim=40, frame_skip=1
[Fitness run Gen3Creature26] reward=1.62±0.04  dist=0.07±0.03  upright=0.01±0.04  → FITNESS=0.0490
URDF saved to being.urdf
Connecting to PyBullet, GUI: False
CreatureEnv Inicijalizacija: 12 motora. OBS_dim=40, frame_skip=1
[Fitness run Gen3Creature27] reward=1.62±0.24  dist=0.09±0.04  upright=0.03±0.01  → FITNESS=0.0518
URDF saved to being.urdf
Connecting to PyBullet, GUI: False
CreatureEnv Inicijalizacija: 12 motora. OBS_dim=40, frame_skip=1
[Fitness run Gen3Creature28] reward=1.75±0.06  dist=0.00±0.01  upright=0.90±0.29  → FITNESS=0.1814
URDF saved to being.urdf
Connecting to PyBullet, GUI: False
CreatureEnv Inicijalizacija: 12 motora. OBS_dim=40, frame_skip=1
[Fitness run Gen3Creature29] reward=957.81±318.79  dist=0.00±0.00  upright=0.90±0.30  → FITNESS=0.3982

==================================================
Generacija 3/20  |  Best = 0.4307  |  Mean = 0.1581  |  Std = 0.1170
==================================================
URDF saved to being.urdf
Connecting to PyBullet, GUI: False
CreatureEnv Inicijalizacija: 12 motora. OBS_dim=40, frame_skip=1
[Fitness run Gen3Creature2] reward=1.84±0.01  dist=0.03±0.01  upright=1.00±0.00  → FITNESS=0.1964
URDF saved to being.urdf
Connecting to PyBullet, GUI: False
CreatureEnv Inicijalizacija: 12 motora. OBS_dim=40, frame_skip=1
[Fitness run Gen3Creature3] reward=1.78±0.08  dist=0.00±0.00  upright=0.59±0.18  → FITNESS=0.1349
URDF saved to being.urdf
Connecting to PyBullet, GUI: False
CreatureEnv Inicijalizacija: 12 motora. OBS_dim=40, frame_skip=1
[Fitness run Gen3Creature4] reward=1.57±0.00  dist=0.15±0.00  upright=0.99±0.02  → FITNESS=0.1975
URDF saved to being.urdf
Connecting to PyBullet, GUI: False
CreatureEnv Inicijalizacija: 12 motora. OBS_dim=40, frame_skip=1
[Fitness run Gen3Creature5] reward=1.42±0.02  dist=0.00±0.01  upright=0.01±0.01  → FITNESS=0.0468
URDF saved to being.urdf
Connecting to PyBullet, GUI: False
CreatureEnv Inicijalizacija: 12 motora. OBS_dim=40, frame_skip=1
[Fitness run Gen3Creature6] reward=1.75±0.15  dist=0.22±0.08  upright=0.08±0.18  → FITNESS=0.0614
URDF saved to being.urdf
Connecting to PyBullet, GUI: False
CreatureEnv Inicijalizacija: 12 motora. OBS_dim=40, frame_skip=1
[Fitness run Gen3Creature7] reward=1.55±0.09  dist=0.18±0.08  upright=0.00±0.00  → FITNESS=0.0489
URDF saved to being.urdf
Connecting to PyBullet, GUI: False
CreatureEnv Inicijalizacija: 12 motora. OBS_dim=40, frame_skip=1
[Fitness run Gen3Creature8] reward=1.33±0.04  dist=0.00±0.00  upright=0.00±0.00  → FITNESS=0.0458
URDF saved to being.urdf
Connecting to PyBullet, GUI: False
CreatureEnv Inicijalizacija: 12 motora. OBS_dim=40, frame_skip=1
[Fitness run Gen3Creature9] reward=1002.51±333.67  dist=0.00±0.00  upright=0.90±0.30  → FITNESS=0.4083
URDF saved to being.urdf
Connecting to PyBullet, GUI: False
CreatureEnv Inicijalizacija: 12 motora. OBS_dim=40, frame_skip=1
[Fitness run Gen3Creature10] reward=314.27±478.28  dist=0.12±0.10  upright=0.71±0.27  → FITNESS=0.2255
URDF saved to being.urdf
Connecting to PyBullet, GUI: False
CreatureEnv Inicijalizacija: 12 motora. OBS_dim=40, frame_skip=1
[Fitness run Gen3Creature11] reward=1.48±0.00  dist=0.09±0.03  upright=0.93±0.04  → FITNESS=0.1872
URDF saved to being.urdf
Connecting to PyBullet, GUI: False
CreatureEnv Inicijalizacija: 12 motora. OBS_dim=40, frame_skip=1
[Fitness run Gen3Creature12] reward=1.59±0.08  dist=0.00±0.00  upright=0.77±0.08  → FITNESS=0.1615
URDF saved to being.urdf
Connecting to PyBullet, GUI: False
CreatureEnv Inicijalizacija: 12 motora. OBS_dim=40, frame_skip=1
[Fitness run Gen3Creature13] reward=1.95±0.16  dist=0.38±0.13  upright=0.00±0.00  → FITNESS=0.0525
URDF saved to being.urdf
Connecting to PyBullet, GUI: False
CreatureEnv Inicijalizacija: 12 motora. OBS_dim=40, frame_skip=1
[Fitness run Gen3Creature14] reward=1.44±0.09  dist=0.02±0.03  upright=0.89±0.11  → FITNESS=0.1798
URDF saved to being.urdf
Connecting to PyBullet, GUI: False
CreatureEnv Inicijalizacija: 12 motora. OBS_dim=40, frame_skip=1
[Fitness run Gen3Creature15] reward=3.57±4.43  dist=0.02±0.01  upright=1.00±0.00  → FITNESS=0.1966
URDF saved to being.urdf
Connecting to PyBullet, GUI: False
CreatureEnv Inicijalizacija: 12 motora. OBS_dim=40, frame_skip=1
[Fitness run Gen3Creature16] reward=1.59±0.02  dist=0.09±0.03  upright=0.18±0.05  → FITNESS=0.0740
URDF saved to being.urdf
Connecting to PyBullet, GUI: False
CreatureEnv Inicijalizacija: 12 motora. OBS_dim=40, frame_skip=1
[Fitness run Gen3Creature17] reward=1.57±0.37  dist=0.08±0.04  upright=0.05±0.02  → FITNESS=0.0544
URDF saved to being.urdf
Connecting to PyBullet, GUI: False
CreatureEnv Inicijalizacija: 12 motora. OBS_dim=40, frame_skip=1
[Fitness run Gen3Creature18] reward=1.90±0.17  dist=0.00±0.00  upright=0.06±0.02  → FITNESS=0.0546
URDF saved to being.urdf
Connecting to PyBullet, GUI: False
CreatureEnv Inicijalizacija: 12 motora. OBS_dim=40, frame_skip=1
[Fitness run Gen3Creature19] reward=2.02±0.14  dist=0.00±0.00  upright=0.90±0.30  → FITNESS=0.1809
URDF saved to being.urdf
Connecting to PyBullet, GUI: False
CreatureEnv Inicijalizacija: 12 motora. OBS_dim=40, frame_skip=1
[Fitness run Gen3Creature20] reward=213.46±423.84  dist=0.02±0.03  upright=0.62±0.29  → FITNESS=0.1873
URDF saved to being.urdf
Connecting to PyBullet, GUI: False
CreatureEnv Inicijalizacija: 12 motora. OBS_dim=40, frame_skip=1
[Fitness run Gen3Creature21] reward=1.78±0.00  dist=0.00±0.00  upright=0.00±0.01  → FITNESS=0.0463
URDF saved to being.urdf
Connecting to PyBullet, GUI: False
CreatureEnv Inicijalizacija: 12 motora. OBS_dim=40, frame_skip=1
[Fitness run Gen3Creature22] reward=1.85±0.00  dist=0.06±0.02  upright=1.00±0.00  → FITNESS=0.1970
URDF saved to being.urdf
Connecting to PyBullet, GUI: False
CreatureEnv Inicijalizacija: 12 motora. OBS_dim=40, frame_skip=1
[Fitness run Gen3Creature23] reward=1.87±0.18  dist=0.22±0.42  upright=0.01±0.02  → FITNESS=0.0506
URDF saved to being.urdf
Connecting to PyBullet, GUI: False
CreatureEnv Inicijalizacija: 12 motora. OBS_dim=40, frame_skip=1
[Fitness run Gen3Creature24] reward=1.53±0.06  dist=0.06±0.02  upright=0.10±0.01  → FITNESS=0.0613
URDF saved to being.urdf
Connecting to PyBullet, GUI: False
CreatureEnv Inicijalizacija: 12 motora. OBS_dim=40, frame_skip=1
[Fitness run Gen3Creature25] reward=2.00±0.18  dist=0.00±0.00  upright=0.90±0.29  → FITNESS=0.1814
URDF saved to being.urdf
Connecting to PyBullet, GUI: False
CreatureEnv Inicijalizacija: 12 motora. OBS_dim=40, frame_skip=1
[Fitness run Gen3Creature26] reward=1.62±0.04  dist=0.07±0.03  upright=0.01±0.04  → FITNESS=0.0490
URDF saved to being.urdf
Connecting to PyBullet, GUI: False
CreatureEnv Inicijalizacija: 12 motora. OBS_dim=40, frame_skip=1
[Fitness run Gen3Creature27] reward=1.62±0.24  dist=0.09±0.04  upright=0.03±0.01  → FITNESS=0.0518
URDF saved to being.urdf
Connecting to PyBullet, GUI: False
CreatureEnv Inicijalizacija: 12 motora. OBS_dim=40, frame_skip=1
[Fitness run Gen3Creature28] reward=1.75±0.06  dist=0.00±0.01  upright=0.90±0.29  → FITNESS=0.1814
URDF saved to being.urdf
Connecting to PyBullet, GUI: False
CreatureEnv Inicijalizacija: 12 motora. OBS_dim=40, frame_skip=1
[Fitness run Gen3Creature29] reward=957.81±318.79  dist=0.00±0.00  upright=0.90±0.30  → FITNESS=0.3982
Genome saved to results\rewardBased500Steps1Seed\run_4\run_4_best_creature.json
[plot] Saved → ./results\rewardBased500Steps1Seed\run_4\run_4_summary.png
URDF saved to being.urdf
Connecting to PyBullet, GUI: False
CreatureEnv Inicijalizacija: 12 motora. OBS_dim=40, frame_skip=1
[Fitness run Gen4Creature2] reward=1.70±0.00  dist=0.00±0.00  upright=0.01±0.03  → FITNESS=0.0474
URDF saved to being.urdf
Connecting to PyBullet, GUI: False
CreatureEnv Inicijalizacija: 12 motora. OBS_dim=40, frame_skip=1
[Fitness run Gen4Creature3] reward=1.45±0.03  dist=0.04±0.02  upright=0.09±0.03  → FITNESS=0.0595
URDF saved to being.urdf
Connecting to PyBullet, GUI: False
CreatureEnv Inicijalizacija: 12 motora. OBS_dim=40, frame_skip=1
[Fitness run Gen4Creature4] reward=1.81±0.21  dist=0.00±0.00  upright=0.12±0.27  → FITNESS=0.0643
URDF saved to being.urdf
Connecting to PyBullet, GUI: False
CreatureEnv Inicijalizacija: 12 motora. OBS_dim=40, frame_skip=1
[Fitness run Gen4Creature5] reward=1.67±0.00  dist=0.15±0.10  upright=0.00±0.01  → FITNESS=0.0490
URDF saved to being.urdf
Connecting to PyBullet, GUI: False
CreatureEnv Inicijalizacija: 12 motora. OBS_dim=40, frame_skip=1
[Fitness run Gen4Creature6] reward=348.00±448.77  dist=0.09±0.05  upright=0.74±0.32  → FITNESS=0.2364
URDF saved to being.urdf
Connecting to PyBullet, GUI: False
CreatureEnv Inicijalizacija: 12 motora. OBS_dim=40, frame_skip=1
[Fitness run Gen4Creature7] reward=1.70±0.06  dist=0.19±0.16  upright=0.00±0.00  → FITNESS=0.0492
URDF saved to being.urdf
Connecting to PyBullet, GUI: False
CreatureEnv Inicijalizacija: 12 motora. OBS_dim=40, frame_skip=1
[Fitness run Gen4Creature8] reward=1.59±0.06  dist=0.13±0.01  upright=0.10±0.04  → FITNESS=0.0626
URDF saved to being.urdf
Connecting to PyBullet, GUI: False
CreatureEnv Inicijalizacija: 12 motora. OBS_dim=40, frame_skip=1
[Fitness run Gen4Creature9] reward=981.53±326.67  dist=0.00±0.01  upright=0.91±0.27  → FITNESS=0.4050
URDF saved to being.urdf
Connecting to PyBullet, GUI: False
CreatureEnv Inicijalizacija: 12 motora. OBS_dim=40, frame_skip=1
[Fitness run Gen4Creature10] reward=314.27±478.28  dist=0.12±0.10  upright=0.71±0.27  → FITNESS=0.2255
URDF saved to being.urdf
Connecting to PyBullet, GUI: False
CreatureEnv Inicijalizacija: 12 motora. OBS_dim=40, frame_skip=1
[Fitness run Gen4Creature11] reward=1.17±0.11  dist=0.00±0.00  upright=0.34±0.11  → FITNESS=0.0965
URDF saved to being.urdf
Connecting to PyBullet, GUI: False
CreatureEnv Inicijalizacija: 12 motora. OBS_dim=40, frame_skip=1
[Fitness run Gen4Creature12] reward=1.73±0.00  dist=0.00±0.00  upright=0.16±0.01  → FITNESS=0.0696
URDF saved to being.urdf
Connecting to PyBullet, GUI: False
CreatureEnv Inicijalizacija: 12 motora. OBS_dim=40, frame_skip=1
[Fitness run Gen4Creature13] reward=1.59±0.06  dist=0.07±0.03  upright=0.04±0.12  → FITNESS=0.0529
URDF saved to being.urdf
Connecting to PyBullet, GUI: False
CreatureEnv Inicijalizacija: 12 motora. OBS_dim=40, frame_skip=1
[Fitness run Gen4Creature14] reward=1.72±0.21  dist=0.00±0.01  upright=0.40±0.18  → FITNESS=0.1054
URDF saved to being.urdf
Connecting to PyBullet, GUI: False
CreatureEnv Inicijalizacija: 12 motora. OBS_dim=40, frame_skip=1
[Fitness run Gen4Creature15] reward=1.65±0.01  dist=0.07±0.04  upright=0.00±0.00  → FITNESS=0.0470
URDF saved to being.urdf
Connecting to PyBullet, GUI: False
CreatureEnv Inicijalizacija: 12 motora. OBS_dim=40, frame_skip=1
[Fitness run Gen4Creature16] reward=1.46±0.03  dist=0.01±0.01  upright=0.01±0.03  → FITNESS=0.0474
URDF saved to being.urdf
Connecting to PyBullet, GUI: False
CreatureEnv Inicijalizacija: 12 motora. OBS_dim=40, frame_skip=1
[Fitness run Gen4Creature17] reward=1.69±0.02  dist=0.01±0.04  upright=0.01±0.02  → FITNESS=0.0471
URDF saved to being.urdf
Connecting to PyBullet, GUI: False
CreatureEnv Inicijalizacija: 12 motora. OBS_dim=40, frame_skip=1
[Fitness run Gen4Creature18] reward=1.49±0.00  dist=0.00±0.00  upright=0.74±0.06  → FITNESS=0.1566
URDF saved to being.urdf
Connecting to PyBullet, GUI: False
CreatureEnv Inicijalizacija: 12 motora. OBS_dim=40, frame_skip=1
[Fitness run Gen4Creature19] reward=1.51±0.01  dist=0.00±0.00  upright=0.01±0.04  → FITNESS=0.0477
URDF saved to being.urdf
Connecting to PyBullet, GUI: False
CreatureEnv Inicijalizacija: 12 motora. OBS_dim=40, frame_skip=1
[Fitness run Gen4Creature21] reward=1.74±0.01  dist=0.01±0.02  upright=0.15±0.05  → FITNESS=0.0678
URDF saved to being.urdf
Connecting to PyBullet, GUI: False
CreatureEnv Inicijalizacija: 12 motora. OBS_dim=40, frame_skip=1
[Fitness run Gen4Creature22] reward=1005.65±334.64  dist=0.00±0.00  upright=0.92±0.24  → FITNESS=0.4119
URDF saved to being.urdf
Connecting to PyBullet, GUI: False
CreatureEnv Inicijalizacija: 12 motora. OBS_dim=40, frame_skip=1
[Fitness run Gen4Creature23] reward=979.51±325.99  dist=0.00±0.00  upright=0.90±0.30  → FITNESS=0.4031
URDF saved to being.urdf
Connecting to PyBullet, GUI: False
CreatureEnv Inicijalizacija: 12 motora. OBS_dim=40, frame_skip=1
[Fitness run Gen4Creature24] reward=954.82±317.69  dist=0.00±0.00  upright=0.90±0.30  → FITNESS=0.3975
URDF saved to being.urdf
Connecting to PyBullet, GUI: False
CreatureEnv Inicijalizacija: 12 motora. OBS_dim=40, frame_skip=1
[Fitness run Gen4Creature25] reward=1.64±0.01  dist=0.00±0.00  upright=0.00±0.00  → FITNESS=0.0458
URDF saved to being.urdf
Connecting to PyBullet, GUI: False
CreatureEnv Inicijalizacija: 12 motora. OBS_dim=40, frame_skip=1
[Fitness run Gen4Creature26] reward=1.54±0.11  dist=0.01±0.01  upright=0.06±0.19  → FITNESS=0.0557
URDF saved to being.urdf
Connecting to PyBullet, GUI: False
CreatureEnv Inicijalizacija: 12 motora. OBS_dim=40, frame_skip=1
[Fitness run Gen4Creature27] reward=1.33±0.00  dist=0.00±0.00  upright=0.00±0.00  → FITNESS=0.0458
URDF saved to being.urdf
Connecting to PyBullet, GUI: False
CreatureEnv Inicijalizacija: 12 motora. OBS_dim=40, frame_skip=1
[Fitness run Gen4Creature28] reward=1.39±0.00  dist=0.03±0.01  upright=0.96±0.13  → FITNESS=0.1899
URDF saved to being.urdf
Connecting to PyBullet, GUI: False
CreatureEnv Inicijalizacija: 12 motora. OBS_dim=40, frame_skip=1
[Fitness run Gen4Creature29] reward=983.27±327.38  dist=0.00±0.01  upright=0.90±0.30  → FITNESS=0.4040

==================================================
Generacija 4/20  |  Best = 0.4307  |  Mean = 0.1639  |  Std = 0.1453
==================================================
URDF saved to being.urdf
Connecting to PyBullet, GUI: False
CreatureEnv Inicijalizacija: 12 motora. OBS_dim=40, frame_skip=1
[Fitness run Gen4Creature2] reward=1.70±0.00  dist=0.00±0.00  upright=0.01±0.03  → FITNESS=0.0474
URDF saved to being.urdf
Connecting to PyBullet, GUI: False
CreatureEnv Inicijalizacija: 12 motora. OBS_dim=40, frame_skip=1
[Fitness run Gen4Creature3] reward=1.45±0.03  dist=0.04±0.02  upright=0.09±0.03  → FITNESS=0.0595
URDF saved to being.urdf
Connecting to PyBullet, GUI: False
CreatureEnv Inicijalizacija: 12 motora. OBS_dim=40, frame_skip=1
[Fitness run Gen4Creature4] reward=1.67±0.00  dist=0.15±0.10  upright=0.00±0.01  → FITNESS=0.0490
URDF saved to being.urdf
Connecting to PyBullet, GUI: False
CreatureEnv Inicijalizacija: 12 motora. OBS_dim=40, frame_skip=1
[Fitness run Gen4Creature5] reward=1.67±0.00  dist=0.15±0.10  upright=0.00±0.01  → FITNESS=0.0490
URDF saved to being.urdf
Connecting to PyBullet, GUI: False
CreatureEnv Inicijalizacija: 12 motora. OBS_dim=40, frame_skip=1
[Fitness run Gen4Creature6] reward=348.00±448.77  dist=0.09±0.05  upright=0.74±0.32  → FITNESS=0.2364
URDF saved to being.urdf
Connecting to PyBullet, GUI: False
CreatureEnv Inicijalizacija: 12 motora. OBS_dim=40, frame_skip=1
[Fitness run Gen4Creature7] reward=1.70±0.06  dist=0.19±0.16  upright=0.00±0.00  → FITNESS=0.0492
URDF saved to being.urdf
Connecting to PyBullet, GUI: False
CreatureEnv Inicijalizacija: 12 motora. OBS_dim=40, frame_skip=1
[Fitness run Gen4Creature8] reward=1.59±0.06  dist=0.13±0.01  upright=0.10±0.04  → FITNESS=0.0626
URDF saved to being.urdf
Connecting to PyBullet, GUI: False
CreatureEnv Inicijalizacija: 12 motora. OBS_dim=40, frame_skip=1
[Fitness run Gen4Creature9] reward=981.53±326.67  dist=0.00±0.01  upright=0.91±0.27  → FITNESS=0.4050
URDF saved to being.urdf
Connecting to PyBullet, GUI: False
CreatureEnv Inicijalizacija: 12 motora. OBS_dim=40, frame_skip=1
[Fitness run Gen4Creature10] reward=314.27±478.28  dist=0.12±0.10  upright=0.71±0.27  → FITNESS=0.2255
URDF saved to being.urdf
Connecting to PyBullet, GUI: False
CreatureEnv Inicijalizacija: 12 motora. OBS_dim=40, frame_skip=1
[Fitness run Gen4Creature11] reward=1.17±0.11  dist=0.00±0.00  upright=0.34±0.11  → FITNESS=0.0965
URDF saved to being.urdf
Connecting to PyBullet, GUI: False
CreatureEnv Inicijalizacija: 12 motora. OBS_dim=40, frame_skip=1
[Fitness run Gen4Creature12] reward=1.73±0.00  dist=0.00±0.00  upright=0.16±0.01  → FITNESS=0.0696
URDF saved to being.urdf
Connecting to PyBullet, GUI: False
CreatureEnv Inicijalizacija: 12 motora. OBS_dim=40, frame_skip=1
[Fitness run Gen4Creature13] reward=1.59±0.06  dist=0.07±0.03  upright=0.04±0.12  → FITNESS=0.0529
URDF saved to being.urdf
Connecting to PyBullet, GUI: False
CreatureEnv Inicijalizacija: 12 motora. OBS_dim=40, frame_skip=1
[Fitness run Gen4Creature14] reward=1.72±0.21  dist=0.00±0.01  upright=0.40±0.18  → FITNESS=0.1054
URDF saved to being.urdf
Connecting to PyBullet, GUI: False
CreatureEnv Inicijalizacija: 12 motora. OBS_dim=40, frame_skip=1
[Fitness run Gen4Creature15] reward=1.65±0.01  dist=0.07±0.04  upright=0.00±0.00  → FITNESS=0.0470
URDF saved to being.urdf
Connecting to PyBullet, GUI: False
CreatureEnv Inicijalizacija: 12 motora. OBS_dim=40, frame_skip=1
[Fitness run Gen4Creature16] reward=1.46±0.03  dist=0.01±0.01  upright=0.01±0.03  → FITNESS=0.0474
URDF saved to being.urdf
Connecting to PyBullet, GUI: False
CreatureEnv Inicijalizacija: 12 motora. OBS_dim=40, frame_skip=1
[Fitness run Gen4Creature17] reward=1.69±0.02  dist=0.01±0.04  upright=0.01±0.02  → FITNESS=0.0471
URDF saved to being.urdf
Connecting to PyBullet, GUI: False
CreatureEnv Inicijalizacija: 12 motora. OBS_dim=40, frame_skip=1
[Fitness run Gen4Creature18] reward=1.49±0.00  dist=0.00±0.00  upright=0.74±0.06  → FITNESS=0.1566
URDF saved to being.urdf
Connecting to PyBullet, GUI: False
CreatureEnv Inicijalizacija: 12 motora. OBS_dim=40, frame_skip=1
[Fitness run Gen4Creature19] reward=1.51±0.01  dist=0.00±0.00  upright=0.01±0.04  → FITNESS=0.0477
URDF saved to being.urdf
Connecting to PyBullet, GUI: False
CreatureEnv Inicijalizacija: 12 motora. OBS_dim=40, frame_skip=1
[Fitness run Gen4Creature21] reward=1.74±0.01  dist=0.01±0.02  upright=0.15±0.05  → FITNESS=0.0678
URDF saved to being.urdf
Connecting to PyBullet, GUI: False
CreatureEnv Inicijalizacija: 12 motora. OBS_dim=40, frame_skip=1
[Fitness run Gen4Creature22] reward=1005.65±334.64  dist=0.00±0.00  upright=0.92±0.24  → FITNESS=0.4119
URDF saved to being.urdf
Connecting to PyBullet, GUI: False
CreatureEnv Inicijalizacija: 12 motora. OBS_dim=40, frame_skip=1
[Fitness run Gen4Creature23] reward=979.51±325.99  dist=0.00±0.00  upright=0.90±0.30  → FITNESS=0.4031
URDF saved to being.urdf
Connecting to PyBullet, GUI: False
CreatureEnv Inicijalizacija: 12 motora. OBS_dim=40, frame_skip=1
[Fitness run Gen4Creature24] reward=954.82±317.69  dist=0.00±0.00  upright=0.90±0.30  → FITNESS=0.3975
URDF saved to being.urdf
Connecting to PyBullet, GUI: False
CreatureEnv Inicijalizacija: 12 motora. OBS_dim=40, frame_skip=1
[Fitness run Gen4Creature25] reward=1.64±0.01  dist=0.00±0.00  upright=0.00±0.00  → FITNESS=0.0458
URDF saved to being.urdf
Connecting to PyBullet, GUI: False
CreatureEnv Inicijalizacija: 12 motora. OBS_dim=40, frame_skip=1
[Fitness run Gen4Creature26] reward=1.54±0.11  dist=0.01±0.01  upright=0.06±0.19  → FITNESS=0.0557
URDF saved to being.urdf
Connecting to PyBullet, GUI: False
CreatureEnv Inicijalizacija: 12 motora. OBS_dim=40, frame_skip=1
[Fitness run Gen4Creature27] reward=1.33±0.00  dist=0.00±0.00  upright=0.00±0.00  → FITNESS=0.0458
URDF saved to being.urdf
Connecting to PyBullet, GUI: False
CreatureEnv Inicijalizacija: 12 motora. OBS_dim=40, frame_skip=1
[Fitness run Gen4Creature28] reward=1.39±0.00  dist=0.03±0.01  upright=0.96±0.13  → FITNESS=0.1899
URDF saved to being.urdf
Connecting to PyBullet, GUI: False
CreatureEnv Inicijalizacija: 12 motora. OBS_dim=40, frame_skip=1
[Fitness run Gen4Creature29] reward=983.27±327.38  dist=0.00±0.01  upright=0.90±0.30  → FITNESS=0.4040
Genome saved to results\rewardBased500Steps1Seed\run_4\run_4_best_creature.json
[plot] Saved → ./results\rewardBased500Steps1Seed\run_4\run_4_summary.png
URDF saved to being.urdf
Connecting to PyBullet, GUI: False
CreatureEnv Inicijalizacija: 12 motora. OBS_dim=40, frame_skip=1
[Fitness run Gen5Creature2] reward=1.73±0.00  dist=0.00±0.00  upright=0.00±0.00  → FITNESS=0.0458
URDF saved to being.urdf
Connecting to PyBullet, GUI: False
CreatureEnv Inicijalizacija: 12 motora. OBS_dim=40, frame_skip=1
[Fitness run Gen5Creature3] reward=1.77±0.02  dist=0.00±0.00  upright=0.38±0.12  → FITNESS=0.1035
URDF saved to being.urdf
Connecting to PyBullet, GUI: False
CreatureEnv Inicijalizacija: 12 motora. OBS_dim=40, frame_skip=1
[Fitness run Gen5Creature4] reward=1.81±0.21  dist=0.00±0.00  upright=0.12±0.27  → FITNESS=0.0643
URDF saved to being.urdf
Connecting to PyBullet, GUI: False
CreatureEnv Inicijalizacija: 12 motora. OBS_dim=40, frame_skip=1
[Fitness run Gen5Creature5] reward=1.49±0.02  dist=0.00±0.01  upright=0.68±0.23  → FITNESS=0.1479
URDF saved to being.urdf
Connecting to PyBullet, GUI: False
CreatureEnv Inicijalizacija: 12 motora. OBS_dim=40, frame_skip=1
[Fitness run Gen5Creature6] reward=1.45±0.01  dist=0.00±0.00  upright=0.15±0.07  → FITNESS=0.0676
URDF saved to being.urdf
Connecting to PyBullet, GUI: False
CreatureEnv Inicijalizacija: 12 motora. OBS_dim=40, frame_skip=1
[Fitness run Gen5Creature7] reward=1.53±0.02  dist=0.00±0.00  upright=0.46±0.04  → FITNESS=0.1145
URDF saved to being.urdf
Connecting to PyBullet, GUI: False
CreatureEnv Inicijalizacija: 12 motora. OBS_dim=40, frame_skip=1
[Fitness run Gen5Creature8] reward=1.53±0.00  dist=0.01±0.00  upright=0.09±0.03  → FITNESS=0.0596
URDF saved to being.urdf
Connecting to PyBullet, GUI: False
CreatureEnv Inicijalizacija: 12 motora. OBS_dim=40, frame_skip=1
[Fitness run Gen5Creature9] reward=981.53±326.67  dist=0.00±0.01  upright=0.91±0.27  → FITNESS=0.4050
URDF saved to being.urdf
Connecting to PyBullet, GUI: False
CreatureEnv Inicijalizacija: 12 motora. OBS_dim=40, frame_skip=1
[Fitness run Gen5Creature10] reward=1.64±0.08  dist=0.16±0.10  upright=0.18±0.04  → FITNESS=0.0758
URDF saved to being.urdf
Connecting to PyBullet, GUI: False
CreatureEnv Inicijalizacija: 12 motora. OBS_dim=40, frame_skip=1
[Fitness run Gen5Creature11] reward=1.56±0.14  dist=0.00±0.00  upright=0.14±0.05  → FITNESS=0.0666
URDF saved to being.urdf
Connecting to PyBullet, GUI: False
CreatureEnv Inicijalizacija: 12 motora. OBS_dim=40, frame_skip=1
[Fitness run Gen5Creature12] reward=1.78±0.08  dist=0.00±0.00  upright=0.10±0.30  → FITNESS=0.0609
URDF saved to being.urdf
Connecting to PyBullet, GUI: False
CreatureEnv Inicijalizacija: 12 motora. OBS_dim=40, frame_skip=1
[Fitness run Gen5Creature13] reward=1.74±0.01  dist=0.03±0.01  upright=0.03±0.08  → FITNESS=0.0502
URDF saved to being.urdf
Connecting to PyBullet, GUI: False
CreatureEnv Inicijalizacija: 12 motora. OBS_dim=40, frame_skip=1
[Fitness run Gen5Creature14] reward=1.72±0.21  dist=0.00±0.01  upright=0.40±0.18  → FITNESS=0.1054
URDF saved to being.urdf
Connecting to PyBullet, GUI: False
CreatureEnv Inicijalizacija: 12 motora. OBS_dim=40, frame_skip=1
[Fitness run Gen5Creature15] reward=1.43±0.02  dist=0.02±0.01  upright=0.20±0.04  → FITNESS=0.0766
URDF saved to being.urdf
Connecting to PyBullet, GUI: False
CreatureEnv Inicijalizacija: 12 motora. OBS_dim=40, frame_skip=1
[Fitness run Gen5Creature16] reward=1.42±0.13  dist=0.00±0.00  upright=0.05±0.15  → FITNESS=0.0535
URDF saved to being.urdf
Connecting to PyBullet, GUI: False
CreatureEnv Inicijalizacija: 12 motora. OBS_dim=40, frame_skip=1
[Fitness run Gen5Creature17] reward=988.59±313.98  dist=0.00±0.01  upright=1.00±0.01  → FITNESS=0.4199
URDF saved to being.urdf
Connecting to PyBullet, GUI: False
CreatureEnv Inicijalizacija: 12 motora. OBS_dim=40, frame_skip=1
[Fitness run Gen5Creature18] reward=1.68±0.00  dist=0.00±0.01  upright=0.09±0.02  → FITNESS=0.0595
URDF saved to being.urdf
Connecting to PyBullet, GUI: False
CreatureEnv Inicijalizacija: 12 motora. OBS_dim=40, frame_skip=1
[Fitness run Gen5Creature19] reward=1.54±0.04  dist=0.02±0.01  upright=0.03±0.09  → FITNESS=0.0505
URDF saved to being.urdf
Connecting to PyBullet, GUI: False
CreatureEnv Inicijalizacija: 12 motora. OBS_dim=40, frame_skip=1
[Fitness run Gen5Creature20] reward=977.32±325.29  dist=0.00±0.00  upright=0.91±0.28  → FITNESS=0.4036
URDF saved to being.urdf
Connecting to PyBullet, GUI: False
CreatureEnv Inicijalizacija: 12 motora. OBS_dim=40, frame_skip=1
[Fitness run Gen5Creature21] reward=1.74±0.03  dist=0.25±0.09  upright=0.29±0.10  → FITNESS=0.0937
URDF saved to being.urdf
Connecting to PyBullet, GUI: False
CreatureEnv Inicijalizacija: 12 motora. OBS_dim=40, frame_skip=1
[Fitness run Gen5Creature22] reward=960.36±319.53  dist=0.00±0.00  upright=0.91±0.28  → FITNESS=0.3997
URDF saved to being.urdf
Connecting to PyBullet, GUI: False
CreatureEnv Inicijalizacija: 12 motora. OBS_dim=40, frame_skip=1
[Fitness run Gen5Creature23] reward=970.70±323.08  dist=0.00±0.00  upright=0.92±0.24  → FITNESS=0.4040
URDF saved to being.urdf
Connecting to PyBullet, GUI: False
CreatureEnv Inicijalizacija: 12 motora. OBS_dim=40, frame_skip=1
[Fitness run Gen5Creature24] reward=954.82±317.69  dist=0.00±0.00  upright=0.90±0.30  → FITNESS=0.3975
URDF saved to being.urdf
Connecting to PyBullet, GUI: False
CreatureEnv Inicijalizacija: 12 motora. OBS_dim=40, frame_skip=1
[Fitness run Gen5Creature25] reward=1.45±0.00  dist=0.03±0.01  upright=0.88±0.30  → FITNESS=0.1779
URDF saved to being.urdf
Connecting to PyBullet, GUI: False
CreatureEnv Inicijalizacija: 12 motora. OBS_dim=40, frame_skip=1
[Fitness run Gen5Creature26] reward=1.56±0.04  dist=0.01±0.00  upright=0.90±0.30  → FITNESS=0.1810
URDF saved to being.urdf
Connecting to PyBullet, GUI: False
CreatureEnv Inicijalizacija: 12 motora. OBS_dim=40, frame_skip=1
[Fitness run Gen5Creature27] reward=1.56±0.00  dist=0.01±0.04  upright=0.00±0.01  → FITNESS=0.0465
URDF saved to being.urdf
Connecting to PyBullet, GUI: False
CreatureEnv Inicijalizacija: 12 motora. OBS_dim=40, frame_skip=1
[Fitness run Gen5Creature28] reward=1.74±0.00  dist=0.07±0.03  upright=0.23±0.08  → FITNESS=0.0815
URDF saved to being.urdf
Connecting to PyBullet, GUI: False
CreatureEnv Inicijalizacija: 12 motora. OBS_dim=40, frame_skip=1
[Fitness run Gen5Creature29] reward=991.06±329.87  dist=0.00±0.00  upright=0.90±0.30  → FITNESS=0.4057

==================================================
Generacija 5/20  |  Best = 0.4307  |  Mean = 0.1820  |  Std = 0.1521
==================================================
URDF saved to being.urdf
Connecting to PyBullet, GUI: False
CreatureEnv Inicijalizacija: 12 motora. OBS_dim=40, frame_skip=1
[Fitness run Gen5Creature2] reward=1.73±0.00  dist=0.00±0.00  upright=0.00±0.00  → FITNESS=0.0458
URDF saved to being.urdf
Connecting to PyBullet, GUI: False
CreatureEnv Inicijalizacija: 12 motora. OBS_dim=40, frame_skip=1
[Fitness run Gen5Creature3] reward=1.77±0.02  dist=0.00±0.00  upright=0.38±0.12  → FITNESS=0.1035
URDF saved to being.urdf
Connecting to PyBullet, GUI: False
CreatureEnv Inicijalizacija: 12 motora. OBS_dim=40, frame_skip=1
[Fitness run Gen5Creature4] reward=1.81±0.21  dist=0.00±0.00  upright=0.12±0.27  → FITNESS=0.0643
URDF saved to being.urdf
Connecting to PyBullet, GUI: False
CreatureEnv Inicijalizacija: 12 motora. OBS_dim=40, frame_skip=1
[Fitness run Gen5Creature5] reward=1.49±0.02  dist=0.00±0.01  upright=0.68±0.23  → FITNESS=0.1479
URDF saved to being.urdf
Connecting to PyBullet, GUI: False
CreatureEnv Inicijalizacija: 12 motora. OBS_dim=40, frame_skip=1
[Fitness run Gen5Creature6] reward=1.45±0.01  dist=0.00±0.00  upright=0.15±0.07  → FITNESS=0.0676
URDF saved to being.urdf
Connecting to PyBullet, GUI: False
CreatureEnv Inicijalizacija: 12 motora. OBS_dim=40, frame_skip=1
[Fitness run Gen5Creature7] reward=1.53±0.02  dist=0.00±0.00  upright=0.46±0.04  → FITNESS=0.1145
URDF saved to being.urdf
Connecting to PyBullet, GUI: False
CreatureEnv Inicijalizacija: 12 motora. OBS_dim=40, frame_skip=1
[Fitness run Gen5Creature8] reward=1.53±0.00  dist=0.01±0.00  upright=0.09±0.03  → FITNESS=0.0596
URDF saved to being.urdf
Connecting to PyBullet, GUI: False
CreatureEnv Inicijalizacija: 12 motora. OBS_dim=40, frame_skip=1
[Fitness run Gen5Creature9] reward=981.53±326.67  dist=0.00±0.01  upright=0.91±0.27  → FITNESS=0.4050
URDF saved to being.urdf
Connecting to PyBullet, GUI: False
CreatureEnv Inicijalizacija: 12 motora. OBS_dim=40, frame_skip=1
[Fitness run Gen5Creature10] reward=1.64±0.08  dist=0.16±0.10  upright=0.18±0.04  → FITNESS=0.0758
URDF saved to being.urdf
Connecting to PyBullet, GUI: False
CreatureEnv Inicijalizacija: 12 motora. OBS_dim=40, frame_skip=1
[Fitness run Gen5Creature11] reward=1.56±0.14  dist=0.00±0.00  upright=0.14±0.05  → FITNESS=0.0666
URDF saved to being.urdf
Connecting to PyBullet, GUI: False
CreatureEnv Inicijalizacija: 12 motora. OBS_dim=40, frame_skip=1
[Fitness run Gen5Creature12] reward=1.78±0.08  dist=0.00±0.00  upright=0.10±0.30  → FITNESS=0.0609
URDF saved to being.urdf
Connecting to PyBullet, GUI: False
CreatureEnv Inicijalizacija: 12 motora. OBS_dim=40, frame_skip=1
[Fitness run Gen5Creature13] reward=1.74±0.01  dist=0.03±0.01  upright=0.03±0.08  → FITNESS=0.0502
URDF saved to being.urdf
Connecting to PyBullet, GUI: False
CreatureEnv Inicijalizacija: 12 motora. OBS_dim=40, frame_skip=1
[Fitness run Gen5Creature14] reward=1.72±0.21  dist=0.00±0.01  upright=0.40±0.18  → FITNESS=0.1054
URDF saved to being.urdf
Connecting to PyBullet, GUI: False
CreatureEnv Inicijalizacija: 12 motora. OBS_dim=40, frame_skip=1
[Fitness run Gen5Creature15] reward=1.43±0.02  dist=0.02±0.01  upright=0.20±0.04  → FITNESS=0.0766
URDF saved to being.urdf
Connecting to PyBullet, GUI: False
CreatureEnv Inicijalizacija: 12 motora. OBS_dim=40, frame_skip=1
[Fitness run Gen5Creature16] reward=1.42±0.13  dist=0.00±0.00  upright=0.05±0.15  → FITNESS=0.0535
URDF saved to being.urdf
Connecting to PyBullet, GUI: False
CreatureEnv Inicijalizacija: 12 motora. OBS_dim=40, frame_skip=1
[Fitness run Gen5Creature17] reward=988.59±313.98  dist=0.00±0.01  upright=1.00±0.01  → FITNESS=0.4199
URDF saved to being.urdf
Connecting to PyBullet, GUI: False
CreatureEnv Inicijalizacija: 12 motora. OBS_dim=40, frame_skip=1
[Fitness run Gen5Creature18] reward=1.68±0.00  dist=0.00±0.01  upright=0.09±0.02  → FITNESS=0.0595
URDF saved to being.urdf
Connecting to PyBullet, GUI: False
CreatureEnv Inicijalizacija: 12 motora. OBS_dim=40, frame_skip=1
[Fitness run Gen5Creature19] reward=1.54±0.04  dist=0.02±0.01  upright=0.03±0.09  → FITNESS=0.0505
URDF saved to being.urdf
Connecting to PyBullet, GUI: False
CreatureEnv Inicijalizacija: 12 motora. OBS_dim=40, frame_skip=1
[Fitness run Gen5Creature20] reward=977.32±325.29  dist=0.00±0.00  upright=0.91±0.28  → FITNESS=0.4036
URDF saved to being.urdf
Connecting to PyBullet, GUI: False
CreatureEnv Inicijalizacija: 12 motora. OBS_dim=40, frame_skip=1
[Fitness run Gen5Creature21] reward=1.74±0.03  dist=0.25±0.09  upright=0.29±0.10  → FITNESS=0.0937
URDF saved to being.urdf
Connecting to PyBullet, GUI: False
CreatureEnv Inicijalizacija: 12 motora. OBS_dim=40, frame_skip=1
[Fitness run Gen5Creature22] reward=960.36±319.53  dist=0.00±0.00  upright=0.91±0.28  → FITNESS=0.3997
URDF saved to being.urdf
Connecting to PyBullet, GUI: False
CreatureEnv Inicijalizacija: 12 motora. OBS_dim=40, frame_skip=1
[Fitness run Gen5Creature23] reward=970.70±323.08  dist=0.00±0.00  upright=0.92±0.24  → FITNESS=0.4040
URDF saved to being.urdf
Connecting to PyBullet, GUI: False
CreatureEnv Inicijalizacija: 12 motora. OBS_dim=40, frame_skip=1
[Fitness run Gen5Creature24] reward=954.82±317.69  dist=0.00±0.00  upright=0.90±0.30  → FITNESS=0.3975
URDF saved to being.urdf
Connecting to PyBullet, GUI: False
CreatureEnv Inicijalizacija: 12 motora. OBS_dim=40, frame_skip=1
[Fitness run Gen5Creature25] reward=1.45±0.00  dist=0.03±0.01  upright=0.88±0.30  → FITNESS=0.1779
URDF saved to being.urdf
Connecting to PyBullet, GUI: False
CreatureEnv Inicijalizacija: 12 motora. OBS_dim=40, frame_skip=1
[Fitness run Gen5Creature26] reward=1.56±0.04  dist=0.01±0.00  upright=0.90±0.30  → FITNESS=0.1810
URDF saved to being.urdf
Connecting to PyBullet, GUI: False
CreatureEnv Inicijalizacija: 12 motora. OBS_dim=40, frame_skip=1
[Fitness run Gen5Creature27] reward=1.56±0.00  dist=0.01±0.04  upright=0.00±0.01  → FITNESS=0.0465
URDF saved to being.urdf
Connecting to PyBullet, GUI: False
CreatureEnv Inicijalizacija: 12 motora. OBS_dim=40, frame_skip=1
[Fitness run Gen5Creature28] reward=1.74±0.00  dist=0.07±0.03  upright=0.23±0.08  → FITNESS=0.0815
URDF saved to being.urdf
Connecting to PyBullet, GUI: False
CreatureEnv Inicijalizacija: 12 motora. OBS_dim=40, frame_skip=1
[Fitness run Gen5Creature29] reward=991.06±329.87  dist=0.00±0.00  upright=0.90±0.30  → FITNESS=0.4057
Genome saved to results\rewardBased500Steps1Seed\run_4\run_4_best_creature.json
[plot] Saved → ./results\rewardBased500Steps1Seed\run_4\run_4_summary.png
URDF saved to being.urdf
Connecting to PyBullet, GUI: False
CreatureEnv Inicijalizacija: 12 motora. OBS_dim=40, frame_skip=1
[Fitness run Gen6Creature2] reward=1.62±0.02  dist=0.01±0.01  upright=0.07±0.03  → FITNESS=0.0571
URDF saved to being.urdf
Connecting to PyBullet, GUI: False
CreatureEnv Inicijalizacija: 12 motora. OBS_dim=40, frame_skip=1
[Fitness run Gen6Creature3] reward=1.58±0.02  dist=0.01±0.01  upright=0.23±0.08  → FITNESS=0.0809
URDF saved to being.urdf
Connecting to PyBullet, GUI: False
CreatureEnv Inicijalizacija: 12 motora. OBS_dim=40, frame_skip=1
[Fitness run Gen6Creature4] reward=1.73±0.12  dist=0.00±0.00  upright=0.40±0.08  → FITNESS=0.1054
URDF saved to being.urdf
Connecting to PyBullet, GUI: False
CreatureEnv Inicijalizacija: 12 motora. OBS_dim=40, frame_skip=1
[Fitness run Gen6Creature5] reward=1.49±0.01  dist=0.01±0.02  upright=0.90±0.30  → FITNESS=0.1809
URDF saved to being.urdf
Connecting to PyBullet, GUI: False
CreatureEnv Inicijalizacija: 12 motora. OBS_dim=40, frame_skip=1
[Fitness run Gen6Creature6] reward=1.77±0.10  dist=0.00±0.00  upright=0.15±0.26  → FITNESS=0.0676
URDF saved to being.urdf
Connecting to PyBullet, GUI: False
CreatureEnv Inicijalizacija: 12 motora. OBS_dim=40, frame_skip=1
[Fitness run Gen6Creature7] reward=1073.81±7.68  dist=0.00±0.00  upright=1.00±0.00  → FITNESS=0.4395
URDF saved to being.urdf
Connecting to PyBullet, GUI: False
CreatureEnv Inicijalizacija: 12 motora. OBS_dim=40, frame_skip=1
[Fitness run Gen6Creature8] reward=1.62±0.00  dist=0.01±0.02  upright=0.21±0.04  → FITNESS=0.0779
URDF saved to being.urdf
Connecting to PyBullet, GUI: False
CreatureEnv Inicijalizacija: 12 motora. OBS_dim=40, frame_skip=1
[Fitness run Gen6Creature9] reward=1.58±0.01  dist=0.04±0.02  upright=0.12±0.04  → FITNESS=0.0639
URDF saved to being.urdf
Connecting to PyBullet, GUI: False
CreatureEnv Inicijalizacija: 12 motora. OBS_dim=40, frame_skip=1
[Fitness run Gen6Creature10] reward=1.71±0.37  dist=0.00±0.00  upright=0.35±0.10  → FITNESS=0.0976
URDF saved to being.urdf
Connecting to PyBullet, GUI: False
CreatureEnv Inicijalizacija: 12 motora. OBS_dim=40, frame_skip=1
[Fitness run Gen6Creature11] reward=936.90±311.88  dist=0.00±0.00  upright=0.91±0.28  → FITNESS=0.3944
URDF saved to being.urdf
Connecting to PyBullet, GUI: False
CreatureEnv Inicijalizacija: 12 motora. OBS_dim=40, frame_skip=1
[Fitness run Gen6Creature12] reward=1.64±0.01  dist=0.16±0.09  upright=0.02±0.06  → FITNESS=0.0515
URDF saved to being.urdf
Connecting to PyBullet, GUI: False
CreatureEnv Inicijalizacija: 12 motora. OBS_dim=40, frame_skip=1
[Fitness run Gen6Creature13] reward=1.70±0.00  dist=0.00±0.00  upright=0.02±0.06  → FITNESS=0.0487
URDF saved to being.urdf
Connecting to PyBullet, GUI: False
CreatureEnv Inicijalizacija: 12 motora. OBS_dim=40, frame_skip=1
[Fitness run Gen6Creature14] reward=1.78±0.11  dist=0.00±0.00  upright=0.06±0.00  → FITNESS=0.0555
URDF saved to being.urdf
Connecting to PyBullet, GUI: False
CreatureEnv Inicijalizacija: 12 motora. OBS_dim=40, frame_skip=1
[Fitness run Gen6Creature15] reward=1.46±0.00  dist=0.02±0.04  upright=0.15±0.04  → FITNESS=0.0684
URDF saved to being.urdf
Connecting to PyBullet, GUI: False
CreatureEnv Inicijalizacija: 12 motora. OBS_dim=40, frame_skip=1
[Fitness run Gen6Creature16] reward=1.76±0.01  dist=0.00±0.00  upright=0.00±0.00  → FITNESS=0.0459
URDF saved to being.urdf
Connecting to PyBullet, GUI: False
CreatureEnv Inicijalizacija: 12 motora. OBS_dim=40, frame_skip=1
[Fitness run Gen6Creature17] reward=999.31±332.60  dist=0.04±0.09  upright=0.91±0.26  → FITNESS=0.4102
URDF saved to being.urdf
Connecting to PyBullet, GUI: False
CreatureEnv Inicijalizacija: 12 motora. OBS_dim=40, frame_skip=1
[Fitness run Gen6Creature18] reward=1.61±0.00  dist=0.11±0.01  upright=0.16±0.01  → FITNESS=0.0714
URDF saved to being.urdf
Connecting to PyBullet, GUI: False
CreatureEnv Inicijalizacija: 12 motora. OBS_dim=40, frame_skip=1
[Fitness run Gen6Creature19] reward=1.74±0.02  dist=0.00±0.00  upright=0.20±0.05  → FITNESS=0.0754
URDF saved to being.urdf
Connecting to PyBullet, GUI: False
CreatureEnv Inicijalizacija: 12 motora. OBS_dim=40, frame_skip=1
[Fitness run Gen6Creature20] reward=1005.65±334.64  dist=0.00±0.00  upright=0.92±0.24  → FITNESS=0.4119
URDF saved to being.urdf
Connecting to PyBullet, GUI: False
CreatureEnv Inicijalizacija: 12 motora. OBS_dim=40, frame_skip=1
[Fitness run Gen6Creature21] reward=1.63±0.01  dist=0.00±0.00  upright=0.15±0.05  → FITNESS=0.0676
URDF saved to being.urdf
Connecting to PyBullet, GUI: False
CreatureEnv Inicijalizacija: 12 motora. OBS_dim=40, frame_skip=1
[Fitness run Gen6Creature22] reward=989.08±329.20  dist=0.01±0.01  upright=0.90±0.30  → FITNESS=0.4055
URDF saved to being.urdf
Connecting to PyBullet, GUI: False
CreatureEnv Inicijalizacija: 12 motora. OBS_dim=40, frame_skip=1
[Fitness run Gen6Creature23] reward=969.65±322.66  dist=0.00±0.00  upright=0.90±0.30  → FITNESS=0.4008
URDF saved to being.urdf
Connecting to PyBullet, GUI: False
CreatureEnv Inicijalizacija: 12 motora. OBS_dim=40, frame_skip=1
[Fitness run Gen6Creature24] reward=997.63±331.98  dist=0.03±0.07  upright=0.90±0.30  → FITNESS=0.4076
URDF saved to being.urdf
Connecting to PyBullet, GUI: False
CreatureEnv Inicijalizacija: 12 motora. OBS_dim=40, frame_skip=1
[Fitness run Gen6Creature25] reward=1.43±0.01  dist=0.03±0.01  upright=0.77±0.26  → FITNESS=0.1625
URDF saved to being.urdf
Connecting to PyBullet, GUI: False
CreatureEnv Inicijalizacija: 12 motora. OBS_dim=40, frame_skip=1
[Fitness run Gen6Creature26] reward=1.55±0.06  dist=0.13±0.04  upright=0.90±0.30  → FITNESS=0.1830
URDF saved to being.urdf
Connecting to PyBullet, GUI: False
CreatureEnv Inicijalizacija: 12 motora. OBS_dim=40, frame_skip=1
[Fitness run Gen6Creature27] reward=1.40±0.04  dist=0.00±0.00  upright=0.06±0.02  → FITNESS=0.0545
URDF saved to being.urdf
Connecting to PyBullet, GUI: False
CreatureEnv Inicijalizacija: 12 motora. OBS_dim=40, frame_skip=1
[Fitness run Gen6Creature28] reward=1.80±0.04  dist=0.07±0.03  upright=0.91±0.27  → FITNESS=0.1836
URDF saved to being.urdf
Connecting to PyBullet, GUI: False
CreatureEnv Inicijalizacija: 12 motora. OBS_dim=40, frame_skip=1
[Fitness run Gen6Creature29] reward=1.73±0.00  dist=0.00±0.00  upright=0.52±0.11  → FITNESS=0.1233

==================================================
Generacija 6/20  |  Best = 0.4395  |  Mean = 0.1881  |  Std = 0.1525
==================================================
URDF saved to being.urdf
Connecting to PyBullet, GUI: False
CreatureEnv Inicijalizacija: 12 motora. OBS_dim=40, frame_skip=1
[Fitness run Gen6Creature2] reward=1.62±0.02  dist=0.01±0.01  upright=0.07±0.03  → FITNESS=0.0571
URDF saved to being.urdf
Connecting to PyBullet, GUI: False
CreatureEnv Inicijalizacija: 12 motora. OBS_dim=40, frame_skip=1
[Fitness run Gen6Creature3] reward=1.58±0.02  dist=0.01±0.01  upright=0.23±0.08  → FITNESS=0.0809
URDF saved to being.urdf
Connecting to PyBullet, GUI: False
CreatureEnv Inicijalizacija: 12 motora. OBS_dim=40, frame_skip=1
[Fitness run Gen6Creature4] reward=1.73±0.12  dist=0.00±0.00  upright=0.40±0.08  → FITNESS=0.1054
URDF saved to being.urdf
Connecting to PyBullet, GUI: False
CreatureEnv Inicijalizacija: 12 motora. OBS_dim=40, frame_skip=1
[Fitness run Gen6Creature5] reward=1.49±0.01  dist=0.01±0.02  upright=0.90±0.30  → FITNESS=0.1809
URDF saved to being.urdf
Connecting to PyBullet, GUI: False
CreatureEnv Inicijalizacija: 12 motora. OBS_dim=40, frame_skip=1
[Fitness run Gen6Creature6] reward=1.77±0.10  dist=0.00±0.00  upright=0.15±0.26  → FITNESS=0.0676
URDF saved to being.urdf
Connecting to PyBullet, GUI: False
CreatureEnv Inicijalizacija: 12 motora. OBS_dim=40, frame_skip=1
[Fitness run Gen6Creature7] reward=1073.81±7.68  dist=0.00±0.00  upright=1.00±0.00  → FITNESS=0.4395
URDF saved to being.urdf
Connecting to PyBullet, GUI: False
CreatureEnv Inicijalizacija: 12 motora. OBS_dim=40, frame_skip=1
[Fitness run Gen6Creature8] reward=1.62±0.00  dist=0.01±0.02  upright=0.21±0.04  → FITNESS=0.0779
URDF saved to being.urdf
Connecting to PyBullet, GUI: False
CreatureEnv Inicijalizacija: 12 motora. OBS_dim=40, frame_skip=1
[Fitness run Gen6Creature9] reward=1.58±0.01  dist=0.04±0.02  upright=0.12±0.04  → FITNESS=0.0639
URDF saved to being.urdf
Connecting to PyBullet, GUI: False
CreatureEnv Inicijalizacija: 12 motora. OBS_dim=40, frame_skip=1
[Fitness run Gen6Creature10] reward=1.71±0.37  dist=0.00±0.00  upright=0.35±0.10  → FITNESS=0.0976
URDF saved to being.urdf
Connecting to PyBullet, GUI: False
CreatureEnv Inicijalizacija: 12 motora. OBS_dim=40, frame_skip=1
[Fitness run Gen6Creature11] reward=936.90±311.88  dist=0.00±0.00  upright=0.91±0.28  → FITNESS=0.3944
URDF saved to being.urdf
Connecting to PyBullet, GUI: False
CreatureEnv Inicijalizacija: 12 motora. OBS_dim=40, frame_skip=1
[Fitness run Gen6Creature12] reward=1.64±0.01  dist=0.16±0.09  upright=0.02±0.06  → FITNESS=0.0515
URDF saved to being.urdf
Connecting to PyBullet, GUI: False
CreatureEnv Inicijalizacija: 12 motora. OBS_dim=40, frame_skip=1
[Fitness run Gen6Creature13] reward=1.70±0.00  dist=0.00±0.00  upright=0.02±0.06  → FITNESS=0.0487
URDF saved to being.urdf
Connecting to PyBullet, GUI: False
CreatureEnv Inicijalizacija: 12 motora. OBS_dim=40, frame_skip=1
[Fitness run Gen6Creature14] reward=1.78±0.11  dist=0.00±0.00  upright=0.06±0.00  → FITNESS=0.0555
URDF saved to being.urdf
Connecting to PyBullet, GUI: False
CreatureEnv Inicijalizacija: 12 motora. OBS_dim=40, frame_skip=1
[Fitness run Gen6Creature15] reward=1.46±0.00  dist=0.02±0.04  upright=0.15±0.04  → FITNESS=0.0684
URDF saved to being.urdf
Connecting to PyBullet, GUI: False
CreatureEnv Inicijalizacija: 12 motora. OBS_dim=40, frame_skip=1
[Fitness run Gen6Creature16] reward=1.76±0.01  dist=0.00±0.00  upright=0.00±0.00  → FITNESS=0.0459
URDF saved to being.urdf
Connecting to PyBullet, GUI: False
CreatureEnv Inicijalizacija: 12 motora. OBS_dim=40, frame_skip=1
[Fitness run Gen6Creature17] reward=999.31±332.60  dist=0.04±0.09  upright=0.91±0.26  → FITNESS=0.4102
URDF saved to being.urdf
Connecting to PyBullet, GUI: False
CreatureEnv Inicijalizacija: 12 motora. OBS_dim=40, frame_skip=1
[Fitness run Gen6Creature18] reward=1.61±0.00  dist=0.11±0.01  upright=0.16±0.01  → FITNESS=0.0714
URDF saved to being.urdf
Connecting to PyBullet, GUI: False
CreatureEnv Inicijalizacija: 12 motora. OBS_dim=40, frame_skip=1
[Fitness run Gen6Creature19] reward=1.74±0.02  dist=0.00±0.00  upright=0.20±0.05  → FITNESS=0.0754
URDF saved to being.urdf
Connecting to PyBullet, GUI: False
CreatureEnv Inicijalizacija: 12 motora. OBS_dim=40, frame_skip=1
[Fitness run Gen6Creature20] reward=1005.65±334.64  dist=0.00±0.00  upright=0.92±0.24  → FITNESS=0.4119
URDF saved to being.urdf
Connecting to PyBullet, GUI: False
CreatureEnv Inicijalizacija: 12 motora. OBS_dim=40, frame_skip=1
[Fitness run Gen6Creature21] reward=1.63±0.01  dist=0.00±0.00  upright=0.15±0.05  → FITNESS=0.0676
URDF saved to being.urdf
Connecting to PyBullet, GUI: False
CreatureEnv Inicijalizacija: 12 motora. OBS_dim=40, frame_skip=1
[Fitness run Gen6Creature22] reward=989.08±329.20  dist=0.01±0.01  upright=0.90±0.30  → FITNESS=0.4055
URDF saved to being.urdf
Connecting to PyBullet, GUI: False
CreatureEnv Inicijalizacija: 12 motora. OBS_dim=40, frame_skip=1
[Fitness run Gen6Creature23] reward=969.65±322.66  dist=0.00±0.00  upright=0.90±0.30  → FITNESS=0.4008
URDF saved to being.urdf
Connecting to PyBullet, GUI: False
CreatureEnv Inicijalizacija: 12 motora. OBS_dim=40, frame_skip=1
[Fitness run Gen6Creature24] reward=997.63±331.98  dist=0.03±0.07  upright=0.90±0.30  → FITNESS=0.4076
URDF saved to being.urdf
Connecting to PyBullet, GUI: False
CreatureEnv Inicijalizacija: 12 motora. OBS_dim=40, frame_skip=1
[Fitness run Gen6Creature25] reward=1.43±0.01  dist=0.03±0.01  upright=0.77±0.26  → FITNESS=0.1625
URDF saved to being.urdf
Connecting to PyBullet, GUI: False
CreatureEnv Inicijalizacija: 12 motora. OBS_dim=40, frame_skip=1
[Fitness run Gen6Creature26] reward=1.55±0.06  dist=0.13±0.04  upright=0.90±0.30  → FITNESS=0.1830
URDF saved to being.urdf
Connecting to PyBullet, GUI: False
CreatureEnv Inicijalizacija: 12 motora. OBS_dim=40, frame_skip=1
[Fitness run Gen6Creature27] reward=1.40±0.04  dist=0.00±0.00  upright=0.06±0.02  → FITNESS=0.0545
URDF saved to being.urdf
Connecting to PyBullet, GUI: False
CreatureEnv Inicijalizacija: 12 motora. OBS_dim=40, frame_skip=1
[Fitness run Gen6Creature28] reward=1.80±0.04  dist=0.07±0.03  upright=0.91±0.27  → FITNESS=0.1836
URDF saved to being.urdf
Connecting to PyBullet, GUI: False
CreatureEnv Inicijalizacija: 12 motora. OBS_dim=40, frame_skip=1
[Fitness run Gen6Creature29] reward=1.73±0.00  dist=0.00±0.00  upright=0.52±0.11  → FITNESS=0.1233
Genome saved to results\rewardBased500Steps1Seed\run_4\run_4_best_creature.json
[plot] Saved → ./results\rewardBased500Steps1Seed\run_4\run_4_summary.png
URDF saved to being.urdf
Connecting to PyBullet, GUI: False
CreatureEnv Inicijalizacija: 12 motora. OBS_dim=40, frame_skip=1
[Fitness run Gen7Creature2] reward=1.78±0.00  dist=0.00±0.00  upright=0.00±0.00  → FITNESS=0.0459
URDF saved to being.urdf
Connecting to PyBullet, GUI: False
CreatureEnv Inicijalizacija: 12 motora. OBS_dim=40, frame_skip=1
[Fitness run Gen7Creature3] reward=1.75±0.01  dist=0.00±0.00  upright=0.20±0.07  → FITNESS=0.0759
URDF saved to being.urdf
Connecting to PyBullet, GUI: False
CreatureEnv Inicijalizacija: 12 motora. OBS_dim=40, frame_skip=1
[Fitness run Gen7Creature4] reward=1033.37±0.10  dist=0.00±0.00  upright=1.00±0.00  → FITNESS=0.4303
URDF saved to being.urdf
Connecting to PyBullet, GUI: False
CreatureEnv Inicijalizacija: 12 motora. OBS_dim=40, frame_skip=1
[Fitness run Gen7Creature5] reward=1.85±0.00  dist=0.00±0.00  upright=1.00±0.00  → FITNESS=0.1959
URDF saved to being.urdf
Connecting to PyBullet, GUI: False
CreatureEnv Inicijalizacija: 12 motora. OBS_dim=40, frame_skip=1
[Fitness run Gen7Creature6] reward=1.67±0.19  dist=0.00±0.00  upright=0.22±0.12  → FITNESS=0.0783
URDF saved to being.urdf
Connecting to PyBullet, GUI: False
CreatureEnv Inicijalizacija: 12 motora. OBS_dim=40, frame_skip=1
[Fitness run Gen7Creature7] reward=953.88±317.49  dist=0.00±0.00  upright=0.90±0.30  → FITNESS=0.3973
URDF saved to being.urdf
Connecting to PyBullet, GUI: False
CreatureEnv Inicijalizacija: 12 motora. OBS_dim=40, frame_skip=1
[Fitness run Gen7Creature8] reward=1.43±0.00  dist=0.02±0.05  upright=0.18±0.05  → FITNESS=0.0736
URDF saved to being.urdf
Connecting to PyBullet, GUI: False
CreatureEnv Inicijalizacija: 12 motora. OBS_dim=40, frame_skip=1
[Fitness run Gen7Creature9] reward=1.65±0.02  dist=0.00±0.00  upright=0.42±0.09  → FITNESS=0.1092
URDF saved to being.urdf
Connecting to PyBullet, GUI: False
CreatureEnv Inicijalizacija: 12 motora. OBS_dim=40, frame_skip=1
[Fitness run Gen7Creature10] reward=927.12±308.53  dist=0.00±0.00  upright=0.91±0.26  → FITNESS=0.3931
URDF saved to being.urdf
Connecting to PyBullet, GUI: False
CreatureEnv Inicijalizacija: 12 motora. OBS_dim=40, frame_skip=1
[Fitness run Gen7Creature11] reward=1021.78±0.10  dist=0.01±0.01  upright=1.00±0.00  → FITNESS=0.4279
URDF saved to being.urdf
Connecting to PyBullet, GUI: False
CreatureEnv Inicijalizacija: 12 motora. OBS_dim=40, frame_skip=1
[Fitness run Gen7Creature12] reward=1.75±0.01  dist=0.00±0.00  upright=0.17±0.06  → FITNESS=0.0711
URDF saved to being.urdf
Connecting to PyBullet, GUI: False
CreatureEnv Inicijalizacija: 12 motora. OBS_dim=40, frame_skip=1
[Fitness run Gen7Creature13] reward=1.83±0.18  dist=0.29±0.08  upright=0.40±0.13  → FITNESS=0.1110
URDF saved to being.urdf
Connecting to PyBullet, GUI: False
CreatureEnv Inicijalizacija: 12 motora. OBS_dim=40, frame_skip=1
[Fitness run Gen7Creature14] reward=1.94±1.41  dist=0.04±0.05  upright=0.58±0.21  → FITNESS=0.1343
URDF saved to being.urdf
Connecting to PyBullet, GUI: False
CreatureEnv Inicijalizacija: 12 motora. OBS_dim=40, frame_skip=1
[Fitness run Gen7Creature15] reward=1.75±0.00  dist=0.00±0.00  upright=1.00±0.00  → FITNESS=0.1959
URDF saved to being.urdf
Connecting to PyBullet, GUI: False
CreatureEnv Inicijalizacija: 12 motora. OBS_dim=40, frame_skip=1
[Fitness run Gen7Creature16] reward=1.74±0.02  dist=0.10±0.03  upright=0.03±0.09  → FITNESS=0.0519
URDF saved to being.urdf
Connecting to PyBullet, GUI: False
CreatureEnv Inicijalizacija: 12 motora. OBS_dim=40, frame_skip=1
[Fitness run Gen7Creature17] reward=988.21±328.83  dist=0.00±0.00  upright=0.97±0.09  → FITNESS=0.4157
URDF saved to being.urdf
Connecting to PyBullet, GUI: False
CreatureEnv Inicijalizacija: 12 motora. OBS_dim=40, frame_skip=1
[Fitness run Gen7Creature18] reward=1.25±0.19  dist=0.00±0.00  upright=0.01±0.02  → FITNESS=0.0467
URDF saved to being.urdf
Connecting to PyBullet, GUI: False
CreatureEnv Inicijalizacija: 12 motora. OBS_dim=40, frame_skip=1
[Fitness run Gen7Creature19] reward=761.24±497.23  dist=0.00±0.00  upright=0.84±0.26  → FITNESS=0.3438
URDF saved to being.urdf
Connecting to PyBullet, GUI: False
CreatureEnv Inicijalizacija: 12 motora. OBS_dim=40, frame_skip=1
[Fitness run Gen7Creature20] reward=871.45±431.06  dist=0.00±0.00  upright=0.93±0.19  → FITNESS=0.3834
URDF saved to being.urdf
Connecting to PyBullet, GUI: False
CreatureEnv Inicijalizacija: 12 motora. OBS_dim=40, frame_skip=1
[Fitness run Gen7Creature21] reward=1.76±0.00  dist=0.00±0.00  upright=0.01±0.04  → FITNESS=0.0478
URDF saved to being.urdf
Connecting to PyBullet, GUI: False
CreatureEnv Inicijalizacija: 12 motora. OBS_dim=40, frame_skip=1
[Fitness run Gen7Creature22] reward=1005.65±334.64  dist=0.00±0.00  upright=0.92±0.24  → FITNESS=0.4119
URDF saved to being.urdf
Connecting to PyBullet, GUI: False
CreatureEnv Inicijalizacija: 12 motora. OBS_dim=40, frame_skip=1
[Fitness run Gen7Creature23] reward=1.76±0.02  dist=0.00±0.01  upright=0.33±0.07  → FITNESS=0.0958
URDF saved to being.urdf
Connecting to PyBullet, GUI: False
CreatureEnv Inicijalizacija: 12 motora. OBS_dim=40, frame_skip=1
[Fitness run Gen7Creature24] reward=949.76±316.11  dist=0.01±0.01  upright=0.91±0.26  → FITNESS=0.3984
URDF saved to being.urdf
Connecting to PyBullet, GUI: False
CreatureEnv Inicijalizacija: 12 motora. OBS_dim=40, frame_skip=1
[Fitness run Gen7Creature25] reward=1.78±0.00  dist=0.00±0.00  upright=1.00±0.00  → FITNESS=0.1959
URDF saved to being.urdf
Connecting to PyBullet, GUI: False
CreatureEnv Inicijalizacija: 12 motora. OBS_dim=40, frame_skip=1
[Fitness run Gen7Creature26] reward=1.62±0.02  dist=0.17±0.06  upright=0.91±0.27  → FITNESS=0.1852
URDF saved to being.urdf
Connecting to PyBullet, GUI: False
CreatureEnv Inicijalizacija: 12 motora. OBS_dim=40, frame_skip=1
[Fitness run Gen7Creature27] reward=107.46±318.16  dist=0.30±0.19  upright=0.42±0.28  → FITNESS=0.1380
URDF saved to being.urdf
Connecting to PyBullet, GUI: False
CreatureEnv Inicijalizacija: 12 motora. OBS_dim=40, frame_skip=1
[Fitness run Gen7Creature28] reward=1.77±0.06  dist=0.02±0.02  upright=0.90±0.30  → FITNESS=0.1812
URDF saved to being.urdf
Connecting to PyBullet, GUI: False
CreatureEnv Inicijalizacija: 12 motora. OBS_dim=40, frame_skip=1
[Fitness run Gen7Creature29] reward=1.75±0.00  dist=0.00±0.00  upright=0.37±0.04  → FITNESS=0.1020

==================================================
Generacija 7/20  |  Best = 0.4395  |  Mean = 0.2202  |  Std = 0.1489
==================================================
URDF saved to being.urdf
Connecting to PyBullet, GUI: False
CreatureEnv Inicijalizacija: 12 motora. OBS_dim=40, frame_skip=1
[Fitness run Gen7Creature2] reward=1.78±0.00  dist=0.00±0.00  upright=0.00±0.00  → FITNESS=0.0459
URDF saved to being.urdf
Connecting to PyBullet, GUI: False
CreatureEnv Inicijalizacija: 12 motora. OBS_dim=40, frame_skip=1
[Fitness run Gen7Creature3] reward=1.75±0.01  dist=0.00±0.00  upright=0.20±0.07  → FITNESS=0.0759
URDF saved to being.urdf
Connecting to PyBullet, GUI: False
CreatureEnv Inicijalizacija: 12 motora. OBS_dim=40, frame_skip=1
[Fitness run Gen7Creature4] reward=1033.37±0.10  dist=0.00±0.00  upright=1.00±0.00  → FITNESS=0.4303
URDF saved to being.urdf
Connecting to PyBullet, GUI: False
CreatureEnv Inicijalizacija: 12 motora. OBS_dim=40, frame_skip=1
[Fitness run Gen7Creature5] reward=1.85±0.00  dist=0.00±0.00  upright=1.00±0.00  → FITNESS=0.1959
URDF saved to being.urdf
Connecting to PyBullet, GUI: False
CreatureEnv Inicijalizacija: 12 motora. OBS_dim=40, frame_skip=1
[Fitness run Gen7Creature6] reward=1.67±0.19  dist=0.00±0.00  upright=0.22±0.12  → FITNESS=0.0783
URDF saved to being.urdf
Connecting to PyBullet, GUI: False
CreatureEnv Inicijalizacija: 12 motora. OBS_dim=40, frame_skip=1
[Fitness run Gen7Creature7] reward=953.88±317.49  dist=0.00±0.00  upright=0.90±0.30  → FITNESS=0.3973
URDF saved to being.urdf
Connecting to PyBullet, GUI: False
CreatureEnv Inicijalizacija: 12 motora. OBS_dim=40, frame_skip=1
[Fitness run Gen7Creature8] reward=1.43±0.00  dist=0.02±0.05  upright=0.18±0.05  → FITNESS=0.0736
URDF saved to being.urdf
Connecting to PyBullet, GUI: False
CreatureEnv Inicijalizacija: 12 motora. OBS_dim=40, frame_skip=1
[Fitness run Gen7Creature9] reward=1.65±0.02  dist=0.00±0.00  upright=0.42±0.09  → FITNESS=0.1092
URDF saved to being.urdf
Connecting to PyBullet, GUI: False
CreatureEnv Inicijalizacija: 12 motora. OBS_dim=40, frame_skip=1
[Fitness run Gen7Creature10] reward=927.12±308.53  dist=0.00±0.00  upright=0.91±0.26  → FITNESS=0.3931
URDF saved to being.urdf
Connecting to PyBullet, GUI: False
CreatureEnv Inicijalizacija: 12 motora. OBS_dim=40, frame_skip=1
[Fitness run Gen7Creature11] reward=1021.78±0.10  dist=0.01±0.01  upright=1.00±0.00  → FITNESS=0.4279
URDF saved to being.urdf
Connecting to PyBullet, GUI: False
CreatureEnv Inicijalizacija: 12 motora. OBS_dim=40, frame_skip=1
[Fitness run Gen7Creature12] reward=1.75±0.01  dist=0.00±0.00  upright=0.17±0.06  → FITNESS=0.0711
URDF saved to being.urdf
Connecting to PyBullet, GUI: False
CreatureEnv Inicijalizacija: 12 motora. OBS_dim=40, frame_skip=1
[Fitness run Gen7Creature13] reward=1.83±0.18  dist=0.29±0.08  upright=0.40±0.13  → FITNESS=0.1110
URDF saved to being.urdf
Connecting to PyBullet, GUI: False
CreatureEnv Inicijalizacija: 12 motora. OBS_dim=40, frame_skip=1
[Fitness run Gen7Creature14] reward=1.94±1.41  dist=0.04±0.05  upright=0.58±0.21  → FITNESS=0.1343
URDF saved to being.urdf
Connecting to PyBullet, GUI: False
CreatureEnv Inicijalizacija: 12 motora. OBS_dim=40, frame_skip=1
[Fitness run Gen7Creature15] reward=1.75±0.00  dist=0.00±0.00  upright=1.00±0.00  → FITNESS=0.1959
URDF saved to being.urdf
Connecting to PyBullet, GUI: False
CreatureEnv Inicijalizacija: 12 motora. OBS_dim=40, frame_skip=1
[Fitness run Gen7Creature16] reward=1.74±0.02  dist=0.10±0.03  upright=0.03±0.09  → FITNESS=0.0519
URDF saved to being.urdf
Connecting to PyBullet, GUI: False
CreatureEnv Inicijalizacija: 12 motora. OBS_dim=40, frame_skip=1
[Fitness run Gen7Creature17] reward=988.21±328.83  dist=0.00±0.00  upright=0.97±0.09  → FITNESS=0.4157
URDF saved to being.urdf
Connecting to PyBullet, GUI: False
CreatureEnv Inicijalizacija: 12 motora. OBS_dim=40, frame_skip=1
[Fitness run Gen7Creature18] reward=1.25±0.19  dist=0.00±0.00  upright=0.01±0.02  → FITNESS=0.0467
URDF saved to being.urdf
Connecting to PyBullet, GUI: False
CreatureEnv Inicijalizacija: 12 motora. OBS_dim=40, frame_skip=1
[Fitness run Gen7Creature19] reward=761.24±497.23  dist=0.00±0.00  upright=0.84±0.26  → FITNESS=0.3438
URDF saved to being.urdf
Connecting to PyBullet, GUI: False
CreatureEnv Inicijalizacija: 12 motora. OBS_dim=40, frame_skip=1
[Fitness run Gen7Creature20] reward=871.45±431.06  dist=0.00±0.00  upright=0.93±0.19  → FITNESS=0.3834
URDF saved to being.urdf
Connecting to PyBullet, GUI: False
CreatureEnv Inicijalizacija: 12 motora. OBS_dim=40, frame_skip=1
[Fitness run Gen7Creature21] reward=1.76±0.00  dist=0.00±0.00  upright=0.01±0.04  → FITNESS=0.0478
URDF saved to being.urdf
Connecting to PyBullet, GUI: False
CreatureEnv Inicijalizacija: 12 motora. OBS_dim=40, frame_skip=1
[Fitness run Gen7Creature22] reward=1005.65±334.64  dist=0.00±0.00  upright=0.92±0.24  → FITNESS=0.4119
URDF saved to being.urdf
Connecting to PyBullet, GUI: False
CreatureEnv Inicijalizacija: 12 motora. OBS_dim=40, frame_skip=1
[Fitness run Gen7Creature23] reward=1.76±0.02  dist=0.00±0.01  upright=0.33±0.07  → FITNESS=0.0958
URDF saved to being.urdf
Connecting to PyBullet, GUI: False
CreatureEnv Inicijalizacija: 12 motora. OBS_dim=40, frame_skip=1
[Fitness run Gen7Creature24] reward=949.76±316.11  dist=0.01±0.01  upright=0.91±0.26  → FITNESS=0.3984
URDF saved to being.urdf
Connecting to PyBullet, GUI: False
CreatureEnv Inicijalizacija: 12 motora. OBS_dim=40, frame_skip=1
[Fitness run Gen7Creature25] reward=1.78±0.00  dist=0.00±0.00  upright=1.00±0.00  → FITNESS=0.1959
URDF saved to being.urdf
Connecting to PyBullet, GUI: False
CreatureEnv Inicijalizacija: 12 motora. OBS_dim=40, frame_skip=1
[Fitness run Gen7Creature26] reward=1.62±0.02  dist=0.17±0.06  upright=0.91±0.27  → FITNESS=0.1852
URDF saved to being.urdf
Connecting to PyBullet, GUI: False
CreatureEnv Inicijalizacija: 12 motora. OBS_dim=40, frame_skip=1
[Fitness run Gen7Creature27] reward=107.46±318.16  dist=0.30±0.19  upright=0.42±0.28  → FITNESS=0.1380
URDF saved to being.urdf
Connecting to PyBullet, GUI: False
CreatureEnv Inicijalizacija: 12 motora. OBS_dim=40, frame_skip=1
[Fitness run Gen7Creature28] reward=1.77±0.06  dist=0.02±0.02  upright=0.90±0.30  → FITNESS=0.1812
URDF saved to being.urdf
Connecting to PyBullet, GUI: False
CreatureEnv Inicijalizacija: 12 motora. OBS_dim=40, frame_skip=1
[Fitness run Gen7Creature29] reward=1.75±0.00  dist=0.00±0.00  upright=0.37±0.04  → FITNESS=0.1020
Genome saved to results\rewardBased500Steps1Seed\run_4\run_4_best_creature.json
[plot] Saved → ./results\rewardBased500Steps1Seed\run_4\run_4_summary.png
URDF saved to being.urdf
Connecting to PyBullet, GUI: False
CreatureEnv Inicijalizacija: 12 motora. OBS_dim=40, frame_skip=1
[Fitness run Gen8Creature2] reward=1.53±0.24  dist=0.01±0.03  upright=0.00±0.00  → FITNESS=0.0460
URDF saved to being.urdf
Connecting to PyBullet, GUI: False
CreatureEnv Inicijalizacija: 12 motora. OBS_dim=40, frame_skip=1
[Fitness run Gen8Creature3] reward=1.32±0.09  dist=0.13±0.04  upright=0.06±0.02  → FITNESS=0.0572
URDF saved to being.urdf
Connecting to PyBullet, GUI: False
CreatureEnv Inicijalizacija: 12 motora. OBS_dim=40, frame_skip=1
[Fitness run Gen8Creature4] reward=1.80±0.17  dist=0.01±0.04  upright=0.54±0.24  → FITNESS=0.1269
URDF saved to being.urdf
Connecting to PyBullet, GUI: False
CreatureEnv Inicijalizacija: 12 motora. OBS_dim=40, frame_skip=1
[Fitness run Gen8Creature5] reward=1.81±0.10  dist=0.01±0.01  upright=0.90±0.30  → FITNESS=0.1810
URDF saved to being.urdf
Connecting to PyBullet, GUI: False
CreatureEnv Inicijalizacija: 12 motora. OBS_dim=40, frame_skip=1
[Fitness run Gen8Creature6] reward=956.04±318.17  dist=0.00±0.00  upright=0.91±0.28  → FITNESS=0.3987
URDF saved to being.urdf
Connecting to PyBullet, GUI: False
CreatureEnv Inicijalizacija: 12 motora. OBS_dim=40, frame_skip=1
[Fitness run Gen8Creature7] reward=1080.64±6.76  dist=0.00±0.00  upright=1.00±0.00  → FITNESS=0.4411
URDF saved to being.urdf
Connecting to PyBullet, GUI: False
CreatureEnv Inicijalizacija: 12 motora. OBS_dim=40, frame_skip=1
[Fitness run Gen8Creature8] reward=1.46±0.01  dist=0.03±0.02  upright=0.32±0.09  → FITNESS=0.0948
URDF saved to being.urdf
Connecting to PyBullet, GUI: False
CreatureEnv Inicijalizacija: 12 motora. OBS_dim=40, frame_skip=1
[Fitness run Gen8Creature9] reward=1.94±0.19  dist=0.00±0.00  upright=0.27±0.05  → FITNESS=0.0866
URDF saved to being.urdf
Connecting to PyBullet, GUI: False
CreatureEnv Inicijalizacija: 12 motora. OBS_dim=40, frame_skip=1
[Fitness run Gen8Creature10] reward=100.48±298.70  dist=0.72±0.24  upright=0.10±0.30  → FITNESS=0.0958
URDF saved to being.urdf
Connecting to PyBullet, GUI: False
CreatureEnv Inicijalizacija: 12 motora. OBS_dim=40, frame_skip=1
[Fitness run Gen8Creature11] reward=995.77±0.16  dist=0.02±0.02  upright=1.00±0.00  → FITNESS=0.4222
URDF saved to being.urdf
Connecting to PyBullet, GUI: False
CreatureEnv Inicijalizacija: 12 motora. OBS_dim=40, frame_skip=1
[Fitness run Gen8Creature12] reward=1.55±0.07  dist=0.00±0.00  upright=0.17±0.03  → FITNESS=0.0719
URDF saved to being.urdf
Connecting to PyBullet, GUI: False
CreatureEnv Inicijalizacija: 12 motora. OBS_dim=40, frame_skip=1
[Fitness run Gen8Creature13] reward=1.56±0.02  dist=0.03±0.01  upright=0.02±0.05  → FITNESS=0.0487
URDF saved to being.urdf
Connecting to PyBullet, GUI: False
CreatureEnv Inicijalizacija: 12 motora. OBS_dim=40, frame_skip=1
[Fitness run Gen8Creature14] reward=1.57±0.05  dist=0.00±0.00  upright=0.01±0.02  → FITNESS=0.0468
URDF saved to being.urdf
Connecting to PyBullet, GUI: False
CreatureEnv Inicijalizacija: 12 motora. OBS_dim=40, frame_skip=1
[Fitness run Gen8Creature15] reward=1.87±0.04  dist=0.00±0.01  upright=0.46±0.25  → FITNESS=0.1156
URDF saved to being.urdf
Connecting to PyBullet, GUI: False
CreatureEnv Inicijalizacija: 12 motora. OBS_dim=40, frame_skip=1
[Fitness run Gen8Creature16] reward=1.66±0.02  dist=0.11±0.05  upright=0.03±0.09  → FITNESS=0.0520
URDF saved to being.urdf
Connecting to PyBullet, GUI: False
CreatureEnv Inicijalizacija: 12 motora. OBS_dim=40, frame_skip=1
[Fitness run Gen8Creature17] reward=1054.71±2.79  dist=0.30±0.13  upright=1.00±0.00  → FITNESS=0.4405
URDF saved to being.urdf
Connecting to PyBullet, GUI: False
CreatureEnv Inicijalizacija: 12 motora. OBS_dim=40, frame_skip=1
[Fitness run Gen8Creature18] reward=1.47±0.00  dist=0.02±0.05  upright=0.15±0.03  → FITNESS=0.0689
URDF saved to being.urdf
Connecting to PyBullet, GUI: False
CreatureEnv Inicijalizacija: 12 motora. OBS_dim=40, frame_skip=1
[Fitness run Gen8Creature19] reward=1.52±0.01  dist=0.19±0.06  upright=0.03±0.01  → FITNESS=0.0534
URDF saved to being.urdf
Connecting to PyBullet, GUI: False
CreatureEnv Inicijalizacija: 12 motora. OBS_dim=40, frame_skip=1
[Fitness run Gen8Creature20] reward=1.70±0.00  dist=0.13±0.05  upright=0.00±0.00  → FITNESS=0.0481
URDF saved to being.urdf
Connecting to PyBullet, GUI: False
CreatureEnv Inicijalizacija: 12 motora. OBS_dim=40, frame_skip=1
[Fitness run Gen8Creature21] reward=1.75±0.01  dist=0.00±0.00  upright=0.00±0.00  → FITNESS=0.0459
URDF saved to being.urdf
Connecting to PyBullet, GUI: False
CreatureEnv Inicijalizacija: 12 motora. OBS_dim=40, frame_skip=1
[Fitness run Gen8Creature22] reward=1.46±0.06  dist=0.00±0.00  upright=0.25±0.07  → FITNESS=0.0835
URDF saved to being.urdf
Connecting to PyBullet, GUI: False
CreatureEnv Inicijalizacija: 12 motora. OBS_dim=40, frame_skip=1
[Fitness run Gen8Creature23] reward=952.57±317.04  dist=0.00±0.00  upright=0.90±0.30  → FITNESS=0.3969
URDF saved to being.urdf
Connecting to PyBullet, GUI: False
CreatureEnv Inicijalizacija: 12 motora. OBS_dim=40, frame_skip=1
[Fitness run Gen8Creature24] reward=963.58±320.68  dist=0.00±0.00  upright=0.90±0.29  → FITNESS=0.3999
URDF saved to being.urdf
Connecting to PyBullet, GUI: False
CreatureEnv Inicijalizacija: 12 motora. OBS_dim=40, frame_skip=1
[Fitness run Gen8Creature25] reward=1.81±0.00  dist=0.00±0.00  upright=1.00±0.00  → FITNESS=0.1959
URDF saved to being.urdf
Connecting to PyBullet, GUI: False
CreatureEnv Inicijalizacija: 12 motora. OBS_dim=40, frame_skip=1
[Fitness run Gen8Creature26] reward=1.76±0.06  dist=0.01±0.01  upright=0.00±0.00  → FITNESS=0.0459
URDF saved to being.urdf
Connecting to PyBullet, GUI: False
CreatureEnv Inicijalizacija: 12 motora. OBS_dim=40, frame_skip=1
[Fitness run Gen8Creature27] reward=1.57±0.11  dist=0.03±0.09  upright=0.00±0.00  → FITNESS=0.0463
URDF saved to being.urdf
Connecting to PyBullet, GUI: False
CreatureEnv Inicijalizacija: 12 motora. OBS_dim=40, frame_skip=1
[Fitness run Gen8Creature28] reward=1.88±0.00  dist=0.00±0.00  upright=1.00±0.00  → FITNESS=0.1959
URDF saved to being.urdf
Connecting to PyBullet, GUI: False
CreatureEnv Inicijalizacija: 12 motora. OBS_dim=40, frame_skip=1
[Fitness run Gen8Creature29] reward=1.51±0.07  dist=0.21±0.07  upright=0.13±0.18  → FITNESS=0.0689

==================================================
Generacija 8/20  |  Best = 0.4411  |  Mean = 0.1749  |  Std = 0.1544
==================================================
URDF saved to being.urdf
Connecting to PyBullet, GUI: False
CreatureEnv Inicijalizacija: 12 motora. OBS_dim=40, frame_skip=1
[Fitness run Gen8Creature2] reward=1.53±0.24  dist=0.01±0.03  upright=0.00±0.00  → FITNESS=0.0460
URDF saved to being.urdf
Connecting to PyBullet, GUI: False
CreatureEnv Inicijalizacija: 12 motora. OBS_dim=40, frame_skip=1
[Fitness run Gen8Creature3] reward=1.32±0.09  dist=0.13±0.04  upright=0.06±0.02  → FITNESS=0.0572
URDF saved to being.urdf
Connecting to PyBullet, GUI: False
CreatureEnv Inicijalizacija: 12 motora. OBS_dim=40, frame_skip=1
[Fitness run Gen8Creature4] reward=1.80±0.17  dist=0.01±0.04  upright=0.54±0.24  → FITNESS=0.1269
URDF saved to being.urdf
Connecting to PyBullet, GUI: False
CreatureEnv Inicijalizacija: 12 motora. OBS_dim=40, frame_skip=1
[Fitness run Gen8Creature5] reward=1.81±0.10  dist=0.01±0.01  upright=0.90±0.30  → FITNESS=0.1810
URDF saved to being.urdf
Connecting to PyBullet, GUI: False
CreatureEnv Inicijalizacija: 12 motora. OBS_dim=40, frame_skip=1
[Fitness run Gen8Creature6] reward=956.04±318.17  dist=0.00±0.00  upright=0.91±0.28  → FITNESS=0.3987
URDF saved to being.urdf
Connecting to PyBullet, GUI: False
CreatureEnv Inicijalizacija: 12 motora. OBS_dim=40, frame_skip=1
[Fitness run Gen8Creature7] reward=1080.64±6.76  dist=0.00±0.00  upright=1.00±0.00  → FITNESS=0.4411
URDF saved to being.urdf
Connecting to PyBullet, GUI: False
CreatureEnv Inicijalizacija: 12 motora. OBS_dim=40, frame_skip=1
[Fitness run Gen8Creature8] reward=1.46±0.01  dist=0.03±0.02  upright=0.32±0.09  → FITNESS=0.0948
URDF saved to being.urdf
Connecting to PyBullet, GUI: False
CreatureEnv Inicijalizacija: 12 motora. OBS_dim=40, frame_skip=1
[Fitness run Gen8Creature9] reward=1.94±0.19  dist=0.00±0.00  upright=0.27±0.05  → FITNESS=0.0866
URDF saved to being.urdf
Connecting to PyBullet, GUI: False
CreatureEnv Inicijalizacija: 12 motora. OBS_dim=40, frame_skip=1
[Fitness run Gen8Creature10] reward=100.48±298.70  dist=0.72±0.24  upright=0.10±0.30  → FITNESS=0.0958
URDF saved to being.urdf
Connecting to PyBullet, GUI: False
CreatureEnv Inicijalizacija: 12 motora. OBS_dim=40, frame_skip=1
[Fitness run Gen8Creature11] reward=995.77±0.16  dist=0.02±0.02  upright=1.00±0.00  → FITNESS=0.4222
URDF saved to being.urdf
Connecting to PyBullet, GUI: False
CreatureEnv Inicijalizacija: 12 motora. OBS_dim=40, frame_skip=1
[Fitness run Gen8Creature12] reward=1.55±0.07  dist=0.00±0.00  upright=0.17±0.03  → FITNESS=0.0719
URDF saved to being.urdf
Connecting to PyBullet, GUI: False
CreatureEnv Inicijalizacija: 12 motora. OBS_dim=40, frame_skip=1
[Fitness run Gen8Creature13] reward=1.56±0.02  dist=0.03±0.01  upright=0.02±0.05  → FITNESS=0.0487
URDF saved to being.urdf
Connecting to PyBullet, GUI: False
CreatureEnv Inicijalizacija: 12 motora. OBS_dim=40, frame_skip=1
[Fitness run Gen8Creature14] reward=1.57±0.05  dist=0.00±0.00  upright=0.01±0.02  → FITNESS=0.0468
URDF saved to being.urdf
Connecting to PyBullet, GUI: False
CreatureEnv Inicijalizacija: 12 motora. OBS_dim=40, frame_skip=1
[Fitness run Gen8Creature15] reward=1.87±0.04  dist=0.00±0.01  upright=0.46±0.25  → FITNESS=0.1156
URDF saved to being.urdf
Connecting to PyBullet, GUI: False
CreatureEnv Inicijalizacija: 12 motora. OBS_dim=40, frame_skip=1
[Fitness run Gen8Creature16] reward=1.66±0.02  dist=0.11±0.05  upright=0.03±0.09  → FITNESS=0.0520
URDF saved to being.urdf
Connecting to PyBullet, GUI: False
CreatureEnv Inicijalizacija: 12 motora. OBS_dim=40, frame_skip=1
[Fitness run Gen8Creature17] reward=1054.71±2.79  dist=0.30±0.13  upright=1.00±0.00  → FITNESS=0.4405
URDF saved to being.urdf
Connecting to PyBullet, GUI: False
CreatureEnv Inicijalizacija: 12 motora. OBS_dim=40, frame_skip=1
[Fitness run Gen8Creature18] reward=1.47±0.00  dist=0.02±0.05  upright=0.15±0.03  → FITNESS=0.0689
URDF saved to being.urdf
Connecting to PyBullet, GUI: False
CreatureEnv Inicijalizacija: 12 motora. OBS_dim=40, frame_skip=1
[Fitness run Gen8Creature19] reward=1.52±0.01  dist=0.19±0.06  upright=0.03±0.01  → FITNESS=0.0534
URDF saved to being.urdf
Connecting to PyBullet, GUI: False
CreatureEnv Inicijalizacija: 12 motora. OBS_dim=40, frame_skip=1
[Fitness run Gen8Creature20] reward=1.70±0.00  dist=0.13±0.05  upright=0.00±0.00  → FITNESS=0.0481
URDF saved to being.urdf
Connecting to PyBullet, GUI: False
CreatureEnv Inicijalizacija: 12 motora. OBS_dim=40, frame_skip=1
[Fitness run Gen8Creature21] reward=1.75±0.01  dist=0.00±0.00  upright=0.00±0.00  → FITNESS=0.0459
URDF saved to being.urdf
Connecting to PyBullet, GUI: False
CreatureEnv Inicijalizacija: 12 motora. OBS_dim=40, frame_skip=1
[Fitness run Gen8Creature22] reward=1.46±0.06  dist=0.00±0.00  upright=0.25±0.07  → FITNESS=0.0835
URDF saved to being.urdf
Connecting to PyBullet, GUI: False
CreatureEnv Inicijalizacija: 12 motora. OBS_dim=40, frame_skip=1
[Fitness run Gen8Creature23] reward=952.57±317.04  dist=0.00±0.00  upright=0.90±0.30  → FITNESS=0.3969
URDF saved to being.urdf
Connecting to PyBullet, GUI: False
CreatureEnv Inicijalizacija: 12 motora. OBS_dim=40, frame_skip=1
[Fitness run Gen8Creature24] reward=963.58±320.68  dist=0.00±0.00  upright=0.90±0.29  → FITNESS=0.3999
URDF saved to being.urdf
Connecting to PyBullet, GUI: False
CreatureEnv Inicijalizacija: 12 motora. OBS_dim=40, frame_skip=1
[Fitness run Gen8Creature25] reward=1.81±0.00  dist=0.00±0.00  upright=1.00±0.00  → FITNESS=0.1959
URDF saved to being.urdf
Connecting to PyBullet, GUI: False
CreatureEnv Inicijalizacija: 12 motora. OBS_dim=40, frame_skip=1
[Fitness run Gen8Creature26] reward=1.76±0.06  dist=0.01±0.01  upright=0.00±0.00  → FITNESS=0.0459
URDF saved to being.urdf
Connecting to PyBullet, GUI: False
CreatureEnv Inicijalizacija: 12 motora. OBS_dim=40, frame_skip=1
[Fitness run Gen8Creature27] reward=1.57±0.11  dist=0.03±0.09  upright=0.00±0.00  → FITNESS=0.0463
URDF saved to being.urdf
Connecting to PyBullet, GUI: False
CreatureEnv Inicijalizacija: 12 motora. OBS_dim=40, frame_skip=1
[Fitness run Gen8Creature28] reward=1.88±0.00  dist=0.00±0.00  upright=1.00±0.00  → FITNESS=0.1959
URDF saved to being.urdf
Connecting to PyBullet, GUI: False
CreatureEnv Inicijalizacija: 12 motora. OBS_dim=40, frame_skip=1
[Fitness run Gen8Creature29] reward=1.51±0.07  dist=0.21±0.07  upright=0.13±0.18  → FITNESS=0.0689
Genome saved to results\rewardBased500Steps1Seed\run_4\run_4_best_creature.json
[plot] Saved → ./results\rewardBased500Steps1Seed\run_4\run_4_summary.png
URDF saved to being.urdf
Connecting to PyBullet, GUI: False
CreatureEnv Inicijalizacija: 12 motora. OBS_dim=40, frame_skip=1
[Fitness run Gen9Creature2] reward=1012.41±2.49  dist=0.01±0.03  upright=1.00±0.00  → FITNESS=0.4257
URDF saved to being.urdf
Connecting to PyBullet, GUI: False
CreatureEnv Inicijalizacija: 12 motora. OBS_dim=40, frame_skip=1
[Fitness run Gen9Creature3] reward=929.21±309.23  dist=0.00±0.00  upright=0.90±0.30  → FITNESS=0.3917
URDF saved to being.urdf
Connecting to PyBullet, GUI: False
CreatureEnv Inicijalizacija: 12 motora. OBS_dim=40, frame_skip=1
[Fitness run Gen9Creature4] reward=1033.37±0.10  dist=0.00±0.00  upright=1.00±0.00  → FITNESS=0.4303
URDF saved to being.urdf
Connecting to PyBullet, GUI: False
CreatureEnv Inicijalizacija: 12 motora. OBS_dim=40, frame_skip=1
[Fitness run Gen9Creature5] reward=1.91±0.07  dist=0.03±0.01  upright=0.62±0.13  → FITNESS=0.1398
URDF saved to being.urdf
Connecting to PyBullet, GUI: False
CreatureEnv Inicijalizacija: 12 motora. OBS_dim=40, frame_skip=1
[Fitness run Gen9Creature6] reward=1042.52±0.13  dist=0.00±0.00  upright=1.00±0.00  → FITNESS=0.4324
URDF saved to being.urdf
Connecting to PyBullet, GUI: False
CreatureEnv Inicijalizacija: 12 motora. OBS_dim=40, frame_skip=1
[Fitness run Gen9Creature7] reward=1.77±0.00  dist=0.00±0.00  upright=1.00±0.00  → FITNESS=0.1959
URDF saved to being.urdf
Connecting to PyBullet, GUI: False
CreatureEnv Inicijalizacija: 12 motora. OBS_dim=40, frame_skip=1
[Fitness run Gen9Creature8] reward=1.59±0.03  dist=0.00±0.00  upright=0.29±0.10  → FITNESS=0.0894
URDF saved to being.urdf
Connecting to PyBullet, GUI: False
CreatureEnv Inicijalizacija: 12 motora. OBS_dim=40, frame_skip=1
[Fitness run Gen9Creature9] reward=1.75±0.18  dist=0.00±0.00  upright=0.42±0.05  → FITNESS=0.1083
URDF saved to being.urdf
Connecting to PyBullet, GUI: False
CreatureEnv Inicijalizacija: 12 motora. OBS_dim=40, frame_skip=1
[Fitness run Gen9Creature10] reward=100.48±298.70  dist=0.72±0.24  upright=0.10±0.30  → FITNESS=0.0958
URDF saved to being.urdf
Connecting to PyBullet, GUI: False
CreatureEnv Inicijalizacija: 12 motora. OBS_dim=40, frame_skip=1
[Fitness run Gen9Creature12] reward=2.04±0.25  dist=0.00±0.00  upright=0.01±0.04  → FITNESS=0.0479
URDF saved to being.urdf
Connecting to PyBullet, GUI: False
CreatureEnv Inicijalizacija: 12 motora. OBS_dim=40, frame_skip=1
[Fitness run Gen9Creature13] reward=1.55±0.04  dist=0.00±0.00  upright=0.06±0.01  → FITNESS=0.0550
URDF saved to being.urdf
Connecting to PyBullet, GUI: False
CreatureEnv Inicijalizacija: 12 motora. OBS_dim=40, frame_skip=1
[Fitness run Gen9Creature14] reward=1.54±0.02  dist=0.22±0.06  upright=0.01±0.02  → FITNESS=0.0507
URDF saved to being.urdf
Connecting to PyBullet, GUI: False
CreatureEnv Inicijalizacija: 12 motora. OBS_dim=40, frame_skip=1
[Fitness run Gen9Creature15] reward=1.72±0.00  dist=0.00±0.00  upright=1.00±0.00  → FITNESS=0.1958
URDF saved to being.urdf
Connecting to PyBullet, GUI: False
CreatureEnv Inicijalizacija: 12 motora. OBS_dim=40, frame_skip=1
[Fitness run Gen9Creature16] reward=1.64±0.12  dist=0.22±0.07  upright=0.03±0.09  → FITNESS=0.0541
URDF saved to being.urdf
Connecting to PyBullet, GUI: False
CreatureEnv Inicijalizacija: 12 motora. OBS_dim=40, frame_skip=1
[Fitness run Gen9Creature17] reward=1.84±0.00  dist=0.02±0.01  upright=1.00±0.00  → FITNESS=0.1962
URDF saved to being.urdf
Connecting to PyBullet, GUI: False
CreatureEnv Inicijalizacija: 12 motora. OBS_dim=40, frame_skip=1
[Fitness run Gen9Creature18] reward=1.46±0.00  dist=0.22±0.07  upright=0.09±0.02  → FITNESS=0.0631
URDF saved to being.urdf
Connecting to PyBullet, GUI: False
CreatureEnv Inicijalizacija: 12 motora. OBS_dim=40, frame_skip=1
[Fitness run Gen9Creature19] reward=1054.73±1.01  dist=0.05±0.02  upright=1.00±0.00  → FITNESS=0.4360
URDF saved to being.urdf
Connecting to PyBullet, GUI: False
CreatureEnv Inicijalizacija: 12 motora. OBS_dim=40, frame_skip=1
[Fitness run Gen9Creature20] reward=1.70±0.00  dist=0.13±0.05  upright=0.00±0.00  → FITNESS=0.0481
URDF saved to being.urdf
Connecting to PyBullet, GUI: False
CreatureEnv Inicijalizacija: 12 motora. OBS_dim=40, frame_skip=1
[Fitness run Gen9Creature21] reward=1.75±0.01  dist=0.00±0.00  upright=0.00±0.00  → FITNESS=0.0459
URDF saved to being.urdf
Connecting to PyBullet, GUI: False
CreatureEnv Inicijalizacija: 12 motora. OBS_dim=40, frame_skip=1
[Fitness run Gen9Creature22] reward=1007.35±0.83  dist=0.00±0.00  upright=1.00±0.00  → FITNESS=0.4244
URDF saved to being.urdf
Connecting to PyBullet, GUI: False
CreatureEnv Inicijalizacija: 12 motora. OBS_dim=40, frame_skip=1
[Fitness run Gen9Creature23] reward=960.37±319.63  dist=0.00±0.00  upright=0.91±0.28  → FITNESS=0.3997
URDF saved to being.urdf
Connecting to PyBullet, GUI: False
CreatureEnv Inicijalizacija: 12 motora. OBS_dim=40, frame_skip=1
[Fitness run Gen9Creature24] reward=1055.33±0.03  dist=0.01±0.00  upright=1.00±0.00  → FITNESS=0.4356
URDF saved to being.urdf
Connecting to PyBullet, GUI: False
CreatureEnv Inicijalizacija: 12 motora. OBS_dim=40, frame_skip=1
[Fitness run Gen9Creature25] reward=1.79±0.00  dist=0.00±0.00  upright=1.00±0.00  → FITNESS=0.1959
URDF saved to being.urdf
Connecting to PyBullet, GUI: False
CreatureEnv Inicijalizacija: 12 motora. OBS_dim=40, frame_skip=1
[Fitness run Gen9Creature26] reward=1.68±0.00  dist=0.11±0.04  upright=1.00±0.00  → FITNESS=0.1978
URDF saved to being.urdf
Connecting to PyBullet, GUI: False
CreatureEnv Inicijalizacija: 12 motora. OBS_dim=40, frame_skip=1
[Fitness run Gen9Creature27] reward=1.20±0.09  dist=0.05±0.16  upright=0.00±0.00  → FITNESS=0.0467
URDF saved to being.urdf
Connecting to PyBullet, GUI: False
CreatureEnv Inicijalizacija: 12 motora. OBS_dim=40, frame_skip=1
[Fitness run Gen9Creature28] reward=1.84±0.00  dist=0.06±0.02  upright=1.00±0.00  → FITNESS=0.1968
URDF saved to being.urdf
Connecting to PyBullet, GUI: False
CreatureEnv Inicijalizacija: 12 motora. OBS_dim=40, frame_skip=1
[Fitness run Gen9Creature29] reward=1097.11±0.01  dist=0.10±0.03  upright=1.00±0.00  → FITNESS=0.4465

==================================================
Generacija 9/20  |  Best = 0.4465  |  Mean = 0.2383  |  Std = 0.1623
==================================================
URDF saved to being.urdf
Connecting to PyBullet, GUI: False
CreatureEnv Inicijalizacija: 12 motora. OBS_dim=40, frame_skip=1
[Fitness run Gen9Creature2] reward=1012.41±2.49  dist=0.01±0.03  upright=1.00±0.00  → FITNESS=0.4257
URDF saved to being.urdf
Connecting to PyBullet, GUI: False
CreatureEnv Inicijalizacija: 12 motora. OBS_dim=40, frame_skip=1
[Fitness run Gen9Creature3] reward=929.21±309.23  dist=0.00±0.00  upright=0.90±0.30  → FITNESS=0.3917
URDF saved to being.urdf
Connecting to PyBullet, GUI: False
CreatureEnv Inicijalizacija: 12 motora. OBS_dim=40, frame_skip=1
[Fitness run Gen9Creature4] reward=1033.37±0.10  dist=0.00±0.00  upright=1.00±0.00  → FITNESS=0.4303
URDF saved to being.urdf
Connecting to PyBullet, GUI: False
CreatureEnv Inicijalizacija: 12 motora. OBS_dim=40, frame_skip=1
[Fitness run Gen9Creature5] reward=1.91±0.07  dist=0.03±0.01  upright=0.62±0.13  → FITNESS=0.1398
URDF saved to being.urdf
Connecting to PyBullet, GUI: False
CreatureEnv Inicijalizacija: 12 motora. OBS_dim=40, frame_skip=1
[Fitness run Gen9Creature6] reward=1042.52±0.13  dist=0.00±0.00  upright=1.00±0.00  → FITNESS=0.4324
URDF saved to being.urdf
Connecting to PyBullet, GUI: False
CreatureEnv Inicijalizacija: 12 motora. OBS_dim=40, frame_skip=1
[Fitness run Gen9Creature7] reward=1.77±0.00  dist=0.00±0.00  upright=1.00±0.00  → FITNESS=0.1959
URDF saved to being.urdf
Connecting to PyBullet, GUI: False
CreatureEnv Inicijalizacija: 12 motora. OBS_dim=40, frame_skip=1
[Fitness run Gen9Creature8] reward=1.59±0.03  dist=0.00±0.00  upright=0.29±0.10  → FITNESS=0.0894
URDF saved to being.urdf
Connecting to PyBullet, GUI: False
CreatureEnv Inicijalizacija: 12 motora. OBS_dim=40, frame_skip=1
[Fitness run Gen9Creature9] reward=1.75±0.18  dist=0.00±0.00  upright=0.42±0.05  → FITNESS=0.1083
URDF saved to being.urdf
Connecting to PyBullet, GUI: False
CreatureEnv Inicijalizacija: 12 motora. OBS_dim=40, frame_skip=1
[Fitness run Gen9Creature10] reward=100.48±298.70  dist=0.72±0.24  upright=0.10±0.30  → FITNESS=0.0958
URDF saved to being.urdf
Connecting to PyBullet, GUI: False
CreatureEnv Inicijalizacija: 12 motora. OBS_dim=40, frame_skip=1
[Fitness run Gen9Creature12] reward=2.04±0.25  dist=0.00±0.00  upright=0.01±0.04  → FITNESS=0.0479
URDF saved to being.urdf
Connecting to PyBullet, GUI: False
CreatureEnv Inicijalizacija: 12 motora. OBS_dim=40, frame_skip=1
[Fitness run Gen9Creature13] reward=1.55±0.04  dist=0.00±0.00  upright=0.06±0.01  → FITNESS=0.0550
URDF saved to being.urdf
Connecting to PyBullet, GUI: False
CreatureEnv Inicijalizacija: 12 motora. OBS_dim=40, frame_skip=1
[Fitness run Gen9Creature14] reward=1.54±0.02  dist=0.22±0.06  upright=0.01±0.02  → FITNESS=0.0507
URDF saved to being.urdf
Connecting to PyBullet, GUI: False
CreatureEnv Inicijalizacija: 12 motora. OBS_dim=40, frame_skip=1
[Fitness run Gen9Creature15] reward=1.72±0.00  dist=0.00±0.00  upright=1.00±0.00  → FITNESS=0.1958
URDF saved to being.urdf
Connecting to PyBullet, GUI: False
CreatureEnv Inicijalizacija: 12 motora. OBS_dim=40, frame_skip=1
[Fitness run Gen9Creature16] reward=1.64±0.12  dist=0.22±0.07  upright=0.03±0.09  → FITNESS=0.0541
URDF saved to being.urdf
Connecting to PyBullet, GUI: False
CreatureEnv Inicijalizacija: 12 motora. OBS_dim=40, frame_skip=1
[Fitness run Gen9Creature17] reward=1.84±0.00  dist=0.02±0.01  upright=1.00±0.00  → FITNESS=0.1962
URDF saved to being.urdf
Connecting to PyBullet, GUI: False
CreatureEnv Inicijalizacija: 12 motora. OBS_dim=40, frame_skip=1
[Fitness run Gen9Creature18] reward=1.46±0.00  dist=0.22±0.07  upright=0.09±0.02  → FITNESS=0.0631
URDF saved to being.urdf
Connecting to PyBullet, GUI: False
CreatureEnv Inicijalizacija: 12 motora. OBS_dim=40, frame_skip=1
[Fitness run Gen9Creature19] reward=1054.73±1.01  dist=0.05±0.02  upright=1.00±0.00  → FITNESS=0.4360
URDF saved to being.urdf
Connecting to PyBullet, GUI: False
CreatureEnv Inicijalizacija: 12 motora. OBS_dim=40, frame_skip=1
[Fitness run Gen9Creature20] reward=1.70±0.00  dist=0.13±0.05  upright=0.00±0.00  → FITNESS=0.0481
URDF saved to being.urdf
Connecting to PyBullet, GUI: False
CreatureEnv Inicijalizacija: 12 motora. OBS_dim=40, frame_skip=1
[Fitness run Gen9Creature21] reward=1.75±0.01  dist=0.00±0.00  upright=0.00±0.00  → FITNESS=0.0459
URDF saved to being.urdf
Connecting to PyBullet, GUI: False
CreatureEnv Inicijalizacija: 12 motora. OBS_dim=40, frame_skip=1
[Fitness run Gen9Creature22] reward=1007.35±0.83  dist=0.00±0.00  upright=1.00±0.00  → FITNESS=0.4244
URDF saved to being.urdf
Connecting to PyBullet, GUI: False
CreatureEnv Inicijalizacija: 12 motora. OBS_dim=40, frame_skip=1
[Fitness run Gen9Creature23] reward=960.37±319.63  dist=0.00±0.00  upright=0.91±0.28  → FITNESS=0.3997
URDF saved to being.urdf
Connecting to PyBullet, GUI: False
CreatureEnv Inicijalizacija: 12 motora. OBS_dim=40, frame_skip=1
[Fitness run Gen9Creature24] reward=1055.33±0.03  dist=0.01±0.00  upright=1.00±0.00  → FITNESS=0.4356
URDF saved to being.urdf
Connecting to PyBullet, GUI: False
CreatureEnv Inicijalizacija: 12 motora. OBS_dim=40, frame_skip=1
[Fitness run Gen9Creature25] reward=1.79±0.00  dist=0.00±0.00  upright=1.00±0.00  → FITNESS=0.1959
URDF saved to being.urdf
Connecting to PyBullet, GUI: False
CreatureEnv Inicijalizacija: 12 motora. OBS_dim=40, frame_skip=1
[Fitness run Gen9Creature26] reward=1.68±0.00  dist=0.11±0.04  upright=1.00±0.00  → FITNESS=0.1978
URDF saved to being.urdf
Connecting to PyBullet, GUI: False
CreatureEnv Inicijalizacija: 12 motora. OBS_dim=40, frame_skip=1
[Fitness run Gen9Creature27] reward=1.20±0.09  dist=0.05±0.16  upright=0.00±0.00  → FITNESS=0.0467
URDF saved to being.urdf
Connecting to PyBullet, GUI: False
CreatureEnv Inicijalizacija: 12 motora. OBS_dim=40, frame_skip=1
[Fitness run Gen9Creature28] reward=1.84±0.00  dist=0.06±0.02  upright=1.00±0.00  → FITNESS=0.1968
URDF saved to being.urdf
Connecting to PyBullet, GUI: False
CreatureEnv Inicijalizacija: 12 motora. OBS_dim=40, frame_skip=1
[Fitness run Gen9Creature29] reward=1097.11±0.01  dist=0.10±0.03  upright=1.00±0.00  → FITNESS=0.4465
Genome saved to results\rewardBased500Steps1Seed\run_4\run_4_best_creature.json
[plot] Saved → ./results\rewardBased500Steps1Seed\run_4\run_4_summary.png
URDF saved to being.urdf
Connecting to PyBullet, GUI: False
CreatureEnv Inicijalizacija: 12 motora. OBS_dim=40, frame_skip=1
[Fitness run Gen10Creature3] reward=1.50±0.45  dist=0.09±0.05  upright=0.56±0.22  → FITNESS=0.1310
URDF saved to being.urdf
Connecting to PyBullet, GUI: False
CreatureEnv Inicijalizacija: 12 motora. OBS_dim=40, frame_skip=1
[Fitness run Gen10Creature4] reward=1.68±0.00  dist=0.03±0.01  upright=0.99±0.03  → FITNESS=0.1949
URDF saved to being.urdf
Connecting to PyBullet, GUI: False
CreatureEnv Inicijalizacija: 12 motora. OBS_dim=40, frame_skip=1
[Fitness run Gen10Creature5] reward=970.75±323.09  dist=0.00±0.00  upright=0.91±0.27  → FITNESS=0.4025
URDF saved to being.urdf
Connecting to PyBullet, GUI: False
CreatureEnv Inicijalizacija: 12 motora. OBS_dim=40, frame_skip=1
[Fitness run Gen10Creature6] reward=1.09±0.24  dist=0.00±0.00  upright=0.02±0.06  → FITNESS=0.0486
URDF saved to being.urdf
Connecting to PyBullet, GUI: False
CreatureEnv Inicijalizacija: 12 motora. OBS_dim=40, frame_skip=1
[Fitness run Gen10Creature8] reward=1.46±0.01  dist=0.03±0.02  upright=0.32±0.09  → FITNESS=0.0948
URDF saved to being.urdf
Connecting to PyBullet, GUI: False
CreatureEnv Inicijalizacija: 12 motora. OBS_dim=40, frame_skip=1
[Fitness run Gen10Creature9] reward=935.10±311.37  dist=0.00±0.00  upright=0.92±0.23  → FITNESS=0.3964
URDF saved to being.urdf
Connecting to PyBullet, GUI: False
CreatureEnv Inicijalizacija: 12 motora. OBS_dim=40, frame_skip=1
[Fitness run Gen10Creature10] reward=211.96±285.68  dist=0.00±0.00  upright=0.91±0.22  → FITNESS=0.2305
URDF saved to being.urdf
Connecting to PyBullet, GUI: False
CreatureEnv Inicijalizacija: 12 motora. OBS_dim=40, frame_skip=1
[Fitness run Gen10Creature11] reward=1021.78±0.10  dist=0.01±0.01  upright=1.00±0.00  → FITNESS=0.4279
URDF saved to being.urdf
Connecting to PyBullet, GUI: False
CreatureEnv Inicijalizacija: 12 motora. OBS_dim=40, frame_skip=1
[Fitness run Gen10Creature12] reward=1.41±0.18  dist=0.30±0.12  upright=0.02±0.05  → FITNESS=0.0534
URDF saved to being.urdf
Connecting to PyBullet, GUI: False
CreatureEnv Inicijalizacija: 12 motora. OBS_dim=40, frame_skip=1
[Fitness run Gen10Creature13] reward=1.41±0.17  dist=0.00±0.00  upright=0.00±0.00  → FITNESS=0.0458
URDF saved to being.urdf
Connecting to PyBullet, GUI: False
CreatureEnv Inicijalizacija: 12 motora. OBS_dim=40, frame_skip=1
[Fitness run Gen10Creature14] reward=1.59±0.08  dist=0.00±0.00  upright=0.00±0.01  → FITNESS=0.0464
URDF saved to being.urdf
Connecting to PyBullet, GUI: False
CreatureEnv Inicijalizacija: 12 motora. OBS_dim=40, frame_skip=1
[Fitness run Gen10Creature15] reward=936.64±311.78  dist=0.00±0.00  upright=0.90±0.30  → FITNESS=0.3933
URDF saved to being.urdf
Connecting to PyBullet, GUI: False
CreatureEnv Inicijalizacija: 12 motora. OBS_dim=40, frame_skip=1
[Fitness run Gen10Creature16] reward=1.35±0.04  dist=0.01±0.02  upright=0.15±0.05  → FITNESS=0.0677
URDF saved to being.urdf
Connecting to PyBullet, GUI: False
CreatureEnv Inicijalizacija: 12 motora. OBS_dim=40, frame_skip=1
[Fitness run Gen10Creature18] reward=1.43±0.00  dist=0.03±0.06  upright=0.12±0.03  → FITNESS=0.0642
URDF saved to being.urdf
Connecting to PyBullet, GUI: False
CreatureEnv Inicijalizacija: 12 motora. OBS_dim=40, frame_skip=1
[Fitness run Gen10Creature19] reward=927.60±308.68  dist=0.00±0.00  upright=0.90±0.30  → FITNESS=0.3913
URDF saved to being.urdf
Connecting to PyBullet, GUI: False
CreatureEnv Inicijalizacija: 12 motora. OBS_dim=40, frame_skip=1
[Fitness run Gen10Creature20] reward=1075.33±0.18  dist=0.00±0.00  upright=1.00±0.00  → FITNESS=0.4398
URDF saved to being.urdf
Connecting to PyBullet, GUI: False
CreatureEnv Inicijalizacija: 12 motora. OBS_dim=40, frame_skip=1
[Fitness run Gen10Creature21] reward=1.76±0.00  dist=0.00±0.00  upright=0.00±0.00  → FITNESS=0.0459
URDF saved to being.urdf
Connecting to PyBullet, GUI: False
CreatureEnv Inicijalizacija: 12 motora. OBS_dim=40, frame_skip=1
[Fitness run Gen10Creature22] reward=1007.35±0.83  dist=0.00±0.00  upright=1.00±0.00  → FITNESS=0.4244
URDF saved to being.urdf
Connecting to PyBullet, GUI: False
CreatureEnv Inicijalizacija: 12 motora. OBS_dim=40, frame_skip=1
[Fitness run Gen10Creature23] reward=1.76±0.00  dist=0.00±0.00  upright=1.00±0.00  → FITNESS=0.1959
URDF saved to being.urdf
Connecting to PyBullet, GUI: False
CreatureEnv Inicijalizacija: 12 motora. OBS_dim=40, frame_skip=1
[Fitness run Gen10Creature24] reward=1.68±0.07  dist=0.07±0.03  upright=0.90±0.30  → FITNESS=0.1821
URDF saved to being.urdf
Connecting to PyBullet, GUI: False
CreatureEnv Inicijalizacija: 12 motora. OBS_dim=40, frame_skip=1
[Fitness run Gen10Creature25] reward=960.75±319.75  dist=0.00±0.00  upright=0.90±0.30  → FITNESS=0.3988
URDF saved to being.urdf
Connecting to PyBullet, GUI: False
CreatureEnv Inicijalizacija: 12 motora. OBS_dim=40, frame_skip=1
[Fitness run Gen10Creature26] reward=102.31±302.35  dist=0.01±0.02  upright=0.57±0.17  → FITNESS=0.1544
URDF saved to being.urdf
Connecting to PyBullet, GUI: False
CreatureEnv Inicijalizacija: 12 motora. OBS_dim=40, frame_skip=1
[Fitness run Gen10Creature27] reward=1.43±0.01  dist=0.28±0.02  upright=0.00±0.00  → FITNESS=0.0506
URDF saved to being.urdf
Connecting to PyBullet, GUI: False
CreatureEnv Inicijalizacija: 12 motora. OBS_dim=40, frame_skip=1
[Fitness run Gen10Creature28] reward=1.73±0.00  dist=0.00±0.00  upright=1.00±0.00  → FITNESS=0.1958
URDF saved to being.urdf
Connecting to PyBullet, GUI: False
CreatureEnv Inicijalizacija: 12 motora. OBS_dim=40, frame_skip=1
[Fitness run Gen10Creature29] reward=1037.54±0.08  dist=0.00±0.00  upright=1.00±0.00  → FITNESS=0.4313

==================================================
Generacija 10/20  |  Best = 0.4465  |  Mean = 0.2567  |  Std = 0.1621
==================================================
URDF saved to being.urdf
Connecting to PyBullet, GUI: False
CreatureEnv Inicijalizacija: 12 motora. OBS_dim=40, frame_skip=1
[Fitness run Gen10Creature3] reward=1.50±0.45  dist=0.09±0.05  upright=0.56±0.22  → FITNESS=0.1310
URDF saved to being.urdf
Connecting to PyBullet, GUI: False
CreatureEnv Inicijalizacija: 12 motora. OBS_dim=40, frame_skip=1
[Fitness run Gen10Creature4] reward=1.68±0.00  dist=0.03±0.01  upright=0.99±0.03  → FITNESS=0.1949
URDF saved to being.urdf
Connecting to PyBullet, GUI: False
CreatureEnv Inicijalizacija: 12 motora. OBS_dim=40, frame_skip=1
[Fitness run Gen10Creature5] reward=970.75±323.09  dist=0.00±0.00  upright=0.91±0.27  → FITNESS=0.4025
URDF saved to being.urdf
Connecting to PyBullet, GUI: False
CreatureEnv Inicijalizacija: 12 motora. OBS_dim=40, frame_skip=1
[Fitness run Gen10Creature6] reward=1.09±0.24  dist=0.00±0.00  upright=0.02±0.06  → FITNESS=0.0486
URDF saved to being.urdf
Connecting to PyBullet, GUI: False
CreatureEnv Inicijalizacija: 12 motora. OBS_dim=40, frame_skip=1
[Fitness run Gen10Creature8] reward=1.46±0.01  dist=0.03±0.02  upright=0.32±0.09  → FITNESS=0.0948
URDF saved to being.urdf
Connecting to PyBullet, GUI: False
CreatureEnv Inicijalizacija: 12 motora. OBS_dim=40, frame_skip=1
[Fitness run Gen10Creature9] reward=935.10±311.37  dist=0.00±0.00  upright=0.92±0.23  → FITNESS=0.3964
URDF saved to being.urdf
Connecting to PyBullet, GUI: False
CreatureEnv Inicijalizacija: 12 motora. OBS_dim=40, frame_skip=1
[Fitness run Gen10Creature10] reward=211.96±285.68  dist=0.00±0.00  upright=0.91±0.22  → FITNESS=0.2305
URDF saved to being.urdf
Connecting to PyBullet, GUI: False
CreatureEnv Inicijalizacija: 12 motora. OBS_dim=40, frame_skip=1
[Fitness run Gen10Creature11] reward=1021.78±0.10  dist=0.01±0.01  upright=1.00±0.00  → FITNESS=0.4279
URDF saved to being.urdf
Connecting to PyBullet, GUI: False
CreatureEnv Inicijalizacija: 12 motora. OBS_dim=40, frame_skip=1
[Fitness run Gen10Creature12] reward=1.41±0.18  dist=0.30±0.12  upright=0.02±0.05  → FITNESS=0.0534
URDF saved to being.urdf
Connecting to PyBullet, GUI: False
CreatureEnv Inicijalizacija: 12 motora. OBS_dim=40, frame_skip=1
[Fitness run Gen10Creature13] reward=1.41±0.17  dist=0.00±0.00  upright=0.00±0.00  → FITNESS=0.0458
URDF saved to being.urdf
Connecting to PyBullet, GUI: False
CreatureEnv Inicijalizacija: 12 motora. OBS_dim=40, frame_skip=1
[Fitness run Gen10Creature14] reward=1.59±0.08  dist=0.00±0.00  upright=0.00±0.01  → FITNESS=0.0464
URDF saved to being.urdf
Connecting to PyBullet, GUI: False
CreatureEnv Inicijalizacija: 12 motora. OBS_dim=40, frame_skip=1
[Fitness run Gen10Creature15] reward=936.64±311.78  dist=0.00±0.00  upright=0.90±0.30  → FITNESS=0.3933
URDF saved to being.urdf
Connecting to PyBullet, GUI: False
CreatureEnv Inicijalizacija: 12 motora. OBS_dim=40, frame_skip=1
[Fitness run Gen10Creature16] reward=1.35±0.04  dist=0.01±0.02  upright=0.15±0.05  → FITNESS=0.0677
URDF saved to being.urdf
Connecting to PyBullet, GUI: False
CreatureEnv Inicijalizacija: 12 motora. OBS_dim=40, frame_skip=1
[Fitness run Gen10Creature18] reward=1.43±0.00  dist=0.03±0.06  upright=0.12±0.03  → FITNESS=0.0642
URDF saved to being.urdf
Connecting to PyBullet, GUI: False
CreatureEnv Inicijalizacija: 12 motora. OBS_dim=40, frame_skip=1
[Fitness run Gen10Creature19] reward=927.60±308.68  dist=0.00±0.00  upright=0.90±0.30  → FITNESS=0.3913
URDF saved to being.urdf
Connecting to PyBullet, GUI: False
CreatureEnv Inicijalizacija: 12 motora. OBS_dim=40, frame_skip=1
[Fitness run Gen10Creature20] reward=1075.33±0.18  dist=0.00±0.00  upright=1.00±0.00  → FITNESS=0.4398
URDF saved to being.urdf
Connecting to PyBullet, GUI: False
CreatureEnv Inicijalizacija: 12 motora. OBS_dim=40, frame_skip=1
[Fitness run Gen10Creature21] reward=1.76±0.00  dist=0.00±0.00  upright=0.00±0.00  → FITNESS=0.0459
URDF saved to being.urdf
Connecting to PyBullet, GUI: False
CreatureEnv Inicijalizacija: 12 motora. OBS_dim=40, frame_skip=1
[Fitness run Gen10Creature22] reward=1007.35±0.83  dist=0.00±0.00  upright=1.00±0.00  → FITNESS=0.4244
URDF saved to being.urdf
Connecting to PyBullet, GUI: False
CreatureEnv Inicijalizacija: 12 motora. OBS_dim=40, frame_skip=1
[Fitness run Gen10Creature23] reward=1.76±0.00  dist=0.00±0.00  upright=1.00±0.00  → FITNESS=0.1959
URDF saved to being.urdf
Connecting to PyBullet, GUI: False
CreatureEnv Inicijalizacija: 12 motora. OBS_dim=40, frame_skip=1
[Fitness run Gen10Creature24] reward=1.68±0.07  dist=0.07±0.03  upright=0.90±0.30  → FITNESS=0.1821
URDF saved to being.urdf
Connecting to PyBullet, GUI: False
CreatureEnv Inicijalizacija: 12 motora. OBS_dim=40, frame_skip=1
[Fitness run Gen10Creature25] reward=960.75±319.75  dist=0.00±0.00  upright=0.90±0.30  → FITNESS=0.3988
URDF saved to being.urdf
Connecting to PyBullet, GUI: False
CreatureEnv Inicijalizacija: 12 motora. OBS_dim=40, frame_skip=1
[Fitness run Gen10Creature26] reward=102.31±302.35  dist=0.01±0.02  upright=0.57±0.17  → FITNESS=0.1544
URDF saved to being.urdf
Connecting to PyBullet, GUI: False
CreatureEnv Inicijalizacija: 12 motora. OBS_dim=40, frame_skip=1
[Fitness run Gen10Creature27] reward=1.43±0.01  dist=0.28±0.02  upright=0.00±0.00  → FITNESS=0.0506
URDF saved to being.urdf
Connecting to PyBullet, GUI: False
CreatureEnv Inicijalizacija: 12 motora. OBS_dim=40, frame_skip=1
[Fitness run Gen10Creature28] reward=1.73±0.00  dist=0.00±0.00  upright=1.00±0.00  → FITNESS=0.1958
URDF saved to being.urdf
Connecting to PyBullet, GUI: False
CreatureEnv Inicijalizacija: 12 motora. OBS_dim=40, frame_skip=1
[Fitness run Gen10Creature29] reward=1037.54±0.08  dist=0.00±0.00  upright=1.00±0.00  → FITNESS=0.4313
Genome saved to results\rewardBased500Steps1Seed\run_4\run_4_best_creature.json
[plot] Saved → ./results\rewardBased500Steps1Seed\run_4\run_4_summary.png
URDF saved to being.urdf
Connecting to PyBullet, GUI: False
CreatureEnv Inicijalizacija: 12 motora. OBS_dim=40, frame_skip=1
[Fitness run Gen11Creature2] reward=895.46±297.98  dist=0.15±0.05  upright=0.90±0.30  → FITNESS=0.3866
URDF saved to being.urdf
Connecting to PyBullet, GUI: False
CreatureEnv Inicijalizacija: 12 motora. OBS_dim=40, frame_skip=1
[Fitness run Gen11Creature3] reward=0.98±0.21  dist=0.10±0.03  upright=0.41±0.14  → FITNESS=0.1088
URDF saved to being.urdf
Connecting to PyBullet, GUI: False
CreatureEnv Inicijalizacija: 12 motora. OBS_dim=40, frame_skip=1
[Fitness run Gen11Creature4] reward=1033.37±0.10  dist=0.00±0.00  upright=1.00±0.00  → FITNESS=0.4303
URDF saved to being.urdf
Connecting to PyBullet, GUI: False
CreatureEnv Inicijalizacija: 12 motora. OBS_dim=40, frame_skip=1
[Fitness run Gen11Creature5] reward=925.36±307.99  dist=0.00±0.00  upright=0.91±0.26  → FITNESS=0.3927
URDF saved to being.urdf
Connecting to PyBullet, GUI: False
CreatureEnv Inicijalizacija: 12 motora. OBS_dim=40, frame_skip=1
[Fitness run Gen11Creature6] reward=1019.80±0.15  dist=0.00±0.00  upright=1.00±0.00  → FITNESS=0.4272
URDF saved to being.urdf
Connecting to PyBullet, GUI: False
CreatureEnv Inicijalizacija: 12 motora. OBS_dim=40, frame_skip=1
[Fitness run Gen11Creature7] reward=1069.02±0.06  dist=0.00±0.00  upright=1.00±0.00  → FITNESS=0.4384
URDF saved to being.urdf
Connecting to PyBullet, GUI: False
CreatureEnv Inicijalizacija: 12 motora. OBS_dim=40, frame_skip=1
[Fitness run Gen11Creature8] reward=1.47±0.04  dist=0.12±0.04  upright=0.38±0.12  → FITNESS=0.1045
URDF saved to being.urdf
Connecting to PyBullet, GUI: False
CreatureEnv Inicijalizacija: 12 motora. OBS_dim=40, frame_skip=1
[Fitness run Gen11Creature9] reward=2.06±0.27  dist=0.03±0.01  upright=0.90±0.30  → FITNESS=0.1815
URDF saved to being.urdf
Connecting to PyBullet, GUI: False
CreatureEnv Inicijalizacija: 12 motora. OBS_dim=40, frame_skip=1
[Fitness run Gen11Creature10] reward=920.04±306.19  dist=0.03±0.05  upright=0.92±0.25  → FITNESS=0.3925
URDF saved to being.urdf
Connecting to PyBullet, GUI: False
CreatureEnv Inicijalizacija: 12 motora. OBS_dim=40, frame_skip=1
[Fitness run Gen11Creature11] reward=931.11±310.14  dist=0.00±0.00  upright=0.95±0.15  → FITNESS=0.3993
URDF saved to being.urdf
Connecting to PyBullet, GUI: False
CreatureEnv Inicijalizacija: 12 motora. OBS_dim=40, frame_skip=1
[Fitness run Gen11Creature12] reward=1.48±0.04  dist=0.00±0.00  upright=0.00±0.01  → FITNESS=0.0463
URDF saved to being.urdf
Connecting to PyBullet, GUI: False
CreatureEnv Inicijalizacija: 12 motora. OBS_dim=40, frame_skip=1
[Fitness run Gen11Creature13] reward=1.54±0.01  dist=0.00±0.00  upright=0.01±0.02  → FITNESS=0.0468
URDF saved to being.urdf
Connecting to PyBullet, GUI: False
CreatureEnv Inicijalizacija: 12 motora. OBS_dim=40, frame_skip=1
[Fitness run Gen11Creature14] reward=1.54±0.02  dist=0.22±0.06  upright=0.01±0.02  → FITNESS=0.0507
URDF saved to being.urdf
Connecting to PyBullet, GUI: False
CreatureEnv Inicijalizacija: 12 motora. OBS_dim=40, frame_skip=1
[Fitness run Gen11Creature15] reward=947.59±315.41  dist=0.00±0.00  upright=0.90±0.30  → FITNESS=0.3958
URDF saved to being.urdf
Connecting to PyBullet, GUI: False
CreatureEnv Inicijalizacija: 12 motora. OBS_dim=40, frame_skip=1
[Fitness run Gen11Creature16] reward=1003.95±0.07  dist=0.00±0.00  upright=1.00±0.00  → FITNESS=0.4236
URDF saved to being.urdf
Connecting to PyBullet, GUI: False
CreatureEnv Inicijalizacija: 12 motora. OBS_dim=40, frame_skip=1
[Fitness run Gen11Creature17] reward=1092.75±4.71  dist=0.00±0.00  upright=1.00±0.00  → FITNESS=0.4439
URDF saved to being.urdf
Connecting to PyBullet, GUI: False
CreatureEnv Inicijalizacija: 12 motora. OBS_dim=40, frame_skip=1
[Fitness run Gen11Creature18] reward=1.29±0.11  dist=0.00±0.00  upright=0.00±0.01  → FITNESS=0.0462
URDF saved to being.urdf
Connecting to PyBullet, GUI: False
CreatureEnv Inicijalizacija: 12 motora. OBS_dim=40, frame_skip=1
[Fitness run Gen11Creature19] reward=969.65±322.74  dist=0.00±0.01  upright=0.90±0.29  → FITNESS=0.4014
URDF saved to being.urdf
Connecting to PyBullet, GUI: False
CreatureEnv Inicijalizacija: 12 motora. OBS_dim=40, frame_skip=1
[Fitness run Gen11Creature20] reward=1066.63±3.59  dist=0.00±0.00  upright=1.00±0.00  → FITNESS=0.4379
URDF saved to being.urdf
Connecting to PyBullet, GUI: False
CreatureEnv Inicijalizacija: 12 motora. OBS_dim=40, frame_skip=1
[Fitness run Gen11Creature21] reward=1.69±0.00  dist=0.01±0.00  upright=0.06±0.00  → FITNESS=0.0556
URDF saved to being.urdf
Connecting to PyBullet, GUI: False
CreatureEnv Inicijalizacija: 12 motora. OBS_dim=40, frame_skip=1
[Fitness run Gen11Creature22] reward=1116.52±2.84  dist=0.00±0.00  upright=1.00±0.00  → FITNESS=0.4492
URDF saved to being.urdf
Connecting to PyBullet, GUI: False
CreatureEnv Inicijalizacija: 12 motora. OBS_dim=40, frame_skip=1
[Fitness run Gen11Creature23] reward=1042.94±0.92  dist=0.04±0.02  upright=1.00±0.00  → FITNESS=0.4332
URDF saved to being.urdf
Connecting to PyBullet, GUI: False
CreatureEnv Inicijalizacija: 12 motora. OBS_dim=40, frame_skip=1
[Fitness run Gen11Creature24] reward=1055.33±0.03  dist=0.01±0.00  upright=1.00±0.00  → FITNESS=0.4356
URDF saved to being.urdf
Connecting to PyBullet, GUI: False
CreatureEnv Inicijalizacija: 12 motora. OBS_dim=40, frame_skip=1
[Fitness run Gen11Creature25] reward=928.61±309.04  dist=0.06±0.03  upright=0.90±0.30  → FITNESS=0.3925
URDF saved to being.urdf
Connecting to PyBullet, GUI: False
CreatureEnv Inicijalizacija: 12 motora. OBS_dim=40, frame_skip=1
[Fitness run Gen11Creature26] reward=102.31±302.35  dist=0.01±0.02  upright=0.57±0.17  → FITNESS=0.1544
URDF saved to being.urdf
Connecting to PyBullet, GUI: False
CreatureEnv Inicijalizacija: 12 motora. OBS_dim=40, frame_skip=1
[Fitness run Gen11Creature27] reward=445.37±544.65  dist=0.00±0.00  upright=0.50±0.41  → FITNESS=0.2212
URDF saved to being.urdf
Connecting to PyBullet, GUI: False
CreatureEnv Inicijalizacija: 12 motora. OBS_dim=40, frame_skip=1
[Fitness run Gen11Creature28] reward=1.75±0.05  dist=0.00±0.00  upright=0.12±0.01  → FITNESS=0.0642
URDF saved to being.urdf
Connecting to PyBullet, GUI: False
CreatureEnv Inicijalizacija: 12 motora. OBS_dim=40, frame_skip=1
[Fitness run Gen11Creature29] reward=1033.37±0.10  dist=0.00±0.00  upright=1.00±0.00  → FITNESS=0.4303

==================================================
Generacija 11/20  |  Best = 0.4492  |  Mean = 0.3026  |  Std = 0.1605
==================================================
URDF saved to being.urdf
Connecting to PyBullet, GUI: False
CreatureEnv Inicijalizacija: 12 motora. OBS_dim=40, frame_skip=1
[Fitness run Gen11Creature2] reward=895.46±297.98  dist=0.15±0.05  upright=0.90±0.30  → FITNESS=0.3866
URDF saved to being.urdf
Connecting to PyBullet, GUI: False
CreatureEnv Inicijalizacija: 12 motora. OBS_dim=40, frame_skip=1
[Fitness run Gen11Creature3] reward=0.98±0.21  dist=0.10±0.03  upright=0.41±0.14  → FITNESS=0.1088
URDF saved to being.urdf
Connecting to PyBullet, GUI: False
CreatureEnv Inicijalizacija: 12 motora. OBS_dim=40, frame_skip=1
[Fitness run Gen11Creature4] reward=1033.37±0.10  dist=0.00±0.00  upright=1.00±0.00  → FITNESS=0.4303
URDF saved to being.urdf
Connecting to PyBullet, GUI: False
CreatureEnv Inicijalizacija: 12 motora. OBS_dim=40, frame_skip=1
[Fitness run Gen11Creature5] reward=925.36±307.99  dist=0.00±0.00  upright=0.91±0.26  → FITNESS=0.3927
URDF saved to being.urdf
Connecting to PyBullet, GUI: False
CreatureEnv Inicijalizacija: 12 motora. OBS_dim=40, frame_skip=1
[Fitness run Gen11Creature6] reward=1019.80±0.15  dist=0.00±0.00  upright=1.00±0.00  → FITNESS=0.4272
URDF saved to being.urdf
Connecting to PyBullet, GUI: False
CreatureEnv Inicijalizacija: 12 motora. OBS_dim=40, frame_skip=1
[Fitness run Gen11Creature7] reward=1069.02±0.06  dist=0.00±0.00  upright=1.00±0.00  → FITNESS=0.4384
URDF saved to being.urdf
Connecting to PyBullet, GUI: False
CreatureEnv Inicijalizacija: 12 motora. OBS_dim=40, frame_skip=1
[Fitness run Gen11Creature8] reward=1.47±0.04  dist=0.12±0.04  upright=0.38±0.12  → FITNESS=0.1045
URDF saved to being.urdf
Connecting to PyBullet, GUI: False
CreatureEnv Inicijalizacija: 12 motora. OBS_dim=40, frame_skip=1
[Fitness run Gen11Creature9] reward=2.06±0.27  dist=0.03±0.01  upright=0.90±0.30  → FITNESS=0.1815
URDF saved to being.urdf
Connecting to PyBullet, GUI: False
CreatureEnv Inicijalizacija: 12 motora. OBS_dim=40, frame_skip=1
[Fitness run Gen11Creature10] reward=920.04±306.19  dist=0.03±0.05  upright=0.92±0.25  → FITNESS=0.3925
URDF saved to being.urdf
Connecting to PyBullet, GUI: False
CreatureEnv Inicijalizacija: 12 motora. OBS_dim=40, frame_skip=1
[Fitness run Gen11Creature11] reward=931.11±310.14  dist=0.00±0.00  upright=0.95±0.15  → FITNESS=0.3993
URDF saved to being.urdf
Connecting to PyBullet, GUI: False
CreatureEnv Inicijalizacija: 12 motora. OBS_dim=40, frame_skip=1
[Fitness run Gen11Creature12] reward=1.48±0.04  dist=0.00±0.00  upright=0.00±0.01  → FITNESS=0.0463
URDF saved to being.urdf
Connecting to PyBullet, GUI: False
CreatureEnv Inicijalizacija: 12 motora. OBS_dim=40, frame_skip=1
[Fitness run Gen11Creature13] reward=1.54±0.01  dist=0.00±0.00  upright=0.01±0.02  → FITNESS=0.0468
URDF saved to being.urdf
Connecting to PyBullet, GUI: False
CreatureEnv Inicijalizacija: 12 motora. OBS_dim=40, frame_skip=1
[Fitness run Gen11Creature14] reward=1.54±0.02  dist=0.22±0.06  upright=0.01±0.02  → FITNESS=0.0507
URDF saved to being.urdf
Connecting to PyBullet, GUI: False
CreatureEnv Inicijalizacija: 12 motora. OBS_dim=40, frame_skip=1
[Fitness run Gen11Creature15] reward=947.59±315.41  dist=0.00±0.00  upright=0.90±0.30  → FITNESS=0.3958
URDF saved to being.urdf
Connecting to PyBullet, GUI: False
CreatureEnv Inicijalizacija: 12 motora. OBS_dim=40, frame_skip=1
[Fitness run Gen11Creature16] reward=1003.95±0.07  dist=0.00±0.00  upright=1.00±0.00  → FITNESS=0.4236
URDF saved to being.urdf
Connecting to PyBullet, GUI: False
CreatureEnv Inicijalizacija: 12 motora. OBS_dim=40, frame_skip=1
[Fitness run Gen11Creature17] reward=1092.75±4.71  dist=0.00±0.00  upright=1.00±0.00  → FITNESS=0.4439
URDF saved to being.urdf
Connecting to PyBullet, GUI: False
CreatureEnv Inicijalizacija: 12 motora. OBS_dim=40, frame_skip=1
[Fitness run Gen11Creature18] reward=1.29±0.11  dist=0.00±0.00  upright=0.00±0.01  → FITNESS=0.0462
URDF saved to being.urdf
Connecting to PyBullet, GUI: False
CreatureEnv Inicijalizacija: 12 motora. OBS_dim=40, frame_skip=1
[Fitness run Gen11Creature19] reward=969.65±322.74  dist=0.00±0.01  upright=0.90±0.29  → FITNESS=0.4014
URDF saved to being.urdf
Connecting to PyBullet, GUI: False
CreatureEnv Inicijalizacija: 12 motora. OBS_dim=40, frame_skip=1
[Fitness run Gen11Creature20] reward=1066.63±3.59  dist=0.00±0.00  upright=1.00±0.00  → FITNESS=0.4379
URDF saved to being.urdf
Connecting to PyBullet, GUI: False
CreatureEnv Inicijalizacija: 12 motora. OBS_dim=40, frame_skip=1
[Fitness run Gen11Creature21] reward=1.69±0.00  dist=0.01±0.00  upright=0.06±0.00  → FITNESS=0.0556
URDF saved to being.urdf
Connecting to PyBullet, GUI: False
CreatureEnv Inicijalizacija: 12 motora. OBS_dim=40, frame_skip=1
[Fitness run Gen11Creature22] reward=1116.52±2.84  dist=0.00±0.00  upright=1.00±0.00  → FITNESS=0.4492
URDF saved to being.urdf
Connecting to PyBullet, GUI: False
CreatureEnv Inicijalizacija: 12 motora. OBS_dim=40, frame_skip=1
[Fitness run Gen11Creature23] reward=1042.94±0.92  dist=0.04±0.02  upright=1.00±0.00  → FITNESS=0.4332
URDF saved to being.urdf
Connecting to PyBullet, GUI: False
CreatureEnv Inicijalizacija: 12 motora. OBS_dim=40, frame_skip=1
[Fitness run Gen11Creature24] reward=1055.33±0.03  dist=0.01±0.00  upright=1.00±0.00  → FITNESS=0.4356
URDF saved to being.urdf
Connecting to PyBullet, GUI: False
CreatureEnv Inicijalizacija: 12 motora. OBS_dim=40, frame_skip=1
[Fitness run Gen11Creature25] reward=928.61±309.04  dist=0.06±0.03  upright=0.90±0.30  → FITNESS=0.3925
URDF saved to being.urdf
Connecting to PyBullet, GUI: False
CreatureEnv Inicijalizacija: 12 motora. OBS_dim=40, frame_skip=1
[Fitness run Gen11Creature26] reward=102.31±302.35  dist=0.01±0.02  upright=0.57±0.17  → FITNESS=0.1544
URDF saved to being.urdf
Connecting to PyBullet, GUI: False
CreatureEnv Inicijalizacija: 12 motora. OBS_dim=40, frame_skip=1
[Fitness run Gen11Creature27] reward=445.37±544.65  dist=0.00±0.00  upright=0.50±0.41  → FITNESS=0.2212
URDF saved to being.urdf
Connecting to PyBullet, GUI: False
CreatureEnv Inicijalizacija: 12 motora. OBS_dim=40, frame_skip=1
[Fitness run Gen11Creature28] reward=1.75±0.05  dist=0.00±0.00  upright=0.12±0.01  → FITNESS=0.0642
URDF saved to being.urdf
Connecting to PyBullet, GUI: False
CreatureEnv Inicijalizacija: 12 motora. OBS_dim=40, frame_skip=1
[Fitness run Gen11Creature29] reward=943.32±313.96  dist=0.00±0.00  upright=0.90±0.30  → FITNESS=0.3948
Genome saved to results\rewardBased500Steps1Seed\run_4\run_4_best_creature.json
[plot] Saved → ./results\rewardBased500Steps1Seed\run_4\run_4_summary.png
URDF saved to being.urdf
Connecting to PyBullet, GUI: False
CreatureEnv Inicijalizacija: 12 motora. OBS_dim=40, frame_skip=1
[Fitness run Gen12Creature2] reward=2.03±0.17  dist=0.00±0.00  upright=0.90±0.30  → FITNESS=0.1809
URDF saved to being.urdf
Connecting to PyBullet, GUI: False
CreatureEnv Inicijalizacija: 12 motora. OBS_dim=40, frame_skip=1
[Fitness run Gen12Creature3] reward=1.51±0.05  dist=0.08±0.03  upright=0.15±0.05  → FITNESS=0.0694
URDF saved to being.urdf
Connecting to PyBullet, GUI: False
CreatureEnv Inicijalizacija: 12 motora. OBS_dim=40, frame_skip=1
[Fitness run Gen12Creature4] reward=1061.77±0.19  dist=0.00±0.00  upright=1.00±0.00  → FITNESS=0.4368
URDF saved to being.urdf
Connecting to PyBullet, GUI: False
CreatureEnv Inicijalizacija: 12 motora. OBS_dim=40, frame_skip=1
[Fitness run Gen12Creature5] reward=2.04±0.18  dist=0.00±0.00  upright=0.90±0.30  → FITNESS=0.1810
URDF saved to being.urdf
Connecting to PyBullet, GUI: False
CreatureEnv Inicijalizacija: 12 motora. OBS_dim=40, frame_skip=1
[Fitness run Gen12Creature6] reward=1067.87±0.14  dist=0.00±0.00  upright=1.00±0.00  → FITNESS=0.4382
URDF saved to being.urdf
Connecting to PyBullet, GUI: False
CreatureEnv Inicijalizacija: 12 motora. OBS_dim=40, frame_skip=1
[Fitness run Gen12Creature7] reward=959.43±319.11  dist=0.00±0.00  upright=0.99±0.03  → FITNESS=0.4121
URDF saved to being.urdf
Connecting to PyBullet, GUI: False
CreatureEnv Inicijalizacija: 12 motora. OBS_dim=40, frame_skip=1
[Fitness run Gen12Creature8] reward=1.49±0.05  dist=0.00±0.00  upright=0.23±0.08  → FITNESS=0.0797
URDF saved to being.urdf
Connecting to PyBullet, GUI: False
CreatureEnv Inicijalizacija: 12 motora. OBS_dim=40, frame_skip=1
[Fitness run Gen12Creature9] reward=105.79±311.21  dist=0.01±0.02  upright=0.19±0.27  → FITNESS=0.0977
URDF saved to being.urdf
Connecting to PyBullet, GUI: False
CreatureEnv Inicijalizacija: 12 motora. OBS_dim=40, frame_skip=1
[Fitness run Gen12Creature10] reward=920.04±306.19  dist=0.03±0.05  upright=0.92±0.25  → FITNESS=0.3925
URDF saved to being.urdf
Connecting to PyBullet, GUI: False
CreatureEnv Inicijalizacija: 12 motora. OBS_dim=40, frame_skip=1
[Fitness run Gen12Creature11] reward=1024.07±17.44  dist=0.01±0.03  upright=1.00±0.00  → FITNESS=0.4284
URDF saved to being.urdf
Connecting to PyBullet, GUI: False
CreatureEnv Inicijalizacija: 12 motora. OBS_dim=40, frame_skip=1
[Fitness run Gen12Creature12] reward=1.52±0.04  dist=0.10±0.03  upright=0.02±0.05  → FITNESS=0.0500
URDF saved to being.urdf
Connecting to PyBullet, GUI: False
CreatureEnv Inicijalizacija: 12 motora. OBS_dim=40, frame_skip=1
[Fitness run Gen12Creature13] reward=886.43±295.00  dist=0.05±0.06  upright=0.92±0.23  → FITNESS=0.3861
URDF saved to being.urdf
Connecting to PyBullet, GUI: False
CreatureEnv Inicijalizacija: 12 motora. OBS_dim=40, frame_skip=1
[Fitness run Gen12Creature14] reward=1.48±0.05  dist=0.55±0.03  upright=0.42±0.09  → FITNESS=0.1188
URDF saved to being.urdf
Connecting to PyBullet, GUI: False
CreatureEnv Inicijalizacija: 12 motora. OBS_dim=40, frame_skip=1
[Fitness run Gen12Creature15] reward=2.10±0.23  dist=0.03±0.01  upright=0.90±0.30  → FITNESS=0.1814
URDF saved to being.urdf
Connecting to PyBullet, GUI: False
CreatureEnv Inicijalizacija: 12 motora. OBS_dim=40, frame_skip=1
[Fitness run Gen12Creature16] reward=926.41±308.29  dist=0.03±0.01  upright=0.90±0.30  → FITNESS=0.3916
URDF saved to being.urdf
Connecting to PyBullet, GUI: False
CreatureEnv Inicijalizacija: 12 motora. OBS_dim=40, frame_skip=1
[Fitness run Gen12Creature17] reward=1080.41±2.80  dist=0.00±0.00  upright=1.00±0.00  → FITNESS=0.4410
URDF saved to being.urdf
Connecting to PyBullet, GUI: False
CreatureEnv Inicijalizacija: 12 motora. OBS_dim=40, frame_skip=1
[Fitness run Gen12Creature18] reward=1.46±0.00  dist=0.07±0.07  upright=0.12±0.02  → FITNESS=0.0655
URDF saved to being.urdf
Connecting to PyBullet, GUI: False
CreatureEnv Inicijalizacija: 12 motora. OBS_dim=40, frame_skip=1
[Fitness run Gen12Creature19] reward=1097.36±16.32  dist=0.00±0.01  upright=1.00±0.00  → FITNESS=0.4449
URDF saved to being.urdf
Connecting to PyBullet, GUI: False
CreatureEnv Inicijalizacija: 12 motora. OBS_dim=40, frame_skip=1
[Fitness run Gen12Creature21] reward=1.68±0.00  dist=0.05±0.02  upright=0.06±0.02  → FITNESS=0.0554
URDF saved to being.urdf
Connecting to PyBullet, GUI: False
CreatureEnv Inicijalizacija: 12 motora. OBS_dim=40, frame_skip=1
[Fitness run Gen12Creature22] reward=1102.69±3.83  dist=0.00±0.00  upright=1.00±0.00  → FITNESS=0.4461
URDF saved to being.urdf
Connecting to PyBullet, GUI: False
CreatureEnv Inicijalizacija: 12 motora. OBS_dim=40, frame_skip=1
[Fitness run Gen12Creature23] reward=1092.89±0.03  dist=0.00±0.00  upright=1.00±0.00  → FITNESS=0.4438
URDF saved to being.urdf
Connecting to PyBullet, GUI: False
CreatureEnv Inicijalizacija: 12 motora. OBS_dim=40, frame_skip=1
[Fitness run Gen12Creature24] reward=969.77±322.59  dist=0.00±0.00  upright=0.99±0.03  → FITNESS=0.4144
URDF saved to being.urdf
Connecting to PyBullet, GUI: False
CreatureEnv Inicijalizacija: 12 motora. OBS_dim=40, frame_skip=1
[Fitness run Gen12Creature25] reward=2.03±0.18  dist=0.00±0.00  upright=0.90±0.30  → FITNESS=0.1809
URDF saved to being.urdf
Connecting to PyBullet, GUI: False
CreatureEnv Inicijalizacija: 12 motora. OBS_dim=40, frame_skip=1
[Fitness run Gen12Creature26] reward=2.05±0.16  dist=0.00±0.00  upright=0.90±0.30  → FITNESS=0.1810
URDF saved to being.urdf
Connecting to PyBullet, GUI: False
CreatureEnv Inicijalizacija: 12 motora. OBS_dim=40, frame_skip=1
[Fitness run Gen12Creature27] reward=0.44±0.33  dist=0.05±0.14  upright=0.05±0.01  → FITNESS=0.0546
URDF saved to being.urdf
Connecting to PyBullet, GUI: False
CreatureEnv Inicijalizacija: 12 motora. OBS_dim=40, frame_skip=1
[Fitness run Gen12Creature28] reward=1.83±0.11  dist=0.00±0.00  upright=0.90±0.30  → FITNESS=0.1809
URDF saved to being.urdf
Connecting to PyBullet, GUI: False
CreatureEnv Inicijalizacija: 12 motora. OBS_dim=40, frame_skip=1
[Fitness run Gen12Creature29] reward=1038.94±0.02  dist=0.01±0.01  upright=1.00±0.00  → FITNESS=0.4317

==================================================
Generacija 12/20  |  Best = 0.4492  |  Mean = 0.2839  |  Std = 0.1589
==================================================
URDF saved to being.urdf
Connecting to PyBullet, GUI: False
CreatureEnv Inicijalizacija: 12 motora. OBS_dim=40, frame_skip=1
[Fitness run Gen12Creature2] reward=2.03±0.17  dist=0.00±0.00  upright=0.90±0.30  → FITNESS=0.1809
URDF saved to being.urdf
Connecting to PyBullet, GUI: False
CreatureEnv Inicijalizacija: 12 motora. OBS_dim=40, frame_skip=1
[Fitness run Gen12Creature3] reward=1.51±0.05  dist=0.08±0.03  upright=0.15±0.05  → FITNESS=0.0694
URDF saved to being.urdf
Connecting to PyBullet, GUI: False
CreatureEnv Inicijalizacija: 12 motora. OBS_dim=40, frame_skip=1
[Fitness run Gen12Creature4] reward=1061.77±0.19  dist=0.00±0.00  upright=1.00±0.00  → FITNESS=0.4368
URDF saved to being.urdf
Connecting to PyBullet, GUI: False
CreatureEnv Inicijalizacija: 12 motora. OBS_dim=40, frame_skip=1
[Fitness run Gen12Creature5] reward=2.04±0.18  dist=0.00±0.00  upright=0.90±0.30  → FITNESS=0.1810
URDF saved to being.urdf
Connecting to PyBullet, GUI: False
CreatureEnv Inicijalizacija: 12 motora. OBS_dim=40, frame_skip=1
[Fitness run Gen12Creature6] reward=1067.87±0.14  dist=0.00±0.00  upright=1.00±0.00  → FITNESS=0.4382
URDF saved to being.urdf
Connecting to PyBullet, GUI: False
CreatureEnv Inicijalizacija: 12 motora. OBS_dim=40, frame_skip=1
[Fitness run Gen12Creature7] reward=959.43±319.11  dist=0.00±0.00  upright=0.99±0.03  → FITNESS=0.4121
URDF saved to being.urdf
Connecting to PyBullet, GUI: False
CreatureEnv Inicijalizacija: 12 motora. OBS_dim=40, frame_skip=1
[Fitness run Gen12Creature8] reward=1.49±0.05  dist=0.00±0.00  upright=0.23±0.08  → FITNESS=0.0797
URDF saved to being.urdf
Connecting to PyBullet, GUI: False
CreatureEnv Inicijalizacija: 12 motora. OBS_dim=40, frame_skip=1
[Fitness run Gen12Creature9] reward=105.79±311.21  dist=0.01±0.02  upright=0.19±0.27  → FITNESS=0.0977
URDF saved to being.urdf
Connecting to PyBullet, GUI: False
CreatureEnv Inicijalizacija: 12 motora. OBS_dim=40, frame_skip=1
[Fitness run Gen12Creature10] reward=920.04±306.19  dist=0.03±0.05  upright=0.92±0.25  → FITNESS=0.3925
URDF saved to being.urdf
Connecting to PyBullet, GUI: False
CreatureEnv Inicijalizacija: 12 motora. OBS_dim=40, frame_skip=1
[Fitness run Gen12Creature11] reward=1024.07±17.44  dist=0.01±0.03  upright=1.00±0.00  → FITNESS=0.4284
URDF saved to being.urdf
Connecting to PyBullet, GUI: False
CreatureEnv Inicijalizacija: 12 motora. OBS_dim=40, frame_skip=1
[Fitness run Gen12Creature12] reward=1.52±0.04  dist=0.10±0.03  upright=0.02±0.05  → FITNESS=0.0500
URDF saved to being.urdf
Connecting to PyBullet, GUI: False
CreatureEnv Inicijalizacija: 12 motora. OBS_dim=40, frame_skip=1
[Fitness run Gen12Creature13] reward=886.43±295.00  dist=0.05±0.06  upright=0.92±0.23  → FITNESS=0.3861
URDF saved to being.urdf
Connecting to PyBullet, GUI: False
CreatureEnv Inicijalizacija: 12 motora. OBS_dim=40, frame_skip=1
[Fitness run Gen12Creature14] reward=1.48±0.05  dist=0.55±0.03  upright=0.42±0.09  → FITNESS=0.1188
URDF saved to being.urdf
Connecting to PyBullet, GUI: False
CreatureEnv Inicijalizacija: 12 motora. OBS_dim=40, frame_skip=1
[Fitness run Gen12Creature15] reward=2.10±0.23  dist=0.03±0.01  upright=0.90±0.30  → FITNESS=0.1814
URDF saved to being.urdf
Connecting to PyBullet, GUI: False
CreatureEnv Inicijalizacija: 12 motora. OBS_dim=40, frame_skip=1
[Fitness run Gen12Creature16] reward=926.41±308.29  dist=0.03±0.01  upright=0.90±0.30  → FITNESS=0.3916
URDF saved to being.urdf
Connecting to PyBullet, GUI: False
CreatureEnv Inicijalizacija: 12 motora. OBS_dim=40, frame_skip=1
[Fitness run Gen12Creature17] reward=1080.41±2.80  dist=0.00±0.00  upright=1.00±0.00  → FITNESS=0.4410
URDF saved to being.urdf
Connecting to PyBullet, GUI: False
CreatureEnv Inicijalizacija: 12 motora. OBS_dim=40, frame_skip=1
[Fitness run Gen12Creature18] reward=1.46±0.00  dist=0.07±0.07  upright=0.12±0.02  → FITNESS=0.0655
URDF saved to being.urdf
Connecting to PyBullet, GUI: False
CreatureEnv Inicijalizacija: 12 motora. OBS_dim=40, frame_skip=1
[Fitness run Gen12Creature19] reward=1097.36±16.32  dist=0.00±0.01  upright=1.00±0.00  → FITNESS=0.4449
URDF saved to being.urdf
Connecting to PyBullet, GUI: False
CreatureEnv Inicijalizacija: 12 motora. OBS_dim=40, frame_skip=1
[Fitness run Gen12Creature21] reward=1.68±0.00  dist=0.05±0.02  upright=0.06±0.02  → FITNESS=0.0554
URDF saved to being.urdf
Connecting to PyBullet, GUI: False
CreatureEnv Inicijalizacija: 12 motora. OBS_dim=40, frame_skip=1
[Fitness run Gen12Creature22] reward=1102.69±3.83  dist=0.00±0.00  upright=1.00±0.00  → FITNESS=0.4461
URDF saved to being.urdf
Connecting to PyBullet, GUI: False
CreatureEnv Inicijalizacija: 12 motora. OBS_dim=40, frame_skip=1
[Fitness run Gen12Creature23] reward=1092.89±0.03  dist=0.00±0.00  upright=1.00±0.00  → FITNESS=0.4438
URDF saved to being.urdf
Connecting to PyBullet, GUI: False
CreatureEnv Inicijalizacija: 12 motora. OBS_dim=40, frame_skip=1
[Fitness run Gen12Creature24] reward=969.77±322.59  dist=0.00±0.00  upright=0.99±0.03  → FITNESS=0.4144
URDF saved to being.urdf
Connecting to PyBullet, GUI: False
CreatureEnv Inicijalizacija: 12 motora. OBS_dim=40, frame_skip=1
[Fitness run Gen12Creature25] reward=2.03±0.18  dist=0.00±0.00  upright=0.90±0.30  → FITNESS=0.1809
URDF saved to being.urdf
Connecting to PyBullet, GUI: False
CreatureEnv Inicijalizacija: 12 motora. OBS_dim=40, frame_skip=1
[Fitness run Gen12Creature26] reward=2.05±0.16  dist=0.00±0.00  upright=0.90±0.30  → FITNESS=0.1810
URDF saved to being.urdf
Connecting to PyBullet, GUI: False
CreatureEnv Inicijalizacija: 12 motora. OBS_dim=40, frame_skip=1
[Fitness run Gen12Creature27] reward=0.44±0.33  dist=0.05±0.14  upright=0.05±0.01  → FITNESS=0.0546
URDF saved to being.urdf
Connecting to PyBullet, GUI: False
CreatureEnv Inicijalizacija: 12 motora. OBS_dim=40, frame_skip=1
[Fitness run Gen12Creature28] reward=1.83±0.11  dist=0.00±0.00  upright=0.90±0.30  → FITNESS=0.1809
URDF saved to being.urdf
Connecting to PyBullet, GUI: False
CreatureEnv Inicijalizacija: 12 motora. OBS_dim=40, frame_skip=1
[Fitness run Gen12Creature29] reward=1038.94±0.02  dist=0.01±0.01  upright=1.00±0.00  → FITNESS=0.4317
Genome saved to results\rewardBased500Steps1Seed\run_4\run_4_best_creature.json
[plot] Saved → ./results\rewardBased500Steps1Seed\run_4\run_4_summary.png
URDF saved to being.urdf
Connecting to PyBullet, GUI: False
CreatureEnv Inicijalizacija: 12 motora. OBS_dim=40, frame_skip=1
[Fitness run Gen13Creature3] reward=409.40±500.06  dist=0.05±0.04  upright=0.66±0.32  → FITNESS=0.2381
URDF saved to being.urdf
Connecting to PyBullet, GUI: False
CreatureEnv Inicijalizacija: 12 motora. OBS_dim=40, frame_skip=1
[Fitness run Gen13Creature4] reward=1046.04±0.14  dist=0.01±0.00  upright=1.00±0.00  → FITNESS=0.4333
URDF saved to being.urdf
Connecting to PyBullet, GUI: False
CreatureEnv Inicijalizacija: 12 motora. OBS_dim=40, frame_skip=1
[Fitness run Gen13Creature5] reward=1.55±0.03  dist=0.00±0.00  upright=0.13±0.05  → FITNESS=0.0647
URDF saved to being.urdf
Connecting to PyBullet, GUI: False
CreatureEnv Inicijalizacija: 12 motora. OBS_dim=40, frame_skip=1
[Fitness run Gen13Creature6] reward=1028.53±0.12  dist=0.00±0.00  upright=1.00±0.00  → FITNESS=0.4292
URDF saved to being.urdf
Connecting to PyBullet, GUI: False
CreatureEnv Inicijalizacija: 12 motora. OBS_dim=40, frame_skip=1
[Fitness run Gen13Creature7] reward=963.62±320.70  dist=0.00±0.00  upright=0.92±0.24  → FITNESS=0.4024
URDF saved to being.urdf
Connecting to PyBullet, GUI: False
CreatureEnv Inicijalizacija: 12 motora. OBS_dim=40, frame_skip=1
[Fitness run Gen13Creature8] reward=1.42±0.02  dist=0.00±0.00  upright=0.17±0.07  → FITNESS=0.0714
URDF saved to being.urdf
Connecting to PyBullet, GUI: False
CreatureEnv Inicijalizacija: 12 motora. OBS_dim=40, frame_skip=1
[Fitness run Gen13Creature9] reward=1.52±0.00  dist=0.16±0.07  upright=0.05±0.14  → FITNESS=0.0554
URDF saved to being.urdf
Connecting to PyBullet, GUI: False
CreatureEnv Inicijalizacija: 12 motora. OBS_dim=40, frame_skip=1
[Fitness run Gen13Creature10] reward=111.03±328.51  dist=0.00±0.00  upright=0.30±0.23  → FITNESS=0.1162
URDF saved to being.urdf
Connecting to PyBullet, GUI: False
CreatureEnv Inicijalizacija: 12 motora. OBS_dim=40, frame_skip=1
[Fitness run Gen13Creature11] reward=1024.07±17.44  dist=0.01±0.03  upright=1.00±0.00  → FITNESS=0.4284
URDF saved to being.urdf
Connecting to PyBullet, GUI: False
CreatureEnv Inicijalizacija: 12 motora. OBS_dim=40, frame_skip=1
[Fitness run Gen13Creature12] reward=1.52±0.04  dist=0.10±0.03  upright=0.02±0.05  → FITNESS=0.0500
URDF saved to being.urdf
Connecting to PyBullet, GUI: False
CreatureEnv Inicijalizacija: 12 motora. OBS_dim=40, frame_skip=1
[Fitness run Gen13Creature13] reward=1.54±0.02  dist=0.04±0.03  upright=0.03±0.01  → FITNESS=0.0508
URDF saved to being.urdf
Connecting to PyBullet, GUI: False
CreatureEnv Inicijalizacija: 12 motora. OBS_dim=40, frame_skip=1
[Fitness run Gen13Creature14] reward=1.66±0.08  dist=0.03±0.02  upright=0.12±0.06  → FITNESS=0.0643
URDF saved to being.urdf
Connecting to PyBullet, GUI: False
CreatureEnv Inicijalizacija: 12 motora. OBS_dim=40, frame_skip=1
[Fitness run Gen13Creature15] reward=2.03±0.42  dist=0.00±0.00  upright=0.93±0.22  → FITNESS=0.1848
URDF saved to being.urdf
Connecting to PyBullet, GUI: False
CreatureEnv Inicijalizacija: 12 motora. OBS_dim=40, frame_skip=1
[Fitness run Gen13Creature16] reward=2.07±0.20  dist=0.01±0.00  upright=0.90±0.30  → FITNESS=0.1811
URDF saved to being.urdf
Connecting to PyBullet, GUI: False
CreatureEnv Inicijalizacija: 12 motora. OBS_dim=40, frame_skip=1
[Fitness run Gen13Creature17] reward=1098.88±1.10  dist=0.00±0.00  upright=1.00±0.00  → FITNESS=0.4452
URDF saved to being.urdf
Connecting to PyBullet, GUI: False
CreatureEnv Inicijalizacija: 12 motora. OBS_dim=40, frame_skip=1
[Fitness run Gen13Creature18] reward=1.44±0.00  dist=0.00±0.01  upright=0.18±0.03  → FITNESS=0.0734
URDF saved to being.urdf
Connecting to PyBullet, GUI: False
CreatureEnv Inicijalizacija: 12 motora. OBS_dim=40, frame_skip=1
[Fitness run Gen13Creature19] reward=1.53±0.01  dist=0.00±0.00  upright=0.00±0.00  → FITNESS=0.0458
URDF saved to being.urdf
Connecting to PyBullet, GUI: False
CreatureEnv Inicijalizacija: 12 motora. OBS_dim=40, frame_skip=1
[Fitness run Gen13Creature20] reward=928.09±308.85  dist=0.01±0.01  upright=0.90±0.30  → FITNESS=0.3916
URDF saved to being.urdf
Connecting to PyBullet, GUI: False
CreatureEnv Inicijalizacija: 12 motora. OBS_dim=40, frame_skip=1
[Fitness run Gen13Creature21] reward=2.97±3.40  dist=0.09±0.03  upright=0.75±0.23  → FITNESS=0.1595
URDF saved to being.urdf
Connecting to PyBullet, GUI: False
CreatureEnv Inicijalizacija: 12 motora. OBS_dim=40, frame_skip=1
[Fitness run Gen13Creature23] reward=1046.49±0.04  dist=0.00±0.00  upright=1.00±0.00  → FITNESS=0.4333
URDF saved to being.urdf
Connecting to PyBullet, GUI: False
CreatureEnv Inicijalizacija: 12 motora. OBS_dim=40, frame_skip=1
[Fitness run Gen13Creature24] reward=1043.70±0.04  dist=0.00±0.00  upright=1.00±0.00  → FITNESS=0.4327
URDF saved to being.urdf
Connecting to PyBullet, GUI: False
CreatureEnv Inicijalizacija: 12 motora. OBS_dim=40, frame_skip=1
[Fitness run Gen13Creature25] reward=916.52±305.01  dist=0.21±0.07  upright=0.90±0.30  → FITNESS=0.3924
URDF saved to being.urdf
Connecting to PyBullet, GUI: False
CreatureEnv Inicijalizacija: 12 motora. OBS_dim=40, frame_skip=1
[Fitness run Gen13Creature26] reward=1.53±0.09  dist=0.00±0.00  upright=0.19±0.02  → FITNESS=0.0748
URDF saved to being.urdf
Connecting to PyBullet, GUI: False
CreatureEnv Inicijalizacija: 12 motora. OBS_dim=40, frame_skip=1
[Fitness run Gen13Creature27] reward=2.37±5.55  dist=0.00±0.00  upright=0.20±0.30  → FITNESS=0.0761
URDF saved to being.urdf
Connecting to PyBullet, GUI: False
CreatureEnv Inicijalizacija: 12 motora. OBS_dim=40, frame_skip=1
[Fitness run Gen13Creature28] reward=1.87±0.00  dist=0.00±0.00  upright=1.00±0.00  → FITNESS=0.1959
URDF saved to being.urdf
Connecting to PyBullet, GUI: False
CreatureEnv Inicijalizacija: 12 motora. OBS_dim=40, frame_skip=1
[Fitness run Gen13Creature29] reward=1.51±0.07  dist=0.21±0.07  upright=0.13±0.18  → FITNESS=0.0689

==================================================
Generacija 13/20  |  Best = 0.4492  |  Mean = 0.2361  |  Std = 0.1638
==================================================
URDF saved to being.urdf
Connecting to PyBullet, GUI: False
CreatureEnv Inicijalizacija: 12 motora. OBS_dim=40, frame_skip=1
[Fitness run Gen13Creature3] reward=409.40±500.06  dist=0.05±0.04  upright=0.66±0.32  → FITNESS=0.2381
URDF saved to being.urdf
Connecting to PyBullet, GUI: False
CreatureEnv Inicijalizacija: 12 motora. OBS_dim=40, frame_skip=1
[Fitness run Gen13Creature4] reward=1046.04±0.14  dist=0.01±0.00  upright=1.00±0.00  → FITNESS=0.4333
URDF saved to being.urdf
Connecting to PyBullet, GUI: False
CreatureEnv Inicijalizacija: 12 motora. OBS_dim=40, frame_skip=1
[Fitness run Gen13Creature5] reward=1.55±0.03  dist=0.00±0.00  upright=0.13±0.05  → FITNESS=0.0647
URDF saved to being.urdf
Connecting to PyBullet, GUI: False
CreatureEnv Inicijalizacija: 12 motora. OBS_dim=40, frame_skip=1
[Fitness run Gen13Creature6] reward=1028.53±0.12  dist=0.00±0.00  upright=1.00±0.00  → FITNESS=0.4292
URDF saved to being.urdf
Connecting to PyBullet, GUI: False
CreatureEnv Inicijalizacija: 12 motora. OBS_dim=40, frame_skip=1
[Fitness run Gen13Creature7] reward=963.62±320.70  dist=0.00±0.00  upright=0.92±0.24  → FITNESS=0.4024
URDF saved to being.urdf
Connecting to PyBullet, GUI: False
CreatureEnv Inicijalizacija: 12 motora. OBS_dim=40, frame_skip=1
[Fitness run Gen13Creature8] reward=1.42±0.02  dist=0.00±0.00  upright=0.17±0.07  → FITNESS=0.0714
URDF saved to being.urdf
Connecting to PyBullet, GUI: False
CreatureEnv Inicijalizacija: 12 motora. OBS_dim=40, frame_skip=1
[Fitness run Gen13Creature9] reward=1.52±0.00  dist=0.16±0.07  upright=0.05±0.14  → FITNESS=0.0554
URDF saved to being.urdf
Connecting to PyBullet, GUI: False
CreatureEnv Inicijalizacija: 12 motora. OBS_dim=40, frame_skip=1
[Fitness run Gen13Creature10] reward=111.03±328.51  dist=0.00±0.00  upright=0.30±0.23  → FITNESS=0.1162
URDF saved to being.urdf
Connecting to PyBullet, GUI: False
CreatureEnv Inicijalizacija: 12 motora. OBS_dim=40, frame_skip=1
[Fitness run Gen13Creature11] reward=1024.07±17.44  dist=0.01±0.03  upright=1.00±0.00  → FITNESS=0.4284
URDF saved to being.urdf
Connecting to PyBullet, GUI: False
CreatureEnv Inicijalizacija: 12 motora. OBS_dim=40, frame_skip=1
[Fitness run Gen13Creature12] reward=1.52±0.04  dist=0.10±0.03  upright=0.02±0.05  → FITNESS=0.0500
URDF saved to being.urdf
Connecting to PyBullet, GUI: False
CreatureEnv Inicijalizacija: 12 motora. OBS_dim=40, frame_skip=1
[Fitness run Gen13Creature13] reward=1.54±0.02  dist=0.04±0.03  upright=0.03±0.01  → FITNESS=0.0508
URDF saved to being.urdf
Connecting to PyBullet, GUI: False
CreatureEnv Inicijalizacija: 12 motora. OBS_dim=40, frame_skip=1
[Fitness run Gen13Creature14] reward=1.66±0.08  dist=0.03±0.02  upright=0.12±0.06  → FITNESS=0.0643
URDF saved to being.urdf
Connecting to PyBullet, GUI: False
CreatureEnv Inicijalizacija: 12 motora. OBS_dim=40, frame_skip=1
[Fitness run Gen13Creature15] reward=2.03±0.42  dist=0.00±0.00  upright=0.93±0.22  → FITNESS=0.1848
URDF saved to being.urdf
Connecting to PyBullet, GUI: False
CreatureEnv Inicijalizacija: 12 motora. OBS_dim=40, frame_skip=1
[Fitness run Gen13Creature16] reward=2.07±0.20  dist=0.01±0.00  upright=0.90±0.30  → FITNESS=0.1811
URDF saved to being.urdf
Connecting to PyBullet, GUI: False
CreatureEnv Inicijalizacija: 12 motora. OBS_dim=40, frame_skip=1
[Fitness run Gen13Creature17] reward=1098.88±1.10  dist=0.00±0.00  upright=1.00±0.00  → FITNESS=0.4452
URDF saved to being.urdf
Connecting to PyBullet, GUI: False
CreatureEnv Inicijalizacija: 12 motora. OBS_dim=40, frame_skip=1
[Fitness run Gen13Creature18] reward=1.44±0.00  dist=0.00±0.01  upright=0.18±0.03  → FITNESS=0.0734
URDF saved to being.urdf
Connecting to PyBullet, GUI: False
CreatureEnv Inicijalizacija: 12 motora. OBS_dim=40, frame_skip=1
[Fitness run Gen13Creature19] reward=1.53±0.01  dist=0.00±0.00  upright=0.00±0.00  → FITNESS=0.0458
URDF saved to being.urdf
Connecting to PyBullet, GUI: False
CreatureEnv Inicijalizacija: 12 motora. OBS_dim=40, frame_skip=1
[Fitness run Gen13Creature20] reward=928.09±308.85  dist=0.01±0.01  upright=0.90±0.30  → FITNESS=0.3916
URDF saved to being.urdf
Connecting to PyBullet, GUI: False
CreatureEnv Inicijalizacija: 12 motora. OBS_dim=40, frame_skip=1
[Fitness run Gen13Creature21] reward=2.97±3.40  dist=0.09±0.03  upright=0.75±0.23  → FITNESS=0.1595
URDF saved to being.urdf
Connecting to PyBullet, GUI: False
CreatureEnv Inicijalizacija: 12 motora. OBS_dim=40, frame_skip=1
[Fitness run Gen13Creature23] reward=1046.49±0.04  dist=0.00±0.00  upright=1.00±0.00  → FITNESS=0.4333
URDF saved to being.urdf
Connecting to PyBullet, GUI: False
CreatureEnv Inicijalizacija: 12 motora. OBS_dim=40, frame_skip=1
[Fitness run Gen13Creature24] reward=1043.70±0.04  dist=0.00±0.00  upright=1.00±0.00  → FITNESS=0.4327
URDF saved to being.urdf
Connecting to PyBullet, GUI: False
CreatureEnv Inicijalizacija: 12 motora. OBS_dim=40, frame_skip=1
[Fitness run Gen13Creature25] reward=916.52±305.01  dist=0.21±0.07  upright=0.90±0.30  → FITNESS=0.3924
URDF saved to being.urdf
Connecting to PyBullet, GUI: False
CreatureEnv Inicijalizacija: 12 motora. OBS_dim=40, frame_skip=1
[Fitness run Gen13Creature26] reward=1.53±0.09  dist=0.00±0.00  upright=0.19±0.02  → FITNESS=0.0748
URDF saved to being.urdf
Connecting to PyBullet, GUI: False
CreatureEnv Inicijalizacija: 12 motora. OBS_dim=40, frame_skip=1
[Fitness run Gen13Creature27] reward=2.37±5.55  dist=0.00±0.00  upright=0.20±0.30  → FITNESS=0.0761
URDF saved to being.urdf
Connecting to PyBullet, GUI: False
CreatureEnv Inicijalizacija: 12 motora. OBS_dim=40, frame_skip=1
[Fitness run Gen13Creature28] reward=1.87±0.00  dist=0.00±0.00  upright=1.00±0.00  → FITNESS=0.1959
URDF saved to being.urdf
Connecting to PyBullet, GUI: False
CreatureEnv Inicijalizacija: 12 motora. OBS_dim=40, frame_skip=1
[Fitness run Gen13Creature29] reward=1.51±0.07  dist=0.21±0.07  upright=0.13±0.18  → FITNESS=0.0689
Genome saved to results\rewardBased500Steps1Seed\run_4\run_4_best_creature.json
[plot] Saved → ./results\rewardBased500Steps1Seed\run_4\run_4_summary.png
URDF saved to being.urdf
Connecting to PyBullet, GUI: False
CreatureEnv Inicijalizacija: 12 motora. OBS_dim=40, frame_skip=1
[Fitness run Gen14Creature2] reward=1.51±0.03  dist=0.05±0.03  upright=0.14±0.05  → FITNESS=0.0680
URDF saved to being.urdf
Connecting to PyBullet, GUI: False
CreatureEnv Inicijalizacija: 12 motora. OBS_dim=40, frame_skip=1
[Fitness run Gen14Creature3] reward=1.49±0.04  dist=0.07±0.02  upright=0.09±0.03  → FITNESS=0.0605
URDF saved to being.urdf
Connecting to PyBullet, GUI: False
CreatureEnv Inicijalizacija: 12 motora. OBS_dim=40, frame_skip=1
[Fitness run Gen14Creature4] reward=1033.37±0.10  dist=0.00±0.00  upright=1.00±0.00  → FITNESS=0.4303
URDF saved to being.urdf
Connecting to PyBullet, GUI: False
CreatureEnv Inicijalizacija: 12 motora. OBS_dim=40, frame_skip=1
[Fitness run Gen14Creature5] reward=1.81±0.00  dist=0.00±0.00  upright=1.00±0.00  → FITNESS=0.1959
URDF saved to being.urdf
Connecting to PyBullet, GUI: False
CreatureEnv Inicijalizacija: 12 motora. OBS_dim=40, frame_skip=1
[Fitness run Gen14Creature6] reward=1088.62±0.13  dist=0.00±0.01  upright=1.00±0.00  → FITNESS=0.4429
URDF saved to being.urdf
Connecting to PyBullet, GUI: False
CreatureEnv Inicijalizacija: 12 motora. OBS_dim=40, frame_skip=1
[Fitness run Gen14Creature8] reward=1.46±0.01  dist=0.00±0.00  upright=0.09±0.03  → FITNESS=0.0589
URDF saved to being.urdf
Connecting to PyBullet, GUI: False
CreatureEnv Inicijalizacija: 12 motora. OBS_dim=40, frame_skip=1
[Fitness run Gen14Creature9] reward=1.52±0.00  dist=0.00±0.00  upright=0.03±0.10  → FITNESS=0.0506
URDF saved to being.urdf
Connecting to PyBullet, GUI: False
CreatureEnv Inicijalizacija: 12 motora. OBS_dim=40, frame_skip=1
[Fitness run Gen14Creature10] reward=111.03±328.51  dist=0.00±0.00  upright=0.30±0.23  → FITNESS=0.1162
URDF saved to being.urdf
Connecting to PyBullet, GUI: False
CreatureEnv Inicijalizacija: 12 motora. OBS_dim=40, frame_skip=1
[Fitness run Gen14Creature12] reward=1.69±0.11  dist=0.07±0.02  upright=0.00±0.01  → FITNESS=0.0475
URDF saved to being.urdf
Connecting to PyBullet, GUI: False
CreatureEnv Inicijalizacija: 12 motora. OBS_dim=40, frame_skip=1
[Fitness run Gen14Creature13] reward=1.60±0.04  dist=0.21±0.08  upright=0.18±0.05  → FITNESS=0.0761
URDF saved to being.urdf
Connecting to PyBullet, GUI: False
CreatureEnv Inicijalizacija: 12 motora. OBS_dim=40, frame_skip=1
[Fitness run Gen14Creature14] reward=1.19±0.23  dist=0.21±0.12  upright=0.38±0.07  → FITNESS=0.1070
URDF saved to being.urdf
Connecting to PyBullet, GUI: False
CreatureEnv Inicijalizacija: 12 motora. OBS_dim=40, frame_skip=1
[Fitness run Gen14Creature15] reward=1.71±0.00  dist=0.16±0.05  upright=0.83±0.06  → FITNESS=0.1725
URDF saved to being.urdf
Connecting to PyBullet, GUI: False
CreatureEnv Inicijalizacija: 12 motora. OBS_dim=40, frame_skip=1
[Fitness run Gen14Creature16] reward=1.51±0.12  dist=0.04±0.02  upright=0.04±0.11  → FITNESS=0.0519
URDF saved to being.urdf
Connecting to PyBullet, GUI: False
CreatureEnv Inicijalizacija: 12 motora. OBS_dim=40, frame_skip=1
[Fitness run Gen14Creature17] reward=1083.20±6.18  dist=0.01±0.00  upright=1.00±0.00  → FITNESS=0.4418
URDF saved to being.urdf
Connecting to PyBullet, GUI: False
CreatureEnv Inicijalizacija: 12 motora. OBS_dim=40, frame_skip=1
[Fitness run Gen14Creature19] reward=1.52±0.05  dist=0.00±0.00  upright=0.02±0.05  → FITNESS=0.0482
URDF saved to being.urdf
Connecting to PyBullet, GUI: False
CreatureEnv Inicijalizacija: 12 motora. OBS_dim=40, frame_skip=1
[Fitness run Gen14Creature21] reward=1.67±0.02  dist=0.00±0.00  upright=0.00±0.00  → FITNESS=0.0458
URDF saved to being.urdf
Connecting to PyBullet, GUI: False
CreatureEnv Inicijalizacija: 12 motora. OBS_dim=40, frame_skip=1
[Fitness run Gen14Creature22] reward=999.90±331.28  dist=0.00±0.00  upright=1.00±0.01  → FITNESS=0.4223
URDF saved to being.urdf
Connecting to PyBullet, GUI: False
CreatureEnv Inicijalizacija: 12 motora. OBS_dim=40, frame_skip=1
[Fitness run Gen14Creature23] reward=1067.41±0.69  dist=0.00±0.00  upright=1.00±0.00  → FITNESS=0.4380
URDF saved to being.urdf
Connecting to PyBullet, GUI: False
CreatureEnv Inicijalizacija: 12 motora. OBS_dim=40, frame_skip=1
[Fitness run Gen14Creature24] reward=953.55±317.35  dist=0.00±0.00  upright=0.90±0.30  → FITNESS=0.3972
URDF saved to being.urdf
Connecting to PyBullet, GUI: False
CreatureEnv Inicijalizacija: 12 motora. OBS_dim=40, frame_skip=1
[Fitness run Gen14Creature25] reward=1.75±0.09  dist=0.00±0.00  upright=0.90±0.30  → FITNESS=0.1809
URDF saved to being.urdf
Connecting to PyBullet, GUI: False
CreatureEnv Inicijalizacija: 12 motora. OBS_dim=40, frame_skip=1
[Fitness run Gen14Creature26] reward=1.42±0.08  dist=0.00±0.00  upright=1.00±0.00  → FITNESS=0.1958
URDF saved to being.urdf
Connecting to PyBullet, GUI: False
CreatureEnv Inicijalizacija: 12 motora. OBS_dim=40, frame_skip=1
[Fitness run Gen14Creature27] reward=937.73±312.14  dist=0.01±0.02  upright=0.90±0.29  → FITNESS=0.3942
URDF saved to being.urdf
Connecting to PyBullet, GUI: False
CreatureEnv Inicijalizacija: 12 motora. OBS_dim=40, frame_skip=1
[Fitness run Gen14Creature28] reward=1.86±0.00  dist=0.00±0.00  upright=1.00±0.00  → FITNESS=0.1959
URDF saved to being.urdf
Connecting to PyBullet, GUI: False
CreatureEnv Inicijalizacija: 12 motora. OBS_dim=40, frame_skip=1
[Fitness run Gen14Creature29] reward=1109.73±0.16  dist=0.08±0.03  upright=1.00±0.00  → FITNESS=0.4491

==================================================
Generacija 14/20  |  Best = 0.4492  |  Mean = 0.2426  |  Std = 0.1666
==================================================
URDF saved to being.urdf
Connecting to PyBullet, GUI: False
CreatureEnv Inicijalizacija: 12 motora. OBS_dim=40, frame_skip=1
[Fitness run Gen14Creature2] reward=1.51±0.03  dist=0.05±0.03  upright=0.14±0.05  → FITNESS=0.0680
URDF saved to being.urdf
Connecting to PyBullet, GUI: False
CreatureEnv Inicijalizacija: 12 motora. OBS_dim=40, frame_skip=1
[Fitness run Gen14Creature3] reward=1.49±0.04  dist=0.07±0.02  upright=0.09±0.03  → FITNESS=0.0605
URDF saved to being.urdf
Connecting to PyBullet, GUI: False
CreatureEnv Inicijalizacija: 12 motora. OBS_dim=40, frame_skip=1
[Fitness run Gen14Creature4] reward=1033.37±0.10  dist=0.00±0.00  upright=1.00±0.00  → FITNESS=0.4303
URDF saved to being.urdf
Connecting to PyBullet, GUI: False
CreatureEnv Inicijalizacija: 12 motora. OBS_dim=40, frame_skip=1
[Fitness run Gen14Creature5] reward=1.81±0.00  dist=0.00±0.00  upright=1.00±0.00  → FITNESS=0.1959
URDF saved to being.urdf
Connecting to PyBullet, GUI: False
CreatureEnv Inicijalizacija: 12 motora. OBS_dim=40, frame_skip=1
[Fitness run Gen14Creature6] reward=1088.62±0.13  dist=0.00±0.01  upright=1.00±0.00  → FITNESS=0.4429
URDF saved to being.urdf
Connecting to PyBullet, GUI: False
CreatureEnv Inicijalizacija: 12 motora. OBS_dim=40, frame_skip=1
[Fitness run Gen14Creature8] reward=1.46±0.01  dist=0.00±0.00  upright=0.09±0.03  → FITNESS=0.0589
URDF saved to being.urdf
Connecting to PyBullet, GUI: False
CreatureEnv Inicijalizacija: 12 motora. OBS_dim=40, frame_skip=1
[Fitness run Gen14Creature9] reward=1.52±0.00  dist=0.00±0.00  upright=0.03±0.10  → FITNESS=0.0506
URDF saved to being.urdf
Connecting to PyBullet, GUI: False
CreatureEnv Inicijalizacija: 12 motora. OBS_dim=40, frame_skip=1
[Fitness run Gen14Creature10] reward=111.03±328.51  dist=0.00±0.00  upright=0.30±0.23  → FITNESS=0.1162
URDF saved to being.urdf
Connecting to PyBullet, GUI: False
CreatureEnv Inicijalizacija: 12 motora. OBS_dim=40, frame_skip=1
[Fitness run Gen14Creature12] reward=1.69±0.11  dist=0.07±0.02  upright=0.00±0.01  → FITNESS=0.0475
URDF saved to being.urdf
Connecting to PyBullet, GUI: False
CreatureEnv Inicijalizacija: 12 motora. OBS_dim=40, frame_skip=1
[Fitness run Gen14Creature13] reward=1.60±0.04  dist=0.21±0.08  upright=0.18±0.05  → FITNESS=0.0761
URDF saved to being.urdf
Connecting to PyBullet, GUI: False
CreatureEnv Inicijalizacija: 12 motora. OBS_dim=40, frame_skip=1
[Fitness run Gen14Creature14] reward=1.52±0.05  dist=0.00±0.00  upright=0.02±0.05  → FITNESS=0.0482
URDF saved to being.urdf
Connecting to PyBullet, GUI: False
CreatureEnv Inicijalizacija: 12 motora. OBS_dim=40, frame_skip=1
[Fitness run Gen14Creature15] reward=1.71±0.00  dist=0.16±0.05  upright=0.83±0.06  → FITNESS=0.1725
URDF saved to being.urdf
Connecting to PyBullet, GUI: False
CreatureEnv Inicijalizacija: 12 motora. OBS_dim=40, frame_skip=1
[Fitness run Gen14Creature16] reward=1067.41±0.69  dist=0.00±0.00  upright=1.00±0.00  → FITNESS=0.4380
URDF saved to being.urdf
Connecting to PyBullet, GUI: False
CreatureEnv Inicijalizacija: 12 motora. OBS_dim=40, frame_skip=1
[Fitness run Gen14Creature17] reward=1083.20±6.18  dist=0.01±0.00  upright=1.00±0.00  → FITNESS=0.4418
URDF saved to being.urdf
Connecting to PyBullet, GUI: False
CreatureEnv Inicijalizacija: 12 motora. OBS_dim=40, frame_skip=1
[Fitness run Gen14Creature19] reward=1.52±0.05  dist=0.00±0.00  upright=0.02±0.05  → FITNESS=0.0482
URDF saved to being.urdf
Connecting to PyBullet, GUI: False
CreatureEnv Inicijalizacija: 12 motora. OBS_dim=40, frame_skip=1
[Fitness run Gen14Creature21] reward=1.67±0.02  dist=0.00±0.00  upright=0.00±0.00  → FITNESS=0.0458
URDF saved to being.urdf
Connecting to PyBullet, GUI: False
CreatureEnv Inicijalizacija: 12 motora. OBS_dim=40, frame_skip=1
[Fitness run Gen14Creature22] reward=999.90±331.28  dist=0.00±0.00  upright=1.00±0.01  → FITNESS=0.4223
URDF saved to being.urdf
Connecting to PyBullet, GUI: False
CreatureEnv Inicijalizacija: 12 motora. OBS_dim=40, frame_skip=1
[Fitness run Gen14Creature23] reward=1067.41±0.69  dist=0.00±0.00  upright=1.00±0.00  → FITNESS=0.4380
URDF saved to being.urdf
Connecting to PyBullet, GUI: False
CreatureEnv Inicijalizacija: 12 motora. OBS_dim=40, frame_skip=1
[Fitness run Gen14Creature24] reward=953.55±317.35  dist=0.00±0.00  upright=0.90±0.30  → FITNESS=0.3972
URDF saved to being.urdf
Connecting to PyBullet, GUI: False
CreatureEnv Inicijalizacija: 12 motora. OBS_dim=40, frame_skip=1
[Fitness run Gen14Creature25] reward=1.75±0.09  dist=0.00±0.00  upright=0.90±0.30  → FITNESS=0.1809
URDF saved to being.urdf
Connecting to PyBullet, GUI: False
CreatureEnv Inicijalizacija: 12 motora. OBS_dim=40, frame_skip=1
[Fitness run Gen14Creature26] reward=1.42±0.08  dist=0.00±0.00  upright=1.00±0.00  → FITNESS=0.1958
URDF saved to being.urdf
Connecting to PyBullet, GUI: False
CreatureEnv Inicijalizacija: 12 motora. OBS_dim=40, frame_skip=1
[Fitness run Gen14Creature27] reward=937.73±312.14  dist=0.01±0.02  upright=0.90±0.29  → FITNESS=0.3942
URDF saved to being.urdf
Connecting to PyBullet, GUI: False
CreatureEnv Inicijalizacija: 12 motora. OBS_dim=40, frame_skip=1
[Fitness run Gen14Creature28] reward=1.86±0.00  dist=0.00±0.00  upright=1.00±0.00  → FITNESS=0.1959
URDF saved to being.urdf
Connecting to PyBullet, GUI: False
CreatureEnv Inicijalizacija: 12 motora. OBS_dim=40, frame_skip=1
[Fitness run Gen14Creature29] reward=1109.73±0.16  dist=0.08±0.03  upright=1.00±0.00  → FITNESS=0.4491
Genome saved to results\rewardBased500Steps1Seed\run_4\run_4_best_creature.json
[plot] Saved → ./results\rewardBased500Steps1Seed\run_4\run_4_summary.png
URDF saved to being.urdf
Connecting to PyBullet, GUI: False
CreatureEnv Inicijalizacija: 12 motora. OBS_dim=40, frame_skip=1
[Fitness run Gen15Creature2] reward=1.51±0.03  dist=0.05±0.03  upright=0.14±0.05  → FITNESS=0.0680
URDF saved to being.urdf
Connecting to PyBullet, GUI: False
CreatureEnv Inicijalizacija: 12 motora. OBS_dim=40, frame_skip=1
[Fitness run Gen15Creature3] reward=1.49±0.04  dist=0.07±0.02  upright=0.09±0.03  → FITNESS=0.0605
URDF saved to being.urdf
Connecting to PyBullet, GUI: False
CreatureEnv Inicijalizacija: 12 motora. OBS_dim=40, frame_skip=1
[Fitness run Gen15Creature5] reward=1.78±0.00  dist=0.00±0.00  upright=1.00±0.00  → FITNESS=0.1959
URDF saved to being.urdf
Connecting to PyBullet, GUI: False
CreatureEnv Inicijalizacija: 12 motora. OBS_dim=40, frame_skip=1
[Fitness run Gen15Creature6] reward=1088.62±0.13  dist=0.00±0.01  upright=1.00±0.00  → FITNESS=0.4429
URDF saved to being.urdf
Connecting to PyBullet, GUI: False
CreatureEnv Inicijalizacija: 12 motora. OBS_dim=40, frame_skip=1
[Fitness run Gen15Creature7] reward=1080.64±6.76  dist=0.00±0.00  upright=1.00±0.00  → FITNESS=0.4411
URDF saved to being.urdf
Connecting to PyBullet, GUI: False
CreatureEnv Inicijalizacija: 12 motora. OBS_dim=40, frame_skip=1
[Fitness run Gen15Creature8] reward=1.53±0.03  dist=0.03±0.01  upright=0.41±0.12  → FITNESS=0.1083
URDF saved to being.urdf
Connecting to PyBullet, GUI: False
CreatureEnv Inicijalizacija: 12 motora. OBS_dim=40, frame_skip=1
[Fitness run Gen15Creature9] reward=1.52±0.00  dist=0.16±0.07  upright=0.05±0.14  → FITNESS=0.0554
URDF saved to being.urdf
Connecting to PyBullet, GUI: False
CreatureEnv Inicijalizacija: 12 motora. OBS_dim=40, frame_skip=1
[Fitness run Gen15Creature10] reward=111.03±328.51  dist=0.00±0.00  upright=0.30±0.23  → FITNESS=0.1162
URDF saved to being.urdf
Connecting to PyBullet, GUI: False
CreatureEnv Inicijalizacija: 12 motora. OBS_dim=40, frame_skip=1
[Fitness run Gen15Creature12] reward=1.69±0.11  dist=0.07±0.02  upright=0.00±0.01  → FITNESS=0.0475
URDF saved to being.urdf
Connecting to PyBullet, GUI: False
CreatureEnv Inicijalizacija: 12 motora. OBS_dim=40, frame_skip=1
[Fitness run Gen15Creature13] reward=1.60±0.04  dist=0.21±0.08  upright=0.18±0.05  → FITNESS=0.0761
URDF saved to being.urdf
Connecting to PyBullet, GUI: False
CreatureEnv Inicijalizacija: 12 motora. OBS_dim=40, frame_skip=1
[Fitness run Gen15Creature15] reward=1.68±0.00  dist=0.12±0.04  upright=0.74±0.09  → FITNESS=0.1587
URDF saved to being.urdf
Connecting to PyBullet, GUI: False
CreatureEnv Inicijalizacija: 12 motora. OBS_dim=40, frame_skip=1
[Fitness run Gen15Creature16] reward=1.60±0.15  dist=0.07±0.02  upright=0.10±0.30  → FITNESS=0.0620
URDF saved to being.urdf
Connecting to PyBullet, GUI: False
CreatureEnv Inicijalizacija: 12 motora. OBS_dim=40, frame_skip=1
[Fitness run Gen15Creature17] reward=1039.07±2.94  dist=0.00±0.00  upright=1.00±0.00  → FITNESS=0.4316
URDF saved to being.urdf
Connecting to PyBullet, GUI: False
CreatureEnv Inicijalizacija: 12 motora. OBS_dim=40, frame_skip=1
[Fitness run Gen15Creature18] reward=1.47±0.00  dist=0.00±0.00  upright=0.21±0.04  → FITNESS=0.0777
URDF saved to being.urdf
Connecting to PyBullet, GUI: False
CreatureEnv Inicijalizacija: 12 motora. OBS_dim=40, frame_skip=1
[Fitness run Gen15Creature19] reward=1.55±0.02  dist=0.08±0.05  upright=0.00±0.00  → FITNESS=0.0472
URDF saved to being.urdf
Connecting to PyBullet, GUI: False
CreatureEnv Inicijalizacija: 12 motora. OBS_dim=40, frame_skip=1
[Fitness run Gen15Creature21] reward=1.67±0.02  dist=0.00±0.00  upright=0.00±0.00  → FITNESS=0.0458
URDF saved to being.urdf
Connecting to PyBullet, GUI: False
CreatureEnv Inicijalizacija: 12 motora. OBS_dim=40, frame_skip=1
[Fitness run Gen15Creature22] reward=999.90±331.28  dist=0.00±0.00  upright=1.00±0.01  → FITNESS=0.4223
URDF saved to being.urdf
Connecting to PyBullet, GUI: False
CreatureEnv Inicijalizacija: 12 motora. OBS_dim=40, frame_skip=1
[Fitness run Gen15Creature23] reward=1067.41±0.69  dist=0.00±0.00  upright=1.00±0.00  → FITNESS=0.4380
URDF saved to being.urdf
Connecting to PyBullet, GUI: False
CreatureEnv Inicijalizacija: 12 motora. OBS_dim=40, frame_skip=1
[Fitness run Gen15Creature24] reward=953.55±317.35  dist=0.00±0.00  upright=0.90±0.30  → FITNESS=0.3972
URDF saved to being.urdf
Connecting to PyBullet, GUI: False
CreatureEnv Inicijalizacija: 12 motora. OBS_dim=40, frame_skip=1
[Fitness run Gen15Creature25] reward=1.70±0.07  dist=0.00±0.00  upright=0.90±0.30  → FITNESS=0.1809
URDF saved to being.urdf
Connecting to PyBullet, GUI: False
CreatureEnv Inicijalizacija: 12 motora. OBS_dim=40, frame_skip=1
[Fitness run Gen15Creature26] reward=1.57±0.06  dist=0.01±0.01  upright=1.00±0.00  → FITNESS=0.1960
URDF saved to being.urdf
Connecting to PyBullet, GUI: False
CreatureEnv Inicijalizacija: 12 motora. OBS_dim=40, frame_skip=1
[Fitness run Gen15Creature27] reward=0.43±0.06  dist=0.11±0.32  upright=0.01±0.01  → FITNESS=0.0484
URDF saved to being.urdf
Connecting to PyBullet, GUI: False
CreatureEnv Inicijalizacija: 12 motora. OBS_dim=40, frame_skip=1
[Fitness run Gen15Creature28] reward=1.88±0.01  dist=0.01±0.00  upright=1.00±0.00  → FITNESS=0.1961
URDF saved to being.urdf
Connecting to PyBullet, GUI: False
CreatureEnv Inicijalizacija: 12 motora. OBS_dim=40, frame_skip=1
[Fitness run Gen15Creature29] reward=1.51±0.07  dist=0.21±0.07  upright=0.13±0.18  → FITNESS=0.0689

==================================================
Generacija 15/20  |  Best = 0.4492  |  Mean = 0.2213  |  Std = 0.1645
==================================================
URDF saved to being.urdf
Connecting to PyBullet, GUI: False
CreatureEnv Inicijalizacija: 12 motora. OBS_dim=40, frame_skip=1
[Fitness run Gen15Creature2] reward=1.51±0.03  dist=0.05±0.03  upright=0.14±0.05  → FITNESS=0.0680
URDF saved to being.urdf
Connecting to PyBullet, GUI: False
CreatureEnv Inicijalizacija: 12 motora. OBS_dim=40, frame_skip=1
[Fitness run Gen15Creature3] reward=1.49±0.04  dist=0.07±0.02  upright=0.09±0.03  → FITNESS=0.0605
URDF saved to being.urdf
Connecting to PyBullet, GUI: False
CreatureEnv Inicijalizacija: 12 motora. OBS_dim=40, frame_skip=1
[Fitness run Gen15Creature5] reward=1.78±0.00  dist=0.00±0.00  upright=1.00±0.00  → FITNESS=0.1959
URDF saved to being.urdf
Connecting to PyBullet, GUI: False
CreatureEnv Inicijalizacija: 12 motora. OBS_dim=40, frame_skip=1
[Fitness run Gen15Creature6] reward=1088.62±0.13  dist=0.00±0.01  upright=1.00±0.00  → FITNESS=0.4429
URDF saved to being.urdf
Connecting to PyBullet, GUI: False
CreatureEnv Inicijalizacija: 12 motora. OBS_dim=40, frame_skip=1
[Fitness run Gen15Creature7] reward=1080.64±6.76  dist=0.00±0.00  upright=1.00±0.00  → FITNESS=0.4411
URDF saved to being.urdf
Connecting to PyBullet, GUI: False
CreatureEnv Inicijalizacija: 12 motora. OBS_dim=40, frame_skip=1
[Fitness run Gen15Creature8] reward=1.53±0.03  dist=0.03±0.01  upright=0.41±0.12  → FITNESS=0.1083
URDF saved to being.urdf
Connecting to PyBullet, GUI: False
CreatureEnv Inicijalizacija: 12 motora. OBS_dim=40, frame_skip=1
[Fitness run Gen15Creature9] reward=1.52±0.00  dist=0.16±0.07  upright=0.05±0.14  → FITNESS=0.0554
URDF saved to being.urdf
Connecting to PyBullet, GUI: False
CreatureEnv Inicijalizacija: 12 motora. OBS_dim=40, frame_skip=1
[Fitness run Gen15Creature10] reward=111.03±328.51  dist=0.00±0.00  upright=0.30±0.23  → FITNESS=0.1162
URDF saved to being.urdf
Connecting to PyBullet, GUI: False
CreatureEnv Inicijalizacija: 12 motora. OBS_dim=40, frame_skip=1
[Fitness run Gen15Creature12] reward=1.69±0.11  dist=0.07±0.02  upright=0.00±0.01  → FITNESS=0.0475
URDF saved to being.urdf
Connecting to PyBullet, GUI: False
CreatureEnv Inicijalizacija: 12 motora. OBS_dim=40, frame_skip=1
[Fitness run Gen15Creature13] reward=1.60±0.04  dist=0.21±0.08  upright=0.18±0.05  → FITNESS=0.0761
URDF saved to being.urdf
Connecting to PyBullet, GUI: False
CreatureEnv Inicijalizacija: 12 motora. OBS_dim=40, frame_skip=1
[Fitness run Gen15Creature15] reward=1.68±0.00  dist=0.12±0.04  upright=0.74±0.09  → FITNESS=0.1587
URDF saved to being.urdf
Connecting to PyBullet, GUI: False
CreatureEnv Inicijalizacija: 12 motora. OBS_dim=40, frame_skip=1
[Fitness run Gen15Creature16] reward=1.60±0.15  dist=0.07±0.02  upright=0.10±0.30  → FITNESS=0.0620
URDF saved to being.urdf
Connecting to PyBullet, GUI: False
CreatureEnv Inicijalizacija: 12 motora. OBS_dim=40, frame_skip=1
[Fitness run Gen15Creature17] reward=1039.07±2.94  dist=0.00±0.00  upright=1.00±0.00  → FITNESS=0.4316
URDF saved to being.urdf
Connecting to PyBullet, GUI: False
CreatureEnv Inicijalizacija: 12 motora. OBS_dim=40, frame_skip=1
[Fitness run Gen15Creature18] reward=1.47±0.00  dist=0.00±0.00  upright=0.21±0.04  → FITNESS=0.0777
URDF saved to being.urdf
Connecting to PyBullet, GUI: False
CreatureEnv Inicijalizacija: 12 motora. OBS_dim=40, frame_skip=1
[Fitness run Gen15Creature19] reward=1.55±0.02  dist=0.08±0.05  upright=0.00±0.00  → FITNESS=0.0472
URDF saved to being.urdf
Connecting to PyBullet, GUI: False
CreatureEnv Inicijalizacija: 12 motora. OBS_dim=40, frame_skip=1
[Fitness run Gen15Creature21] reward=1.67±0.02  dist=0.00±0.00  upright=0.00±0.00  → FITNESS=0.0458
URDF saved to being.urdf
Connecting to PyBullet, GUI: False
CreatureEnv Inicijalizacija: 12 motora. OBS_dim=40, frame_skip=1
[Fitness run Gen15Creature22] reward=999.90±331.28  dist=0.00±0.00  upright=1.00±0.01  → FITNESS=0.4223
URDF saved to being.urdf
Connecting to PyBullet, GUI: False
CreatureEnv Inicijalizacija: 12 motora. OBS_dim=40, frame_skip=1
[Fitness run Gen15Creature23] reward=1067.41±0.69  dist=0.00±0.00  upright=1.00±0.00  → FITNESS=0.4380
URDF saved to being.urdf
Connecting to PyBullet, GUI: False
CreatureEnv Inicijalizacija: 12 motora. OBS_dim=40, frame_skip=1
[Fitness run Gen15Creature24] reward=953.55±317.35  dist=0.00±0.00  upright=0.90±0.30  → FITNESS=0.3972
URDF saved to being.urdf
Connecting to PyBullet, GUI: False
CreatureEnv Inicijalizacija: 12 motora. OBS_dim=40, frame_skip=1
[Fitness run Gen15Creature25] reward=1.70±0.07  dist=0.00±0.00  upright=0.90±0.30  → FITNESS=0.1809
URDF saved to being.urdf
Connecting to PyBullet, GUI: False
CreatureEnv Inicijalizacija: 12 motora. OBS_dim=40, frame_skip=1
[Fitness run Gen15Creature26] reward=1.57±0.06  dist=0.01±0.01  upright=1.00±0.00  → FITNESS=0.1960
URDF saved to being.urdf
Connecting to PyBullet, GUI: False
CreatureEnv Inicijalizacija: 12 motora. OBS_dim=40, frame_skip=1
[Fitness run Gen15Creature27] reward=0.43±0.06  dist=0.11±0.32  upright=0.01±0.01  → FITNESS=0.0484
URDF saved to being.urdf
Connecting to PyBullet, GUI: False
CreatureEnv Inicijalizacija: 12 motora. OBS_dim=40, frame_skip=1
[Fitness run Gen15Creature28] reward=1.88±0.01  dist=0.01±0.00  upright=1.00±0.00  → FITNESS=0.1961
URDF saved to being.urdf
Connecting to PyBullet, GUI: False
CreatureEnv Inicijalizacija: 12 motora. OBS_dim=40, frame_skip=1
[Fitness run Gen15Creature29] reward=1.51±0.07  dist=0.21±0.07  upright=0.13±0.18  → FITNESS=0.0689
Genome saved to results\rewardBased500Steps1Seed\run_4\run_4_best_creature.json
[plot] Saved → ./results\rewardBased500Steps1Seed\run_4\run_4_summary.png
URDF saved to being.urdf
Connecting to PyBullet, GUI: False
CreatureEnv Inicijalizacija: 12 motora. OBS_dim=40, frame_skip=1
[Fitness run Gen16Creature2] reward=1.51±0.03  dist=0.05±0.03  upright=0.14±0.05  → FITNESS=0.0680
URDF saved to being.urdf
Connecting to PyBullet, GUI: False
CreatureEnv Inicijalizacija: 12 motora. OBS_dim=40, frame_skip=1
[Fitness run Gen16Creature3] reward=7.41±6.44  dist=0.00±0.01  upright=0.90±0.30  → FITNESS=0.1822
URDF saved to being.urdf
Connecting to PyBullet, GUI: False
CreatureEnv Inicijalizacija: 12 motora. OBS_dim=40, frame_skip=1
[Fitness run Gen16Creature5] reward=1.83±0.00  dist=0.00±0.00  upright=1.00±0.00  → FITNESS=0.1959
URDF saved to being.urdf
Connecting to PyBullet, GUI: False
CreatureEnv Inicijalizacija: 12 motora. OBS_dim=40, frame_skip=1
[Fitness run Gen16Creature6] reward=1042.52±0.13  dist=0.00±0.00  upright=1.00±0.00  → FITNESS=0.4324
URDF saved to being.urdf
Connecting to PyBullet, GUI: False
CreatureEnv Inicijalizacija: 12 motora. OBS_dim=40, frame_skip=1
[Fitness run Gen16Creature9] reward=1.52±0.00  dist=0.22±0.07  upright=0.04±0.12  → FITNESS=0.0555
URDF saved to being.urdf
Connecting to PyBullet, GUI: False
CreatureEnv Inicijalizacija: 12 motora. OBS_dim=40, frame_skip=1
[Fitness run Gen16Creature10] reward=1.52±0.01  dist=0.00±0.00  upright=0.06±0.07  → FITNESS=0.0545
URDF saved to being.urdf
Connecting to PyBullet, GUI: False
CreatureEnv Inicijalizacija: 12 motora. OBS_dim=40, frame_skip=1
[Fitness run Gen16Creature12] reward=1.69±0.11  dist=0.07±0.02  upright=0.00±0.01  → FITNESS=0.0475
URDF saved to being.urdf
Connecting to PyBullet, GUI: False
CreatureEnv Inicijalizacija: 12 motora. OBS_dim=40, frame_skip=1
[Fitness run Gen16Creature13] reward=1.56±0.05  dist=0.00±0.00  upright=0.00±0.00  → FITNESS=0.0458
URDF saved to being.urdf
Connecting to PyBullet, GUI: False
CreatureEnv Inicijalizacija: 12 motora. OBS_dim=40, frame_skip=1
[Fitness run Gen16Creature14] reward=1.54±0.02  dist=0.22±0.06  upright=0.01±0.02  → FITNESS=0.0507
URDF saved to being.urdf
Connecting to PyBullet, GUI: False
CreatureEnv Inicijalizacija: 12 motora. OBS_dim=40, frame_skip=1
[Fitness run Gen16Creature15] reward=1.78±0.00  dist=0.01±0.00  upright=1.00±0.00  → FITNESS=0.1960
URDF saved to being.urdf
Connecting to PyBullet, GUI: False
CreatureEnv Inicijalizacija: 12 motora. OBS_dim=40, frame_skip=1
[Fitness run Gen16Creature16] reward=1.64±0.12  dist=0.22±0.07  upright=0.03±0.09  → FITNESS=0.0541
URDF saved to being.urdf
Connecting to PyBullet, GUI: False
CreatureEnv Inicijalizacija: 12 motora. OBS_dim=40, frame_skip=1
[Fitness run Gen16Creature17] reward=1039.07±2.94  dist=0.00±0.00  upright=1.00±0.00  → FITNESS=0.4316
URDF saved to being.urdf
Connecting to PyBullet, GUI: False
CreatureEnv Inicijalizacija: 12 motora. OBS_dim=40, frame_skip=1
[Fitness run Gen16Creature18] reward=1.45±0.00  dist=0.03±0.09  upright=0.18±0.04  → FITNESS=0.0734
URDF saved to being.urdf
Connecting to PyBullet, GUI: False
CreatureEnv Inicijalizacija: 12 motora. OBS_dim=40, frame_skip=1
[Fitness run Gen16Creature19] reward=104.45±309.28  dist=0.05±0.14  upright=0.18±0.29  → FITNESS=0.0964
URDF saved to being.urdf
Connecting to PyBullet, GUI: False
CreatureEnv Inicijalizacija: 12 motora. OBS_dim=40, frame_skip=1
[Fitness run Gen16Creature20] reward=931.53±310.00  dist=0.03±0.01  upright=0.91±0.28  → FITNESS=0.3937
URDF saved to being.urdf
Connecting to PyBullet, GUI: False
CreatureEnv Inicijalizacija: 12 motora. OBS_dim=40, frame_skip=1
[Fitness run Gen16Creature21] reward=1.67±0.01  dist=0.00±0.00  upright=0.03±0.01  → FITNESS=0.0502
URDF saved to being.urdf
Connecting to PyBullet, GUI: False
CreatureEnv Inicijalizacija: 12 motora. OBS_dim=40, frame_skip=1
[Fitness run Gen16Creature22] reward=999.90±331.28  dist=0.00±0.00  upright=1.00±0.01  → FITNESS=0.4223
URDF saved to being.urdf
Connecting to PyBullet, GUI: False
CreatureEnv Inicijalizacija: 12 motora. OBS_dim=40, frame_skip=1
[Fitness run Gen16Creature23] reward=1057.93±8.83  dist=0.00±0.00  upright=1.00±0.00  → FITNESS=0.4359
URDF saved to being.urdf
Connecting to PyBullet, GUI: False
CreatureEnv Inicijalizacija: 12 motora. OBS_dim=40, frame_skip=1
[Fitness run Gen16Creature24] reward=1055.33±0.03  dist=0.01±0.00  upright=1.00±0.00  → FITNESS=0.4356
URDF saved to being.urdf
Connecting to PyBullet, GUI: False
CreatureEnv Inicijalizacija: 12 motora. OBS_dim=40, frame_skip=1
[Fitness run Gen16Creature25] reward=1.64±0.06  dist=0.00±0.00  upright=0.90±0.30  → FITNESS=0.1808
URDF saved to being.urdf
Connecting to PyBullet, GUI: False
CreatureEnv Inicijalizacija: 12 motora. OBS_dim=40, frame_skip=1
[Fitness run Gen16Creature26] reward=1.59±0.07  dist=0.05±0.06  upright=1.00±0.00  → FITNESS=0.1967
URDF saved to being.urdf
Connecting to PyBullet, GUI: False
CreatureEnv Inicijalizacija: 12 motora. OBS_dim=40, frame_skip=1
[Fitness run Gen16Creature27] reward=0.44±0.15  dist=0.14±0.41  upright=0.00±0.00  → FITNESS=0.0479
URDF saved to being.urdf
Connecting to PyBullet, GUI: False
CreatureEnv Inicijalizacija: 12 motora. OBS_dim=40, frame_skip=1
[Fitness run Gen16Creature28] reward=1.83±0.00  dist=0.00±0.00  upright=1.00±0.00  → FITNESS=0.1959
URDF saved to being.urdf
Connecting to PyBullet, GUI: False
CreatureEnv Inicijalizacija: 12 motora. OBS_dim=40, frame_skip=1
[Fitness run Gen16Creature29] reward=1097.11±0.01  dist=0.10±0.03  upright=1.00±0.00  → FITNESS=0.4465

==================================================
Generacija 16/20  |  Best = 0.4492  |  Mean = 0.2365  |  Std = 0.1679
==================================================
URDF saved to being.urdf
Connecting to PyBullet, GUI: False
CreatureEnv Inicijalizacija: 12 motora. OBS_dim=40, frame_skip=1
[Fitness run Gen16Creature2] reward=1.51±0.03  dist=0.05±0.03  upright=0.14±0.05  → FITNESS=0.0680
URDF saved to being.urdf
Connecting to PyBullet, GUI: False
CreatureEnv Inicijalizacija: 12 motora. OBS_dim=40, frame_skip=1
[Fitness run Gen16Creature3] reward=7.41±6.44  dist=0.00±0.01  upright=0.90±0.30  → FITNESS=0.1822
URDF saved to being.urdf
Connecting to PyBullet, GUI: False
CreatureEnv Inicijalizacija: 12 motora. OBS_dim=40, frame_skip=1
[Fitness run Gen16Creature5] reward=1.83±0.00  dist=0.00±0.00  upright=1.00±0.00  → FITNESS=0.1959
URDF saved to being.urdf
Connecting to PyBullet, GUI: False
CreatureEnv Inicijalizacija: 12 motora. OBS_dim=40, frame_skip=1
[Fitness run Gen16Creature6] reward=1042.52±0.13  dist=0.00±0.00  upright=1.00±0.00  → FITNESS=0.4324
URDF saved to being.urdf
Connecting to PyBullet, GUI: False
CreatureEnv Inicijalizacija: 12 motora. OBS_dim=40, frame_skip=1
[Fitness run Gen16Creature9] reward=1.52±0.00  dist=0.22±0.07  upright=0.04±0.12  → FITNESS=0.0555
URDF saved to being.urdf
Connecting to PyBullet, GUI: False
CreatureEnv Inicijalizacija: 12 motora. OBS_dim=40, frame_skip=1
[Fitness run Gen16Creature10] reward=1.52±0.01  dist=0.00±0.00  upright=0.06±0.07  → FITNESS=0.0545
URDF saved to being.urdf
Connecting to PyBullet, GUI: False
CreatureEnv Inicijalizacija: 12 motora. OBS_dim=40, frame_skip=1
[Fitness run Gen16Creature12] reward=1.69±0.11  dist=0.07±0.02  upright=0.00±0.01  → FITNESS=0.0475
URDF saved to being.urdf
Connecting to PyBullet, GUI: False
CreatureEnv Inicijalizacija: 12 motora. OBS_dim=40, frame_skip=1
[Fitness run Gen16Creature13] reward=1.56±0.05  dist=0.00±0.00  upright=0.00±0.00  → FITNESS=0.0458
URDF saved to being.urdf
Connecting to PyBullet, GUI: False
CreatureEnv Inicijalizacija: 12 motora. OBS_dim=40, frame_skip=1
[Fitness run Gen16Creature14] reward=1.54±0.02  dist=0.22±0.06  upright=0.01±0.02  → FITNESS=0.0507
URDF saved to being.urdf
Connecting to PyBullet, GUI: False
CreatureEnv Inicijalizacija: 12 motora. OBS_dim=40, frame_skip=1
[Fitness run Gen16Creature15] reward=1.78±0.00  dist=0.01±0.00  upright=1.00±0.00  → FITNESS=0.1960
URDF saved to being.urdf
Connecting to PyBullet, GUI: False
CreatureEnv Inicijalizacija: 12 motora. OBS_dim=40, frame_skip=1
[Fitness run Gen16Creature16] reward=1.64±0.12  dist=0.22±0.07  upright=0.03±0.09  → FITNESS=0.0541
URDF saved to being.urdf
Connecting to PyBullet, GUI: False
CreatureEnv Inicijalizacija: 12 motora. OBS_dim=40, frame_skip=1
[Fitness run Gen16Creature17] reward=1039.07±2.94  dist=0.00±0.00  upright=1.00±0.00  → FITNESS=0.4316
URDF saved to being.urdf
Connecting to PyBullet, GUI: False
CreatureEnv Inicijalizacija: 12 motora. OBS_dim=40, frame_skip=1
[Fitness run Gen16Creature18] reward=1.45±0.00  dist=0.03±0.09  upright=0.18±0.04  → FITNESS=0.0734
URDF saved to being.urdf
Connecting to PyBullet, GUI: False
CreatureEnv Inicijalizacija: 12 motora. OBS_dim=40, frame_skip=1
[Fitness run Gen16Creature19] reward=104.45±309.28  dist=0.05±0.14  upright=0.18±0.29  → FITNESS=0.0964
URDF saved to being.urdf
Connecting to PyBullet, GUI: False
CreatureEnv Inicijalizacija: 12 motora. OBS_dim=40, frame_skip=1
[Fitness run Gen16Creature20] reward=931.53±310.00  dist=0.03±0.01  upright=0.91±0.28  → FITNESS=0.3937
URDF saved to being.urdf
Connecting to PyBullet, GUI: False
CreatureEnv Inicijalizacija: 12 motora. OBS_dim=40, frame_skip=1
[Fitness run Gen16Creature21] reward=1.67±0.01  dist=0.00±0.00  upright=0.03±0.01  → FITNESS=0.0502
URDF saved to being.urdf
Connecting to PyBullet, GUI: False
CreatureEnv Inicijalizacija: 12 motora. OBS_dim=40, frame_skip=1
[Fitness run Gen16Creature22] reward=999.90±331.28  dist=0.00±0.00  upright=1.00±0.01  → FITNESS=0.4223
URDF saved to being.urdf
Connecting to PyBullet, GUI: False
CreatureEnv Inicijalizacija: 12 motora. OBS_dim=40, frame_skip=1
[Fitness run Gen16Creature23] reward=1057.93±8.83  dist=0.00±0.00  upright=1.00±0.00  → FITNESS=0.4359
URDF saved to being.urdf
Connecting to PyBullet, GUI: False
CreatureEnv Inicijalizacija: 12 motora. OBS_dim=40, frame_skip=1
[Fitness run Gen16Creature24] reward=1055.33±0.03  dist=0.01±0.00  upright=1.00±0.00  → FITNESS=0.4356
URDF saved to being.urdf
Connecting to PyBullet, GUI: False
CreatureEnv Inicijalizacija: 12 motora. OBS_dim=40, frame_skip=1
[Fitness run Gen16Creature25] reward=1.64±0.06  dist=0.00±0.00  upright=0.90±0.30  → FITNESS=0.1808
URDF saved to being.urdf
Connecting to PyBullet, GUI: False
CreatureEnv Inicijalizacija: 12 motora. OBS_dim=40, frame_skip=1
[Fitness run Gen16Creature26] reward=1.59±0.07  dist=0.05±0.06  upright=1.00±0.00  → FITNESS=0.1967
URDF saved to being.urdf
Connecting to PyBullet, GUI: False
CreatureEnv Inicijalizacija: 12 motora. OBS_dim=40, frame_skip=1
[Fitness run Gen16Creature27] reward=0.44±0.15  dist=0.14±0.41  upright=0.00±0.00  → FITNESS=0.0479
URDF saved to being.urdf
Connecting to PyBullet, GUI: False
CreatureEnv Inicijalizacija: 12 motora. OBS_dim=40, frame_skip=1
[Fitness run Gen16Creature28] reward=1.83±0.00  dist=0.00±0.00  upright=1.00±0.00  → FITNESS=0.1959
URDF saved to being.urdf
Connecting to PyBullet, GUI: False
CreatureEnv Inicijalizacija: 12 motora. OBS_dim=40, frame_skip=1
[Fitness run Gen16Creature29] reward=1097.11±0.01  dist=0.10±0.03  upright=1.00±0.00  → FITNESS=0.4465
Genome saved to results\rewardBased500Steps1Seed\run_4\run_4_best_creature.json
[plot] Saved → ./results\rewardBased500Steps1Seed\run_4\run_4_summary.png
URDF saved to being.urdf
Connecting to PyBullet, GUI: False
CreatureEnv Inicijalizacija: 12 motora. OBS_dim=40, frame_skip=1
[Fitness run Gen17Creature2] reward=1.51±0.03  dist=0.05±0.03  upright=0.14±0.05  → FITNESS=0.0680
URDF saved to being.urdf
Connecting to PyBullet, GUI: False
CreatureEnv Inicijalizacija: 12 motora. OBS_dim=40, frame_skip=1
[Fitness run Gen17Creature3] reward=7.41±6.44  dist=0.00±0.01  upright=0.90±0.30  → FITNESS=0.1822
URDF saved to being.urdf
Connecting to PyBullet, GUI: False
CreatureEnv Inicijalizacija: 12 motora. OBS_dim=40, frame_skip=1
[Fitness run Gen17Creature5] reward=1.82±0.00  dist=0.00±0.00  upright=1.00±0.00  → FITNESS=0.1959
URDF saved to being.urdf
Connecting to PyBullet, GUI: False
CreatureEnv Inicijalizacija: 12 motora. OBS_dim=40, frame_skip=1
[Fitness run Gen17Creature6] reward=1056.09±0.10  dist=0.01±0.01  upright=1.00±0.00  → FITNESS=0.4356
URDF saved to being.urdf
Connecting to PyBullet, GUI: False
CreatureEnv Inicijalizacija: 12 motora. OBS_dim=40, frame_skip=1
[Fitness run Gen17Creature9] reward=1.52±0.00  dist=0.22±0.07  upright=0.04±0.12  → FITNESS=0.0555
URDF saved to being.urdf
Connecting to PyBullet, GUI: False
CreatureEnv Inicijalizacija: 12 motora. OBS_dim=40, frame_skip=1
[Fitness run Gen17Creature10] reward=1.52±0.01  dist=0.00±0.00  upright=0.06±0.07  → FITNESS=0.0545
URDF saved to being.urdf
Connecting to PyBullet, GUI: False
CreatureEnv Inicijalizacija: 12 motora. OBS_dim=40, frame_skip=1
[Fitness run Gen17Creature12] reward=1.69±0.11  dist=0.07±0.02  upright=0.00±0.01  → FITNESS=0.0475
URDF saved to being.urdf
Connecting to PyBullet, GUI: False
CreatureEnv Inicijalizacija: 12 motora. OBS_dim=40, frame_skip=1
[Fitness run Gen17Creature13] reward=1.55±0.02  dist=0.00±0.00  upright=0.03±0.01  → FITNESS=0.0502
URDF saved to being.urdf
Connecting to PyBullet, GUI: False
CreatureEnv Inicijalizacija: 12 motora. OBS_dim=40, frame_skip=1
[Fitness run Gen17Creature14] reward=1.54±0.02  dist=0.22±0.06  upright=0.01±0.02  → FITNESS=0.0507
URDF saved to being.urdf
Connecting to PyBullet, GUI: False
CreatureEnv Inicijalizacija: 12 motora. OBS_dim=40, frame_skip=1
[Fitness run Gen17Creature15] reward=1.78±0.00  dist=0.00±0.00  upright=1.00±0.00  → FITNESS=0.1959
URDF saved to being.urdf
Connecting to PyBullet, GUI: False
CreatureEnv Inicijalizacija: 12 motora. OBS_dim=40, frame_skip=1
[Fitness run Gen17Creature16] reward=1.53±0.17  dist=0.13±0.05  upright=0.03±0.09  → FITNESS=0.0525
URDF saved to being.urdf
Connecting to PyBullet, GUI: False
CreatureEnv Inicijalizacija: 12 motora. OBS_dim=40, frame_skip=1
[Fitness run Gen17Creature17] reward=1039.07±2.94  dist=0.00±0.00  upright=1.00±0.00  → FITNESS=0.4316
URDF saved to being.urdf
Connecting to PyBullet, GUI: False
CreatureEnv Inicijalizacija: 12 motora. OBS_dim=40, frame_skip=1
[Fitness run Gen17Creature18] reward=1.45±0.00  dist=0.03±0.09  upright=0.18±0.04  → FITNESS=0.0734
URDF saved to being.urdf
Connecting to PyBullet, GUI: False
CreatureEnv Inicijalizacija: 12 motora. OBS_dim=40, frame_skip=1
[Fitness run Gen17Creature19] reward=104.45±309.28  dist=0.05±0.14  upright=0.18±0.29  → FITNESS=0.0964
URDF saved to being.urdf
Connecting to PyBullet, GUI: False
CreatureEnv Inicijalizacija: 12 motora. OBS_dim=40, frame_skip=1
[Fitness run Gen17Creature21] reward=1.67±0.01  dist=0.00±0.00  upright=0.03±0.01  → FITNESS=0.0502
URDF saved to being.urdf
Connecting to PyBullet, GUI: False
CreatureEnv Inicijalizacija: 12 motora. OBS_dim=40, frame_skip=1
[Fitness run Gen17Creature22] reward=999.90±331.28  dist=0.00±0.00  upright=1.00±0.01  → FITNESS=0.4223
URDF saved to being.urdf
Connecting to PyBullet, GUI: False
CreatureEnv Inicijalizacija: 12 motora. OBS_dim=40, frame_skip=1
[Fitness run Gen17Creature23] reward=1057.93±8.83  dist=0.00±0.00  upright=1.00±0.00  → FITNESS=0.4359
URDF saved to being.urdf
Connecting to PyBullet, GUI: False
CreatureEnv Inicijalizacija: 12 motora. OBS_dim=40, frame_skip=1
[Fitness run Gen17Creature24] reward=1055.33±0.03  dist=0.01±0.00  upright=1.00±0.00  → FITNESS=0.4356
URDF saved to being.urdf
Connecting to PyBullet, GUI: False
CreatureEnv Inicijalizacija: 12 motora. OBS_dim=40, frame_skip=1
[Fitness run Gen17Creature25] reward=1.78±0.00  dist=0.00±0.00  upright=1.00±0.00  → FITNESS=0.1959
URDF saved to being.urdf
Connecting to PyBullet, GUI: False
CreatureEnv Inicijalizacija: 12 motora. OBS_dim=40, frame_skip=1
[Fitness run Gen17Creature26] reward=1.49±0.08  dist=0.00±0.00  upright=0.15±0.28  → FITNESS=0.0685
URDF saved to being.urdf
Connecting to PyBullet, GUI: False
CreatureEnv Inicijalizacija: 12 motora. OBS_dim=40, frame_skip=1
[Fitness run Gen17Creature27] reward=0.44±0.15  dist=0.14±0.41  upright=0.00±0.00  → FITNESS=0.0479
URDF saved to being.urdf
Connecting to PyBullet, GUI: False
CreatureEnv Inicijalizacija: 12 motora. OBS_dim=40, frame_skip=1
[Fitness run Gen17Creature29] reward=1097.11±0.01  dist=0.10±0.03  upright=1.00±0.00  → FITNESS=0.4465

==================================================
Generacija 17/20  |  Best = 0.4492  |  Mean = 0.2329  |  Std = 0.1703
==================================================
URDF saved to being.urdf
Connecting to PyBullet, GUI: False
CreatureEnv Inicijalizacija: 12 motora. OBS_dim=40, frame_skip=1
[Fitness run Gen17Creature2] reward=1.51±0.03  dist=0.05±0.03  upright=0.14±0.05  → FITNESS=0.0680
URDF saved to being.urdf
Connecting to PyBullet, GUI: False
CreatureEnv Inicijalizacija: 12 motora. OBS_dim=40, frame_skip=1
[Fitness run Gen17Creature3] reward=7.41±6.44  dist=0.00±0.01  upright=0.90±0.30  → FITNESS=0.1822
URDF saved to being.urdf
Connecting to PyBullet, GUI: False
CreatureEnv Inicijalizacija: 12 motora. OBS_dim=40, frame_skip=1
[Fitness run Gen17Creature5] reward=1.82±0.00  dist=0.00±0.00  upright=1.00±0.00  → FITNESS=0.1959
URDF saved to being.urdf
Connecting to PyBullet, GUI: False
CreatureEnv Inicijalizacija: 12 motora. OBS_dim=40, frame_skip=1
[Fitness run Gen17Creature6] reward=1056.09±0.10  dist=0.01±0.01  upright=1.00±0.00  → FITNESS=0.4356
URDF saved to being.urdf
Connecting to PyBullet, GUI: False
CreatureEnv Inicijalizacija: 12 motora. OBS_dim=40, frame_skip=1
[Fitness run Gen17Creature9] reward=1.52±0.00  dist=0.22±0.07  upright=0.04±0.12  → FITNESS=0.0555
URDF saved to being.urdf
Connecting to PyBullet, GUI: False
CreatureEnv Inicijalizacija: 12 motora. OBS_dim=40, frame_skip=1
[Fitness run Gen17Creature10] reward=1.52±0.01  dist=0.00±0.00  upright=0.06±0.07  → FITNESS=0.0545
URDF saved to being.urdf
Connecting to PyBullet, GUI: False
CreatureEnv Inicijalizacija: 12 motora. OBS_dim=40, frame_skip=1
[Fitness run Gen17Creature12] reward=1.69±0.11  dist=0.07±0.02  upright=0.00±0.01  → FITNESS=0.0475
URDF saved to being.urdf
Connecting to PyBullet, GUI: False
CreatureEnv Inicijalizacija: 12 motora. OBS_dim=40, frame_skip=1
[Fitness run Gen17Creature13] reward=1.55±0.02  dist=0.00±0.00  upright=0.03±0.01  → FITNESS=0.0502
URDF saved to being.urdf
Connecting to PyBullet, GUI: False
CreatureEnv Inicijalizacija: 12 motora. OBS_dim=40, frame_skip=1
[Fitness run Gen17Creature14] reward=1.54±0.02  dist=0.22±0.06  upright=0.01±0.02  → FITNESS=0.0507
URDF saved to being.urdf
Connecting to PyBullet, GUI: False
CreatureEnv Inicijalizacija: 12 motora. OBS_dim=40, frame_skip=1
[Fitness run Gen17Creature15] reward=1.78±0.00  dist=0.00±0.00  upright=1.00±0.00  → FITNESS=0.1959
URDF saved to being.urdf
Connecting to PyBullet, GUI: False
CreatureEnv Inicijalizacija: 12 motora. OBS_dim=40, frame_skip=1
[Fitness run Gen17Creature16] reward=1.53±0.17  dist=0.13±0.05  upright=0.03±0.09  → FITNESS=0.0525
URDF saved to being.urdf
Connecting to PyBullet, GUI: False
CreatureEnv Inicijalizacija: 12 motora. OBS_dim=40, frame_skip=1
[Fitness run Gen17Creature17] reward=1039.07±2.94  dist=0.00±0.00  upright=1.00±0.00  → FITNESS=0.4316
URDF saved to being.urdf
Connecting to PyBullet, GUI: False
CreatureEnv Inicijalizacija: 12 motora. OBS_dim=40, frame_skip=1
[Fitness run Gen17Creature18] reward=1.45±0.00  dist=0.03±0.09  upright=0.18±0.04  → FITNESS=0.0734
URDF saved to being.urdf
Connecting to PyBullet, GUI: False
CreatureEnv Inicijalizacija: 12 motora. OBS_dim=40, frame_skip=1
[Fitness run Gen17Creature19] reward=104.45±309.28  dist=0.05±0.14  upright=0.18±0.29  → FITNESS=0.0964
URDF saved to being.urdf
Connecting to PyBullet, GUI: False
CreatureEnv Inicijalizacija: 12 motora. OBS_dim=40, frame_skip=1
[Fitness run Gen17Creature21] reward=1.67±0.01  dist=0.00±0.00  upright=0.03±0.01  → FITNESS=0.0502
URDF saved to being.urdf
Connecting to PyBullet, GUI: False
CreatureEnv Inicijalizacija: 12 motora. OBS_dim=40, frame_skip=1
[Fitness run Gen17Creature22] reward=999.90±331.28  dist=0.00±0.00  upright=1.00±0.01  → FITNESS=0.4223
URDF saved to being.urdf
Connecting to PyBullet, GUI: False
CreatureEnv Inicijalizacija: 12 motora. OBS_dim=40, frame_skip=1
[Fitness run Gen17Creature23] reward=1057.93±8.83  dist=0.00±0.00  upright=1.00±0.00  → FITNESS=0.4359
URDF saved to being.urdf
Connecting to PyBullet, GUI: False
CreatureEnv Inicijalizacija: 12 motora. OBS_dim=40, frame_skip=1
[Fitness run Gen17Creature24] reward=1055.33±0.03  dist=0.01±0.00  upright=1.00±0.00  → FITNESS=0.4356
URDF saved to being.urdf
Connecting to PyBullet, GUI: False
CreatureEnv Inicijalizacija: 12 motora. OBS_dim=40, frame_skip=1
[Fitness run Gen17Creature25] reward=1.78±0.00  dist=0.00±0.00  upright=1.00±0.00  → FITNESS=0.1959
URDF saved to being.urdf
Connecting to PyBullet, GUI: False
CreatureEnv Inicijalizacija: 12 motora. OBS_dim=40, frame_skip=1
[Fitness run Gen17Creature26] reward=1.49±0.08  dist=0.00±0.00  upright=0.15±0.28  → FITNESS=0.0685
URDF saved to being.urdf
Connecting to PyBullet, GUI: False
CreatureEnv Inicijalizacija: 12 motora. OBS_dim=40, frame_skip=1
[Fitness run Gen17Creature27] reward=0.44±0.15  dist=0.14±0.41  upright=0.00±0.00  → FITNESS=0.0479
URDF saved to being.urdf
Connecting to PyBullet, GUI: False
CreatureEnv Inicijalizacija: 12 motora. OBS_dim=40, frame_skip=1
[Fitness run Gen17Creature29] reward=1097.11±0.01  dist=0.10±0.03  upright=1.00±0.00  → FITNESS=0.4465
Genome saved to results\rewardBased500Steps1Seed\run_4\run_4_best_creature.json
[plot] Saved → ./results\rewardBased500Steps1Seed\run_4\run_4_summary.png
URDF saved to being.urdf
Connecting to PyBullet, GUI: False
CreatureEnv Inicijalizacija: 12 motora. OBS_dim=40, frame_skip=1
[Fitness run Gen18Creature2] reward=1.51±0.03  dist=0.05±0.03  upright=0.14±0.05  → FITNESS=0.0680
URDF saved to being.urdf
Connecting to PyBullet, GUI: False
CreatureEnv Inicijalizacija: 12 motora. OBS_dim=40, frame_skip=1
[Fitness run Gen18Creature3] reward=7.41±6.44  dist=0.00±0.01  upright=0.90±0.30  → FITNESS=0.1822
URDF saved to being.urdf
Connecting to PyBullet, GUI: False
CreatureEnv Inicijalizacija: 12 motora. OBS_dim=40, frame_skip=1
[Fitness run Gen18Creature5] reward=1.82±0.00  dist=0.00±0.00  upright=1.00±0.00  → FITNESS=0.1959
URDF saved to being.urdf
Connecting to PyBullet, GUI: False
CreatureEnv Inicijalizacija: 12 motora. OBS_dim=40, frame_skip=1
[Fitness run Gen18Creature6] reward=1056.09±0.10  dist=0.01±0.01  upright=1.00±0.00  → FITNESS=0.4356
URDF saved to being.urdf
Connecting to PyBullet, GUI: False
CreatureEnv Inicijalizacija: 12 motora. OBS_dim=40, frame_skip=1
[Fitness run Gen18Creature9] reward=1.52±0.00  dist=0.22±0.07  upright=0.04±0.12  → FITNESS=0.0555
URDF saved to being.urdf
Connecting to PyBullet, GUI: False
CreatureEnv Inicijalizacija: 12 motora. OBS_dim=40, frame_skip=1
[Fitness run Gen18Creature10] reward=1.52±0.01  dist=0.00±0.00  upright=0.06±0.07  → FITNESS=0.0545
URDF saved to being.urdf
Connecting to PyBullet, GUI: False
CreatureEnv Inicijalizacija: 12 motora. OBS_dim=40, frame_skip=1
[Fitness run Gen18Creature12] reward=1.69±0.11  dist=0.07±0.02  upright=0.00±0.01  → FITNESS=0.0475
URDF saved to being.urdf
Connecting to PyBullet, GUI: False
CreatureEnv Inicijalizacija: 12 motora. OBS_dim=40, frame_skip=1
[Fitness run Gen18Creature13] reward=1.55±0.02  dist=0.00±0.00  upright=0.03±0.01  → FITNESS=0.0502
URDF saved to being.urdf
Connecting to PyBullet, GUI: False
CreatureEnv Inicijalizacija: 12 motora. OBS_dim=40, frame_skip=1
[Fitness run Gen18Creature14] reward=1.54±0.02  dist=0.22±0.06  upright=0.01±0.02  → FITNESS=0.0507
URDF saved to being.urdf
Connecting to PyBullet, GUI: False
CreatureEnv Inicijalizacija: 12 motora. OBS_dim=40, frame_skip=1
[Fitness run Gen18Creature15] reward=1.78±0.00  dist=0.00±0.00  upright=1.00±0.00  → FITNESS=0.1959
URDF saved to being.urdf
Connecting to PyBullet, GUI: False
CreatureEnv Inicijalizacija: 12 motora. OBS_dim=40, frame_skip=1
[Fitness run Gen18Creature16] reward=1.53±0.17  dist=0.13±0.05  upright=0.03±0.09  → FITNESS=0.0525
URDF saved to being.urdf
Connecting to PyBullet, GUI: False
CreatureEnv Inicijalizacija: 12 motora. OBS_dim=40, frame_skip=1
[Fitness run Gen18Creature17] reward=1039.07±2.94  dist=0.00±0.00  upright=1.00±0.00  → FITNESS=0.4316
URDF saved to being.urdf
Connecting to PyBullet, GUI: False
CreatureEnv Inicijalizacija: 12 motora. OBS_dim=40, frame_skip=1
[Fitness run Gen18Creature18] reward=1.45±0.00  dist=0.03±0.09  upright=0.18±0.04  → FITNESS=0.0734
URDF saved to being.urdf
Connecting to PyBullet, GUI: False
CreatureEnv Inicijalizacija: 12 motora. OBS_dim=40, frame_skip=1
[Fitness run Gen18Creature19] reward=104.45±309.28  dist=0.05±0.14  upright=0.18±0.29  → FITNESS=0.0964
URDF saved to being.urdf
Connecting to PyBullet, GUI: False
CreatureEnv Inicijalizacija: 12 motora. OBS_dim=40, frame_skip=1
[Fitness run Gen18Creature21] reward=1.67±0.01  dist=0.00±0.00  upright=0.03±0.01  → FITNESS=0.0502
URDF saved to being.urdf
Connecting to PyBullet, GUI: False
CreatureEnv Inicijalizacija: 12 motora. OBS_dim=40, frame_skip=1
[Fitness run Gen18Creature22] reward=999.90±331.28  dist=0.00±0.00  upright=1.00±0.01  → FITNESS=0.4223
URDF saved to being.urdf
Connecting to PyBullet, GUI: False
CreatureEnv Inicijalizacija: 12 motora. OBS_dim=40, frame_skip=1
[Fitness run Gen18Creature23] reward=1057.93±8.83  dist=0.00±0.00  upright=1.00±0.00  → FITNESS=0.4359
URDF saved to being.urdf
Connecting to PyBullet, GUI: False
CreatureEnv Inicijalizacija: 12 motora. OBS_dim=40, frame_skip=1
[Fitness run Gen18Creature24] reward=1055.33±0.03  dist=0.01±0.00  upright=1.00±0.00  → FITNESS=0.4356
URDF saved to being.urdf
Connecting to PyBullet, GUI: False
CreatureEnv Inicijalizacija: 12 motora. OBS_dim=40, frame_skip=1
[Fitness run Gen18Creature25] reward=1.78±0.00  dist=0.00±0.00  upright=1.00±0.00  → FITNESS=0.1959
URDF saved to being.urdf
Connecting to PyBullet, GUI: False
CreatureEnv Inicijalizacija: 12 motora. OBS_dim=40, frame_skip=1
[Fitness run Gen18Creature26] reward=1.49±0.08  dist=0.00±0.00  upright=0.15±0.28  → FITNESS=0.0685
URDF saved to being.urdf
Connecting to PyBullet, GUI: False
CreatureEnv Inicijalizacija: 12 motora. OBS_dim=40, frame_skip=1
[Fitness run Gen18Creature27] reward=0.44±0.15  dist=0.14±0.41  upright=0.00±0.00  → FITNESS=0.0479
URDF saved to being.urdf
Connecting to PyBullet, GUI: False
CreatureEnv Inicijalizacija: 12 motora. OBS_dim=40, frame_skip=1
[Fitness run Gen18Creature29] reward=1097.11±0.01  dist=0.10±0.03  upright=1.00±0.00  → FITNESS=0.4465

==================================================
Generacija 18/20  |  Best = 0.4492  |  Mean = 0.2329  |  Std = 0.1703
==================================================
URDF saved to being.urdf
Connecting to PyBullet, GUI: False
CreatureEnv Inicijalizacija: 12 motora. OBS_dim=40, frame_skip=1
[Fitness run Gen18Creature2] reward=1.51±0.03  dist=0.05±0.03  upright=0.14±0.05  → FITNESS=0.0680
URDF saved to being.urdf
Connecting to PyBullet, GUI: False
CreatureEnv Inicijalizacija: 12 motora. OBS_dim=40, frame_skip=1
[Fitness run Gen18Creature3] reward=7.41±6.44  dist=0.00±0.01  upright=0.90±0.30  → FITNESS=0.1822
URDF saved to being.urdf
Connecting to PyBullet, GUI: False
CreatureEnv Inicijalizacija: 12 motora. OBS_dim=40, frame_skip=1
[Fitness run Gen18Creature5] reward=1.82±0.00  dist=0.00±0.00  upright=1.00±0.00  → FITNESS=0.1959
URDF saved to being.urdf
Connecting to PyBullet, GUI: False
CreatureEnv Inicijalizacija: 12 motora. OBS_dim=40, frame_skip=1
[Fitness run Gen18Creature6] reward=1056.09±0.10  dist=0.01±0.01  upright=1.00±0.00  → FITNESS=0.4356
URDF saved to being.urdf
Connecting to PyBullet, GUI: False
CreatureEnv Inicijalizacija: 12 motora. OBS_dim=40, frame_skip=1
[Fitness run Gen18Creature9] reward=1.52±0.00  dist=0.22±0.07  upright=0.04±0.12  → FITNESS=0.0555
URDF saved to being.urdf
Connecting to PyBullet, GUI: False
CreatureEnv Inicijalizacija: 12 motora. OBS_dim=40, frame_skip=1
[Fitness run Gen18Creature10] reward=1.52±0.01  dist=0.00±0.00  upright=0.06±0.07  → FITNESS=0.0545
URDF saved to being.urdf
Connecting to PyBullet, GUI: False
CreatureEnv Inicijalizacija: 12 motora. OBS_dim=40, frame_skip=1
[Fitness run Gen18Creature12] reward=1.69±0.11  dist=0.07±0.02  upright=0.00±0.01  → FITNESS=0.0475
URDF saved to being.urdf
Connecting to PyBullet, GUI: False
CreatureEnv Inicijalizacija: 12 motora. OBS_dim=40, frame_skip=1
[Fitness run Gen18Creature13] reward=1.55±0.02  dist=0.00±0.00  upright=0.03±0.01  → FITNESS=0.0502
URDF saved to being.urdf
Connecting to PyBullet, GUI: False
CreatureEnv Inicijalizacija: 12 motora. OBS_dim=40, frame_skip=1
[Fitness run Gen18Creature14] reward=1.54±0.02  dist=0.22±0.06  upright=0.01±0.02  → FITNESS=0.0507
URDF saved to being.urdf
Connecting to PyBullet, GUI: False
CreatureEnv Inicijalizacija: 12 motora. OBS_dim=40, frame_skip=1
[Fitness run Gen18Creature15] reward=1.78±0.00  dist=0.00±0.00  upright=1.00±0.00  → FITNESS=0.1959
URDF saved to being.urdf
Connecting to PyBullet, GUI: False
CreatureEnv Inicijalizacija: 12 motora. OBS_dim=40, frame_skip=1
[Fitness run Gen18Creature16] reward=1.53±0.17  dist=0.13±0.05  upright=0.03±0.09  → FITNESS=0.0525
URDF saved to being.urdf
Connecting to PyBullet, GUI: False
CreatureEnv Inicijalizacija: 12 motora. OBS_dim=40, frame_skip=1
[Fitness run Gen18Creature17] reward=1039.07±2.94  dist=0.00±0.00  upright=1.00±0.00  → FITNESS=0.4316
URDF saved to being.urdf
Connecting to PyBullet, GUI: False
CreatureEnv Inicijalizacija: 12 motora. OBS_dim=40, frame_skip=1
[Fitness run Gen18Creature18] reward=1.45±0.00  dist=0.03±0.09  upright=0.18±0.04  → FITNESS=0.0734
URDF saved to being.urdf
Connecting to PyBullet, GUI: False
CreatureEnv Inicijalizacija: 12 motora. OBS_dim=40, frame_skip=1
[Fitness run Gen18Creature19] reward=104.45±309.28  dist=0.05±0.14  upright=0.18±0.29  → FITNESS=0.0964
URDF saved to being.urdf
Connecting to PyBullet, GUI: False
CreatureEnv Inicijalizacija: 12 motora. OBS_dim=40, frame_skip=1
[Fitness run Gen18Creature21] reward=1.67±0.01  dist=0.00±0.00  upright=0.03±0.01  → FITNESS=0.0502
URDF saved to being.urdf
Connecting to PyBullet, GUI: False
CreatureEnv Inicijalizacija: 12 motora. OBS_dim=40, frame_skip=1
[Fitness run Gen18Creature22] reward=999.90±331.28  dist=0.00±0.00  upright=1.00±0.01  → FITNESS=0.4223
URDF saved to being.urdf
Connecting to PyBullet, GUI: False
CreatureEnv Inicijalizacija: 12 motora. OBS_dim=40, frame_skip=1
[Fitness run Gen18Creature23] reward=1057.93±8.83  dist=0.00±0.00  upright=1.00±0.00  → FITNESS=0.4359
URDF saved to being.urdf
Connecting to PyBullet, GUI: False
CreatureEnv Inicijalizacija: 12 motora. OBS_dim=40, frame_skip=1
[Fitness run Gen18Creature24] reward=1055.33±0.03  dist=0.01±0.00  upright=1.00±0.00  → FITNESS=0.4356
URDF saved to being.urdf
Connecting to PyBullet, GUI: False
CreatureEnv Inicijalizacija: 12 motora. OBS_dim=40, frame_skip=1
[Fitness run Gen18Creature25] reward=1.78±0.00  dist=0.00±0.00  upright=1.00±0.00  → FITNESS=0.1959
URDF saved to being.urdf
Connecting to PyBullet, GUI: False
CreatureEnv Inicijalizacija: 12 motora. OBS_dim=40, frame_skip=1
[Fitness run Gen18Creature26] reward=1.49±0.08  dist=0.00±0.00  upright=0.15±0.28  → FITNESS=0.0685
URDF saved to being.urdf
Connecting to PyBullet, GUI: False
CreatureEnv Inicijalizacija: 12 motora. OBS_dim=40, frame_skip=1
[Fitness run Gen18Creature27] reward=0.44±0.15  dist=0.14±0.41  upright=0.00±0.00  → FITNESS=0.0479
URDF saved to being.urdf
Connecting to PyBullet, GUI: False
CreatureEnv Inicijalizacija: 12 motora. OBS_dim=40, frame_skip=1
[Fitness run Gen18Creature29] reward=1097.11±0.01  dist=0.10±0.03  upright=1.00±0.00  → FITNESS=0.4465
Genome saved to results\rewardBased500Steps1Seed\run_4\run_4_best_creature.json
[plot] Saved → ./results\rewardBased500Steps1Seed\run_4\run_4_summary.png
URDF saved to being.urdf
Connecting to PyBullet, GUI: False
CreatureEnv Inicijalizacija: 12 motora. OBS_dim=40, frame_skip=1
[Fitness run Gen19Creature2] reward=1.51±0.03  dist=0.05±0.03  upright=0.14±0.05  → FITNESS=0.0680
URDF saved to being.urdf
Connecting to PyBullet, GUI: False
CreatureEnv Inicijalizacija: 12 motora. OBS_dim=40, frame_skip=1
[Fitness run Gen19Creature3] reward=7.41±6.44  dist=0.00±0.01  upright=0.90±0.30  → FITNESS=0.1822
URDF saved to being.urdf
Connecting to PyBullet, GUI: False
CreatureEnv Inicijalizacija: 12 motora. OBS_dim=40, frame_skip=1
[Fitness run Gen19Creature5] reward=1.82±0.00  dist=0.00±0.00  upright=1.00±0.00  → FITNESS=0.1959
URDF saved to being.urdf
Connecting to PyBullet, GUI: False
CreatureEnv Inicijalizacija: 12 motora. OBS_dim=40, frame_skip=1
[Fitness run Gen19Creature6] reward=1056.09±0.10  dist=0.01±0.01  upright=1.00±0.00  → FITNESS=0.4356
URDF saved to being.urdf
Connecting to PyBullet, GUI: False
CreatureEnv Inicijalizacija: 12 motora. OBS_dim=40, frame_skip=1
[Fitness run Gen19Creature9] reward=1.52±0.00  dist=0.22±0.07  upright=0.04±0.12  → FITNESS=0.0555
URDF saved to being.urdf
Connecting to PyBullet, GUI: False
CreatureEnv Inicijalizacija: 12 motora. OBS_dim=40, frame_skip=1
[Fitness run Gen19Creature10] reward=1.52±0.01  dist=0.00±0.00  upright=0.06±0.07  → FITNESS=0.0545
URDF saved to being.urdf
Connecting to PyBullet, GUI: False
CreatureEnv Inicijalizacija: 12 motora. OBS_dim=40, frame_skip=1
[Fitness run Gen19Creature12] reward=1.69±0.11  dist=0.07±0.02  upright=0.00±0.01  → FITNESS=0.0475
URDF saved to being.urdf
Connecting to PyBullet, GUI: False
CreatureEnv Inicijalizacija: 12 motora. OBS_dim=40, frame_skip=1
[Fitness run Gen19Creature13] reward=1.55±0.02  dist=0.00±0.00  upright=0.03±0.01  → FITNESS=0.0502
URDF saved to being.urdf
Connecting to PyBullet, GUI: False
CreatureEnv Inicijalizacija: 12 motora. OBS_dim=40, frame_skip=1
[Fitness run Gen19Creature14] reward=1.54±0.02  dist=0.22±0.06  upright=0.01±0.02  → FITNESS=0.0507
URDF saved to being.urdf
Connecting to PyBullet, GUI: False
CreatureEnv Inicijalizacija: 12 motora. OBS_dim=40, frame_skip=1
[Fitness run Gen19Creature15] reward=1.78±0.00  dist=0.00±0.00  upright=1.00±0.00  → FITNESS=0.1959
URDF saved to being.urdf
Connecting to PyBullet, GUI: False
CreatureEnv Inicijalizacija: 12 motora. OBS_dim=40, frame_skip=1
[Fitness run Gen19Creature16] reward=1.53±0.17  dist=0.13±0.05  upright=0.03±0.09  → FITNESS=0.0525
URDF saved to being.urdf
Connecting to PyBullet, GUI: False
CreatureEnv Inicijalizacija: 12 motora. OBS_dim=40, frame_skip=1
[Fitness run Gen19Creature17] reward=1039.07±2.94  dist=0.00±0.00  upright=1.00±0.00  → FITNESS=0.4316
URDF saved to being.urdf
Connecting to PyBullet, GUI: False
CreatureEnv Inicijalizacija: 12 motora. OBS_dim=40, frame_skip=1
[Fitness run Gen19Creature18] reward=1.45±0.00  dist=0.03±0.09  upright=0.18±0.04  → FITNESS=0.0734
URDF saved to being.urdf
Connecting to PyBullet, GUI: False
CreatureEnv Inicijalizacija: 12 motora. OBS_dim=40, frame_skip=1
[Fitness run Gen19Creature19] reward=104.45±309.28  dist=0.05±0.14  upright=0.18±0.29  → FITNESS=0.0964
URDF saved to being.urdf
Connecting to PyBullet, GUI: False
CreatureEnv Inicijalizacija: 12 motora. OBS_dim=40, frame_skip=1
[Fitness run Gen19Creature21] reward=1.67±0.01  dist=0.00±0.00  upright=0.03±0.01  → FITNESS=0.0502
URDF saved to being.urdf
Connecting to PyBullet, GUI: False
CreatureEnv Inicijalizacija: 12 motora. OBS_dim=40, frame_skip=1
[Fitness run Gen19Creature22] reward=999.90±331.28  dist=0.00±0.00  upright=1.00±0.01  → FITNESS=0.4223
URDF saved to being.urdf
Connecting to PyBullet, GUI: False
CreatureEnv Inicijalizacija: 12 motora. OBS_dim=40, frame_skip=1
[Fitness run Gen19Creature23] reward=1057.93±8.83  dist=0.00±0.00  upright=1.00±0.00  → FITNESS=0.4359
URDF saved to being.urdf
Connecting to PyBullet, GUI: False
CreatureEnv Inicijalizacija: 12 motora. OBS_dim=40, frame_skip=1
[Fitness run Gen19Creature24] reward=1055.33±0.03  dist=0.01±0.00  upright=1.00±0.00  → FITNESS=0.4356
URDF saved to being.urdf
Connecting to PyBullet, GUI: False
CreatureEnv Inicijalizacija: 12 motora. OBS_dim=40, frame_skip=1
[Fitness run Gen19Creature25] reward=1.78±0.00  dist=0.00±0.00  upright=1.00±0.00  → FITNESS=0.1959
URDF saved to being.urdf
Connecting to PyBullet, GUI: False
CreatureEnv Inicijalizacija: 12 motora. OBS_dim=40, frame_skip=1
[Fitness run Gen19Creature26] reward=1.49±0.08  dist=0.00±0.00  upright=0.15±0.28  → FITNESS=0.0685
URDF saved to being.urdf
Connecting to PyBullet, GUI: False
CreatureEnv Inicijalizacija: 12 motora. OBS_dim=40, frame_skip=1
[Fitness run Gen19Creature27] reward=0.44±0.15  dist=0.14±0.41  upright=0.00±0.00  → FITNESS=0.0479
URDF saved to being.urdf
Connecting to PyBullet, GUI: False
CreatureEnv Inicijalizacija: 12 motora. OBS_dim=40, frame_skip=1
[Fitness run Gen19Creature29] reward=1097.11±0.01  dist=0.10±0.03  upright=1.00±0.00  → FITNESS=0.4465

==================================================
Generacija 19/20  |  Best = 0.4492  |  Mean = 0.2329  |  Std = 0.1703
==================================================
URDF saved to being.urdf
Connecting to PyBullet, GUI: False
CreatureEnv Inicijalizacija: 12 motora. OBS_dim=40, frame_skip=1
[Fitness run Gen19Creature2] reward=1.51±0.03  dist=0.05±0.03  upright=0.14±0.05  → FITNESS=0.0680
URDF saved to being.urdf
Connecting to PyBullet, GUI: False
CreatureEnv Inicijalizacija: 12 motora. OBS_dim=40, frame_skip=1
[Fitness run Gen19Creature3] reward=7.41±6.44  dist=0.00±0.01  upright=0.90±0.30  → FITNESS=0.1822
URDF saved to being.urdf
Connecting to PyBullet, GUI: False
CreatureEnv Inicijalizacija: 12 motora. OBS_dim=40, frame_skip=1
[Fitness run Gen19Creature5] reward=1.82±0.00  dist=0.00±0.00  upright=1.00±0.00  → FITNESS=0.1959
URDF saved to being.urdf
Connecting to PyBullet, GUI: False
CreatureEnv Inicijalizacija: 12 motora. OBS_dim=40, frame_skip=1
[Fitness run Gen19Creature6] reward=1056.09±0.10  dist=0.01±0.01  upright=1.00±0.00  → FITNESS=0.4356
URDF saved to being.urdf
Connecting to PyBullet, GUI: False
CreatureEnv Inicijalizacija: 12 motora. OBS_dim=40, frame_skip=1
[Fitness run Gen19Creature9] reward=1.52±0.00  dist=0.22±0.07  upright=0.04±0.12  → FITNESS=0.0555
URDF saved to being.urdf
Connecting to PyBullet, GUI: False
CreatureEnv Inicijalizacija: 12 motora. OBS_dim=40, frame_skip=1
[Fitness run Gen19Creature10] reward=1.52±0.01  dist=0.00±0.00  upright=0.06±0.07  → FITNESS=0.0545
URDF saved to being.urdf
Connecting to PyBullet, GUI: False
CreatureEnv Inicijalizacija: 12 motora. OBS_dim=40, frame_skip=1
[Fitness run Gen19Creature12] reward=1.69±0.11  dist=0.07±0.02  upright=0.00±0.01  → FITNESS=0.0475
URDF saved to being.urdf
Connecting to PyBullet, GUI: False
CreatureEnv Inicijalizacija: 12 motora. OBS_dim=40, frame_skip=1
[Fitness run Gen19Creature13] reward=1.55±0.02  dist=0.00±0.00  upright=0.03±0.01  → FITNESS=0.0502
URDF saved to being.urdf
Connecting to PyBullet, GUI: False
CreatureEnv Inicijalizacija: 12 motora. OBS_dim=40, frame_skip=1
[Fitness run Gen19Creature14] reward=1.54±0.02  dist=0.22±0.06  upright=0.01±0.02  → FITNESS=0.0507
URDF saved to being.urdf
Connecting to PyBullet, GUI: False
CreatureEnv Inicijalizacija: 12 motora. OBS_dim=40, frame_skip=1
[Fitness run Gen19Creature15] reward=1.78±0.00  dist=0.00±0.00  upright=1.00±0.00  → FITNESS=0.1959
URDF saved to being.urdf
Connecting to PyBullet, GUI: False
CreatureEnv Inicijalizacija: 12 motora. OBS_dim=40, frame_skip=1
[Fitness run Gen19Creature16] reward=1.53±0.17  dist=0.13±0.05  upright=0.03±0.09  → FITNESS=0.0525
URDF saved to being.urdf
Connecting to PyBullet, GUI: False
CreatureEnv Inicijalizacija: 12 motora. OBS_dim=40, frame_skip=1
[Fitness run Gen19Creature17] reward=1039.07±2.94  dist=0.00±0.00  upright=1.00±0.00  → FITNESS=0.4316
URDF saved to being.urdf
Connecting to PyBullet, GUI: False
CreatureEnv Inicijalizacija: 12 motora. OBS_dim=40, frame_skip=1
[Fitness run Gen19Creature18] reward=1.45±0.00  dist=0.03±0.09  upright=0.18±0.04  → FITNESS=0.0734
URDF saved to being.urdf
Connecting to PyBullet, GUI: False
CreatureEnv Inicijalizacija: 12 motora. OBS_dim=40, frame_skip=1
[Fitness run Gen19Creature19] reward=104.45±309.28  dist=0.05±0.14  upright=0.18±0.29  → FITNESS=0.0964
URDF saved to being.urdf
Connecting to PyBullet, GUI: False
CreatureEnv Inicijalizacija: 12 motora. OBS_dim=40, frame_skip=1
[Fitness run Gen19Creature21] reward=1.67±0.01  dist=0.00±0.00  upright=0.03±0.01  → FITNESS=0.0502
URDF saved to being.urdf
Connecting to PyBullet, GUI: False
CreatureEnv Inicijalizacija: 12 motora. OBS_dim=40, frame_skip=1
[Fitness run Gen19Creature22] reward=999.90±331.28  dist=0.00±0.00  upright=1.00±0.01  → FITNESS=0.4223
URDF saved to being.urdf
Connecting to PyBullet, GUI: False
CreatureEnv Inicijalizacija: 12 motora. OBS_dim=40, frame_skip=1
[Fitness run Gen19Creature23] reward=1057.93±8.83  dist=0.00±0.00  upright=1.00±0.00  → FITNESS=0.4359
URDF saved to being.urdf
Connecting to PyBullet, GUI: False
CreatureEnv Inicijalizacija: 12 motora. OBS_dim=40, frame_skip=1
[Fitness run Gen19Creature24] reward=1055.33±0.03  dist=0.01±0.00  upright=1.00±0.00  → FITNESS=0.4356
URDF saved to being.urdf
Connecting to PyBullet, GUI: False
CreatureEnv Inicijalizacija: 12 motora. OBS_dim=40, frame_skip=1
[Fitness run Gen19Creature25] reward=1.78±0.00  dist=0.00±0.00  upright=1.00±0.00  → FITNESS=0.1959
URDF saved to being.urdf
Connecting to PyBullet, GUI: False
CreatureEnv Inicijalizacija: 12 motora. OBS_dim=40, frame_skip=1
[Fitness run Gen19Creature26] reward=1.49±0.08  dist=0.00±0.00  upright=0.15±0.28  → FITNESS=0.0685
URDF saved to being.urdf
Connecting to PyBullet, GUI: False
CreatureEnv Inicijalizacija: 12 motora. OBS_dim=40, frame_skip=1
[Fitness run Gen19Creature27] reward=0.44±0.15  dist=0.14±0.41  upright=0.00±0.00  → FITNESS=0.0479
URDF saved to being.urdf
Connecting to PyBullet, GUI: False
CreatureEnv Inicijalizacija: 12 motora. OBS_dim=40, frame_skip=1
[Fitness run Gen19Creature29] reward=1097.11±0.01  dist=0.10±0.03  upright=1.00±0.00  → FITNESS=0.4465
Genome saved to results\rewardBased500Steps1Seed\run_4\run_4_best_creature.json
[plot] Saved → ./results\rewardBased500Steps1Seed\run_4\run_4_summary.png
URDF saved to being.urdf
Connecting to PyBullet, GUI: False
CreatureEnv Inicijalizacija: 12 motora. OBS_dim=40, frame_skip=1
[Fitness run Gen20Creature2] reward=1.51±0.03  dist=0.05±0.03  upright=0.14±0.05  → FITNESS=0.0680
URDF saved to being.urdf
Connecting to PyBullet, GUI: False
CreatureEnv Inicijalizacija: 12 motora. OBS_dim=40, frame_skip=1
[Fitness run Gen20Creature3] reward=7.41±6.44  dist=0.00±0.01  upright=0.90±0.30  → FITNESS=0.1822
URDF saved to being.urdf
Connecting to PyBullet, GUI: False
CreatureEnv Inicijalizacija: 12 motora. OBS_dim=40, frame_skip=1
[Fitness run Gen20Creature5] reward=1.82±0.00  dist=0.00±0.00  upright=1.00±0.00  → FITNESS=0.1959
URDF saved to being.urdf
Connecting to PyBullet, GUI: False
CreatureEnv Inicijalizacija: 12 motora. OBS_dim=40, frame_skip=1
[Fitness run Gen20Creature6] reward=1056.09±0.10  dist=0.01±0.01  upright=1.00±0.00  → FITNESS=0.4356
URDF saved to being.urdf
Connecting to PyBullet, GUI: False
CreatureEnv Inicijalizacija: 12 motora. OBS_dim=40, frame_skip=1
[Fitness run Gen20Creature9] reward=1.52±0.00  dist=0.22±0.07  upright=0.04±0.12  → FITNESS=0.0555
URDF saved to being.urdf
Connecting to PyBullet, GUI: False
CreatureEnv Inicijalizacija: 12 motora. OBS_dim=40, frame_skip=1
[Fitness run Gen20Creature10] reward=1.52±0.01  dist=0.00±0.00  upright=0.06±0.07  → FITNESS=0.0545
URDF saved to being.urdf
Connecting to PyBullet, GUI: False
CreatureEnv Inicijalizacija: 12 motora. OBS_dim=40, frame_skip=1
[Fitness run Gen20Creature12] reward=1.69±0.11  dist=0.07±0.02  upright=0.00±0.01  → FITNESS=0.0475
URDF saved to being.urdf
Connecting to PyBullet, GUI: False
CreatureEnv Inicijalizacija: 12 motora. OBS_dim=40, frame_skip=1
[Fitness run Gen20Creature13] reward=1.55±0.02  dist=0.00±0.00  upright=0.03±0.01  → FITNESS=0.0502
URDF saved to being.urdf
Connecting to PyBullet, GUI: False
CreatureEnv Inicijalizacija: 12 motora. OBS_dim=40, frame_skip=1
[Fitness run Gen20Creature14] reward=1.54±0.02  dist=0.22±0.06  upright=0.01±0.02  → FITNESS=0.0507
URDF saved to being.urdf
Connecting to PyBullet, GUI: False
CreatureEnv Inicijalizacija: 12 motora. OBS_dim=40, frame_skip=1
[Fitness run Gen20Creature15] reward=1.78±0.00  dist=0.00±0.00  upright=1.00±0.00  → FITNESS=0.1959
URDF saved to being.urdf
Connecting to PyBullet, GUI: False
CreatureEnv Inicijalizacija: 12 motora. OBS_dim=40, frame_skip=1
[Fitness run Gen20Creature16] reward=1.53±0.17  dist=0.13±0.05  upright=0.03±0.09  → FITNESS=0.0525
URDF saved to being.urdf
Connecting to PyBullet, GUI: False
CreatureEnv Inicijalizacija: 12 motora. OBS_dim=40, frame_skip=1
[Fitness run Gen20Creature17] reward=1039.07±2.94  dist=0.00±0.00  upright=1.00±0.00  → FITNESS=0.4316
URDF saved to being.urdf
Connecting to PyBullet, GUI: False
CreatureEnv Inicijalizacija: 12 motora. OBS_dim=40, frame_skip=1
[Fitness run Gen20Creature18] reward=1.45±0.00  dist=0.03±0.09  upright=0.18±0.04  → FITNESS=0.0734
URDF saved to being.urdf
Connecting to PyBullet, GUI: False
CreatureEnv Inicijalizacija: 12 motora. OBS_dim=40, frame_skip=1
[Fitness run Gen20Creature19] reward=104.45±309.28  dist=0.05±0.14  upright=0.18±0.29  → FITNESS=0.0964
URDF saved to being.urdf
Connecting to PyBullet, GUI: False
CreatureEnv Inicijalizacija: 12 motora. OBS_dim=40, frame_skip=1
[Fitness run Gen20Creature21] reward=1.67±0.01  dist=0.00±0.00  upright=0.03±0.01  → FITNESS=0.0502
URDF saved to being.urdf
Connecting to PyBullet, GUI: False
CreatureEnv Inicijalizacija: 12 motora. OBS_dim=40, frame_skip=1
[Fitness run Gen20Creature22] reward=999.90±331.28  dist=0.00±0.00  upright=1.00±0.01  → FITNESS=0.4223
URDF saved to being.urdf
Connecting to PyBullet, GUI: False
CreatureEnv Inicijalizacija: 12 motora. OBS_dim=40, frame_skip=1
[Fitness run Gen20Creature23] reward=1057.93±8.83  dist=0.00±0.00  upright=1.00±0.00  → FITNESS=0.4359
URDF saved to being.urdf
Connecting to PyBullet, GUI: False
CreatureEnv Inicijalizacija: 12 motora. OBS_dim=40, frame_skip=1
[Fitness run Gen20Creature24] reward=1055.33±0.03  dist=0.01±0.00  upright=1.00±0.00  → FITNESS=0.4356
URDF saved to being.urdf
Connecting to PyBullet, GUI: False
CreatureEnv Inicijalizacija: 12 motora. OBS_dim=40, frame_skip=1
[Fitness run Gen20Creature25] reward=1.78±0.00  dist=0.00±0.00  upright=1.00±0.00  → FITNESS=0.1959
URDF saved to being.urdf
Connecting to PyBullet, GUI: False
CreatureEnv Inicijalizacija: 12 motora. OBS_dim=40, frame_skip=1
[Fitness run Gen20Creature26] reward=1.49±0.08  dist=0.00±0.00  upright=0.15±0.28  → FITNESS=0.0685
URDF saved to being.urdf
Connecting to PyBullet, GUI: False
CreatureEnv Inicijalizacija: 12 motora. OBS_dim=40, frame_skip=1
[Fitness run Gen20Creature27] reward=0.44±0.15  dist=0.14±0.41  upright=0.00±0.00  → FITNESS=0.0479
URDF saved to being.urdf
Connecting to PyBullet, GUI: False
CreatureEnv Inicijalizacija: 12 motora. OBS_dim=40, frame_skip=1
[Fitness run Gen20Creature29] reward=1097.11±0.01  dist=0.10±0.03  upright=1.00±0.00  → FITNESS=0.4465

==================================================
Generacija 20/20  |  Best = 0.4492  |  Mean = 0.2329  |  Std = 0.1703
==================================================
URDF saved to being.urdf
Connecting to PyBullet, GUI: False
CreatureEnv Inicijalizacija: 12 motora. OBS_dim=40, frame_skip=1
[Fitness run Gen20Creature2] reward=1.51±0.03  dist=0.05±0.03  upright=0.14±0.05  → FITNESS=0.0680
URDF saved to being.urdf
Connecting to PyBullet, GUI: False
CreatureEnv Inicijalizacija: 12 motora. OBS_dim=40, frame_skip=1
[Fitness run Gen20Creature3] reward=7.41±6.44  dist=0.00±0.01  upright=0.90±0.30  → FITNESS=0.1822
URDF saved to being.urdf
Connecting to PyBullet, GUI: False
CreatureEnv Inicijalizacija: 12 motora. OBS_dim=40, frame_skip=1
[Fitness run Gen20Creature5] reward=1.82±0.00  dist=0.00±0.00  upright=1.00±0.00  → FITNESS=0.1959
URDF saved to being.urdf
Connecting to PyBullet, GUI: False
CreatureEnv Inicijalizacija: 12 motora. OBS_dim=40, frame_skip=1
[Fitness run Gen20Creature6] reward=1056.09±0.10  dist=0.01±0.01  upright=1.00±0.00  → FITNESS=0.4356
URDF saved to being.urdf
Connecting to PyBullet, GUI: False
CreatureEnv Inicijalizacija: 12 motora. OBS_dim=40, frame_skip=1
[Fitness run Gen20Creature9] reward=1.52±0.00  dist=0.22±0.07  upright=0.04±0.12  → FITNESS=0.0555
URDF saved to being.urdf
Connecting to PyBullet, GUI: False
CreatureEnv Inicijalizacija: 12 motora. OBS_dim=40, frame_skip=1
[Fitness run Gen20Creature10] reward=1.52±0.01  dist=0.00±0.00  upright=0.06±0.07  → FITNESS=0.0545
URDF saved to being.urdf
Connecting to PyBullet, GUI: False
CreatureEnv Inicijalizacija: 12 motora. OBS_dim=40, frame_skip=1
[Fitness run Gen20Creature12] reward=1.69±0.11  dist=0.07±0.02  upright=0.00±0.01  → FITNESS=0.0475
URDF saved to being.urdf
Connecting to PyBullet, GUI: False
CreatureEnv Inicijalizacija: 12 motora. OBS_dim=40, frame_skip=1
[Fitness run Gen20Creature13] reward=1.55±0.02  dist=0.00±0.00  upright=0.03±0.01  → FITNESS=0.0502
URDF saved to being.urdf
Connecting to PyBullet, GUI: False
CreatureEnv Inicijalizacija: 12 motora. OBS_dim=40, frame_skip=1
[Fitness run Gen20Creature14] reward=1.54±0.02  dist=0.22±0.06  upright=0.01±0.02  → FITNESS=0.0507
URDF saved to being.urdf
Connecting to PyBullet, GUI: False
CreatureEnv Inicijalizacija: 12 motora. OBS_dim=40, frame_skip=1
[Fitness run Gen20Creature15] reward=1.78±0.00  dist=0.00±0.00  upright=1.00±0.00  → FITNESS=0.1959
URDF saved to being.urdf
Connecting to PyBullet, GUI: False
CreatureEnv Inicijalizacija: 12 motora. OBS_dim=40, frame_skip=1
[Fitness run Gen20Creature16] reward=1.53±0.17  dist=0.13±0.05  upright=0.03±0.09  → FITNESS=0.0525
URDF saved to being.urdf
Connecting to PyBullet, GUI: False
CreatureEnv Inicijalizacija: 12 motora. OBS_dim=40, frame_skip=1
[Fitness run Gen20Creature17] reward=1039.07±2.94  dist=0.00±0.00  upright=1.00±0.00  → FITNESS=0.4316
URDF saved to being.urdf
Connecting to PyBullet, GUI: False
CreatureEnv Inicijalizacija: 12 motora. OBS_dim=40, frame_skip=1
[Fitness run Gen20Creature18] reward=1.45±0.00  dist=0.03±0.09  upright=0.18±0.04  → FITNESS=0.0734
URDF saved to being.urdf
Connecting to PyBullet, GUI: False
CreatureEnv Inicijalizacija: 12 motora. OBS_dim=40, frame_skip=1
[Fitness run Gen20Creature19] reward=104.45±309.28  dist=0.05±0.14  upright=0.18±0.29  → FITNESS=0.0964
URDF saved to being.urdf
Connecting to PyBullet, GUI: False
CreatureEnv Inicijalizacija: 12 motora. OBS_dim=40, frame_skip=1
[Fitness run Gen20Creature21] reward=1.67±0.01  dist=0.00±0.00  upright=0.03±0.01  → FITNESS=0.0502
URDF saved to being.urdf
Connecting to PyBullet, GUI: False
CreatureEnv Inicijalizacija: 12 motora. OBS_dim=40, frame_skip=1
[Fitness run Gen20Creature22] reward=1097.11±0.01  dist=0.10±0.03  upright=1.00±0.00  → FITNESS=0.4465
URDF saved to being.urdf
Connecting to PyBullet, GUI: False
CreatureEnv Inicijalizacija: 12 motora. OBS_dim=40, frame_skip=1
[Fitness run Gen20Creature23] reward=1057.93±8.83  dist=0.00±0.00  upright=1.00±0.00  → FITNESS=0.4359
URDF saved to being.urdf
Connecting to PyBullet, GUI: False
CreatureEnv Inicijalizacija: 12 motora. OBS_dim=40, frame_skip=1
[Fitness run Gen20Creature24] reward=1055.33±0.03  dist=0.01±0.00  upright=1.00±0.00  → FITNESS=0.4356
URDF saved to being.urdf
Connecting to PyBullet, GUI: False
CreatureEnv Inicijalizacija: 12 motora. OBS_dim=40, frame_skip=1
[Fitness run Gen20Creature25] reward=1.78±0.00  dist=0.00±0.00  upright=1.00±0.00  → FITNESS=0.1959
URDF saved to being.urdf
Connecting to PyBullet, GUI: False
CreatureEnv Inicijalizacija: 12 motora. OBS_dim=40, frame_skip=1
[Fitness run Gen20Creature26] reward=1.49±0.08  dist=0.00±0.00  upright=0.15±0.28  → FITNESS=0.0685
URDF saved to being.urdf
Connecting to PyBullet, GUI: False
CreatureEnv Inicijalizacija: 12 motora. OBS_dim=40, frame_skip=1
[Fitness run Gen20Creature27] reward=0.44±0.15  dist=0.14±0.41  upright=0.00±0.00  → FITNESS=0.0479
URDF saved to being.urdf
Connecting to PyBullet, GUI: False
CreatureEnv Inicijalizacija: 12 motora. OBS_dim=40, frame_skip=1
[Fitness run Gen20Creature29] reward=1097.11±0.01  dist=0.10±0.03  upright=1.00±0.00  → FITNESS=0.4465
Genome saved to results\rewardBased500Steps1Seed\run_4\run_4_best_creature.json
[plot] Saved → ./results\rewardBased500Steps1Seed\run_4\run_4_summary.png
[log] Experiment finalised → ./results\rewardBased500Steps1Seed\run_4\run_4.json
URDF saved to being.urdf
Connecting to PyBullet, GUI: False
CreatureEnv Inicijalizacija: 12 motora. OBS_dim=40, frame_skip=1
[Fitness run Gen20Creature2] reward=1.51±0.03  dist=0.05±0.03  upright=0.14±0.05  → FITNESS=0.0680
URDF saved to being.urdf
Connecting to PyBullet, GUI: False
CreatureEnv Inicijalizacija: 12 motora. OBS_dim=40, frame_skip=1
[Fitness run Gen20Creature3] reward=7.41±6.44  dist=0.00±0.01  upright=0.90±0.30  → FITNESS=0.1822
URDF saved to being.urdf
Connecting to PyBullet, GUI: False
CreatureEnv Inicijalizacija: 12 motora. OBS_dim=40, frame_skip=1
[Fitness run Gen20Creature5] reward=1.82±0.00  dist=0.00±0.00  upright=1.00±0.00  → FITNESS=0.1959
URDF saved to being.urdf
Connecting to PyBullet, GUI: False
CreatureEnv Inicijalizacija: 12 motora. OBS_dim=40, frame_skip=1
[Fitness run Gen20Creature6] reward=1056.09±0.10  dist=0.01±0.01  upright=1.00±0.00  → FITNESS=0.4356
URDF saved to being.urdf
Connecting to PyBullet, GUI: False
CreatureEnv Inicijalizacija: 12 motora. OBS_dim=40, frame_skip=1
[Fitness run Gen20Creature9] reward=1.52±0.00  dist=0.22±0.07  upright=0.04±0.12  → FITNESS=0.0555
URDF saved to being.urdf
Connecting to PyBullet, GUI: False
CreatureEnv Inicijalizacija: 12 motora. OBS_dim=40, frame_skip=1
[Fitness run Gen20Creature10] reward=1.52±0.01  dist=0.00±0.00  upright=0.06±0.07  → FITNESS=0.0545
URDF saved to being.urdf
Connecting to PyBullet, GUI: False
CreatureEnv Inicijalizacija: 12 motora. OBS_dim=40, frame_skip=1
[Fitness run Gen20Creature12] reward=1.69±0.11  dist=0.07±0.02  upright=0.00±0.01  → FITNESS=0.0475
URDF saved to being.urdf
Connecting to PyBullet, GUI: False
CreatureEnv Inicijalizacija: 12 motora. OBS_dim=40, frame_skip=1
[Fitness run Gen20Creature13] reward=1.55±0.02  dist=0.00±0.00  upright=0.03±0.01  → FITNESS=0.0502
URDF saved to being.urdf
Connecting to PyBullet, GUI: False
CreatureEnv Inicijalizacija: 12 motora. OBS_dim=40, frame_skip=1
[Fitness run Gen20Creature14] reward=1.54±0.02  dist=0.22±0.06  upright=0.01±0.02  → FITNESS=0.0507
URDF saved to being.urdf
Connecting to PyBullet, GUI: False
CreatureEnv Inicijalizacija: 12 motora. OBS_dim=40, frame_skip=1
[Fitness run Gen20Creature15] reward=1.78±0.00  dist=0.00±0.00  upright=1.00±0.00  → FITNESS=0.1959
URDF saved to being.urdf
Connecting to PyBullet, GUI: False
CreatureEnv Inicijalizacija: 12 motora. OBS_dim=40, frame_skip=1
[Fitness run Gen20Creature16] reward=1.53±0.17  dist=0.13±0.05  upright=0.03±0.09  → FITNESS=0.0525
URDF saved to being.urdf
Connecting to PyBullet, GUI: False
CreatureEnv Inicijalizacija: 12 motora. OBS_dim=40, frame_skip=1
[Fitness run Gen20Creature17] reward=1039.07±2.94  dist=0.00±0.00  upright=1.00±0.00  → FITNESS=0.4316
URDF saved to being.urdf
Connecting to PyBullet, GUI: False
CreatureEnv Inicijalizacija: 12 motora. OBS_dim=40, frame_skip=1
[Fitness run Gen20Creature18] reward=1.45±0.00  dist=0.03±0.09  upright=0.18±0.04  → FITNESS=0.0734
URDF saved to being.urdf
Connecting to PyBullet, GUI: False
CreatureEnv Inicijalizacija: 12 motora. OBS_dim=40, frame_skip=1
[Fitness run Gen20Creature19] reward=104.45±309.28  dist=0.05±0.14  upright=0.18±0.29  → FITNESS=0.0964
URDF saved to being.urdf
Connecting to PyBullet, GUI: False
CreatureEnv Inicijalizacija: 12 motora. OBS_dim=40, frame_skip=1
[Fitness run Gen20Creature21] reward=1.67±0.01  dist=0.00±0.00  upright=0.03±0.01  → FITNESS=0.0502
URDF saved to being.urdf
Connecting to PyBullet, GUI: False
CreatureEnv Inicijalizacija: 12 motora. OBS_dim=40, frame_skip=1
[Fitness run Gen20Creature22] reward=999.90±331.28  dist=0.00±0.00  upright=1.00±0.01  → FITNESS=0.4223
URDF saved to being.urdf
Connecting to PyBullet, GUI: False
CreatureEnv Inicijalizacija: 12 motora. OBS_dim=40, frame_skip=1
[Fitness run Gen20Creature23] reward=1057.93±8.83  dist=0.00±0.00  upright=1.00±0.00  → FITNESS=0.4359
URDF saved to being.urdf
Connecting to PyBullet, GUI: False
CreatureEnv Inicijalizacija: 12 motora. OBS_dim=40, frame_skip=1
[Fitness run Gen20Creature24] reward=1055.33±0.03  dist=0.01±0.00  upright=1.00±0.00  → FITNESS=0.4356
URDF saved to being.urdf
Connecting to PyBullet, GUI: False
CreatureEnv Inicijalizacija: 12 motora. OBS_dim=40, frame_skip=1
[Fitness run Gen20Creature25] reward=1.78±0.00  dist=0.00±0.00  upright=1.00±0.00  → FITNESS=0.1959
URDF saved to being.urdf
Connecting to PyBullet, GUI: False
CreatureEnv Inicijalizacija: 12 motora. OBS_dim=40, frame_skip=1
[Fitness run Gen20Creature26] reward=1.49±0.08  dist=0.00±0.00  upright=0.15±0.28  → FITNESS=0.0685
URDF saved to being.urdf
Connecting to PyBullet, GUI: False
CreatureEnv Inicijalizacija: 12 motora. OBS_dim=40, frame_skip=1
[Fitness run Gen20Creature27] reward=0.44±0.15  dist=0.14±0.41  upright=0.00±0.00  → FITNESS=0.0479
URDF saved to being.urdf
Connecting to PyBullet, GUI: False
CreatureEnv Inicijalizacija: 12 motora. OBS_dim=40, frame_skip=1
[Fitness run Gen20Creature29] reward=1097.11±0.01  dist=0.10±0.03  upright=1.00±0.00  → FITNESS=0.4465

BEST FITNESS: 0.4492
Genome saved to results\rewardBased500Steps1Seed\run_4\run_4_best_creature.json
[0m